"name","name","shooter_id","goalie_id","game_id","period","time","is_goal","x_location","y_location","type","quality"
"Hannah Brandt","Boston Fleet","1","22","4","1","00:13:49","0","54","130","Default","Quality on net"
"Hannah Brandt","Boston Fleet","1","22","4","1","00:14:40","0","136","105","Default","Quality on net"
"Hannah Brandt","Boston Fleet","1","22","4","2","00:18:55","0","67","178","Default","Quality on net"
"Hannah Brandt","Boston Fleet","1","22","4","3","00:02:39","0","44","127","Default","Non quality on net"
"Hannah Brandt","Boston Fleet","1","28","11","1","00:17:12","0","508","213","Wrist","Quality on net"
"Hannah Brandt","Boston Fleet","1","28","11","2","00:05:46","1","541","148","Backhand","Quality goal"
"Hannah Brandt","Boston Fleet","1","48","19","1","00:17:11","0","513","198","Snap","Quality on net"
"Hannah Brandt","Boston Fleet","1","64","29","1","00:12:12","0","184","153","Default","Non quality on net"
"Hannah Brandt","Boston Fleet","1","64","29","2","00:00:57","0","166","79","Default","Non quality on net"
"Hannah Brandt","Boston Fleet","1","64","29","3","00:08:25","1","83","191","Default","Quality goal"
"Hannah Brandt","Boston Fleet","1","155","32","3","00:00:18","0","105","93","Default","Quality on net"
"Hannah Brandt","Boston Fleet","1","155","32","3","00:12:53","0","98","130","Default","Quality on net"
"Hannah Brandt","Boston Fleet","1","155","32","4","00:00:19","0","129","99","Default","Quality on net"
"Hannah Brandt","Boston Fleet","1","85","42","2","00:04:20","0","289","147","Wrist","Non quality on net"
"Hannah Brandt","Boston Fleet","1","85","42","2","00:04:21","0","525","34","Wrist","Non quality on net"
"Hannah Brandt","Boston Fleet","1","64","45","3","00:05:55","0","408","45","Default","Non quality on net"
"Hannah Brandt","Boston Fleet","1","64","45","3","00:17:13","0","551","116","Default","Non quality on net"
"Hannah Brandt","Boston Fleet","1","41","48","1","00:03:57","1","29","235","Default","Non quality goal"
"Hannah Brandt","Boston Fleet","1","41","48","2","00:02:47","0","159","57","Default","Non quality on net"
"Hannah Brandt","Boston Fleet","1","41","48","4","00:01:48","1","51","142","Default","Quality goal"
"Hannah Brandt","Boston Fleet","1","22","50","1","00:19:12","0","482","153","Wrist","Quality on net"
"Hannah Brandt","Boston Fleet","1","22","50","3","00:02:59","0","518","179","Wrist","Quality on net"
"Hannah Brandt","Boston Fleet","1","70","52","1","00:07:44","0","423","125","Default","Non quality on net"
"Hannah Brandt","Boston Fleet","1","155","56","1","00:11:23","0","429","200","Wrist","Non quality on net"
"Hannah Brandt","Boston Fleet","1","155","56","1","00:11:35","0","527","78","Wrist","Non quality on net"
"Hannah Brandt","Boston Fleet","1","155","56","3","00:10:40","0","559","133","Wrist","Quality on net"
"Hannah Brandt","Boston Fleet","1","155","56","3","00:14:45","0","537","112","Wrist","Quality on net"
"Hannah Brandt","Boston Fleet","1","155","56","3","00:18:52","0","556","76","Wrist","Non quality on net"
"Hannah Brandt","Boston Fleet","1","64","57","2","00:16:07","0","213","253","Default","Non quality on net"
"Hannah Brandt","Boston Fleet","1","28","64","1","00:19:05","0","57","195","Default","Non quality on net"
"Hannah Brandt","Boston Fleet","1","28","64","2","00:11:29","0","45","47","Default","Non quality on net"
"Hannah Brandt","Boston Fleet","1","28","64","3","00:16:00","0","62","201","Default","Non quality on net"
"Hannah Brandt","Boston Fleet","1","155","68","2","00:13:39","0","507","119","Default","Quality on net"
"Hannah Brandt","Boston Fleet","1","59","69","1","00:18:06","0","463","205","Snap","Quality on net"
"Hannah Brandt","Boston Fleet","1","22","70","1","00:19:42","0","525","286","Wrist","Non quality on net"
"Hannah Brandt","Boston Fleet","1","22","70","2","00:07:11","0","485","90","Tip","Quality on net"
"Hannah Brandt","Boston Fleet","1","22","70","3","00:19:57","1","547","160","Default","Quality goal"
"Hannah Brandt","Boston Fleet","1","59","83","1","00:03:58","0","123","209","Default","Quality on net"
"Hannah Brandt","Boston Fleet","1","59","83","3","00:15:14","0","52","196","Default","Non quality on net"
"Hannah Brandt","Boston Fleet","1","22","4","1","00:13:49","0","54","130","Default","Quality on net"
"Hannah Brandt","Boston Fleet","1","22","4","1","00:14:40","0","136","105","Default","Quality on net"
"Hannah Brandt","Boston Fleet","1","22","4","2","00:18:55","0","67","178","Default","Quality on net"
"Hannah Brandt","Boston Fleet","1","22","4","3","00:02:39","0","44","127","Default","Non quality on net"
"Hannah Brandt","Boston Fleet","1","28","11","1","00:17:12","0","508","213","Wrist","Quality on net"
"Hannah Brandt","Boston Fleet","1","28","11","2","00:05:46","1","541","148","Backhand","Quality goal"
"Hannah Brandt","Boston Fleet","1","48","19","1","00:17:11","0","513","198","Snap","Quality on net"
"Hannah Brandt","Boston Fleet","1","64","29","1","00:12:12","0","184","153","Default","Non quality on net"
"Hannah Brandt","Boston Fleet","1","64","29","2","00:00:57","0","166","79","Default","Non quality on net"
"Hannah Brandt","Boston Fleet","1","64","29","3","00:08:25","1","83","191","Default","Quality goal"
"Hannah Brandt","Boston Fleet","1","155","32","3","00:00:18","0","105","93","Default","Quality on net"
"Hannah Brandt","Boston Fleet","1","155","32","3","00:12:53","0","98","130","Default","Quality on net"
"Hannah Brandt","Boston Fleet","1","155","32","4","00:00:19","0","129","99","Default","Quality on net"
"Hannah Brandt","Boston Fleet","1","85","42","2","00:04:20","0","289","147","Wrist","Non quality on net"
"Hannah Brandt","Boston Fleet","1","85","42","2","00:04:21","0","525","34","Wrist","Non quality on net"
"Hannah Brandt","Boston Fleet","1","64","45","3","00:05:55","0","408","45","Default","Non quality on net"
"Hannah Brandt","Boston Fleet","1","64","45","3","00:17:13","0","551","116","Default","Non quality on net"
"Hannah Brandt","Boston Fleet","1","41","48","1","00:03:57","1","29","235","Default","Non quality goal"
"Hannah Brandt","Boston Fleet","1","41","48","2","00:02:47","0","159","57","Default","Non quality on net"
"Hannah Brandt","Boston Fleet","1","41","48","4","00:01:48","1","51","142","Default","Quality goal"
"Hannah Brandt","Boston Fleet","1","22","50","1","00:19:12","0","482","153","Wrist","Quality on net"
"Hannah Brandt","Boston Fleet","1","22","50","3","00:02:59","0","518","179","Wrist","Quality on net"
"Hannah Brandt","Boston Fleet","1","70","52","1","00:07:44","0","423","125","Default","Non quality on net"
"Hannah Brandt","Boston Fleet","1","155","56","1","00:11:23","0","429","200","Wrist","Non quality on net"
"Hannah Brandt","Boston Fleet","1","155","56","1","00:11:35","0","527","78","Wrist","Non quality on net"
"Hannah Brandt","Boston Fleet","1","155","56","3","00:10:40","0","559","133","Wrist","Quality on net"
"Hannah Brandt","Boston Fleet","1","155","56","3","00:14:45","0","537","112","Wrist","Quality on net"
"Hannah Brandt","Boston Fleet","1","155","56","3","00:18:52","0","556","76","Wrist","Non quality on net"
"Hannah Brandt","Boston Fleet","1","64","57","2","00:16:07","0","213","253","Default","Non quality on net"
"Hannah Brandt","Boston Fleet","1","28","64","1","00:19:05","0","57","195","Default","Non quality on net"
"Hannah Brandt","Boston Fleet","1","28","64","2","00:11:29","0","45","47","Default","Non quality on net"
"Hannah Brandt","Boston Fleet","1","28","64","3","00:16:00","0","62","201","Default","Non quality on net"
"Hannah Brandt","Boston Fleet","1","155","68","2","00:13:39","0","507","119","Default","Quality on net"
"Hannah Brandt","Boston Fleet","1","59","69","1","00:18:06","0","463","205","Snap","Quality on net"
"Hannah Brandt","Boston Fleet","1","22","70","1","00:19:42","0","525","286","Wrist","Non quality on net"
"Hannah Brandt","Boston Fleet","1","22","70","2","00:07:11","0","485","90","Tip","Quality on net"
"Hannah Brandt","Boston Fleet","1","22","70","3","00:19:57","1","547","160","Default","Quality goal"
"Hannah Brandt","Boston Fleet","1","59","83","1","00:03:58","0","123","209","Default","Quality on net"
"Hannah Brandt","Boston Fleet","1","59","83","3","00:15:14","0","52","196","Default","Non quality on net"
"Emily Brown","Boston Fleet","2","155","16","3","00:00:43","0","174","243","Default","Non quality on net"
"Emily Brown","Boston Fleet","2","123","23","1","00:06:05","0","521","170","Default","Quality on net"
"Emily Brown","Boston Fleet","2","123","23","2","00:19:48","0","167","213","Default","Non quality on net"
"Emily Brown","Boston Fleet","2","85","27","3","00:13:15","0","171","107","Default","Non quality on net"
"Emily Brown","Boston Fleet","2","155","32","3","00:01:28","0","128","211","Default","Quality on net"
"Emily Brown","Boston Fleet","2","155","32","3","00:04:35","0","77","212","Default","Non quality on net"
"Emily Brown","Boston Fleet","2","59","34","2","00:16:27","0","176","197","Default","Non quality on net"
"Emily Brown","Boston Fleet","2","41","48","4","00:01:00","0","116","233","Default","Non quality on net"
"Emily Brown","Boston Fleet","2","70","52","2","00:00:58","0","435","85","Default","Non quality on net"
"Emily Brown","Boston Fleet","2","64","57","2","00:14:28","1","142","132","Default","Quality goal"
"Emily Brown","Boston Fleet","2","28","64","1","00:00:16","0","212","265","Default","Non quality on net"
"Emily Brown","Boston Fleet","2","28","64","1","00:00:17","0","186","201","Default","Non quality on net"
"Emily Brown","Boston Fleet","2","28","64","2","00:19:39","0","199","124","Default","Non quality on net"
"Emily Brown","Boston Fleet","2","59","65","2","00:09:18","0","212","268","Snap","Non quality on net"
"Emily Brown","Boston Fleet","2","155","68","2","00:06:03","0","510","163","Default","Quality on net"
"Emily Brown","Boston Fleet","2","155","68","2","00:18:52","0","398","50","Default","Non quality on net"
"Emily Brown","Boston Fleet","2","155","68","3","00:00:15","0","388","43","Default","Non quality on net"
"Emily Brown","Boston Fleet","2","59","69","1","00:12:43","0","473","56","Default","Non quality on net"
"Emily Brown","Boston Fleet","2","22","70","1","00:00:29","0","468","69","Wrist","Non quality on net"
"Emily Brown","Boston Fleet","2","22","70","2","00:10:03","0","399","261","Wrist","Non quality on net"
"Emily Brown","Boston Fleet","2","155","16","3","00:00:43","0","174","243","Default","Non quality on net"
"Emily Brown","Boston Fleet","2","123","23","1","00:06:05","0","521","170","Default","Quality on net"
"Emily Brown","Boston Fleet","2","123","23","2","00:19:48","0","167","213","Default","Non quality on net"
"Emily Brown","Boston Fleet","2","85","27","3","00:13:15","0","171","107","Default","Non quality on net"
"Emily Brown","Boston Fleet","2","155","32","3","00:01:28","0","128","211","Default","Quality on net"
"Emily Brown","Boston Fleet","2","155","32","3","00:04:35","0","77","212","Default","Non quality on net"
"Emily Brown","Boston Fleet","2","59","34","2","00:16:27","0","176","197","Default","Non quality on net"
"Emily Brown","Boston Fleet","2","41","48","4","00:01:00","0","116","233","Default","Non quality on net"
"Emily Brown","Boston Fleet","2","70","52","2","00:00:58","0","435","85","Default","Non quality on net"
"Emily Brown","Boston Fleet","2","64","57","2","00:14:28","1","142","132","Default","Quality goal"
"Emily Brown","Boston Fleet","2","28","64","1","00:00:16","0","212","265","Default","Non quality on net"
"Emily Brown","Boston Fleet","2","28","64","1","00:00:17","0","186","201","Default","Non quality on net"
"Emily Brown","Boston Fleet","2","28","64","2","00:19:39","0","199","124","Default","Non quality on net"
"Emily Brown","Boston Fleet","2","59","65","2","00:09:18","0","212","268","Snap","Non quality on net"
"Emily Brown","Boston Fleet","2","155","68","2","00:06:03","0","510","163","Default","Quality on net"
"Emily Brown","Boston Fleet","2","155","68","2","00:18:52","0","398","50","Default","Non quality on net"
"Emily Brown","Boston Fleet","2","155","68","3","00:00:15","0","388","43","Default","Non quality on net"
"Emily Brown","Boston Fleet","2","59","69","1","00:12:43","0","473","56","Default","Non quality on net"
"Emily Brown","Boston Fleet","2","22","70","1","00:00:29","0","468","69","Wrist","Non quality on net"
"Emily Brown","Boston Fleet","2","22","70","2","00:10:03","0","399","261","Wrist","Non quality on net"
"Emma Buckles","Boston Fleet","3","64","41","3","00:02:34","0","49","146","Backhand","Quality on net"
"Emma Buckles","Boston Fleet","3","41","53","1","00:01:59","0","466","166","Default","Quality on net"
"Emma Buckles","Boston Fleet","3","6","83","1","00:03:25","0","388","70","Default","Non quality on net"
"Shiann Darkangelo","Boston Fleet","4","22","4","3","00:19:09","0","159","244","Default","Non quality on net"
"Shiann Darkangelo","Boston Fleet","4","64","14","1","00:12:29","0","479","255","Default","Non quality on net"
"Shiann Darkangelo","Boston Fleet","4","59","19","2","00:08:36","0","461","62","Snap","Non quality on net"
"Shiann Darkangelo","Boston Fleet","4","59","19","2","00:11:54","0","458","63","Snap","Non quality on net"
"Shiann Darkangelo","Boston Fleet","4","85","27","1","00:13:39","0","137","189","Default","Quality on net"
"Shiann Darkangelo","Boston Fleet","4","85","27","4","00:02:09","0","75","176","Default","Quality on net"
"Shiann Darkangelo","Boston Fleet","4","155","32","1","00:13:53","0","171","210","Default","Non quality on net"
"Shiann Darkangelo","Boston Fleet","4","155","32","2","00:04:28","0","110","203","Default","Quality on net"
"Shiann Darkangelo","Boston Fleet","4","59","34","1","00:02:02","0","150","74","Default","Non quality on net"
"Shiann Darkangelo","Boston Fleet","4","59","34","3","00:07:31","0","125","136","Default","Quality on net"
"Shiann Darkangelo","Boston Fleet","4","22","38","2","00:06:41","0","315","53","Slap","Non quality on net"
"Shiann Darkangelo","Boston Fleet","4","22","38","2","00:09:31","0","498","19","Wrist","Non quality on net"
"Shiann Darkangelo","Boston Fleet","4","22","38","3","00:14:56","0","455","66","Wrist","Non quality on net"
"Shiann Darkangelo","Boston Fleet","4","85","42","1","00:07:05","0","338","128","Wrist","Non quality on net"
"Shiann Darkangelo","Boston Fleet","4","64","45","1","00:03:54","0","504","183","Default","Quality on net"
"Shiann Darkangelo","Boston Fleet","4","64","45","1","00:12:16","0","468","180","Default","Quality on net"
"Shiann Darkangelo","Boston Fleet","4","64","45","3","00:00:54","0","533","141","Default","Quality on net"
"Shiann Darkangelo","Boston Fleet","4","41","48","1","00:08:01","0","314","273","Default","Non quality on net"
"Shiann Darkangelo","Boston Fleet","4","41","48","3","00:05:42","0","168","272","Default","Non quality on net"
"Shiann Darkangelo","Boston Fleet","4","22","50","1","00:03:50","0","492","152","Wrist","Quality on net"
"Shiann Darkangelo","Boston Fleet","4","22","50","3","00:01:27","0","432","137","Wrist","Non quality on net"
"Shiann Darkangelo","Boston Fleet","4","22","50","3","00:08:03","0","536","117","Wrist","Quality on net"
"Shiann Darkangelo","Boston Fleet","4","6","69","1","00:09:58","0","137","188","Snap","Quality on net"
"Shiann Darkangelo","Boston Fleet","4","155","71","1","00:11:06","0","142","64","Default","Non quality on net"
"Shiann Darkangelo","Boston Fleet","4","155","71","3","00:18:03","0","525","183","Default","Quality on net"
"Shiann Darkangelo","Boston Fleet","4","155","71","3","00:18:16","0","519","235","Default","Non quality on net"
"Shiann Darkangelo","Boston Fleet","4","64","72","1","00:17:42","0","406","47","Default","Non quality on net"
"Shiann Darkangelo","Boston Fleet","4","59","83","1","00:06:17","0","159","174","Default","Non quality on net"
"Shiann Darkangelo","Boston Fleet","4","59","83","1","00:18:51","0","100","195","Default","Quality on net"
"Jessica Digirolamo","Boston Fleet","5","22","4","3","00:16:19","0","190","199","Default","Non quality on net"
"Jessica Digirolamo","Boston Fleet","5","28","11","1","00:15:58","0","465","141","Wrist","Quality on net"
"Jessica Digirolamo","Boston Fleet","5","155","16","1","00:10:01","0","166","177","Default","Non quality on net"
"Jessica Digirolamo","Boston Fleet","5","155","16","1","00:10:10","0","203","222","Default","Non quality on net"
"Jessica Digirolamo","Boston Fleet","5","59","19","3","00:10:35","0","407","39","Snap","Non quality on net"
"Jessica Digirolamo","Boston Fleet","5","59","19","3","00:11:44","0","414","57","Snap","Non quality on net"
"Jessica Digirolamo","Boston Fleet","5","85","27","2","00:16:36","0","189","77","Default","Non quality on net"
"Jessica Digirolamo","Boston Fleet","5","64","29","1","00:09:25","0","181","220","Default","Non quality on net"
"Jessica Digirolamo","Boston Fleet","5","64","29","1","00:18:57","0","201","185","Default","Non quality on net"
"Jessica Digirolamo","Boston Fleet","5","64","29","3","00:02:06","0","163","81","Default","Non quality on net"
"Jessica Digirolamo","Boston Fleet","5","155","32","2","00:07:20","0","87","153","Default","Quality on net"
"Jessica Digirolamo","Boston Fleet","5","155","32","2","00:14:16","0","143","84","Default","Quality on net"
"Jessica Digirolamo","Boston Fleet","5","155","32","4","00:02:04","0","77","118","Default","Quality on net"
"Jessica Digirolamo","Boston Fleet","5","22","38","3","00:03:34","0","527","172","Wrist","Quality on net"
"Jessica Digirolamo","Boston Fleet","5","64","45","3","00:11:21","0","525","164","Default","Quality on net"
"Jessica Digirolamo","Boston Fleet","5","41","48","2","00:08:27","0","192","246","Default","Non quality on net"
"Jessica Digirolamo","Boston Fleet","5","41","48","2","00:15:22","0","130","99","Default","Quality on net"
"Jessica Digirolamo","Boston Fleet","5","155","56","3","00:11:07","0","409","51","Wrist","Non quality on net"
"Jessica Digirolamo","Boston Fleet","5","64","57","2","00:13:11","0","75","186","Default","Quality on net"
"Jessica Digirolamo","Boston Fleet","5","28","64","3","00:18:33","0","170","229","Default","Non quality on net"
"Jessica Digirolamo","Boston Fleet","5","59","69","3","00:16:56","0","490","17","Snap","Non quality on net"
"Jessica Digirolamo","Boston Fleet","5","22","70","1","00:10:39","0","518","242","Wrist","Non quality on net"
"Jessica Digirolamo","Boston Fleet","5","22","70","2","00:01:04","0","457","74","Default","Quality on net"
"Jessica Digirolamo","Boston Fleet","5","22","70","3","00:11:16","0","419","31","Wrist","Non quality on net"
"Jessica Digirolamo","Boston Fleet","5","59","83","2","00:01:12","0","214","278","Default","Non quality on net"
"Jessica Digirolamo","Boston Fleet","5","22","4","3","00:16:19","0","190","199","Default","Non quality on net"
"Jessica Digirolamo","Boston Fleet","5","28","11","1","00:15:58","0","465","141","Wrist","Quality on net"
"Jessica Digirolamo","Boston Fleet","5","155","16","1","00:10:01","0","166","177","Default","Non quality on net"
"Jessica Digirolamo","Boston Fleet","5","155","16","1","00:10:10","0","203","222","Default","Non quality on net"
"Jessica Digirolamo","Boston Fleet","5","59","19","3","00:10:35","0","407","39","Snap","Non quality on net"
"Jessica Digirolamo","Boston Fleet","5","59","19","3","00:11:44","0","414","57","Snap","Non quality on net"
"Jessica Digirolamo","Boston Fleet","5","85","27","2","00:16:36","0","189","77","Default","Non quality on net"
"Jessica Digirolamo","Boston Fleet","5","64","29","1","00:09:25","0","181","220","Default","Non quality on net"
"Jessica Digirolamo","Boston Fleet","5","64","29","1","00:18:57","0","201","185","Default","Non quality on net"
"Jessica Digirolamo","Boston Fleet","5","64","29","3","00:02:06","0","163","81","Default","Non quality on net"
"Jessica Digirolamo","Boston Fleet","5","155","32","2","00:07:20","0","87","153","Default","Quality on net"
"Jessica Digirolamo","Boston Fleet","5","155","32","2","00:14:16","0","143","84","Default","Quality on net"
"Jessica Digirolamo","Boston Fleet","5","155","32","4","00:02:04","0","77","118","Default","Quality on net"
"Jessica Digirolamo","Boston Fleet","5","22","38","3","00:03:34","0","527","172","Wrist","Quality on net"
"Jessica Digirolamo","Boston Fleet","5","64","45","3","00:11:21","0","525","164","Default","Quality on net"
"Jessica Digirolamo","Boston Fleet","5","41","48","2","00:08:27","0","192","246","Default","Non quality on net"
"Jessica Digirolamo","Boston Fleet","5","41","48","2","00:15:22","0","130","99","Default","Quality on net"
"Jessica Digirolamo","Boston Fleet","5","155","56","3","00:11:07","0","409","51","Wrist","Non quality on net"
"Jessica Digirolamo","Boston Fleet","5","64","57","2","00:13:11","0","75","186","Default","Quality on net"
"Jessica Digirolamo","Boston Fleet","5","28","64","3","00:18:33","0","170","229","Default","Non quality on net"
"Jessica Digirolamo","Boston Fleet","5","59","69","3","00:16:56","0","490","17","Snap","Non quality on net"
"Jessica Digirolamo","Boston Fleet","5","22","70","1","00:10:39","0","518","242","Wrist","Non quality on net"
"Jessica Digirolamo","Boston Fleet","5","22","70","2","00:01:04","0","457","74","Default","Quality on net"
"Jessica Digirolamo","Boston Fleet","5","22","70","3","00:11:16","0","419","31","Wrist","Non quality on net"
"Jessica Digirolamo","Boston Fleet","5","59","83","2","00:01:12","0","214","278","Default","Non quality on net"
"Kaleigh Fratkin","Boston Fleet","7","123","23","1","00:05:35","1","202","242","Default","Non quality goal"
"Kaleigh Fratkin","Boston Fleet","7","123","23","2","00:18:27","0","181","78","Default","Non quality on net"
"Kaleigh Fratkin","Boston Fleet","7","59","34","3","00:08:20","0","198","86","Default","Non quality on net"
"Kaleigh Fratkin","Boston Fleet","7","85","42","3","00:12:22","0","441","285","Wrist","Non quality on net"
"Kaleigh Fratkin","Boston Fleet","7","41","48","1","00:16:01","0","157","62","Default","Non quality on net"
"Kaleigh Fratkin","Boston Fleet","7","70","52","1","00:00:11","0","322","237","Default","Non quality on net"
"Kaleigh Fratkin","Boston Fleet","7","64","57","1","00:12:50","0","184","159","Default","Non quality on net"
"Kaleigh Fratkin","Boston Fleet","7","28","64","2","00:09:17","0","193","183","Default","Non quality on net"
"Kaleigh Fratkin","Boston Fleet","7","28","64","3","00:18:40","1","195","68","Default","Non quality goal"
"Kaleigh Fratkin","Boston Fleet","7","22","70","1","00:06:49","0","195","30","Backhand","Non quality on net"
"Kaleigh Fratkin","Boston Fleet","7","22","70","1","00:08:30","0","442","234","Wrist","Non quality on net"
"Loren Gabel","Boston Fleet","8","22","4","1","00:05:22","0","103","157","Default","Quality on net"
"Loren Gabel","Boston Fleet","8","22","4","1","00:18:40","0","98","103","Default","Quality on net"
"Loren Gabel","Boston Fleet","8","22","4","2","00:00:46","0","82","130","Default","Quality on net"
"Loren Gabel","Boston Fleet","8","22","4","2","00:05:49","0","50","122","Default","Non quality on net"
"Loren Gabel","Boston Fleet","8","22","4","2","00:16:26","0","58","119","Default","Quality on net"
"Loren Gabel","Boston Fleet","8","22","4","2","00:16:41","0","40","113","Default","Non quality on net"
"Loren Gabel","Boston Fleet","8","64","14","2","00:12:38","1","522","186","Default","Quality goal"
"Loren Gabel","Boston Fleet","8","64","14","3","00:09:28","0","384","111","Default","Non quality on net"
"Loren Gabel","Boston Fleet","8","64","14","3","00:12:26","0","511","230","Default","Non quality on net"
"Loren Gabel","Boston Fleet","8","64","14","3","00:18:10","1","527","195","Default","Quality goal"
"Loren Gabel","Boston Fleet","8","155","16","3","00:01:12","1","83","166","Default","Quality goal"
"Loren Gabel","Boston Fleet","8","155","16","3","00:18:51","0","201","77","Default","Non quality on net"
"Loren Gabel","Boston Fleet","8","59","19","2","00:00:52","0","467","221","Snap","Quality on net"
"Loren Gabel","Boston Fleet","8","59","19","3","00:11:32","0","477","248","Snap","Non quality on net"
"Loren Gabel","Boston Fleet","8","123","23","2","00:10:54","0","171","165","Default","Non quality on net"
"Loren Gabel","Boston Fleet","8","123","23","3","00:15:28","0","142","210","Default","Quality on net"
"Loren Gabel","Boston Fleet","8","85","27","2","00:06:45","0","116","214","Default","Quality on net"
"Loren Gabel","Boston Fleet","8","85","27","2","00:07:44","0","80","102","Default","Quality on net"
"Loren Gabel","Boston Fleet","8","85","27","3","00:00:54","0","123","216","Default","Quality on net"
"Loren Gabel","Boston Fleet","8","64","29","1","00:18:16","0","80","89","Default","Non quality on net"
"Loren Gabel","Boston Fleet","8","64","29","2","00:04:24","0","87","118","Default","Quality on net"
"Loren Gabel","Boston Fleet","8","64","29","2","00:12:19","0","142","140","Default","Quality on net"
"Loren Gabel","Boston Fleet","8","64","29","3","00:08:50","0","143","98","Default","Quality on net"
"Loren Gabel","Boston Fleet","8","155","32","1","00:08:00","0","130","123","Default","Quality on net"
"Loren Gabel","Boston Fleet","8","155","32","1","00:10:17","0","146","66","Default","Non quality on net"
"Loren Gabel","Boston Fleet","8","155","32","1","00:10:25","0","172","53","Default","Non quality on net"
"Loren Gabel","Boston Fleet","8","155","32","3","00:02:37","0","89","177","Default","Quality on net"
"Loren Gabel","Boston Fleet","8","59","34","1","00:07:35","1","160","96","Default","Non quality goal"
"Loren Gabel","Boston Fleet","8","59","34","3","00:14:36","0","44","174","Default","Non quality on net"
"Loren Gabel","Boston Fleet","8","22","38","1","00:13:23","0","507","207","Wrist","Quality on net"
"Loren Gabel","Boston Fleet","8","22","38","1","00:17:27","0","503","235","Wrist","Non quality on net"
"Loren Gabel","Boston Fleet","8","22","38","1","00:17:43","0","533","252","Wrist","Non quality on net"
"Loren Gabel","Boston Fleet","8","85","42","1","00:07:32","0","482","88","Wrist","Quality on net"
"Loren Gabel","Boston Fleet","8","85","42","1","00:10:44","0","401","153","Wrist","Non quality on net"
"Loren Gabel","Boston Fleet","8","85","42","3","00:14:35","0","487","67","Wrist","Non quality on net"
"Loren Gabel","Boston Fleet","8","41","48","1","00:11:03","0","125","68","Default","Non quality on net"
"Loren Gabel","Boston Fleet","8","41","48","2","00:02:00","0","98","208","Default","Quality on net"
"Loren Gabel","Boston Fleet","8","41","48","2","00:08:04","0","57","172","Default","Quality on net"
"Loren Gabel","Boston Fleet","8","41","48","3","00:05:51","0","154","83","Default","Non quality on net"
"Loren Gabel","Boston Fleet","8","41","48","3","00:10:18","0","96","195","Default","Quality on net"
"Loren Gabel","Boston Fleet","8","41","48","3","00:15:50","0","126","87","Default","Quality on net"
"Loren Gabel","Boston Fleet","8","22","50","1","00:08:29","0","395","240","Wrist","Non quality on net"
"Loren Gabel","Boston Fleet","8","59","65","1","00:06:51","0","142","119","Wrist","Quality on net"
"Loren Gabel","Boston Fleet","8","59","65","1","00:17:23","0","63","59","Wrist","Non quality on net"
"Loren Gabel","Boston Fleet","8","59","83","1","00:07:47","0","86","128","Default","Quality on net"
"Loren Gabel","Boston Fleet","8","59","83","3","00:02:05","0","92","127","Default","Quality on net"
"Loren Gabel","Boston Fleet","8","22","4","1","00:05:22","0","103","157","Default","Quality on net"
"Loren Gabel","Boston Fleet","8","22","4","1","00:18:40","0","98","103","Default","Quality on net"
"Loren Gabel","Boston Fleet","8","22","4","2","00:00:46","0","82","130","Default","Quality on net"
"Loren Gabel","Boston Fleet","8","22","4","2","00:05:49","0","50","122","Default","Non quality on net"
"Loren Gabel","Boston Fleet","8","22","4","2","00:16:26","0","58","119","Default","Quality on net"
"Loren Gabel","Boston Fleet","8","22","4","2","00:16:41","0","40","113","Default","Non quality on net"
"Loren Gabel","Boston Fleet","8","64","14","2","00:12:38","1","522","186","Default","Quality goal"
"Loren Gabel","Boston Fleet","8","64","14","3","00:09:28","0","384","111","Default","Non quality on net"
"Loren Gabel","Boston Fleet","8","64","14","3","00:12:26","0","511","230","Default","Non quality on net"
"Loren Gabel","Boston Fleet","8","64","14","3","00:18:10","1","527","195","Default","Quality goal"
"Loren Gabel","Boston Fleet","8","155","16","3","00:01:12","1","83","166","Default","Quality goal"
"Loren Gabel","Boston Fleet","8","155","16","3","00:18:51","0","201","77","Default","Non quality on net"
"Loren Gabel","Boston Fleet","8","59","19","2","00:00:52","0","467","221","Snap","Quality on net"
"Loren Gabel","Boston Fleet","8","59","19","3","00:11:32","0","477","248","Snap","Non quality on net"
"Loren Gabel","Boston Fleet","8","123","23","2","00:10:54","0","171","165","Default","Non quality on net"
"Loren Gabel","Boston Fleet","8","123","23","3","00:15:28","0","142","210","Default","Quality on net"
"Loren Gabel","Boston Fleet","8","85","27","2","00:06:45","0","116","214","Default","Quality on net"
"Loren Gabel","Boston Fleet","8","85","27","2","00:07:44","0","80","102","Default","Quality on net"
"Loren Gabel","Boston Fleet","8","85","27","3","00:00:54","0","123","216","Default","Quality on net"
"Loren Gabel","Boston Fleet","8","64","29","1","00:18:16","0","80","89","Default","Non quality on net"
"Loren Gabel","Boston Fleet","8","64","29","2","00:04:24","0","87","118","Default","Quality on net"
"Loren Gabel","Boston Fleet","8","64","29","2","00:12:19","0","142","140","Default","Quality on net"
"Loren Gabel","Boston Fleet","8","64","29","3","00:08:50","0","143","98","Default","Quality on net"
"Loren Gabel","Boston Fleet","8","155","32","1","00:08:00","0","130","123","Default","Quality on net"
"Loren Gabel","Boston Fleet","8","155","32","1","00:10:17","0","146","66","Default","Non quality on net"
"Loren Gabel","Boston Fleet","8","155","32","1","00:10:25","0","172","53","Default","Non quality on net"
"Loren Gabel","Boston Fleet","8","155","32","3","00:02:37","0","89","177","Default","Quality on net"
"Loren Gabel","Boston Fleet","8","59","34","1","00:07:35","1","160","96","Default","Non quality goal"
"Loren Gabel","Boston Fleet","8","59","34","3","00:14:36","0","44","174","Default","Non quality on net"
"Loren Gabel","Boston Fleet","8","22","38","1","00:13:23","0","507","207","Wrist","Quality on net"
"Loren Gabel","Boston Fleet","8","22","38","1","00:17:27","0","503","235","Wrist","Non quality on net"
"Loren Gabel","Boston Fleet","8","22","38","1","00:17:43","0","533","252","Wrist","Non quality on net"
"Loren Gabel","Boston Fleet","8","85","42","1","00:07:32","0","482","88","Wrist","Quality on net"
"Loren Gabel","Boston Fleet","8","85","42","1","00:10:44","0","401","153","Wrist","Non quality on net"
"Loren Gabel","Boston Fleet","8","85","42","3","00:14:35","0","487","67","Wrist","Non quality on net"
"Loren Gabel","Boston Fleet","8","41","48","1","00:11:03","0","125","68","Default","Non quality on net"
"Loren Gabel","Boston Fleet","8","41","48","2","00:02:00","0","98","208","Default","Quality on net"
"Loren Gabel","Boston Fleet","8","41","48","2","00:08:04","0","57","172","Default","Quality on net"
"Loren Gabel","Boston Fleet","8","41","48","3","00:05:51","0","154","83","Default","Non quality on net"
"Loren Gabel","Boston Fleet","8","41","48","3","00:10:18","0","96","195","Default","Quality on net"
"Loren Gabel","Boston Fleet","8","41","48","3","00:15:50","0","126","87","Default","Quality on net"
"Loren Gabel","Boston Fleet","8","22","50","1","00:08:29","0","395","240","Wrist","Non quality on net"
"Loren Gabel","Boston Fleet","8","59","65","1","00:06:51","0","142","119","Wrist","Quality on net"
"Loren Gabel","Boston Fleet","8","59","65","1","00:17:23","0","63","59","Wrist","Non quality on net"
"Loren Gabel","Boston Fleet","8","59","83","1","00:07:47","0","86","128","Default","Quality on net"
"Loren Gabel","Boston Fleet","8","59","83","3","00:02:05","0","92","127","Default","Quality on net"
"Taylor Girard","Boston Fleet","9","22","4","2","00:06:17","0","83","186","Default","Quality on net"
"Taylor Girard","Boston Fleet","9","28","11","2","00:04:15","1","526","143","Wrist","Quality goal"
"Taylor Girard","Boston Fleet","9","155","16","1","00:15:52","0","102","191","Default","Quality on net"
"Taylor Girard","Boston Fleet","9","48","19","1","00:15:00","0","349","20","Snap","Non quality on net"
"Taylor Girard","Boston Fleet","9","85","27","3","00:05:06","0","129","155","Default","Quality on net"
"Taylor Girard","Boston Fleet","9","64","29","1","00:14:49","0","255","195","Default","Non quality on net"
"Taylor Girard","Boston Fleet","9","64","29","3","00:18:32","1","177","224","Default","Non quality goal"
"Taylor Girard","Boston Fleet","9","155","32","2","00:03:17","0","137","111","Default","Quality on net"
"Taylor Girard","Boston Fleet","9","22","38","3","00:11:30","0","450","227","Wrist","Non quality on net"
"Taylor Girard","Boston Fleet","9","85","42","2","00:11:04","0","504","183","Wrist","Quality on net"
"Taylor Girard","Boston Fleet","9","85","42","2","00:16:20","0","305","11","Backhand","Non quality on net"
"Taylor Girard","Boston Fleet","9","64","45","1","00:06:35","0","476","237","Default","Non quality on net"
"Taylor Girard","Boston Fleet","9","64","45","2","00:10:28","0","419","95","Default","Non quality on net"
"Taylor Girard","Boston Fleet","9","64","45","3","00:07:11","0","549","189","Default","Non quality on net"
"Taylor Girard","Boston Fleet","9","41","48","3","00:03:07","0","65","189","Default","Quality on net"
"Taylor Girard","Boston Fleet","9","22","50","1","00:11:37","0","450","191","Wrist","Non quality on net"
"Taylor Girard","Boston Fleet","9","70","52","2","00:03:03","0","494","186","Default","Quality on net"
"Taylor Girard","Boston Fleet","9","155","56","1","00:07:05","0","399","51","Wrist","Non quality on net"
"Taylor Girard","Boston Fleet","9","155","56","1","00:13:01","0","395","73","Wrist","Non quality on net"
"Taylor Girard","Boston Fleet","9","155","56","3","00:00:45","0","498","226","Default","Quality on net"
"Taylor Girard","Boston Fleet","9","64","57","1","00:03:39","0","87","89","Default","Quality on net"
"Taylor Girard","Boston Fleet","9","155","68","1","00:03:30","0","490","279","Default","Non quality on net"
"Taylor Girard","Boston Fleet","9","155","68","2","00:01:41","0","545","25","Default","Non quality on net"
"Taylor Girard","Boston Fleet","9","155","68","3","00:03:56","0","533","51","Default","Non quality on net"
"Taylor Girard","Boston Fleet","9","155","68","3","00:12:33","0","485","103","Default","Quality on net"
"Taylor Girard","Boston Fleet","9","59","69","1","00:09:38","0","447","238","Snap","Non quality on net"
"Taylor Girard","Boston Fleet","9","59","69","1","00:15:00","0","483","63","Snap","Non quality on net"
"Taylor Girard","Boston Fleet","9","59","83","2","00:02:08","1","138","165","Default","Quality goal"
"Taylor Girard","Boston Fleet","9","59","83","2","00:07:35","0","187","232","Default","Non quality on net"
"Jess Healey","Boston Fleet","10","155","32","2","00:11:13","0","76","212","Default","Non quality on net"
"Jess Healey","Boston Fleet","10","155","32","2","00:17:35","0","93","218","Default","Quality on net"
"Jess Healey","Boston Fleet","10","59","34","3","00:01:43","0","284","13","Default","Non quality on net"
"Jess Healey","Boston Fleet","10","64","45","3","00:14:25","1","399","135","Default","Non quality goal"
"Jess Healey","Boston Fleet","10","41","48","1","00:14:52","0","132","225","Default","Quality on net"
"Jess Healey","Boston Fleet","10","70","52","2","00:12:24","0","502","100","Default","Quality on net"
"Jess Healey","Boston Fleet","10","70","52","3","00:12:56","0","492","58","Default","Non quality on net"
"Jess Healey","Boston Fleet","10","28","64","1","00:05:13","0","165","92","Default","Non quality on net"
"Jess Healey","Boston Fleet","10","28","64","1","00:16:19","0","200","232","Default","Non quality on net"
"Jess Healey","Boston Fleet","10","59","65","1","00:01:57","0","76","287","Wrist","Non quality on net"
"Jess Healey","Boston Fleet","10","59","65","1","00:08:50","0","278","268","Wrist","Non quality on net"
"Jess Healey","Boston Fleet","10","59","65","1","00:13:10","0","200","76","Wrist","Non quality on net"
"Jess Healey","Boston Fleet","10","155","68","3","00:01:19","0","447","53","Default","Non quality on net"
"Jess Healey","Boston Fleet","10","59","69","1","00:08:01","0","311","67","Snap","Non quality on net"
"Sophie Jaques","Boston Fleet","11","28","11","2","00:14:19","0","465","178","Snap","Quality on net"
"Sophie Jaques","Boston Fleet","11","155","16","1","00:15:09","0","166","50","Default","Non quality on net"
"Sophie Jaques","Boston Fleet","11","155","16","3","00:03:52","0","100","118","Default","Quality on net"
"Sophie Jaques","Boston Fleet","11","48","19","1","00:04:19","0","449","240","Default","Non quality on net"
"Sophie Jaques","Boston Fleet","11","59","19","2","00:07:51","0","388","127","Snap","Non quality on net"
"Sophie Jaques","Boston Fleet","11","59","19","3","00:04:52","0","529","237","Snap","Non quality on net"
"Sophie Jaques","Boston Fleet","11","59","19","3","00:14:49","0","423","200","Snap","Non quality on net"
"Sophie Jaques","Boston Fleet","11","85","27","1","00:17:18","0","97","160","Default","Quality on net"
"Sophie Jaques","Boston Fleet","11","85","27","2","00:04:26","0","135","93","Default","Quality on net"
"Sophie Jaques","Boston Fleet","11","59","28","2","00:09:55","0","211","21","Default","Non quality on net"
"Sophie Jaques","Boston Fleet","11","59","28","2","00:10:36","0","180","95","Wrist","Non quality on net"
"Sophie Jaques","Boston Fleet","11","59","31","3","00:05:22","0","527","217","Snap","Non quality on net"
"Sophie Jaques","Boston Fleet","11","6","38","1","00:05:23","0","261","181","Wrist","Non quality on net"
"Sophie Jaques","Boston Fleet","11","6","38","1","00:09:00","0","191","210","Wrist","Non quality on net"
"Sophie Jaques","Boston Fleet","11","6","38","1","00:09:20","0","183","236","Slap","Non quality on net"
"Sophie Jaques","Boston Fleet","11","6","38","1","00:14:04","0","201","59","Slap","Non quality on net"
"Sophie Jaques","Boston Fleet","11","6","38","2","00:03:09","0","38","120","Wrist","Non quality on net"
"Sophie Jaques","Boston Fleet","11","6","38","2","00:17:21","0","201","105","Wrist","Non quality on net"
"Sophie Jaques","Boston Fleet","11","6","38","3","00:08:17","0","200","160","Slap","Non quality on net"
"Sophie Jaques","Boston Fleet","11","6","38","3","00:19:11","0","155","160","Wrist","Non quality on net"
"Sophie Jaques","Boston Fleet","11","64","40","1","00:07:37","1","100","75","Backhand","Quality goal"
"Sophie Jaques","Boston Fleet","11","64","40","3","00:11:13","0","153","87","Wrist","Non quality on net"
"Sophie Jaques","Boston Fleet","11","64","40","3","00:19:38","1","188","193","Slap","Non quality goal"
"Sophie Jaques","Boston Fleet","11","155","43","1","00:09:01","0","199","71","Wrist","Non quality on net"
"Sophie Jaques","Boston Fleet","11","155","43","1","00:17:30","0","388","252","Slap","Non quality on net"
"Sophie Jaques","Boston Fleet","11","48","44","1","00:17:29","0","57","200","Default","Non quality on net"
"Sophie Jaques","Boston Fleet","11","48","44","2","00:01:51","0","117","144","Wrist","Quality on net"
"Sophie Jaques","Boston Fleet","11","48","44","2","00:05:05","0","81","145","Wrist","Quality on net"
"Sophie Jaques","Boston Fleet","11","48","44","2","00:05:49","0","186","107","Wrist","Non quality on net"
"Sophie Jaques","Boston Fleet","11","48","44","2","00:07:51","0","113","110","Wrist","Quality on net"
"Sophie Jaques","Boston Fleet","11","48","44","2","00:12:45","0","157","59","Wrist","Non quality on net"
"Sophie Jaques","Boston Fleet","11","48","44","2","00:19:04","0","45","170","Wrist","Quality on net"
"Sophie Jaques","Boston Fleet","11","48","44","3","00:16:49","0","183","117","Snap","Non quality on net"
"Sophie Jaques","Boston Fleet","11","48","44","3","00:19:16","0","152","75","Default","Non quality on net"
"Sophie Jaques","Boston Fleet","11","6","50","2","00:03:12","0","184","58","Slap","Non quality on net"
"Sophie Jaques","Boston Fleet","11","6","50","3","00:14:07","0","207","148","Slap","Non quality on net"
"Sophie Jaques","Boston Fleet","11","155","51","1","00:08:00","0","51","63","Wrist","Non quality on net"
"Sophie Jaques","Boston Fleet","11","155","51","2","00:08:07","0","211","57","Slap","Non quality on net"
"Sophie Jaques","Boston Fleet","11","155","51","2","00:14:37","0","204","123","Slap","Non quality on net"
"Sophie Jaques","Boston Fleet","11","155","51","2","00:15:00","0","201","211","Slap","Non quality on net"
"Sophie Jaques","Boston Fleet","11","155","51","3","00:04:02","0","201","152","Wrist","Non quality on net"
"Sophie Jaques","Boston Fleet","11","85","55","1","00:07:42","0","174","12","Default","Non quality on net"
"Sophie Jaques","Boston Fleet","11","85","55","2","00:17:23","0","152","52","Wrist","Non quality on net"
"Sophie Jaques","Boston Fleet","11","85","55","3","00:12:40","0","245","283","Wrist","Non quality on net"
"Sophie Jaques","Boston Fleet","11","85","58","2","00:19:28","0","465","166","Wrist","Quality on net"
"Sophie Jaques","Boston Fleet","11","85","58","3","00:05:23","0","537","114","Backhand","Quality on net"
"Sophie Jaques","Boston Fleet","11","59","59","1","00:02:02","0","413","269","Default","Non quality on net"
"Sophie Jaques","Boston Fleet","11","59","59","2","00:10:13","0","390","170","Default","Non quality on net"
"Sophie Jaques","Boston Fleet","11","59","59","2","00:12:39","0","394","231","Default","Non quality on net"
"Sophie Jaques","Boston Fleet","11","59","59","3","00:15:23","0","418","237","Default","Non quality on net"
"Sophie Jaques","Boston Fleet","11","64","63","1","00:03:19","0","415","188","Default","Non quality on net"
"Sophie Jaques","Boston Fleet","11","64","63","1","00:19:04","0","441","171","Default","Non quality on net"
"Sophie Jaques","Boston Fleet","11","64","63","2","00:00:39","0","435","223","Default","Non quality on net"
"Sophie Jaques","Boston Fleet","11","64","63","3","00:03:12","0","447","195","Default","Non quality on net"
"Sophie Jaques","Boston Fleet","11","64","63","3","00:15:54","0","399","259","Default","Non quality on net"
"Sophie Jaques","Boston Fleet","11","19","70","1","00:05:13","0","205","237","Wrist","Non quality on net"
"Sophie Jaques","Boston Fleet","11","19","70","1","00:13:22","0","176","138","Wrist","Non quality on net"
"Sophie Jaques","Boston Fleet","11","19","70","1","00:18:09","0","45","119","Backhand","Non quality on net"
"Sophie Jaques","Boston Fleet","11","19","70","2","00:12:54","0","181","56","Wrist","Non quality on net"
"Sophie Jaques","Boston Fleet","11","19","70","2","00:15:36","0","96","85","Wrist","Quality on net"
"Sophie Jaques","Boston Fleet","11","19","70","2","00:18:33","0","153","75","Wrist","Non quality on net"
"Sophie Jaques","Boston Fleet","11","19","70","3","00:17:15","0","192","154","Default","Non quality on net"
"Sophie Jaques","Boston Fleet","11","19","70","3","00:18:20","0","207","170","Wrist","Non quality on net"
"Sophie Jaques","Boston Fleet","11","154","73","1","00:06:41","0","501","222","Wrist","Quality on net"
"Sophie Jaques","Boston Fleet","11","154","73","1","00:15:18","0","428","270","Snap","Non quality on net"
"Sophie Jaques","Boston Fleet","11","154","73","2","00:12:10","0","396","237","Slap","Non quality on net"
"Sophie Jaques","Boston Fleet","11","154","73","3","00:08:13","0","457","130","Wrist","Quality on net"
"Sophie Jaques","Boston Fleet","11","154","73","3","00:19:31","0","546","202","Wrist","Non quality on net"
"Megan Keller","Boston Fleet","12","22","4","1","00:18:53","0","107","116","Default","Quality on net"
"Megan Keller","Boston Fleet","12","22","4","2","00:07:47","0","201","247","Default","Non quality on net"
"Megan Keller","Boston Fleet","12","22","4","3","00:03:01","0","172","249","Default","Non quality on net"
"Megan Keller","Boston Fleet","12","22","4","3","00:15:41","0","37","126","Default","Non quality on net"
"Megan Keller","Boston Fleet","12","22","4","3","00:17:20","1","163","141","Default","Non quality goal"
"Megan Keller","Boston Fleet","12","28","11","3","00:13:23","0","392","153","Slap","Non quality on net"
"Megan Keller","Boston Fleet","12","64","14","2","00:18:38","1","467","185","Default","Quality goal"
"Megan Keller","Boston Fleet","12","64","14","3","00:14:28","0","399","72","Default","Non quality on net"
"Megan Keller","Boston Fleet","12","155","16","1","00:05:40","0","139","203","Default","Quality on net"
"Megan Keller","Boston Fleet","12","155","16","1","00:05:45","0","186","249","Default","Non quality on net"
"Megan Keller","Boston Fleet","12","155","16","3","00:14:12","0","75","172","Default","Quality on net"
"Megan Keller","Boston Fleet","12","48","19","1","00:05:14","0","465","166","Snap","Quality on net"
"Megan Keller","Boston Fleet","12","59","19","3","00:05:48","0","556","116","Snap","Non quality on net"
"Megan Keller","Boston Fleet","12","123","23","1","00:11:10","0","471","162","Default","Quality on net"
"Megan Keller","Boston Fleet","12","85","27","3","00:18:47","0","183","223","Default","Non quality on net"
"Megan Keller","Boston Fleet","12","64","29","1","00:13:17","0","202","236","Default","Non quality on net"
"Megan Keller","Boston Fleet","12","64","29","3","00:10:01","0","189","169","Default","Non quality on net"
"Megan Keller","Boston Fleet","12","64","29","3","00:15:08","0","195","123","Default","Non quality on net"
"Megan Keller","Boston Fleet","12","64","29","3","00:19:42","0","113","233","Default","Non quality on net"
"Megan Keller","Boston Fleet","12","64","29","3","00:19:57","0","130","243","Default","Non quality on net"
"Megan Keller","Boston Fleet","12","155","32","2","00:08:30","0","170","195","Default","Non quality on net"
"Megan Keller","Boston Fleet","12","155","32","2","00:09:16","0","171","226","Default","Non quality on net"
"Megan Keller","Boston Fleet","12","155","32","3","00:18:56","1","179","211","Default","Non quality goal"
"Megan Keller","Boston Fleet","12","59","34","2","00:02:38","0","192","214","Default","Non quality on net"
"Megan Keller","Boston Fleet","12","59","34","2","00:05:15","0","87","89","Default","Quality on net"
"Megan Keller","Boston Fleet","12","22","38","1","00:15:48","0","438","106","Snap","Non quality on net"
"Megan Keller","Boston Fleet","12","64","45","2","00:06:13","0","500","199","Default","Quality on net"
"Megan Keller","Boston Fleet","12","64","45","2","00:14:34","0","404","134","Default","Non quality on net"
"Megan Keller","Boston Fleet","12","64","45","3","00:17:19","0","451","120","Default","Non quality on net"
"Megan Keller","Boston Fleet","12","41","48","1","00:10:01","0","183","192","Default","Non quality on net"
"Megan Keller","Boston Fleet","12","41","48","2","00:01:06","0","192","112","Default","Non quality on net"
"Megan Keller","Boston Fleet","12","22","50","2","00:10:53","0","321","73","Slap","Non quality on net"
"Megan Keller","Boston Fleet","12","22","50","3","00:08:52","0","429","43","Wrist","Non quality on net"
"Megan Keller","Boston Fleet","12","22","50","3","00:12:13","0","421","219","Wrist","Non quality on net"
"Megan Keller","Boston Fleet","12","70","52","1","00:10:28","0","461","161","Default","Quality on net"
"Megan Keller","Boston Fleet","12","70","52","2","00:10:27","0","400","156","Default","Non quality on net"
"Megan Keller","Boston Fleet","12","70","52","2","00:14:41","0","519","150","Default","Quality on net"
"Megan Keller","Boston Fleet","12","70","52","3","00:10:39","0","414","140","Default","Non quality on net"
"Megan Keller","Boston Fleet","12","64","57","1","00:02:31","0","139","230","Default","Non quality on net"
"Megan Keller","Boston Fleet","12","28","64","2","00:06:23","1","46","98","Default","Non quality goal"
"Megan Keller","Boston Fleet","12","28","64","2","00:10:45","0","128","77","Default","Quality on net"
"Megan Keller","Boston Fleet","12","28","64","3","00:04:38","0","154","75","Default","Non quality on net"
"Megan Keller","Boston Fleet","12","59","65","1","00:03:04","0","163","241","Wrist","Non quality on net"
"Megan Keller","Boston Fleet","12","59","65","1","00:06:57","0","77","131","Wrist","Quality on net"
"Megan Keller","Boston Fleet","12","59","65","3","00:14:52","0","136","226","Wrist","Quality on net"
"Megan Keller","Boston Fleet","12","155","68","1","00:18:27","0","427","99","Default","Non quality on net"
"Megan Keller","Boston Fleet","12","59","69","1","00:03:14","0","388","227","Snap","Non quality on net"
"Megan Keller","Boston Fleet","12","59","69","1","00:17:08","0","382","103","Snap","Non quality on net"
"Megan Keller","Boston Fleet","12","59","69","2","00:08:01","0","556","171","Backhand","Quality on net"
"Megan Keller","Boston Fleet","12","22","70","3","00:16:37","0","483","45","Wrist","Non quality on net"
"Megan Keller","Boston Fleet","12","59","83","3","00:09:40","0","169","269","Default","Non quality on net"
"Megan Keller","Boston Fleet","12","59","83","3","00:18:24","0","106","207","Default","Quality on net"
"Megan Keller","Boston Fleet","12","22","4","1","00:18:53","0","107","116","Default","Quality on net"
"Megan Keller","Boston Fleet","12","22","4","2","00:07:47","0","201","247","Default","Non quality on net"
"Megan Keller","Boston Fleet","12","22","4","3","00:03:01","0","172","249","Default","Non quality on net"
"Megan Keller","Boston Fleet","12","22","4","3","00:15:41","0","37","126","Default","Non quality on net"
"Megan Keller","Boston Fleet","12","22","4","3","00:17:20","1","163","141","Default","Non quality goal"
"Megan Keller","Boston Fleet","12","28","11","3","00:13:23","0","392","153","Slap","Non quality on net"
"Megan Keller","Boston Fleet","12","64","14","2","00:18:38","1","467","185","Default","Quality goal"
"Megan Keller","Boston Fleet","12","64","14","3","00:14:28","0","399","72","Default","Non quality on net"
"Megan Keller","Boston Fleet","12","155","16","1","00:05:40","0","139","203","Default","Quality on net"
"Megan Keller","Boston Fleet","12","155","16","1","00:05:45","0","186","249","Default","Non quality on net"
"Megan Keller","Boston Fleet","12","155","16","3","00:14:12","0","75","172","Default","Quality on net"
"Megan Keller","Boston Fleet","12","48","19","1","00:05:14","0","465","166","Snap","Quality on net"
"Megan Keller","Boston Fleet","12","59","19","3","00:05:48","0","556","116","Snap","Non quality on net"
"Megan Keller","Boston Fleet","12","123","23","1","00:11:10","0","471","162","Default","Quality on net"
"Megan Keller","Boston Fleet","12","85","27","3","00:18:47","0","183","223","Default","Non quality on net"
"Megan Keller","Boston Fleet","12","64","29","1","00:13:17","0","202","236","Default","Non quality on net"
"Megan Keller","Boston Fleet","12","64","29","3","00:10:01","0","189","169","Default","Non quality on net"
"Megan Keller","Boston Fleet","12","64","29","3","00:15:08","0","195","123","Default","Non quality on net"
"Megan Keller","Boston Fleet","12","64","29","3","00:19:42","0","113","233","Default","Non quality on net"
"Megan Keller","Boston Fleet","12","64","29","3","00:19:57","0","130","243","Default","Non quality on net"
"Megan Keller","Boston Fleet","12","155","32","2","00:08:30","0","170","195","Default","Non quality on net"
"Megan Keller","Boston Fleet","12","155","32","2","00:09:16","0","171","226","Default","Non quality on net"
"Megan Keller","Boston Fleet","12","155","32","3","00:18:56","1","179","211","Default","Non quality goal"
"Megan Keller","Boston Fleet","12","59","34","2","00:02:38","0","192","214","Default","Non quality on net"
"Megan Keller","Boston Fleet","12","59","34","2","00:05:15","0","87","89","Default","Quality on net"
"Megan Keller","Boston Fleet","12","22","38","1","00:15:48","0","438","106","Snap","Non quality on net"
"Megan Keller","Boston Fleet","12","64","45","2","00:06:13","0","500","199","Default","Quality on net"
"Megan Keller","Boston Fleet","12","64","45","2","00:14:34","0","404","134","Default","Non quality on net"
"Megan Keller","Boston Fleet","12","64","45","3","00:17:19","0","451","120","Default","Non quality on net"
"Megan Keller","Boston Fleet","12","41","48","1","00:10:01","0","183","192","Default","Non quality on net"
"Megan Keller","Boston Fleet","12","41","48","2","00:01:06","0","192","112","Default","Non quality on net"
"Megan Keller","Boston Fleet","12","22","50","2","00:10:53","0","321","73","Slap","Non quality on net"
"Megan Keller","Boston Fleet","12","22","50","3","00:08:52","0","429","43","Wrist","Non quality on net"
"Megan Keller","Boston Fleet","12","22","50","3","00:12:13","0","421","219","Wrist","Non quality on net"
"Megan Keller","Boston Fleet","12","70","52","1","00:10:28","0","461","161","Default","Quality on net"
"Megan Keller","Boston Fleet","12","70","52","2","00:10:27","0","400","156","Default","Non quality on net"
"Megan Keller","Boston Fleet","12","70","52","2","00:14:41","0","519","150","Default","Quality on net"
"Megan Keller","Boston Fleet","12","70","52","3","00:10:39","0","414","140","Default","Non quality on net"
"Megan Keller","Boston Fleet","12","64","57","1","00:02:31","0","139","230","Default","Non quality on net"
"Megan Keller","Boston Fleet","12","28","64","2","00:06:23","1","46","98","Default","Non quality goal"
"Megan Keller","Boston Fleet","12","28","64","2","00:10:45","0","128","77","Default","Quality on net"
"Megan Keller","Boston Fleet","12","28","64","3","00:04:38","0","154","75","Default","Non quality on net"
"Megan Keller","Boston Fleet","12","59","65","1","00:03:04","0","163","241","Wrist","Non quality on net"
"Megan Keller","Boston Fleet","12","59","65","1","00:06:57","0","77","131","Wrist","Quality on net"
"Megan Keller","Boston Fleet","12","59","65","3","00:14:52","0","136","226","Wrist","Quality on net"
"Megan Keller","Boston Fleet","12","155","68","1","00:18:27","0","427","99","Default","Non quality on net"
"Megan Keller","Boston Fleet","12","59","69","1","00:03:14","0","388","227","Snap","Non quality on net"
"Megan Keller","Boston Fleet","12","59","69","1","00:17:08","0","382","103","Snap","Non quality on net"
"Megan Keller","Boston Fleet","12","59","69","2","00:08:01","0","556","171","Backhand","Quality on net"
"Megan Keller","Boston Fleet","12","22","70","3","00:16:37","0","483","45","Wrist","Non quality on net"
"Megan Keller","Boston Fleet","12","59","83","3","00:09:40","0","169","269","Default","Non quality on net"
"Megan Keller","Boston Fleet","12","59","83","3","00:18:24","0","106","207","Default","Quality on net"
"Hilary Knight","Boston Fleet","13","22","4","1","00:06:57","0","87","141","Default","Quality on net"
"Hilary Knight","Boston Fleet","13","22","4","2","00:16:36","0","53","169","Default","Quality on net"
"Hilary Knight","Boston Fleet","13","22","4","2","00:19:58","0","132","85","Default","Quality on net"
"Hilary Knight","Boston Fleet","13","28","11","1","00:14:37","0","532","209","Wrist","Non quality on net"
"Hilary Knight","Boston Fleet","13","28","11","2","00:04:29","0","523","166","Wrist","Quality on net"
"Hilary Knight","Boston Fleet","13","28","11","3","00:15:59","0","470","160","Wrist","Quality on net"
"Hilary Knight","Boston Fleet","13","64","14","2","00:03:43","0","453","56","Default","Non quality on net"
"Hilary Knight","Boston Fleet","13","64","14","3","00:12:18","0","560","176","Default","Non quality on net"
"Hilary Knight","Boston Fleet","13","64","14","3","00:12:22","0","556","185","Default","Non quality on net"
"Hilary Knight","Boston Fleet","13","64","14","3","00:14:17","0","490","60","Default","Non quality on net"
"Hilary Knight","Boston Fleet","13","155","16","1","00:06:35","0","123","183","Default","Quality on net"
"Hilary Knight","Boston Fleet","13","155","16","2","00:10:02","0","123","226","Default","Quality on net"
"Hilary Knight","Boston Fleet","13","155","16","2","00:16:15","0","102","178","Default","Quality on net"
"Hilary Knight","Boston Fleet","13","155","16","2","00:16:41","0","146","188","Default","Non quality on net"
"Hilary Knight","Boston Fleet","13","155","16","2","00:18:02","0","103","97","Default","Quality on net"
"Hilary Knight","Boston Fleet","13","155","16","2","00:19:50","0","132","69","Default","Non quality on net"
"Hilary Knight","Boston Fleet","13","155","16","3","00:12:18","0","161","202","Default","Non quality on net"
"Hilary Knight","Boston Fleet","13","48","19","1","00:07:19","0","540","51","Backhand","Non quality on net"
"Hilary Knight","Boston Fleet","13","59","19","2","00:16:48","0","555","263","Snap","Non quality on net"
"Hilary Knight","Boston Fleet","13","59","19","3","00:01:05","0","532","201","Snap","Non quality on net"
"Hilary Knight","Boston Fleet","13","59","19","3","00:07:54","0","438","116","Slap","Non quality on net"
"Hilary Knight","Boston Fleet","13","123","23","2","00:03:14","0","171","78","Default","Non quality on net"
"Hilary Knight","Boston Fleet","13","123","23","2","00:09:52","0","123","178","Default","Quality on net"
"Hilary Knight","Boston Fleet","13","123","23","2","00:10:18","0","171","227","Default","Non quality on net"
"Hilary Knight","Boston Fleet","13","123","23","4","00:00:52","1","473","111","Default","Quality goal"
"Hilary Knight","Boston Fleet","13","85","27","4","00:01:22","0","119","209","Default","Quality on net"
"Hilary Knight","Boston Fleet","13","64","29","1","00:08:53","0","163","142","Default","Non quality on net"
"Hilary Knight","Boston Fleet","13","64","29","2","00:07:28","0","93","163","Default","Quality on net"
"Hilary Knight","Boston Fleet","13","155","32","1","00:19:58","0","196","69","Default","Non quality on net"
"Hilary Knight","Boston Fleet","13","155","32","2","00:03:50","0","89","171","Default","Quality on net"
"Hilary Knight","Boston Fleet","13","155","32","2","00:09:30","0","72","111","Default","Quality on net"
"Hilary Knight","Boston Fleet","13","155","32","3","00:05:04","0","159","195","Default","Non quality on net"
"Hilary Knight","Boston Fleet","13","155","32","3","00:08:33","0","120","158","Default","Quality on net"
"Hilary Knight","Boston Fleet","13","155","32","3","00:11:01","0","136","239","Default","Non quality on net"
"Hilary Knight","Boston Fleet","13","59","34","1","00:04:29","0","63","183","Default","Quality on net"
"Hilary Knight","Boston Fleet","13","59","34","3","00:13:49","1","99","198","Default","Quality goal"
"Hilary Knight","Boston Fleet","13","22","38","1","00:15:49","0","553","172","Wrist","Quality on net"
"Hilary Knight","Boston Fleet","13","22","38","3","00:10:39","0","429","263","Wrist","Non quality on net"
"Hilary Knight","Boston Fleet","13","85","42","1","00:04:38","0","530","131","Wrist","Quality on net"
"Hilary Knight","Boston Fleet","13","85","42","2","00:10:18","0","546","273","Wrist","Non quality on net"
"Hilary Knight","Boston Fleet","13","85","42","2","00:14:55","1","470","117","Wrist","Quality goal"
"Hilary Knight","Boston Fleet","13","41","48","1","00:14:25","0","126","208","Default","Quality on net"
"Hilary Knight","Boston Fleet","13","41","48","3","00:16:28","0","127","192","Default","Quality on net"
"Hilary Knight","Boston Fleet","13","41","48","3","00:17:03","0","111","194","Default","Quality on net"
"Hilary Knight","Boston Fleet","13","41","48","4","00:00:55","0","112","126","Default","Quality on net"
"Hilary Knight","Boston Fleet","13","22","50","2","00:18:27","0","458","240","Slap","Non quality on net"
"Hilary Knight","Boston Fleet","13","22","50","3","00:16:35","0","552","223","Wrist","Non quality on net"
"Hilary Knight","Boston Fleet","13","70","52","1","00:03:41","0","496","205","Default","Quality on net"
"Hilary Knight","Boston Fleet","13","70","52","2","00:12:35","0","535","138","Default","Quality on net"
"Hilary Knight","Boston Fleet","13","70","52","3","00:10:40","0","534","141","Default","Quality on net"
"Hilary Knight","Boston Fleet","13","70","52","3","00:18:01","0","507","106","Default","Quality on net"
"Hilary Knight","Boston Fleet","13","155","56","1","00:12:01","0","454","77","Wrist","Non quality on net"
"Hilary Knight","Boston Fleet","13","155","56","1","00:19:06","0","477","192","Wrist","Quality on net"
"Hilary Knight","Boston Fleet","13","155","56","2","00:15:05","0","516","88","Backhand","Quality on net"
"Hilary Knight","Boston Fleet","13","155","56","3","00:14:43","0","549","118","Wrist","Non quality on net"
"Hilary Knight","Boston Fleet","13","64","57","1","00:08:21","0","100","193","Default","Quality on net"
"Hilary Knight","Boston Fleet","13","64","57","2","00:04:33","0","175","182","Default","Non quality on net"
"Hilary Knight","Boston Fleet","13","64","57","2","00:05:15","0","171","82","Default","Non quality on net"
"Hilary Knight","Boston Fleet","13","64","57","3","00:04:14","0","97","101","Default","Quality on net"
"Hilary Knight","Boston Fleet","13","64","57","3","00:11:23","0","182","69","Default","Non quality on net"
"Hilary Knight","Boston Fleet","13","28","64","1","00:15:19","1","43","118","Default","Non quality goal"
"Hilary Knight","Boston Fleet","13","28","64","2","00:00:30","0","84","99","Default","Quality on net"
"Hilary Knight","Boston Fleet","13","28","64","2","00:19:31","0","60","151","Default","Quality on net"
"Hilary Knight","Boston Fleet","13","28","64","3","00:08:34","0","43","35","Default","Non quality on net"
"Hilary Knight","Boston Fleet","13","28","64","3","00:10:36","0","71","119","Default","Quality on net"
"Hilary Knight","Boston Fleet","13","59","65","1","00:03:05","1","45","161","Wrist","Quality goal"
"Hilary Knight","Boston Fleet","13","59","65","1","00:19:50","0","215","231","Slap","Non quality on net"
"Hilary Knight","Boston Fleet","13","59","65","2","00:18:10","0","94","290","Wrist","Non quality on net"
"Hilary Knight","Boston Fleet","13","155","68","1","00:14:26","0","469","211","Default","Quality on net"
"Hilary Knight","Boston Fleet","13","155","68","2","00:04:19","0","550","183","Default","Non quality on net"
"Hilary Knight","Boston Fleet","13","155","68","2","00:07:03","0","499","177","Default","Quality on net"
"Hilary Knight","Boston Fleet","13","155","68","2","00:18:48","0","530","96","Default","Non quality on net"
"Hilary Knight","Boston Fleet","13","155","68","3","00:06:19","0","531","211","Default","Non quality on net"
"Hilary Knight","Boston Fleet","13","59","69","1","00:01:30","1","546","149","Backhand","Quality goal"
"Hilary Knight","Boston Fleet","13","59","69","1","00:02:51","0","543","157","Snap","Quality on net"
"Hilary Knight","Boston Fleet","13","59","69","1","00:16:36","0","562","128","Tip","Non quality on net"
"Hilary Knight","Boston Fleet","13","59","69","1","00:17:31","0","423","226","Snap","Non quality on net"
"Hilary Knight","Boston Fleet","13","22","70","1","00:14:51","0","527","80","Backhand","Non quality on net"
"Hilary Knight","Boston Fleet","13","22","70","2","00:00:36","0","491","279","Wrist","Non quality on net"
"Hilary Knight","Boston Fleet","13","22","70","2","00:05:59","0","452","62","Wrist","Non quality on net"
"Hilary Knight","Boston Fleet","13","22","70","3","00:10:47","0","540","284","Wrist","Non quality on net"
"Hilary Knight","Boston Fleet","13","59","83","2","00:08:49","0","165","123","Default","Non quality on net"
"Hilary Knight","Boston Fleet","13","59","83","2","00:11:17","0","129","85","Default","Quality on net"
"Hilary Knight","Boston Fleet","13","22","4","1","00:06:57","0","87","141","Default","Quality on net"
"Hilary Knight","Boston Fleet","13","22","4","2","00:16:36","0","53","169","Default","Quality on net"
"Hilary Knight","Boston Fleet","13","22","4","2","00:19:58","0","132","85","Default","Quality on net"
"Hilary Knight","Boston Fleet","13","28","11","1","00:14:37","0","532","209","Wrist","Non quality on net"
"Hilary Knight","Boston Fleet","13","28","11","2","00:04:29","0","523","166","Wrist","Quality on net"
"Hilary Knight","Boston Fleet","13","28","11","3","00:15:59","0","470","160","Wrist","Quality on net"
"Hilary Knight","Boston Fleet","13","64","14","2","00:03:43","0","453","56","Default","Non quality on net"
"Hilary Knight","Boston Fleet","13","64","14","3","00:12:18","0","560","176","Default","Non quality on net"
"Hilary Knight","Boston Fleet","13","64","14","3","00:12:22","0","556","185","Default","Non quality on net"
"Hilary Knight","Boston Fleet","13","64","14","3","00:14:17","0","490","60","Default","Non quality on net"
"Hilary Knight","Boston Fleet","13","155","16","1","00:06:35","0","123","183","Default","Quality on net"
"Hilary Knight","Boston Fleet","13","155","16","2","00:10:02","0","123","226","Default","Quality on net"
"Hilary Knight","Boston Fleet","13","155","16","2","00:16:15","0","102","178","Default","Quality on net"
"Hilary Knight","Boston Fleet","13","155","16","2","00:16:41","0","146","188","Default","Non quality on net"
"Hilary Knight","Boston Fleet","13","155","16","2","00:18:02","0","103","97","Default","Quality on net"
"Hilary Knight","Boston Fleet","13","155","16","2","00:19:50","0","132","69","Default","Non quality on net"
"Hilary Knight","Boston Fleet","13","155","16","3","00:12:18","0","161","202","Default","Non quality on net"
"Hilary Knight","Boston Fleet","13","48","19","1","00:07:19","0","540","51","Backhand","Non quality on net"
"Hilary Knight","Boston Fleet","13","59","19","2","00:16:48","0","555","263","Snap","Non quality on net"
"Hilary Knight","Boston Fleet","13","59","19","3","00:01:05","0","532","201","Snap","Non quality on net"
"Hilary Knight","Boston Fleet","13","59","19","3","00:07:54","0","438","116","Slap","Non quality on net"
"Hilary Knight","Boston Fleet","13","123","23","2","00:03:14","0","171","78","Default","Non quality on net"
"Hilary Knight","Boston Fleet","13","123","23","2","00:09:52","0","123","178","Default","Quality on net"
"Hilary Knight","Boston Fleet","13","123","23","2","00:10:18","0","171","227","Default","Non quality on net"
"Hilary Knight","Boston Fleet","13","123","23","4","00:00:52","1","473","111","Default","Quality goal"
"Hilary Knight","Boston Fleet","13","85","27","4","00:01:22","0","119","209","Default","Quality on net"
"Hilary Knight","Boston Fleet","13","64","29","1","00:08:53","0","163","142","Default","Non quality on net"
"Hilary Knight","Boston Fleet","13","64","29","2","00:07:28","0","93","163","Default","Quality on net"
"Hilary Knight","Boston Fleet","13","155","32","1","00:19:58","0","196","69","Default","Non quality on net"
"Hilary Knight","Boston Fleet","13","155","32","2","00:03:50","0","89","171","Default","Quality on net"
"Hilary Knight","Boston Fleet","13","155","32","2","00:09:30","0","72","111","Default","Quality on net"
"Hilary Knight","Boston Fleet","13","155","32","3","00:05:04","0","159","195","Default","Non quality on net"
"Hilary Knight","Boston Fleet","13","155","32","3","00:08:33","0","120","158","Default","Quality on net"
"Hilary Knight","Boston Fleet","13","155","32","3","00:11:01","0","136","239","Default","Non quality on net"
"Hilary Knight","Boston Fleet","13","59","34","1","00:04:29","0","63","183","Default","Quality on net"
"Hilary Knight","Boston Fleet","13","59","34","3","00:13:49","1","99","198","Default","Quality goal"
"Hilary Knight","Boston Fleet","13","22","38","1","00:15:49","0","553","172","Wrist","Quality on net"
"Hilary Knight","Boston Fleet","13","22","38","3","00:10:39","0","429","263","Wrist","Non quality on net"
"Hilary Knight","Boston Fleet","13","85","42","1","00:04:38","0","530","131","Wrist","Quality on net"
"Hilary Knight","Boston Fleet","13","85","42","2","00:10:18","0","546","273","Wrist","Non quality on net"
"Hilary Knight","Boston Fleet","13","85","42","2","00:14:55","1","470","117","Wrist","Quality goal"
"Hilary Knight","Boston Fleet","13","41","48","1","00:14:25","0","126","208","Default","Quality on net"
"Hilary Knight","Boston Fleet","13","41","48","3","00:16:28","0","127","192","Default","Quality on net"
"Hilary Knight","Boston Fleet","13","41","48","3","00:17:03","0","111","194","Default","Quality on net"
"Hilary Knight","Boston Fleet","13","41","48","4","00:00:55","0","112","126","Default","Quality on net"
"Hilary Knight","Boston Fleet","13","22","50","2","00:18:27","0","458","240","Slap","Non quality on net"
"Hilary Knight","Boston Fleet","13","22","50","3","00:16:35","0","552","223","Wrist","Non quality on net"
"Hilary Knight","Boston Fleet","13","70","52","1","00:03:41","0","496","205","Default","Quality on net"
"Hilary Knight","Boston Fleet","13","70","52","2","00:12:35","0","535","138","Default","Quality on net"
"Hilary Knight","Boston Fleet","13","70","52","3","00:10:40","0","534","141","Default","Quality on net"
"Hilary Knight","Boston Fleet","13","70","52","3","00:18:01","0","507","106","Default","Quality on net"
"Hilary Knight","Boston Fleet","13","155","56","1","00:12:01","0","454","77","Wrist","Non quality on net"
"Hilary Knight","Boston Fleet","13","155","56","1","00:19:06","0","477","192","Wrist","Quality on net"
"Hilary Knight","Boston Fleet","13","155","56","2","00:15:05","0","516","88","Backhand","Quality on net"
"Hilary Knight","Boston Fleet","13","155","56","3","00:14:43","0","549","118","Wrist","Non quality on net"
"Hilary Knight","Boston Fleet","13","64","57","1","00:08:21","0","100","193","Default","Quality on net"
"Hilary Knight","Boston Fleet","13","64","57","2","00:04:33","0","175","182","Default","Non quality on net"
"Hilary Knight","Boston Fleet","13","64","57","2","00:05:15","0","171","82","Default","Non quality on net"
"Hilary Knight","Boston Fleet","13","64","57","3","00:04:14","0","97","101","Default","Quality on net"
"Hilary Knight","Boston Fleet","13","64","57","3","00:11:23","0","182","69","Default","Non quality on net"
"Hilary Knight","Boston Fleet","13","28","64","1","00:15:19","1","43","118","Default","Non quality goal"
"Hilary Knight","Boston Fleet","13","28","64","2","00:00:30","0","84","99","Default","Quality on net"
"Hilary Knight","Boston Fleet","13","28","64","2","00:19:31","0","60","151","Default","Quality on net"
"Hilary Knight","Boston Fleet","13","28","64","3","00:08:34","0","43","35","Default","Non quality on net"
"Hilary Knight","Boston Fleet","13","28","64","3","00:10:36","0","71","119","Default","Quality on net"
"Hilary Knight","Boston Fleet","13","59","65","1","00:03:05","1","45","161","Wrist","Quality goal"
"Hilary Knight","Boston Fleet","13","59","65","1","00:19:50","0","215","231","Slap","Non quality on net"
"Hilary Knight","Boston Fleet","13","59","65","2","00:18:10","0","94","290","Wrist","Non quality on net"
"Hilary Knight","Boston Fleet","13","155","68","1","00:14:26","0","469","211","Default","Quality on net"
"Hilary Knight","Boston Fleet","13","155","68","2","00:04:19","0","550","183","Default","Non quality on net"
"Hilary Knight","Boston Fleet","13","155","68","2","00:07:03","0","499","177","Default","Quality on net"
"Hilary Knight","Boston Fleet","13","155","68","2","00:18:48","0","530","96","Default","Non quality on net"
"Hilary Knight","Boston Fleet","13","155","68","3","00:06:19","0","531","211","Default","Non quality on net"
"Hilary Knight","Boston Fleet","13","59","69","1","00:01:30","1","546","149","Backhand","Quality goal"
"Hilary Knight","Boston Fleet","13","59","69","1","00:02:51","0","543","157","Snap","Quality on net"
"Hilary Knight","Boston Fleet","13","59","69","1","00:16:36","0","562","128","Tip","Non quality on net"
"Hilary Knight","Boston Fleet","13","59","69","1","00:17:31","0","423","226","Snap","Non quality on net"
"Hilary Knight","Boston Fleet","13","22","70","1","00:14:51","0","527","80","Backhand","Non quality on net"
"Hilary Knight","Boston Fleet","13","22","70","2","00:00:36","0","491","279","Wrist","Non quality on net"
"Hilary Knight","Boston Fleet","13","22","70","2","00:05:59","0","452","62","Wrist","Non quality on net"
"Hilary Knight","Boston Fleet","13","22","70","3","00:10:47","0","540","284","Wrist","Non quality on net"
"Hilary Knight","Boston Fleet","13","59","83","2","00:08:49","0","165","123","Default","Non quality on net"
"Hilary Knight","Boston Fleet","13","59","83","2","00:11:17","0","129","85","Default","Quality on net"
"Nicole Kosta","Boston Fleet","14","70","52","2","00:10:46","0","508","157","Default","Quality on net"
"Nicole Kosta","Boston Fleet","14","155","68","2","00:06:13","1","554","195","Default","Non quality goal"
"Nicole Kosta","Boston Fleet","14","155","68","2","00:13:11","0","437","83","Default","Non quality on net"
"Nicole Kosta","Boston Fleet","14","155","68","3","00:11:10","0","554","188","Default","Non quality on net"
"Nicole Kosta","Boston Fleet","14","59","69","2","00:14:49","0","531","182","Backhand","Quality on net"
"Alina Müller","Boston Fleet","15","22","4","1","00:15:18","0","45","128","Default","Non quality on net"
"Alina Müller","Boston Fleet","15","22","4","1","00:15:47","0","111","196","Default","Quality on net"
"Alina Müller","Boston Fleet","15","22","4","1","00:18:33","0","125","129","Default","Quality on net"
"Alina Müller","Boston Fleet","15","22","4","1","00:18:47","0","68","213","Default","Non quality on net"
"Alina Müller","Boston Fleet","15","22","4","3","00:00:30","0","95","192","Default","Quality on net"
"Alina Müller","Boston Fleet","15","28","11","1","00:14:18","0","505","165","Wrist","Quality on net"
"Alina Müller","Boston Fleet","15","28","11","2","00:01:57","0","386","124","Slap","Non quality on net"
"Alina Müller","Boston Fleet","15","64","14","1","00:01:37","0","442","85","Default","Non quality on net"
"Alina Müller","Boston Fleet","15","64","14","2","00:03:09","0","403","105","Default","Non quality on net"
"Alina Müller","Boston Fleet","15","64","14","3","00:10:37","0","549","185","Default","Non quality on net"
"Alina Müller","Boston Fleet","15","64","14","3","00:14:22","0","446","223","Default","Non quality on net"
"Alina Müller","Boston Fleet","15","155","16","2","00:18:22","0","79","129","Default","Quality on net"
"Alina Müller","Boston Fleet","15","155","16","3","00:10:05","0","125","89","Default","Quality on net"
"Alina Müller","Boston Fleet","15","155","16","3","00:14:54","0","105","204","Default","Quality on net"
"Alina Müller","Boston Fleet","15","48","19","1","00:08:38","1","478","121","Snap","Quality goal"
"Alina Müller","Boston Fleet","15","48","19","1","00:12:35","0","543","141","Tip","Quality on net"
"Alina Müller","Boston Fleet","15","59","19","3","00:19:07","0","465","95","Snap","Quality on net"
"Alina Müller","Boston Fleet","15","123","23","1","00:14:27","1","513","157","Default","Quality goal"
"Alina Müller","Boston Fleet","15","85","27","4","00:01:05","0","58","128","Default","Quality on net"
"Alina Müller","Boston Fleet","15","64","29","2","00:04:42","0","68","117","Default","Quality on net"
"Alina Müller","Boston Fleet","15","64","29","2","00:15:21","0","111","139","Default","Quality on net"
"Alina Müller","Boston Fleet","15","64","29","3","00:15:29","0","206","187","Default","Non quality on net"
"Alina Müller","Boston Fleet","15","155","32","1","00:19:25","0","90","119","Default","Quality on net"
"Alina Müller","Boston Fleet","15","59","34","1","00:04:12","0","165","189","Default","Non quality on net"
"Alina Müller","Boston Fleet","15","59","34","1","00:04:27","0","45","87","Default","Non quality on net"
"Alina Müller","Boston Fleet","15","22","38","1","00:04:16","0","536","203","Backhand","Non quality on net"
"Alina Müller","Boston Fleet","15","85","42","2","00:00:59","0","471","219","Slap","Quality on net"
"Alina Müller","Boston Fleet","15","85","42","3","00:19:14","0","475","57","Slap","Non quality on net"
"Alina Müller","Boston Fleet","15","64","45","2","00:11:44","0","464","54","Default","Non quality on net"
"Alina Müller","Boston Fleet","15","41","48","1","00:04:10","0","223","147","Default","Non quality on net"
"Alina Müller","Boston Fleet","15","41","48","1","00:16:34","0","54","156","Default","Quality on net"
"Alina Müller","Boston Fleet","15","41","48","1","00:16:35","0","61","160","Default","Quality on net"
"Alina Müller","Boston Fleet","15","41","48","2","00:16:54","0","165","122","Default","Non quality on net"
"Alina Müller","Boston Fleet","15","22","50","1","00:06:55","0","358","139","Wrist","Non quality on net"
"Alina Müller","Boston Fleet","15","22","50","2","00:10:35","0","459","129","Snap","Quality on net"
"Alina Müller","Boston Fleet","15","70","52","3","00:19:56","0","491","121","Default","Quality on net"
"Alina Müller","Boston Fleet","15","155","56","2","00:06:27","1","549","100","Wrist","Non quality goal"
"Alina Müller","Boston Fleet","15","155","56","3","00:14:55","0","401","87","Wrist","Non quality on net"
"Alina Müller","Boston Fleet","15","155","56","3","00:19:04","0","433","71","Slap","Non quality on net"
"Alina Müller","Boston Fleet","15","64","57","3","00:01:14","0","77","189","Default","Quality on net"
"Alina Müller","Boston Fleet","15","28","64","1","00:17:16","0","71","176","Default","Quality on net"
"Alina Müller","Boston Fleet","15","28","64","1","00:18:42","1","107","155","Default","Quality goal"
"Alina Müller","Boston Fleet","15","28","64","3","00:18:29","0","87","160","Default","Quality on net"
"Alina Müller","Boston Fleet","15","59","65","3","00:04:46","0","130","189","Wrist","Quality on net"
"Alina Müller","Boston Fleet","15","59","65","3","00:14:22","0","111","99","Wrist","Quality on net"
"Alina Müller","Boston Fleet","15","155","68","1","00:03:37","0","529","142","Default","Quality on net"
"Alina Müller","Boston Fleet","15","155","68","1","00:18:42","0","525","86","Default","Non quality on net"
"Alina Müller","Boston Fleet","15","155","68","2","00:11:12","0","398","142","Default","Non quality on net"
"Alina Müller","Boston Fleet","15","155","68","3","00:08:57","0","472","121","Default","Quality on net"
"Alina Müller","Boston Fleet","15","59","69","1","00:06:16","0","457","59","Slap","Non quality on net"
"Alina Müller","Boston Fleet","15","59","69","3","00:07:06","0","513","120","Backhand","Quality on net"
"Alina Müller","Boston Fleet","15","22","70","2","00:11:38","0","479","26","Wrist","Non quality on net"
"Alina Müller","Boston Fleet","15","22","70","3","00:01:42","1","471","87","Wrist","Quality goal"
"Alina Müller","Boston Fleet","15","59","83","1","00:10:53","0","129","155","Default","Quality on net"
"Alina Müller","Boston Fleet","15","59","83","2","00:01:34","0","129","165","Default","Quality on net"
"Alina Müller","Boston Fleet","15","59","83","2","00:05:46","0","158","194","Default","Non quality on net"
"Alina Müller","Boston Fleet","15","22","4","1","00:15:18","0","45","128","Default","Non quality on net"
"Alina Müller","Boston Fleet","15","22","4","1","00:15:47","0","111","196","Default","Quality on net"
"Alina Müller","Boston Fleet","15","22","4","1","00:18:33","0","125","129","Default","Quality on net"
"Alina Müller","Boston Fleet","15","22","4","1","00:18:47","0","68","213","Default","Non quality on net"
"Alina Müller","Boston Fleet","15","22","4","3","00:00:30","0","95","192","Default","Quality on net"
"Alina Müller","Boston Fleet","15","28","11","1","00:14:18","0","505","165","Wrist","Quality on net"
"Alina Müller","Boston Fleet","15","28","11","2","00:01:57","0","386","124","Slap","Non quality on net"
"Alina Müller","Boston Fleet","15","64","14","1","00:01:37","0","442","85","Default","Non quality on net"
"Alina Müller","Boston Fleet","15","64","14","2","00:03:09","0","403","105","Default","Non quality on net"
"Alina Müller","Boston Fleet","15","64","14","3","00:10:37","0","549","185","Default","Non quality on net"
"Alina Müller","Boston Fleet","15","64","14","3","00:14:22","0","446","223","Default","Non quality on net"
"Alina Müller","Boston Fleet","15","155","16","2","00:18:22","0","79","129","Default","Quality on net"
"Alina Müller","Boston Fleet","15","155","16","3","00:10:05","0","125","89","Default","Quality on net"
"Alina Müller","Boston Fleet","15","155","16","3","00:14:54","0","105","204","Default","Quality on net"
"Alina Müller","Boston Fleet","15","48","19","1","00:08:38","1","478","121","Snap","Quality goal"
"Alina Müller","Boston Fleet","15","48","19","1","00:12:35","0","543","141","Tip","Quality on net"
"Alina Müller","Boston Fleet","15","59","19","3","00:19:07","0","465","95","Snap","Quality on net"
"Alina Müller","Boston Fleet","15","123","23","1","00:14:27","1","513","157","Default","Quality goal"
"Alina Müller","Boston Fleet","15","85","27","4","00:01:05","0","58","128","Default","Quality on net"
"Alina Müller","Boston Fleet","15","64","29","2","00:04:42","0","68","117","Default","Quality on net"
"Alina Müller","Boston Fleet","15","64","29","2","00:15:21","0","111","139","Default","Quality on net"
"Alina Müller","Boston Fleet","15","64","29","3","00:15:29","0","206","187","Default","Non quality on net"
"Alina Müller","Boston Fleet","15","155","32","1","00:19:25","0","90","119","Default","Quality on net"
"Alina Müller","Boston Fleet","15","59","34","1","00:04:12","0","165","189","Default","Non quality on net"
"Alina Müller","Boston Fleet","15","59","34","1","00:04:27","0","45","87","Default","Non quality on net"
"Alina Müller","Boston Fleet","15","22","38","1","00:04:16","0","536","203","Backhand","Non quality on net"
"Alina Müller","Boston Fleet","15","85","42","2","00:00:59","0","471","219","Slap","Quality on net"
"Alina Müller","Boston Fleet","15","85","42","3","00:19:14","0","475","57","Slap","Non quality on net"
"Alina Müller","Boston Fleet","15","64","45","2","00:11:44","0","464","54","Default","Non quality on net"
"Alina Müller","Boston Fleet","15","41","48","1","00:04:10","0","223","147","Default","Non quality on net"
"Alina Müller","Boston Fleet","15","41","48","1","00:16:34","0","54","156","Default","Quality on net"
"Alina Müller","Boston Fleet","15","41","48","1","00:16:35","0","61","160","Default","Quality on net"
"Alina Müller","Boston Fleet","15","41","48","2","00:16:54","0","165","122","Default","Non quality on net"
"Alina Müller","Boston Fleet","15","22","50","1","00:06:55","0","358","139","Wrist","Non quality on net"
"Alina Müller","Boston Fleet","15","22","50","2","00:10:35","0","459","129","Snap","Quality on net"
"Alina Müller","Boston Fleet","15","70","52","3","00:19:56","0","491","121","Default","Quality on net"
"Alina Müller","Boston Fleet","15","155","56","2","00:06:27","1","549","100","Wrist","Non quality goal"
"Alina Müller","Boston Fleet","15","155","56","3","00:14:55","0","401","87","Wrist","Non quality on net"
"Alina Müller","Boston Fleet","15","155","56","3","00:19:04","0","433","71","Slap","Non quality on net"
"Alina Müller","Boston Fleet","15","64","57","3","00:01:14","0","77","189","Default","Quality on net"
"Alina Müller","Boston Fleet","15","28","64","1","00:17:16","0","71","176","Default","Quality on net"
"Alina Müller","Boston Fleet","15","28","64","1","00:18:42","1","107","155","Default","Quality goal"
"Alina Müller","Boston Fleet","15","28","64","3","00:18:29","0","87","160","Default","Quality on net"
"Alina Müller","Boston Fleet","15","59","65","3","00:04:46","0","130","189","Wrist","Quality on net"
"Alina Müller","Boston Fleet","15","59","65","3","00:14:22","0","111","99","Wrist","Quality on net"
"Alina Müller","Boston Fleet","15","155","68","1","00:03:37","0","529","142","Default","Quality on net"
"Alina Müller","Boston Fleet","15","155","68","1","00:18:42","0","525","86","Default","Non quality on net"
"Alina Müller","Boston Fleet","15","155","68","2","00:11:12","0","398","142","Default","Non quality on net"
"Alina Müller","Boston Fleet","15","155","68","3","00:08:57","0","472","121","Default","Quality on net"
"Alina Müller","Boston Fleet","15","59","69","1","00:06:16","0","457","59","Slap","Non quality on net"
"Alina Müller","Boston Fleet","15","59","69","3","00:07:06","0","513","120","Backhand","Quality on net"
"Alina Müller","Boston Fleet","15","22","70","2","00:11:38","0","479","26","Wrist","Non quality on net"
"Alina Müller","Boston Fleet","15","22","70","3","00:01:42","1","471","87","Wrist","Quality goal"
"Alina Müller","Boston Fleet","15","59","83","1","00:10:53","0","129","155","Default","Quality on net"
"Alina Müller","Boston Fleet","15","59","83","2","00:01:34","0","129","165","Default","Quality on net"
"Alina Müller","Boston Fleet","15","59","83","2","00:05:46","0","158","194","Default","Non quality on net"
"Jamie Lee Rattray","Boston Fleet","16","28","11","2","00:05:10","0","475","212","Wrist","Quality on net"
"Jamie Lee Rattray","Boston Fleet","16","28","11","2","00:19:57","0","447","95","Wrist","Non quality on net"
"Jamie Lee Rattray","Boston Fleet","16","64","14","3","00:12:07","0","446","104","Default","Non quality on net"
"Jamie Lee Rattray","Boston Fleet","16","64","14","3","00:16:33","0","531","173","Default","Quality on net"
"Jamie Lee Rattray","Boston Fleet","16","155","16","1","00:13:16","0","143","219","Default","Quality on net"
"Jamie Lee Rattray","Boston Fleet","16","155","16","3","00:04:48","0","41","93","Default","Non quality on net"
"Jamie Lee Rattray","Boston Fleet","16","48","19","1","00:06:01","0","501","278","Snap","Non quality on net"
"Jamie Lee Rattray","Boston Fleet","16","48","19","1","00:17:37","1","555","123","Snap","Non quality goal"
"Jamie Lee Rattray","Boston Fleet","16","123","23","3","00:07:10","0","109","226","Default","Quality on net"
"Jamie Lee Rattray","Boston Fleet","16","85","27","1","00:19:21","0","273","73","Default","Non quality on net"
"Jamie Lee Rattray","Boston Fleet","16","85","27","2","00:04:04","0","131","115","Default","Quality on net"
"Jamie Lee Rattray","Boston Fleet","16","85","27","3","00:05:20","0","123","168","Default","Quality on net"
"Jamie Lee Rattray","Boston Fleet","16","64","29","1","00:17:56","0","91","140","Default","Quality on net"
"Jamie Lee Rattray","Boston Fleet","16","64","29","2","00:18:31","0","77","110","Default","Quality on net"
"Jamie Lee Rattray","Boston Fleet","16","64","29","3","00:06:04","1","111","128","Default","Quality goal"
"Jamie Lee Rattray","Boston Fleet","16","64","29","3","00:13:09","0","145","237","Default","Non quality on net"
"Jamie Lee Rattray","Boston Fleet","16","64","29","3","00:16:42","0","131","109","Default","Quality on net"
"Jamie Lee Rattray","Boston Fleet","16","155","32","1","00:13:11","0","111","223","Default","Quality on net"
"Jamie Lee Rattray","Boston Fleet","16","155","32","2","00:13:25","0","123","159","Default","Quality on net"
"Jamie Lee Rattray","Boston Fleet","16","155","32","2","00:13:42","0","129","180","Default","Quality on net"
"Jamie Lee Rattray","Boston Fleet","16","59","34","3","00:08:51","0","147","114","Default","Non quality on net"
"Jamie Lee Rattray","Boston Fleet","16","22","38","1","00:17:44","0","538","153","Wrist","Quality on net"
"Jamie Lee Rattray","Boston Fleet","16","22","38","2","00:00:41","0","532","139","Wrist","Quality on net"
"Jamie Lee Rattray","Boston Fleet","16","22","38","3","00:11:26","0","330","259","Default","Non quality on net"
"Jamie Lee Rattray","Boston Fleet","16","22","38","3","00:12:46","0","498","159","Backhand","Quality on net"
"Jamie Lee Rattray","Boston Fleet","16","85","42","1","00:03:12","0","468","209","Wrist","Quality on net"
"Jamie Lee Rattray","Boston Fleet","16","85","42","1","00:05:45","0","515","189","Tip","Quality on net"
"Jamie Lee Rattray","Boston Fleet","16","85","42","3","00:00:51","0","473","138","Wrist","Quality on net"
"Jamie Lee Rattray","Boston Fleet","16","85","42","3","00:14:49","0","449","254","Wrist","Non quality on net"
"Jamie Lee Rattray","Boston Fleet","16","41","48","1","00:15:06","0","77","163","Default","Quality on net"
"Jamie Lee Rattray","Boston Fleet","16","41","48","1","00:15:36","0","104","161","Default","Quality on net"
"Jamie Lee Rattray","Boston Fleet","16","41","48","2","00:08:01","0","70","130","Default","Quality on net"
"Jamie Lee Rattray","Boston Fleet","16","41","48","3","00:17:56","0","71","150","Default","Quality on net"
"Jamie Lee Rattray","Boston Fleet","16","41","48","3","00:18:51","0","48","168","Default","Quality on net"
"Jamie Lee Rattray","Boston Fleet","16","41","48","4","00:01:47","0","67","154","Default","Quality on net"
"Jamie Lee Rattray","Boston Fleet","16","70","52","1","00:19:05","0","360","279","Default","Non quality on net"
"Jamie Lee Rattray","Boston Fleet","16","70","52","3","00:12:23","0","521","108","Default","Quality on net"
"Jamie Lee Rattray","Boston Fleet","16","155","56","1","00:08:45","0","448","203","Wrist","Non quality on net"
"Jamie Lee Rattray","Boston Fleet","16","155","56","1","00:18:19","0","494","103","Wrist","Quality on net"
"Jamie Lee Rattray","Boston Fleet","16","155","56","3","00:10:36","0","565","139","Tip","Non quality on net"
"Jamie Lee Rattray","Boston Fleet","16","155","56","3","00:19:34","0","547","74","Snap","Non quality on net"
"Jamie Lee Rattray","Boston Fleet","16","64","57","1","00:00:33","0","127","90","Default","Quality on net"
"Jamie Lee Rattray","Boston Fleet","16","64","57","1","00:15:53","0","61","218","Default","Non quality on net"
"Jamie Lee Rattray","Boston Fleet","16","64","57","3","00:07:01","0","138","91","Default","Quality on net"
"Jamie Lee Rattray","Boston Fleet","16","28","64","1","00:10:32","0","53","255","Default","Non quality on net"
"Jamie Lee Rattray","Boston Fleet","16","59","65","2","00:03:47","0","73","115","Backhand","Quality on net"
"Jamie Lee Rattray","Boston Fleet","16","59","65","4","00:04:48","0","105","79","Wrist","Quality on net"
"Jamie Lee Rattray","Boston Fleet","16","155","68","1","00:02:46","0","490","117","Default","Quality on net"
"Jamie Lee Rattray","Boston Fleet","16","155","68","2","00:00:14","0","573","195","Default","Non quality on net"
"Jamie Lee Rattray","Boston Fleet","16","155","68","2","00:13:22","0","496","44","Default","Non quality on net"
"Jamie Lee Rattray","Boston Fleet","16","155","68","3","00:07:02","0","523","204","Default","Quality on net"
"Jamie Lee Rattray","Boston Fleet","16","59","69","1","00:04:58","0","483","243","Snap","Non quality on net"
"Jamie Lee Rattray","Boston Fleet","16","59","69","1","00:19:01","1","553","147","Backhand","Quality goal"
"Jamie Lee Rattray","Boston Fleet","16","59","69","2","00:00:28","0","542","146","Tip","Quality on net"
"Jamie Lee Rattray","Boston Fleet","16","59","69","2","00:05:11","0","549","128","Snap","Quality on net"
"Jamie Lee Rattray","Boston Fleet","16","59","69","2","00:19:17","0","532","135","Snap","Quality on net"
"Jamie Lee Rattray","Boston Fleet","16","59","69","3","00:11:49","0","519","77","Snap","Non quality on net"
"Jamie Lee Rattray","Boston Fleet","16","22","70","3","00:06:08","0","540","104","Wrist","Non quality on net"
"Jamie Lee Rattray","Boston Fleet","16","22","70","3","00:09:43","0","442","114","Wrist","Non quality on net"
"Jamie Lee Rattray","Boston Fleet","16","22","70","3","00:11:26","0","495","99","Wrist","Quality on net"
"Jamie Lee Rattray","Boston Fleet","16","22","70","3","00:19:29","0","548","188","Backhand","Non quality on net"
"Jamie Lee Rattray","Boston Fleet","16","59","83","1","00:17:46","0","79","195","Default","Quality on net"
"Jamie Lee Rattray","Boston Fleet","16","59","83","2","00:10:35","0","108","96","Default","Quality on net"
"Jamie Lee Rattray","Boston Fleet","16","59","83","3","00:03:48","0","61","129","Default","Quality on net"
"Jamie Lee Rattray","Boston Fleet","16","59","83","3","00:17:14","0","46","203","Default","Non quality on net"
"Jamie Lee Rattray","Boston Fleet","16","28","11","2","00:05:10","0","475","212","Wrist","Quality on net"
"Jamie Lee Rattray","Boston Fleet","16","28","11","2","00:19:57","0","447","95","Wrist","Non quality on net"
"Jamie Lee Rattray","Boston Fleet","16","64","14","3","00:12:07","0","446","104","Default","Non quality on net"
"Jamie Lee Rattray","Boston Fleet","16","64","14","3","00:16:33","0","531","173","Default","Quality on net"
"Jamie Lee Rattray","Boston Fleet","16","155","16","1","00:13:16","0","143","219","Default","Quality on net"
"Jamie Lee Rattray","Boston Fleet","16","155","16","3","00:04:48","0","41","93","Default","Non quality on net"
"Jamie Lee Rattray","Boston Fleet","16","48","19","1","00:06:01","0","501","278","Snap","Non quality on net"
"Jamie Lee Rattray","Boston Fleet","16","48","19","1","00:17:37","1","555","123","Snap","Non quality goal"
"Jamie Lee Rattray","Boston Fleet","16","123","23","3","00:07:10","0","109","226","Default","Quality on net"
"Jamie Lee Rattray","Boston Fleet","16","85","27","1","00:19:21","0","273","73","Default","Non quality on net"
"Jamie Lee Rattray","Boston Fleet","16","85","27","2","00:04:04","0","131","115","Default","Quality on net"
"Jamie Lee Rattray","Boston Fleet","16","85","27","3","00:05:20","0","123","168","Default","Quality on net"
"Jamie Lee Rattray","Boston Fleet","16","64","29","1","00:17:56","0","91","140","Default","Quality on net"
"Jamie Lee Rattray","Boston Fleet","16","64","29","2","00:18:31","0","77","110","Default","Quality on net"
"Jamie Lee Rattray","Boston Fleet","16","64","29","3","00:06:04","1","111","128","Default","Quality goal"
"Jamie Lee Rattray","Boston Fleet","16","64","29","3","00:13:09","0","145","237","Default","Non quality on net"
"Jamie Lee Rattray","Boston Fleet","16","64","29","3","00:16:42","0","131","109","Default","Quality on net"
"Jamie Lee Rattray","Boston Fleet","16","155","32","1","00:13:11","0","111","223","Default","Quality on net"
"Jamie Lee Rattray","Boston Fleet","16","155","32","2","00:13:25","0","123","159","Default","Quality on net"
"Jamie Lee Rattray","Boston Fleet","16","155","32","2","00:13:42","0","129","180","Default","Quality on net"
"Jamie Lee Rattray","Boston Fleet","16","59","34","3","00:08:51","0","147","114","Default","Non quality on net"
"Jamie Lee Rattray","Boston Fleet","16","22","38","1","00:17:44","0","538","153","Wrist","Quality on net"
"Jamie Lee Rattray","Boston Fleet","16","22","38","2","00:00:41","0","532","139","Wrist","Quality on net"
"Jamie Lee Rattray","Boston Fleet","16","22","38","3","00:11:26","0","330","259","Default","Non quality on net"
"Jamie Lee Rattray","Boston Fleet","16","22","38","3","00:12:46","0","498","159","Backhand","Quality on net"
"Jamie Lee Rattray","Boston Fleet","16","85","42","1","00:03:12","0","468","209","Wrist","Quality on net"
"Jamie Lee Rattray","Boston Fleet","16","85","42","1","00:05:45","0","515","189","Tip","Quality on net"
"Jamie Lee Rattray","Boston Fleet","16","85","42","3","00:00:51","0","473","138","Wrist","Quality on net"
"Jamie Lee Rattray","Boston Fleet","16","85","42","3","00:14:49","0","449","254","Wrist","Non quality on net"
"Jamie Lee Rattray","Boston Fleet","16","41","48","1","00:15:06","0","77","163","Default","Quality on net"
"Jamie Lee Rattray","Boston Fleet","16","41","48","1","00:15:36","0","104","161","Default","Quality on net"
"Jamie Lee Rattray","Boston Fleet","16","41","48","2","00:08:01","0","70","130","Default","Quality on net"
"Jamie Lee Rattray","Boston Fleet","16","41","48","3","00:17:56","0","71","150","Default","Quality on net"
"Jamie Lee Rattray","Boston Fleet","16","41","48","3","00:18:51","0","48","168","Default","Quality on net"
"Jamie Lee Rattray","Boston Fleet","16","41","48","4","00:01:47","0","67","154","Default","Quality on net"
"Jamie Lee Rattray","Boston Fleet","16","70","52","1","00:19:05","0","360","279","Default","Non quality on net"
"Jamie Lee Rattray","Boston Fleet","16","70","52","3","00:12:23","0","521","108","Default","Quality on net"
"Jamie Lee Rattray","Boston Fleet","16","155","56","1","00:08:45","0","448","203","Wrist","Non quality on net"
"Jamie Lee Rattray","Boston Fleet","16","155","56","1","00:18:19","0","494","103","Wrist","Quality on net"
"Jamie Lee Rattray","Boston Fleet","16","155","56","3","00:10:36","0","565","139","Tip","Non quality on net"
"Jamie Lee Rattray","Boston Fleet","16","155","56","3","00:19:34","0","547","74","Snap","Non quality on net"
"Jamie Lee Rattray","Boston Fleet","16","64","57","1","00:00:33","0","127","90","Default","Quality on net"
"Jamie Lee Rattray","Boston Fleet","16","64","57","1","00:15:53","0","61","218","Default","Non quality on net"
"Jamie Lee Rattray","Boston Fleet","16","64","57","3","00:07:01","0","138","91","Default","Quality on net"
"Jamie Lee Rattray","Boston Fleet","16","28","64","1","00:10:32","0","53","255","Default","Non quality on net"
"Jamie Lee Rattray","Boston Fleet","16","59","65","2","00:03:47","0","73","115","Backhand","Quality on net"
"Jamie Lee Rattray","Boston Fleet","16","59","65","4","00:04:48","0","105","79","Wrist","Quality on net"
"Jamie Lee Rattray","Boston Fleet","16","155","68","1","00:02:46","0","490","117","Default","Quality on net"
"Jamie Lee Rattray","Boston Fleet","16","155","68","2","00:00:14","0","573","195","Default","Non quality on net"
"Jamie Lee Rattray","Boston Fleet","16","155","68","2","00:13:22","0","496","44","Default","Non quality on net"
"Jamie Lee Rattray","Boston Fleet","16","155","68","3","00:07:02","0","523","204","Default","Quality on net"
"Jamie Lee Rattray","Boston Fleet","16","59","69","1","00:04:58","0","483","243","Snap","Non quality on net"
"Jamie Lee Rattray","Boston Fleet","16","59","69","1","00:19:01","1","553","147","Backhand","Quality goal"
"Jamie Lee Rattray","Boston Fleet","16","59","69","2","00:00:28","0","542","146","Tip","Quality on net"
"Jamie Lee Rattray","Boston Fleet","16","59","69","2","00:05:11","0","549","128","Snap","Quality on net"
"Jamie Lee Rattray","Boston Fleet","16","59","69","2","00:19:17","0","532","135","Snap","Quality on net"
"Jamie Lee Rattray","Boston Fleet","16","59","69","3","00:11:49","0","519","77","Snap","Non quality on net"
"Jamie Lee Rattray","Boston Fleet","16","22","70","3","00:06:08","0","540","104","Wrist","Non quality on net"
"Jamie Lee Rattray","Boston Fleet","16","22","70","3","00:09:43","0","442","114","Wrist","Non quality on net"
"Jamie Lee Rattray","Boston Fleet","16","22","70","3","00:11:26","0","495","99","Wrist","Quality on net"
"Jamie Lee Rattray","Boston Fleet","16","22","70","3","00:19:29","0","548","188","Backhand","Non quality on net"
"Jamie Lee Rattray","Boston Fleet","16","59","83","1","00:17:46","0","79","195","Default","Quality on net"
"Jamie Lee Rattray","Boston Fleet","16","59","83","2","00:10:35","0","108","96","Default","Quality on net"
"Jamie Lee Rattray","Boston Fleet","16","59","83","3","00:03:48","0","61","129","Default","Quality on net"
"Jamie Lee Rattray","Boston Fleet","16","59","83","3","00:17:14","0","46","203","Default","Non quality on net"
"Theresa Schafzahl","Boston Fleet","17","22","4","2","00:07:59","1","108","159","Default","Quality goal"
"Theresa Schafzahl","Boston Fleet","17","22","4","2","00:17:12","0","145","149","Default","Non quality on net"
"Theresa Schafzahl","Boston Fleet","17","22","4","3","00:19:59","0","116","71","Default","Non quality on net"
"Theresa Schafzahl","Boston Fleet","17","28","11","1","00:14:48","0","451","225","Wrist","Non quality on net"
"Theresa Schafzahl","Boston Fleet","17","28","11","3","00:12:56","0","540","168","Tip","Quality on net"
"Theresa Schafzahl","Boston Fleet","17","64","14","2","00:04:58","0","514","123","Default","Quality on net"
"Theresa Schafzahl","Boston Fleet","17","155","16","2","00:11:05","0","84","223","Default","Non quality on net"
"Theresa Schafzahl","Boston Fleet","17","59","19","3","00:19:08","1","553","182","Backhand","Non quality goal"
"Theresa Schafzahl","Boston Fleet","17","64","29","3","00:06:08","0","135","165","Default","Quality on net"
"Theresa Schafzahl","Boston Fleet","17","155","32","2","00:04:37","0","141","230","Default","Non quality on net"
"Theresa Schafzahl","Boston Fleet","17","59","34","1","00:05:31","0","55","202","Default","Non quality on net"
"Theresa Schafzahl","Boston Fleet","17","59","34","2","00:19:58","0","63","121","Default","Quality on net"
"Theresa Schafzahl","Boston Fleet","17","59","34","3","00:11:31","0","152","195","Default","Non quality on net"
"Theresa Schafzahl","Boston Fleet","17","22","38","1","00:13:06","0","551","165","Tip","Quality on net"
"Theresa Schafzahl","Boston Fleet","17","22","38","2","00:08:39","1","60","154","Backhand","Quality goal"
"Theresa Schafzahl","Boston Fleet","17","85","42","2","00:12:01","0","503","96","Wrist","Quality on net"
"Theresa Schafzahl","Boston Fleet","17","85","42","3","00:02:08","0","504","91","Wrist","Quality on net"
"Theresa Schafzahl","Boston Fleet","17","22","50","2","00:14:17","0","528","219","Backhand","Non quality on net"
"Theresa Schafzahl","Boston Fleet","17","70","52","2","00:13:55","0","459","102","Default","Quality on net"
"Theresa Schafzahl","Boston Fleet","17","28","64","2","00:09:05","0","90","196","Default","Quality on net"
"Theresa Schafzahl","Boston Fleet","17","59","65","2","00:10:00","0","132","108","Wrist","Quality on net"
"Theresa Schafzahl","Boston Fleet","17","59","83","2","00:10:30","0","117","105","Default","Quality on net"
"Theresa Schafzahl","Boston Fleet","17","59","83","3","00:07:42","0","158","243","Default","Non quality on net"
"Theresa Schafzahl","Boston Fleet","17","22","4","2","00:07:59","1","108","159","Default","Quality goal"
"Theresa Schafzahl","Boston Fleet","17","22","4","2","00:17:12","0","145","149","Default","Non quality on net"
"Theresa Schafzahl","Boston Fleet","17","22","4","3","00:19:59","0","116","71","Default","Non quality on net"
"Theresa Schafzahl","Boston Fleet","17","28","11","1","00:14:48","0","451","225","Wrist","Non quality on net"
"Theresa Schafzahl","Boston Fleet","17","28","11","3","00:12:56","0","540","168","Tip","Quality on net"
"Theresa Schafzahl","Boston Fleet","17","64","14","2","00:04:58","0","514","123","Default","Quality on net"
"Theresa Schafzahl","Boston Fleet","17","155","16","2","00:11:05","0","84","223","Default","Non quality on net"
"Theresa Schafzahl","Boston Fleet","17","59","19","3","00:19:08","1","553","182","Backhand","Non quality goal"
"Theresa Schafzahl","Boston Fleet","17","64","29","3","00:06:08","0","135","165","Default","Quality on net"
"Theresa Schafzahl","Boston Fleet","17","155","32","2","00:04:37","0","141","230","Default","Non quality on net"
"Theresa Schafzahl","Boston Fleet","17","59","34","1","00:05:31","0","55","202","Default","Non quality on net"
"Theresa Schafzahl","Boston Fleet","17","59","34","2","00:19:58","0","63","121","Default","Quality on net"
"Theresa Schafzahl","Boston Fleet","17","59","34","3","00:11:31","0","152","195","Default","Non quality on net"
"Theresa Schafzahl","Boston Fleet","17","22","38","1","00:13:06","0","551","165","Tip","Quality on net"
"Theresa Schafzahl","Boston Fleet","17","22","38","2","00:08:39","1","60","154","Backhand","Quality goal"
"Theresa Schafzahl","Boston Fleet","17","85","42","2","00:12:01","0","503","96","Wrist","Quality on net"
"Theresa Schafzahl","Boston Fleet","17","85","42","3","00:02:08","0","504","91","Wrist","Quality on net"
"Theresa Schafzahl","Boston Fleet","17","22","50","2","00:14:17","0","528","219","Backhand","Non quality on net"
"Theresa Schafzahl","Boston Fleet","17","70","52","2","00:13:55","0","459","102","Default","Quality on net"
"Theresa Schafzahl","Boston Fleet","17","28","64","2","00:09:05","0","90","196","Default","Quality on net"
"Theresa Schafzahl","Boston Fleet","17","59","65","2","00:10:00","0","132","108","Wrist","Quality on net"
"Theresa Schafzahl","Boston Fleet","17","59","83","2","00:10:30","0","117","105","Default","Quality on net"
"Theresa Schafzahl","Boston Fleet","17","59","83","3","00:07:42","0","158","243","Default","Non quality on net"
"Sophie Shirley","Boston Fleet","18","22","4","3","00:09:13","0","104","208","Default","Quality on net"
"Sophie Shirley","Boston Fleet","18","22","4","3","00:11:41","0","71","135","Default","Quality on net"
"Sophie Shirley","Boston Fleet","18","64","14","1","00:02:52","0","533","130","Default","Quality on net"
"Sophie Shirley","Boston Fleet","18","155","16","2","00:10:32","0","57","174","Default","Quality on net"
"Sophie Shirley","Boston Fleet","18","85","27","1","00:12:43","0","134","245","Default","Non quality on net"
"Sophie Shirley","Boston Fleet","18","85","27","1","00:15:33","0","100","212","Default","Quality on net"
"Sophie Shirley","Boston Fleet","18","85","27","2","00:01:30","0","123","135","Default","Quality on net"
"Sophie Shirley","Boston Fleet","18","85","27","3","00:04:12","1","125","153","Default","Quality goal"
"Sophie Shirley","Boston Fleet","18","85","42","3","00:13:30","0","562","184","Wrist","Non quality on net"
"Sophie Shirley","Boston Fleet","18","64","45","2","00:19:40","0","475","260","Default","Non quality on net"
"Sophie Shirley","Boston Fleet","18","41","48","2","00:01:30","0","139","231","Default","Non quality on net"
"Sophie Shirley","Boston Fleet","18","41","48","3","00:05:22","1","98","169","Default","Quality goal"
"Sophie Shirley","Boston Fleet","18","70","52","3","00:14:39","0","551","113","Default","Non quality on net"
"Sophie Shirley","Boston Fleet","18","155","56","1","00:14:30","0","481","174","Wrist","Quality on net"
"Sophie Shirley","Boston Fleet","18","155","56","3","00:02:01","0","562","189","Wrist","Non quality on net"
"Sophie Shirley","Boston Fleet","18","155","56","3","00:07:57","0","535","155","Tip","Quality on net"
"Sophie Shirley","Boston Fleet","18","155","56","3","00:10:15","1","490","128","Wrist","Quality goal"
"Sophie Shirley","Boston Fleet","18","28","64","2","00:05:58","0","204","231","Default","Non quality on net"
"Sophie Shirley","Boston Fleet","18","59","65","2","00:06:03","0","199","47","Wrist","Non quality on net"
"Sophie Shirley","Boston Fleet","18","59","65","3","00:14:56","0","166","213","Wrist","Non quality on net"
"Sophie Shirley","Boston Fleet","18","155","68","1","00:07:58","0","508","87","Default","Quality on net"
"Sophie Shirley","Boston Fleet","18","155","68","3","00:05:39","0","534","152","Default","Quality on net"
"Sophie Shirley","Boston Fleet","18","59","69","3","00:16:11","0","506","135","Snap","Quality on net"
"Sophie Shirley","Boston Fleet","18","22","70","3","00:05:28","0","536","165","Wrist","Quality on net"
"Sophie Shirley","Boston Fleet","18","22","70","3","00:07:03","0","470","97","Wrist","Quality on net"
"Sophie Shirley","Boston Fleet","18","22","4","3","00:09:13","0","104","208","Default","Quality on net"
"Sophie Shirley","Boston Fleet","18","22","4","3","00:11:41","0","71","135","Default","Quality on net"
"Sophie Shirley","Boston Fleet","18","64","14","1","00:02:52","0","533","130","Default","Quality on net"
"Sophie Shirley","Boston Fleet","18","155","16","2","00:10:32","0","57","174","Default","Quality on net"
"Sophie Shirley","Boston Fleet","18","85","27","1","00:12:43","0","134","245","Default","Non quality on net"
"Sophie Shirley","Boston Fleet","18","85","27","1","00:15:33","0","100","212","Default","Quality on net"
"Sophie Shirley","Boston Fleet","18","85","27","2","00:01:30","0","123","135","Default","Quality on net"
"Sophie Shirley","Boston Fleet","18","85","27","3","00:04:12","1","125","153","Default","Quality goal"
"Sophie Shirley","Boston Fleet","18","85","42","3","00:13:30","0","562","184","Wrist","Non quality on net"
"Sophie Shirley","Boston Fleet","18","64","45","2","00:19:40","0","475","260","Default","Non quality on net"
"Sophie Shirley","Boston Fleet","18","41","48","2","00:01:30","0","139","231","Default","Non quality on net"
"Sophie Shirley","Boston Fleet","18","41","48","3","00:05:22","1","98","169","Default","Quality goal"
"Sophie Shirley","Boston Fleet","18","70","52","3","00:14:39","0","551","113","Default","Non quality on net"
"Sophie Shirley","Boston Fleet","18","155","56","1","00:14:30","0","481","174","Wrist","Quality on net"
"Sophie Shirley","Boston Fleet","18","155","56","3","00:02:01","0","562","189","Wrist","Non quality on net"
"Sophie Shirley","Boston Fleet","18","155","56","3","00:07:57","0","535","155","Tip","Quality on net"
"Sophie Shirley","Boston Fleet","18","155","56","3","00:10:15","1","490","128","Wrist","Quality goal"
"Sophie Shirley","Boston Fleet","18","28","64","2","00:05:58","0","204","231","Default","Non quality on net"
"Sophie Shirley","Boston Fleet","18","59","65","2","00:06:03","0","199","47","Wrist","Non quality on net"
"Sophie Shirley","Boston Fleet","18","59","65","3","00:14:56","0","166","213","Wrist","Non quality on net"
"Sophie Shirley","Boston Fleet","18","155","68","1","00:07:58","0","508","87","Default","Quality on net"
"Sophie Shirley","Boston Fleet","18","155","68","3","00:05:39","0","534","152","Default","Quality on net"
"Sophie Shirley","Boston Fleet","18","59","69","3","00:16:11","0","506","135","Snap","Quality on net"
"Sophie Shirley","Boston Fleet","18","22","70","3","00:05:28","0","536","165","Wrist","Quality on net"
"Sophie Shirley","Boston Fleet","18","22","70","3","00:07:03","0","470","97","Wrist","Quality on net"
"Jillian Dempsey","Boston Fleet","27","155","9","2","00:10:27","0","496","153","Default","Quality on net"
"Jillian Dempsey","Boston Fleet","27","6","11","1","00:13:42","0","65","223","Wrist","Non quality on net"
"Jillian Dempsey","Boston Fleet","27","6","11","1","00:16:54","0","70","161","Wrist","Quality on net"
"Jillian Dempsey","Boston Fleet","27","64","17","2","00:05:08","0","204","35","Wrist","Non quality on net"
"Jillian Dempsey","Boston Fleet","27","64","17","3","00:06:48","0","76","225","Wrist","Non quality on net"
"Jillian Dempsey","Boston Fleet","27","6","27","2","00:08:38","0","499","75","Default","Quality on net"
"Jillian Dempsey","Boston Fleet","27","123","33","3","00:01:23","0","78","121","Backhand","Quality on net"
"Jillian Dempsey","Boston Fleet","27","123","33","3","00:04:35","0","47","129","Wrist","Quality on net"
"Jillian Dempsey","Boston Fleet","27","41","35","2","00:17:25","0","68","88","Wrist","Non quality on net"
"Jillian Dempsey","Boston Fleet","27","59","37","3","00:09:30","0","22","114","Backhand","Non quality on net"
"Jillian Dempsey","Boston Fleet","27","155","46","1","00:05:30","1","493","135","Default","Quality goal"
"Jillian Dempsey","Boston Fleet","27","59","49","1","00:07:58","0","71","129","Backhand","Quality on net"
"Jillian Dempsey","Boston Fleet","27","59","49","3","00:02:24","0","125","102","Wrist","Quality on net"
"Jillian Dempsey","Boston Fleet","27","6","64","1","00:04:18","0","444","25","Default","Non quality on net"
"Jillian Dempsey","Boston Fleet","27","155","9","2","00:10:27","0","496","153","Default","Quality on net"
"Jillian Dempsey","Boston Fleet","27","6","11","1","00:13:42","0","65","223","Wrist","Non quality on net"
"Jillian Dempsey","Boston Fleet","27","6","11","1","00:16:54","0","70","161","Wrist","Quality on net"
"Jillian Dempsey","Boston Fleet","27","64","17","2","00:05:08","0","204","35","Wrist","Non quality on net"
"Jillian Dempsey","Boston Fleet","27","64","17","3","00:06:48","0","76","225","Wrist","Non quality on net"
"Jillian Dempsey","Boston Fleet","27","6","27","2","00:08:38","0","499","75","Default","Quality on net"
"Jillian Dempsey","Boston Fleet","27","123","33","3","00:01:23","0","78","121","Backhand","Quality on net"
"Jillian Dempsey","Boston Fleet","27","123","33","3","00:04:35","0","47","129","Wrist","Quality on net"
"Jillian Dempsey","Boston Fleet","27","41","35","2","00:17:25","0","68","88","Wrist","Non quality on net"
"Jillian Dempsey","Boston Fleet","27","59","37","3","00:09:30","0","22","114","Backhand","Non quality on net"
"Jillian Dempsey","Boston Fleet","27","155","46","1","00:05:30","1","493","135","Default","Quality goal"
"Jillian Dempsey","Boston Fleet","27","59","49","1","00:07:58","0","71","129","Backhand","Quality on net"
"Jillian Dempsey","Boston Fleet","27","59","49","3","00:02:24","0","125","102","Wrist","Quality on net"
"Jillian Dempsey","Boston Fleet","27","6","64","1","00:04:18","0","444","25","Default","Non quality on net"
"Olivia Zafuto","Boston Fleet","46","64","2","1","00:03:36","0","387","225","Default","Non quality on net"
"Olivia Zafuto","Boston Fleet","46","85","9","2","00:11:36","0","151","156","Default","Non quality on net"
"Olivia Zafuto","Boston Fleet","46","123","12","2","00:05:15","0","396","36","Wrist","Non quality on net"
"Olivia Zafuto","Boston Fleet","46","28","13","1","00:10:38","0","153","73","Wrist","Non quality on net"
"Olivia Zafuto","Boston Fleet","46","123","43","1","00:08:14","0","449","136","Wrist","Non quality on net"
"Olivia Zafuto","Boston Fleet","46","28","46","1","00:06:49","0","121","176","Default","Quality on net"
"Olivia Zafuto","Boston Fleet","46","64","61","2","00:14:33","0","107","189","Wrist","Quality on net"
"Olivia Zafuto","Boston Fleet","46","64","2","1","00:03:36","0","387","225","Default","Non quality on net"
"Olivia Zafuto","Boston Fleet","46","85","9","2","00:11:36","0","151","156","Default","Non quality on net"
"Olivia Zafuto","Boston Fleet","46","123","12","2","00:05:15","0","396","36","Wrist","Non quality on net"
"Olivia Zafuto","Boston Fleet","46","28","13","1","00:10:38","0","153","73","Wrist","Non quality on net"
"Olivia Zafuto","Boston Fleet","46","123","43","1","00:08:14","0","449","136","Wrist","Non quality on net"
"Olivia Zafuto","Boston Fleet","46","28","46","1","00:06:49","0","121","176","Default","Quality on net"
"Olivia Zafuto","Boston Fleet","46","64","61","2","00:14:33","0","107","189","Wrist","Quality on net"
"Lexie Adzija","Boston Fleet","49","28","3","1","00:06:14","0","497","121","Wrist","Quality on net"
"Lexie Adzija","Boston Fleet","49","28","3","2","00:13:48","0","77","111","Wrist","Quality on net"
"Lexie Adzija","Boston Fleet","49","70","10","2","00:08:45","0","531","154","Default","Quality on net"
"Lexie Adzija","Boston Fleet","49","22","15","1","00:10:55","1","51","162","Wrist","Quality goal"
"Lexie Adzija","Boston Fleet","49","70","18","3","00:19:17","1","584","94","Snap","Non quality goal"
"Lexie Adzija","Boston Fleet","49","6","19","3","00:03:46","1","63","145","Wrist","Quality goal"
"Lexie Adzija","Boston Fleet","49","28","22","2","00:08:23","0","463","196","Wrist","Quality on net"
"Lexie Adzija","Boston Fleet","49","155","26","1","00:06:09","0","139","77","Snap","Quality on net"
"Lexie Adzija","Boston Fleet","49","155","26","2","00:09:40","0","135","162","Snap","Quality on net"
"Lexie Adzija","Boston Fleet","49","155","26","2","00:12:10","0","111","63","Snap","Non quality on net"
"Lexie Adzija","Boston Fleet","49","155","26","3","00:02:20","1","66","175","Snap","Quality goal"
"Lexie Adzija","Boston Fleet","49","123","28","3","00:09:25","0","543","153","Wrist","Quality on net"
"Lexie Adzija","Boston Fleet","49","22","31","2","00:11:24","0","87","245","Snap","Non quality on net"
"Lexie Adzija","Boston Fleet","49","6","34","2","00:03:18","0","325","230","Default","Non quality on net"
"Lexie Adzija","Boston Fleet","49","6","34","2","00:13:29","0","438","10","Default","Non quality on net"
"Lexie Adzija","Boston Fleet","49","6","34","3","00:02:31","0","369","248","Default","Non quality on net"
"Lexie Adzija","Boston Fleet","49","28","37","2","00:15:53","0","513","158","Tip","Quality on net"
"Lexie Adzija","Boston Fleet","49","41","39","3","00:12:00","0","134","90","Snap","Quality on net"
"Lexie Adzija","Boston Fleet","49","41","39","3","00:19:56","1","385","153","Snap","Non quality goal"
"Lexie Adzija","Boston Fleet","49","64","41","3","00:08:18","0","129","135","Backhand","Quality on net"
"Lexie Adzija","Boston Fleet","49","28","49","3","00:16:12","0","507","141","Backhand","Quality on net"
"Lexie Adzija","Boston Fleet","49","64","57","1","00:13:04","0","162","243","Default","Non quality on net"
"Lexie Adzija","Boston Fleet","49","6","65","1","00:16:48","0","485","240","Wrist","Non quality on net"
"Lexie Adzija","Boston Fleet","49","155","68","2","00:06:11","0","495","81","Default","Quality on net"
"Lexie Adzija","Boston Fleet","49","155","68","2","00:15:40","0","519","178","Default","Quality on net"
"Lexie Adzija","Boston Fleet","49","155","68","3","00:07:33","0","468","236","Default","Non quality on net"
"Lexie Adzija","Boston Fleet","49","155","68","3","00:16:21","0","473","165","Default","Quality on net"
"Lexie Adzija","Boston Fleet","49","155","68","3","00:16:51","1","537","198","Default","Non quality goal"
"Lexie Adzija","Boston Fleet","49","59","69","1","00:06:55","0","440","51","Snap","Non quality on net"
"Lexie Adzija","Boston Fleet","49","6","83","2","00:08:00","0","486","125","Default","Quality on net"
"Lexie Adzija","Boston Fleet","49","28","3","1","00:06:14","0","497","121","Wrist","Quality on net"
"Lexie Adzija","Boston Fleet","49","28","3","2","00:13:48","0","77","111","Wrist","Quality on net"
"Lexie Adzija","Boston Fleet","49","70","10","2","00:08:45","0","531","154","Default","Quality on net"
"Lexie Adzija","Boston Fleet","49","22","15","1","00:10:55","1","51","162","Wrist","Quality goal"
"Lexie Adzija","Boston Fleet","49","70","18","3","00:19:17","1","584","94","Snap","Non quality goal"
"Lexie Adzija","Boston Fleet","49","6","19","3","00:03:46","1","63","145","Wrist","Quality goal"
"Lexie Adzija","Boston Fleet","49","28","22","2","00:08:23","0","463","196","Wrist","Quality on net"
"Lexie Adzija","Boston Fleet","49","155","26","1","00:06:09","0","139","77","Snap","Quality on net"
"Lexie Adzija","Boston Fleet","49","155","26","2","00:09:40","0","135","162","Snap","Quality on net"
"Lexie Adzija","Boston Fleet","49","155","26","2","00:12:10","0","111","63","Snap","Non quality on net"
"Lexie Adzija","Boston Fleet","49","155","26","3","00:02:20","1","66","175","Snap","Quality goal"
"Lexie Adzija","Boston Fleet","49","123","28","3","00:09:25","0","543","153","Wrist","Quality on net"
"Lexie Adzija","Boston Fleet","49","22","31","2","00:11:24","0","87","245","Snap","Non quality on net"
"Lexie Adzija","Boston Fleet","49","6","34","2","00:03:18","0","325","230","Default","Non quality on net"
"Lexie Adzija","Boston Fleet","49","6","34","2","00:13:29","0","438","10","Default","Non quality on net"
"Lexie Adzija","Boston Fleet","49","6","34","3","00:02:31","0","369","248","Default","Non quality on net"
"Lexie Adzija","Boston Fleet","49","28","37","2","00:15:53","0","513","158","Tip","Quality on net"
"Lexie Adzija","Boston Fleet","49","41","39","3","00:12:00","0","134","90","Snap","Quality on net"
"Lexie Adzija","Boston Fleet","49","41","39","3","00:19:56","1","385","153","Snap","Non quality goal"
"Lexie Adzija","Boston Fleet","49","64","41","3","00:08:18","0","129","135","Backhand","Quality on net"
"Lexie Adzija","Boston Fleet","49","28","49","3","00:16:12","0","507","141","Backhand","Quality on net"
"Lexie Adzija","Boston Fleet","49","64","57","1","00:13:04","0","162","243","Default","Non quality on net"
"Lexie Adzija","Boston Fleet","49","6","65","1","00:16:48","0","485","240","Wrist","Non quality on net"
"Lexie Adzija","Boston Fleet","49","155","68","2","00:06:11","0","495","81","Default","Quality on net"
"Lexie Adzija","Boston Fleet","49","155","68","2","00:15:40","0","519","178","Default","Quality on net"
"Lexie Adzija","Boston Fleet","49","155","68","3","00:07:33","0","468","236","Default","Non quality on net"
"Lexie Adzija","Boston Fleet","49","155","68","3","00:16:21","0","473","165","Default","Quality on net"
"Lexie Adzija","Boston Fleet","49","155","68","3","00:16:51","1","537","198","Default","Non quality goal"
"Lexie Adzija","Boston Fleet","49","59","69","1","00:06:55","0","440","51","Snap","Non quality on net"
"Lexie Adzija","Boston Fleet","49","6","83","2","00:08:00","0","486","125","Default","Quality on net"
"Susanna Tapani","Boston Fleet","78","6","4","1","00:12:21","0","482","150","Default","Quality on net"
"Susanna Tapani","Boston Fleet","78","6","4","2","00:04:23","0","461","94","Default","Quality on net"
"Susanna Tapani","Boston Fleet","78","6","4","2","00:15:09","0","561","123","Default","Non quality on net"
"Susanna Tapani","Boston Fleet","78","6","4","2","00:15:47","0","489","84","Default","Quality on net"
"Susanna Tapani","Boston Fleet","78","28","6","1","00:08:37","0","195","214","Slap","Non quality on net"
"Susanna Tapani","Boston Fleet","78","28","6","3","00:06:45","0","87","121","Tip","Quality on net"
"Susanna Tapani","Boston Fleet","78","64","8","2","00:14:05","0","68","145","Wrist","Quality on net"
"Susanna Tapani","Boston Fleet","78","64","8","2","00:16:22","0","144","70","Wrist","Non quality on net"
"Susanna Tapani","Boston Fleet","78","155","12","1","00:05:06","0","51","129","Wrist","Quality on net"
"Susanna Tapani","Boston Fleet","78","155","12","3","00:08:32","0","147","238","Wrist","Non quality on net"
"Susanna Tapani","Boston Fleet","78","155","12","3","00:18:42","0","48","166","Backhand","Quality on net"
"Susanna Tapani","Boston Fleet","78","59","15","2","00:03:21","1","431","53","Snap","Non quality goal"
"Susanna Tapani","Boston Fleet","78","59","15","4","00:01:57","1","506","250","Snap","Non quality goal"
"Susanna Tapani","Boston Fleet","78","19","23","2","00:03:01","0","483","95","Default","Quality on net"
"Susanna Tapani","Boston Fleet","78","19","23","3","00:05:52","0","528","131","Default","Quality on net"
"Susanna Tapani","Boston Fleet","78","41","24","3","00:06:47","0","559","184","Default","Non quality on net"
"Susanna Tapani","Boston Fleet","78","64","25","1","00:09:44","0","387","14","Default","Non quality on net"
"Susanna Tapani","Boston Fleet","78","64","25","1","00:15:43","0","491","185","Default","Quality on net"
"Susanna Tapani","Boston Fleet","78","64","29","1","00:04:47","0","106","104","Default","Quality on net"
"Susanna Tapani","Boston Fleet","78","64","29","1","00:19:05","0","153","190","Default","Non quality on net"
"Susanna Tapani","Boston Fleet","78","64","29","2","00:02:48","0","173","210","Default","Non quality on net"
"Susanna Tapani","Boston Fleet","78","155","32","4","00:00:49","0","122","194","Default","Quality on net"
"Susanna Tapani","Boston Fleet","78","59","34","1","00:16:02","0","133","134","Default","Quality on net"
"Susanna Tapani","Boston Fleet","78","59","34","2","00:00:45","1","200","234","Default","Non quality goal"
"Susanna Tapani","Boston Fleet","78","22","38","1","00:15:50","0","453","219","Slap","Non quality on net"
"Susanna Tapani","Boston Fleet","78","85","42","1","00:09:45","0","533","273","Backhand","Non quality on net"
"Susanna Tapani","Boston Fleet","78","85","42","2","00:13:58","0","426","229","Wrist","Non quality on net"
"Susanna Tapani","Boston Fleet","78","64","45","1","00:13:48","0","469","139","Default","Quality on net"
"Susanna Tapani","Boston Fleet","78","64","45","2","00:00:25","0","527","148","Default","Quality on net"
"Susanna Tapani","Boston Fleet","78","64","45","3","00:09:02","0","532","54","Default","Non quality on net"
"Susanna Tapani","Boston Fleet","78","64","45","3","00:09:28","0","488","178","Default","Quality on net"
"Susanna Tapani","Boston Fleet","78","64","45","3","00:15:57","0","498","136","Default","Quality on net"
"Susanna Tapani","Boston Fleet","78","41","48","1","00:16:09","0","117","164","Default","Quality on net"
"Susanna Tapani","Boston Fleet","78","41","48","2","00:06:37","0","86","124","Default","Quality on net"
"Susanna Tapani","Boston Fleet","78","41","48","2","00:09:33","0","65","176","Default","Quality on net"
"Susanna Tapani","Boston Fleet","78","41","48","3","00:07:50","0","55","125","Default","Quality on net"
"Susanna Tapani","Boston Fleet","78","41","48","4","00:00:35","0","82","260","Default","Non quality on net"
"Susanna Tapani","Boston Fleet","78","70","52","1","00:16:56","0","535","141","Default","Quality on net"
"Susanna Tapani","Boston Fleet","78","64","57","2","00:17:45","1","150","249","Default","Non quality goal"
"Susanna Tapani","Boston Fleet","78","64","57","3","00:11:47","0","111","188","Default","Quality on net"
"Susanna Tapani","Boston Fleet","78","28","64","2","00:14:32","0","108","195","Default","Quality on net"
"Susanna Tapani","Boston Fleet","78","28","64","3","00:00:54","0","175","52","Default","Non quality on net"
"Susanna Tapani","Boston Fleet","78","28","64","3","00:01:17","0","63","174","Default","Quality on net"
"Susanna Tapani","Boston Fleet","78","59","65","1","00:06:06","0","80","241","Wrist","Non quality on net"
"Susanna Tapani","Boston Fleet","78","59","65","1","00:19:41","0","146","55","Slap","Non quality on net"
"Susanna Tapani","Boston Fleet","78","59","65","2","00:15:36","0","50","271","Wrist","Non quality on net"
"Susanna Tapani","Boston Fleet","78","155","68","2","00:05:10","0","515","225","Default","Non quality on net"
"Susanna Tapani","Boston Fleet","78","155","68","3","00:05:53","0","502","216","Default","Quality on net"
"Susanna Tapani","Boston Fleet","78","155","68","3","00:06:14","0","479","196","Default","Quality on net"
"Susanna Tapani","Boston Fleet","78","59","69","4","00:03:28","0","534","151","Snap","Quality on net"
"Susanna Tapani","Boston Fleet","78","22","70","3","00:11:10","0","407","63","Wrist","Non quality on net"
"Susanna Tapani","Boston Fleet","78","22","70","3","00:12:38","0","461","22","Wrist","Non quality on net"
"Susanna Tapani","Boston Fleet","78","59","83","2","00:09:25","0","97","107","Default","Quality on net"
"Susanna Tapani","Boston Fleet","78","59","83","3","00:09:11","0","114","196","Default","Quality on net"
"Susanna Tapani","Boston Fleet","78","6","4","1","00:12:21","0","482","150","Default","Quality on net"
"Susanna Tapani","Boston Fleet","78","6","4","2","00:04:23","0","461","94","Default","Quality on net"
"Susanna Tapani","Boston Fleet","78","6","4","2","00:15:09","0","561","123","Default","Non quality on net"
"Susanna Tapani","Boston Fleet","78","6","4","2","00:15:47","0","489","84","Default","Quality on net"
"Susanna Tapani","Boston Fleet","78","28","6","1","00:08:37","0","195","214","Slap","Non quality on net"
"Susanna Tapani","Boston Fleet","78","28","6","3","00:06:45","0","87","121","Tip","Quality on net"
"Susanna Tapani","Boston Fleet","78","64","8","2","00:14:05","0","68","145","Wrist","Quality on net"
"Susanna Tapani","Boston Fleet","78","64","8","2","00:16:22","0","144","70","Wrist","Non quality on net"
"Susanna Tapani","Boston Fleet","78","155","12","1","00:05:06","0","51","129","Wrist","Quality on net"
"Susanna Tapani","Boston Fleet","78","155","12","3","00:08:32","0","147","238","Wrist","Non quality on net"
"Susanna Tapani","Boston Fleet","78","155","12","3","00:18:42","0","48","166","Backhand","Quality on net"
"Susanna Tapani","Boston Fleet","78","59","15","2","00:03:21","1","431","53","Snap","Non quality goal"
"Susanna Tapani","Boston Fleet","78","59","15","4","00:01:57","1","506","250","Snap","Non quality goal"
"Susanna Tapani","Boston Fleet","78","19","23","2","00:03:01","0","483","95","Default","Quality on net"
"Susanna Tapani","Boston Fleet","78","19","23","3","00:05:52","0","528","131","Default","Quality on net"
"Susanna Tapani","Boston Fleet","78","41","24","3","00:06:47","0","559","184","Default","Non quality on net"
"Susanna Tapani","Boston Fleet","78","64","25","1","00:09:44","0","387","14","Default","Non quality on net"
"Susanna Tapani","Boston Fleet","78","64","25","1","00:15:43","0","491","185","Default","Quality on net"
"Susanna Tapani","Boston Fleet","78","64","29","1","00:04:47","0","106","104","Default","Quality on net"
"Susanna Tapani","Boston Fleet","78","64","29","1","00:19:05","0","153","190","Default","Non quality on net"
"Susanna Tapani","Boston Fleet","78","64","29","2","00:02:48","0","173","210","Default","Non quality on net"
"Susanna Tapani","Boston Fleet","78","155","32","4","00:00:49","0","122","194","Default","Quality on net"
"Susanna Tapani","Boston Fleet","78","59","34","1","00:16:02","0","133","134","Default","Quality on net"
"Susanna Tapani","Boston Fleet","78","59","34","2","00:00:45","1","200","234","Default","Non quality goal"
"Susanna Tapani","Boston Fleet","78","22","38","1","00:15:50","0","453","219","Slap","Non quality on net"
"Susanna Tapani","Boston Fleet","78","85","42","1","00:09:45","0","533","273","Backhand","Non quality on net"
"Susanna Tapani","Boston Fleet","78","85","42","2","00:13:58","0","426","229","Wrist","Non quality on net"
"Susanna Tapani","Boston Fleet","78","64","45","1","00:13:48","0","469","139","Default","Quality on net"
"Susanna Tapani","Boston Fleet","78","64","45","2","00:00:25","0","527","148","Default","Quality on net"
"Susanna Tapani","Boston Fleet","78","64","45","3","00:09:02","0","532","54","Default","Non quality on net"
"Susanna Tapani","Boston Fleet","78","64","45","3","00:09:28","0","488","178","Default","Quality on net"
"Susanna Tapani","Boston Fleet","78","64","45","3","00:15:57","0","498","136","Default","Quality on net"
"Susanna Tapani","Boston Fleet","78","41","48","1","00:16:09","0","117","164","Default","Quality on net"
"Susanna Tapani","Boston Fleet","78","41","48","2","00:06:37","0","86","124","Default","Quality on net"
"Susanna Tapani","Boston Fleet","78","41","48","2","00:09:33","0","65","176","Default","Quality on net"
"Susanna Tapani","Boston Fleet","78","41","48","3","00:07:50","0","55","125","Default","Quality on net"
"Susanna Tapani","Boston Fleet","78","41","48","4","00:00:35","0","82","260","Default","Non quality on net"
"Susanna Tapani","Boston Fleet","78","70","52","1","00:16:56","0","535","141","Default","Quality on net"
"Susanna Tapani","Boston Fleet","78","64","57","2","00:17:45","1","150","249","Default","Non quality goal"
"Susanna Tapani","Boston Fleet","78","64","57","3","00:11:47","0","111","188","Default","Quality on net"
"Susanna Tapani","Boston Fleet","78","28","64","2","00:14:32","0","108","195","Default","Quality on net"
"Susanna Tapani","Boston Fleet","78","28","64","3","00:00:54","0","175","52","Default","Non quality on net"
"Susanna Tapani","Boston Fleet","78","28","64","3","00:01:17","0","63","174","Default","Quality on net"
"Susanna Tapani","Boston Fleet","78","59","65","1","00:06:06","0","80","241","Wrist","Non quality on net"
"Susanna Tapani","Boston Fleet","78","59","65","1","00:19:41","0","146","55","Slap","Non quality on net"
"Susanna Tapani","Boston Fleet","78","59","65","2","00:15:36","0","50","271","Wrist","Non quality on net"
"Susanna Tapani","Boston Fleet","78","155","68","2","00:05:10","0","515","225","Default","Non quality on net"
"Susanna Tapani","Boston Fleet","78","155","68","3","00:05:53","0","502","216","Default","Quality on net"
"Susanna Tapani","Boston Fleet","78","155","68","3","00:06:14","0","479","196","Default","Quality on net"
"Susanna Tapani","Boston Fleet","78","59","69","4","00:03:28","0","534","151","Snap","Quality on net"
"Susanna Tapani","Boston Fleet","78","22","70","3","00:11:10","0","407","63","Wrist","Non quality on net"
"Susanna Tapani","Boston Fleet","78","22","70","3","00:12:38","0","461","22","Wrist","Non quality on net"
"Susanna Tapani","Boston Fleet","78","59","83","2","00:09:25","0","97","107","Default","Quality on net"
"Susanna Tapani","Boston Fleet","78","59","83","3","00:09:11","0","114","196","Default","Quality on net"
"Sammy Davis","Boston Fleet","107","28","62","3","00:02:21","0","92","99","Snap","Quality on net"
"Samantha Isbell","Boston Fleet","108","6","69","3","00:02:11","0","162","194","Default","Non quality on net"
"Gigi Marvin","Boston Fleet","109","28","11","4","00:02:16","0","51","156","Backhand","Quality on net"
"Gigi Marvin","Boston Fleet","109","155","16","1","00:07:42","0","140","135","Default","Quality on net"
"Gigi Marvin","Boston Fleet","109","155","16","1","00:11:51","0","132","227","Default","Non quality on net"
"Gigi Marvin","Boston Fleet","109","155","16","2","00:01:56","0","77","153","Default","Quality on net"
"Gigi Marvin","Boston Fleet","109","155","16","3","00:01:49","0","54","196","Default","Non quality on net"
"Gigi Marvin","Boston Fleet","109","85","27","3","00:04:39","0","134","99","Default","Quality on net"
"Gigi Marvin","Boston Fleet","109","64","29","2","00:07:57","0","64","211","Default","Non quality on net"
"Gigi Marvin","Boston Fleet","109","22","38","3","00:19:52","1","396","196","Wrist","Non quality goal"
"Gigi Marvin","Boston Fleet","109","85","42","1","00:11:29","0","548","122","Backhand","Quality on net"
"Gigi Marvin","Boston Fleet","109","41","48","1","00:10:08","0","71","123","Default","Quality on net"
"Gigi Marvin","Boston Fleet","109","41","48","1","00:19:29","0","146","217","Default","Non quality on net"
"Gigi Marvin","Boston Fleet","109","22","50","2","00:17:45","0","559","124","Tip","Non quality on net"
"Gigi Marvin","Boston Fleet","109","70","52","1","00:17:06","0","543","161","Default","Quality on net"
"Gigi Marvin","Boston Fleet","109","70","52","2","00:06:02","0","538","159","Default","Quality on net"
"Gigi Marvin","Boston Fleet","109","155","56","1","00:18:10","0","504","149","Tip","Quality on net"
"Gigi Marvin","Boston Fleet","109","28","64","2","00:09:34","0","105","88","Default","Quality on net"
"Gigi Marvin","Boston Fleet","109","28","64","2","00:17:14","0","39","100","Default","Non quality on net"
"Gigi Marvin","Boston Fleet","109","59","65","2","00:12:13","0","69","163","Backhand","Quality on net"
"Gigi Marvin","Boston Fleet","109","59","69","3","00:05:26","0","543","137","Snap","Quality on net"
"Gigi Marvin","Boston Fleet","109","59","69","3","00:10:00","0","239","264","Snap","Non quality on net"
"Gigi Marvin","Boston Fleet","109","59","83","1","00:16:48","0","87","175","Default","Quality on net"
"Amanda Pelkey","Boston Fleet","110","28","11","4","00:02:17","1","549","120","Default","Non quality goal"
"Amanda Pelkey","Boston Fleet","110","64","14","3","00:16:59","0","505","254","Default","Non quality on net"
"Amanda Pelkey","Boston Fleet","110","48","19","1","00:12:07","0","340","148","Snap","Non quality on net"
"Amanda Pelkey","Boston Fleet","110","59","19","2","00:07:43","0","480","23","Snap","Non quality on net"
"Amanda Pelkey","Boston Fleet","110","123","23","2","00:16:18","0","120","94","Default","Quality on net"
"Amanda Pelkey","Boston Fleet","110","85","27","1","00:06:41","0","143","201","Default","Quality on net"
"Amanda Pelkey","Boston Fleet","110","64","29","2","00:06:25","0","126","90","Default","Quality on net"
"Amanda Pelkey","Boston Fleet","110","59","34","2","00:09:35","0","88","165","Default","Quality on net"
"Amanda Pelkey","Boston Fleet","110","85","42","1","00:11:22","0","461","44","Backhand","Non quality on net"
"Amanda Pelkey","Boston Fleet","110","85","42","2","00:05:21","0","538","109","Wrist","Non quality on net"
"Amanda Pelkey","Boston Fleet","110","41","48","2","00:03:14","0","86","159","Default","Quality on net"
"Amanda Pelkey","Boston Fleet","110","41","48","3","00:09:11","0","107","111","Default","Quality on net"
"Amanda Pelkey","Boston Fleet","110","22","50","3","00:16:12","0","536","164","Wrist","Quality on net"
"Amanda Pelkey","Boston Fleet","110","70","52","1","00:04:04","0","396","57","Default","Non quality on net"
"Amanda Pelkey","Boston Fleet","110","59","65","3","00:16:12","0","60","111","Wrist","Non quality on net"
"Amanda Pelkey","Boston Fleet","110","155","68","2","00:03:37","0","454","132","Default","Non quality on net"
"Amanda Pelkey","Boston Fleet","110","59","69","2","00:06:06","0","475","151","Slap","Quality on net"
"Amanda Pelkey","Boston Fleet","110","22","70","3","00:09:39","0","499","56","Slap","Non quality on net"
"Amanda Pelkey","Boston Fleet","110","22","70","3","00:13:09","0","539","182","Wrist","Quality on net"
"Amanda Pelkey","Boston Fleet","110","59","83","1","00:16:35","0","57","209","Default","Non quality on net"
"Amanda Pelkey","Boston Fleet","110","28","11","4","00:02:17","1","549","120","Default","Non quality goal"
"Amanda Pelkey","Boston Fleet","110","64","14","3","00:16:59","0","505","254","Default","Non quality on net"
"Amanda Pelkey","Boston Fleet","110","48","19","1","00:12:07","0","340","148","Snap","Non quality on net"
"Amanda Pelkey","Boston Fleet","110","59","19","2","00:07:43","0","480","23","Snap","Non quality on net"
"Amanda Pelkey","Boston Fleet","110","123","23","2","00:16:18","0","120","94","Default","Quality on net"
"Amanda Pelkey","Boston Fleet","110","85","27","1","00:06:41","0","143","201","Default","Quality on net"
"Amanda Pelkey","Boston Fleet","110","64","29","2","00:06:25","0","126","90","Default","Quality on net"
"Amanda Pelkey","Boston Fleet","110","59","34","2","00:09:35","0","88","165","Default","Quality on net"
"Amanda Pelkey","Boston Fleet","110","85","42","1","00:11:22","0","461","44","Backhand","Non quality on net"
"Amanda Pelkey","Boston Fleet","110","85","42","2","00:05:21","0","538","109","Wrist","Non quality on net"
"Amanda Pelkey","Boston Fleet","110","41","48","2","00:03:14","0","86","159","Default","Quality on net"
"Amanda Pelkey","Boston Fleet","110","41","48","3","00:09:11","0","107","111","Default","Quality on net"
"Amanda Pelkey","Boston Fleet","110","22","50","3","00:16:12","0","536","164","Wrist","Quality on net"
"Amanda Pelkey","Boston Fleet","110","70","52","1","00:04:04","0","396","57","Default","Non quality on net"
"Amanda Pelkey","Boston Fleet","110","59","65","3","00:16:12","0","60","111","Wrist","Non quality on net"
"Amanda Pelkey","Boston Fleet","110","155","68","2","00:03:37","0","454","132","Default","Non quality on net"
"Amanda Pelkey","Boston Fleet","110","59","69","2","00:06:06","0","475","151","Slap","Quality on net"
"Amanda Pelkey","Boston Fleet","110","22","70","3","00:09:39","0","499","56","Slap","Non quality on net"
"Amanda Pelkey","Boston Fleet","110","22","70","3","00:13:09","0","539","182","Wrist","Quality on net"
"Amanda Pelkey","Boston Fleet","110","59","83","1","00:16:35","0","57","209","Default","Non quality on net"
"Taylor Wenczkowski","Boston Fleet","111","155","32","2","00:04:23","0","102","111","Default","Quality on net"
"Taylor Wenczkowski","Boston Fleet","111","64","57","1","00:06:56","0","112","100","Default","Quality on net"
"Abby Cook","Boston Fleet","117","64","8","2","00:10:29","0","437","65","Wrist","Non quality on net"
"Abby Cook","Boston Fleet","117","59","15","2","00:15:25","0","401","222","Snap","Non quality on net"
"Abby Cook","Boston Fleet","117","41","24","1","00:15:47","1","416","174","Default","Non quality goal"
"Abby Cook","Boston Fleet","117","64","25","2","00:10:27","0","461","183","Default","Quality on net"
"Abby Cook","Boston Fleet","117","59","34","2","00:08:09","0","141","87","Default","Quality on net"
"Abby Cook","Boston Fleet","117","22","38","2","00:14:53","0","214","121","Wrist","Non quality on net"
"Abby Cook","Boston Fleet","117","85","42","1","00:05:12","0","339","276","Wrist","Non quality on net"
"Abby Cook","Boston Fleet","117","59","83","2","00:02:55","0","195","34","Default","Non quality on net"
"Abby Cook","Boston Fleet","117","59","83","2","00:16:05","1","167","54","Default","Non quality goal"
"Abby Cook","Boston Fleet","117","59","83","3","00:17:20","0","201","254","Default","Non quality on net"
"Emma Greco","Boston Fleet","118","6","4","2","00:18:11","0","548","129","Default","Quality on net"
"Emma Greco","Boston Fleet","118","6","4","3","00:10:24","0","433","71","Default","Non quality on net"
"Emma Greco","Boston Fleet","118","28","6","1","00:11:44","0","141","213","Snap","Quality on net"
"Emma Greco","Boston Fleet","118","28","6","2","00:05:44","0","202","269","Wrist","Non quality on net"
"Emma Greco","Boston Fleet","118","64","8","2","00:01:40","0","94","163","Wrist","Quality on net"
"Emma Greco","Boston Fleet","118","85","20","2","00:08:57","0","87","224","Default","Non quality on net"
"Emma Greco","Boston Fleet","118","85","20","2","00:13:44","0","73","227","Wrist","Non quality on net"
"Emma Greco","Boston Fleet","118","41","24","1","00:19:11","0","127","254","Default","Non quality on net"
"Emma Greco","Boston Fleet","118","41","24","3","00:13:20","0","548","104","Default","Non quality on net"
"Emma Greco","Boston Fleet","118","59","28","2","00:04:50","0","61","153","Wrist","Quality on net"
"Emma Greco","Boston Fleet","118","59","31","1","00:10:30","0","428","65","Slap","Non quality on net"
"Emma Greco","Boston Fleet","118","59","31","3","00:01:49","0","419","52","Snap","Non quality on net"
"Emma Greco","Boston Fleet","118","59","31","3","00:10:26","0","432","54","Snap","Non quality on net"
"Emma Greco","Boston Fleet","118","85","33","3","00:12:25","0","393","136","Wrist","Non quality on net"
"Emma Greco","Boston Fleet","118","6","38","1","00:02:18","0","151","246","Wrist","Non quality on net"
"Emma Greco","Boston Fleet","118","6","38","1","00:10:09","0","163","253","Wrist","Non quality on net"
"Emma Greco","Boston Fleet","118","6","38","1","00:10:25","0","155","204","Wrist","Non quality on net"
"Emma Greco","Boston Fleet","118","64","40","2","00:15:21","0","389","86","Wrist","Non quality on net"
"Emma Greco","Boston Fleet","118","155","51","1","00:05:15","0","189","266","Wrist","Non quality on net"
"Emma Greco","Boston Fleet","118","85","55","1","00:07:08","0","239","285","Wrist","Non quality on net"
"Emma Greco","Boston Fleet","118","85","55","1","00:19:21","0","150","250","Wrist","Non quality on net"
"Emma Greco","Boston Fleet","118","85","58","2","00:08:20","0","328","12","Wrist","Non quality on net"
"Emma Greco","Boston Fleet","118","59","59","1","00:19:03","0","466","94","Default","Quality on net"
"Emma Greco","Boston Fleet","118","6","4","2","00:18:11","0","548","129","Default","Quality on net"
"Emma Greco","Boston Fleet","118","6","4","3","00:10:24","0","433","71","Default","Non quality on net"
"Emma Greco","Boston Fleet","118","28","6","1","00:11:44","0","141","213","Snap","Quality on net"
"Emma Greco","Boston Fleet","118","28","6","2","00:05:44","0","202","269","Wrist","Non quality on net"
"Emma Greco","Boston Fleet","118","64","8","2","00:01:40","0","94","163","Wrist","Quality on net"
"Emma Greco","Boston Fleet","118","85","20","2","00:08:57","0","87","224","Default","Non quality on net"
"Emma Greco","Boston Fleet","118","85","20","2","00:13:44","0","73","227","Wrist","Non quality on net"
"Emma Greco","Boston Fleet","118","41","24","1","00:19:11","0","127","254","Default","Non quality on net"
"Emma Greco","Boston Fleet","118","41","24","3","00:13:20","0","548","104","Default","Non quality on net"
"Emma Greco","Boston Fleet","118","59","28","2","00:04:50","0","61","153","Wrist","Quality on net"
"Emma Greco","Boston Fleet","118","59","31","1","00:10:30","0","428","65","Slap","Non quality on net"
"Emma Greco","Boston Fleet","118","59","31","3","00:01:49","0","419","52","Snap","Non quality on net"
"Emma Greco","Boston Fleet","118","59","31","3","00:10:26","0","432","54","Snap","Non quality on net"
"Emma Greco","Boston Fleet","118","85","33","3","00:12:25","0","393","136","Wrist","Non quality on net"
"Emma Greco","Boston Fleet","118","6","38","1","00:02:18","0","151","246","Wrist","Non quality on net"
"Emma Greco","Boston Fleet","118","6","38","1","00:10:09","0","163","253","Wrist","Non quality on net"
"Emma Greco","Boston Fleet","118","6","38","1","00:10:25","0","155","204","Wrist","Non quality on net"
"Emma Greco","Boston Fleet","118","64","40","2","00:15:21","0","389","86","Wrist","Non quality on net"
"Emma Greco","Boston Fleet","118","155","51","1","00:05:15","0","189","266","Wrist","Non quality on net"
"Emma Greco","Boston Fleet","118","85","55","1","00:07:08","0","239","285","Wrist","Non quality on net"
"Emma Greco","Boston Fleet","118","85","55","1","00:19:21","0","150","250","Wrist","Non quality on net"
"Emma Greco","Boston Fleet","118","85","58","2","00:08:20","0","328","12","Wrist","Non quality on net"
"Emma Greco","Boston Fleet","118","59","59","1","00:19:03","0","466","94","Default","Quality on net"
"Jill Saulnier","Boston Fleet","149","64","2","3","00:04:57","1","550","136","Default","Quality goal"
"Jill Saulnier","Boston Fleet","149","64","2","3","00:17:16","0","481","240","Default","Non quality on net"
"Jill Saulnier","Boston Fleet","149","64","5","2","00:18:50","0","108","121","Default","Quality on net"
"Jill Saulnier","Boston Fleet","149","6","32","2","00:13:04","0","417","201","Default","Non quality on net"
"Jill Saulnier","Boston Fleet","149","59","39","2","00:08:42","0","483","91","Snap","Quality on net"
"Jill Saulnier","Boston Fleet","149","123","43","2","00:01:09","0","96","154","Wrist","Quality on net"
"Jill Saulnier","Boston Fleet","149","28","46","3","00:06:44","0","138","277","Default","Non quality on net"
"Jill Saulnier","Boston Fleet","149","19","48","2","00:19:19","0","470","174","Default","Quality on net"
"Jill Saulnier","Boston Fleet","149","19","48","3","00:11:27","0","533","15","Default","Non quality on net"
"Jill Saulnier","Boston Fleet","149","123","51","2","00:02:24","0","486","22","Wrist","Non quality on net"
"Jill Saulnier","Boston Fleet","149","123","51","3","00:02:39","0","556","173","Wrist","Non quality on net"
"Jill Saulnier","Boston Fleet","149","123","51","3","00:06:54","0","438","87","Slap","Non quality on net"
"Jill Saulnier","Boston Fleet","149","59","53","1","00:18:19","0","153","67","Default","Non quality on net"
"Jill Saulnier","Boston Fleet","149","59","53","2","00:11:32","0","80","167","Default","Quality on net"
"Jill Saulnier","Boston Fleet","149","59","53","3","00:03:17","0","103","148","Default","Quality on net"
"Jill Saulnier","Boston Fleet","149","6","56","2","00:03:50","0","167","219","Wrist","Non quality on net"
"Jill Saulnier","Boston Fleet","149","6","56","3","00:01:48","0","27","122","Wrist","Non quality on net"
"Jill Saulnier","Boston Fleet","149","28","60","1","00:10:24","0","538","33","Wrist","Non quality on net"
"Jill Saulnier","Boston Fleet","149","64","61","1","00:08:01","0","134","250","Default","Non quality on net"
"Jill Saulnier","Boston Fleet","149","64","61","1","00:18:34","0","218","274","Default","Non quality on net"
"Jill Saulnier","Boston Fleet","149","64","61","2","00:17:23","0","48","138","Wrist","Quality on net"
"Jill Saulnier","Boston Fleet","149","6","68","1","00:17:36","0","81","125","Default","Quality on net"
"Jill Saulnier","Boston Fleet","149","6","68","3","00:15:06","0","39","191","Default","Non quality on net"
"Maude Poulin-Labelle","Boston Fleet","165","59","10","1","00:18:06","0","463","92","Default","Quality on net"
"Maude Poulin-Labelle","Boston Fleet","165","59","10","2","00:11:22","0","57","148","Default","Quality on net"
"Maude Poulin-Labelle","Boston Fleet","165","59","10","3","00:14:22","0","123","102","Default","Quality on net"
"Maude Poulin-Labelle","Boston Fleet","165","28","17","1","00:16:47","0","529","126","Wrist","Quality on net"
"Maude Poulin-Labelle","Boston Fleet","165","59","18","1","00:13:43","0","401","19","Default","Non quality on net"
"Sidney Morin","Boston Fleet","167","22","4","3","00:11:34","0","129","210","Default","Quality on net"
"Sidney Morin","Boston Fleet","167","22","4","3","00:11:57","0","188","184","Default","Non quality on net"
"Sidney Morin","Boston Fleet","167","22","4","3","00:19:44","0","117","259","Default","Non quality on net"
"Sidney Morin","Boston Fleet","167","28","11","1","00:08:19","0","461","198","Wrist","Quality on net"
"Sidney Morin","Boston Fleet","167","28","11","2","00:15:06","0","398","191","Wrist","Non quality on net"
"Sidney Morin","Boston Fleet","167","28","11","2","00:15:22","0","275","231","Wrist","Non quality on net"
"Sidney Morin","Boston Fleet","167","28","11","2","00:17:42","0","312","223","Wrist","Non quality on net"
"Sidney Morin","Boston Fleet","167","64","14","2","00:19:40","0","412","58","Default","Non quality on net"
"Sidney Morin","Boston Fleet","167","64","14","3","00:01:42","0","246","273","Default","Non quality on net"
"Sidney Morin","Boston Fleet","167","155","16","1","00:09:14","0","156","77","Default","Non quality on net"
"Sidney Morin","Boston Fleet","167","155","16","2","00:15:48","0","62","166","Default","Quality on net"
"Sidney Morin","Boston Fleet","167","155","16","3","00:01:13","0","182","56","Default","Non quality on net"
"Sidney Morin","Boston Fleet","167","48","19","1","00:05:44","0","490","213","Snap","Quality on net"
"Sidney Morin","Boston Fleet","167","48","19","1","00:12:10","0","410","251","Snap","Non quality on net"
"Sidney Morin","Boston Fleet","167","59","19","2","00:12:37","0","546","269","Snap","Non quality on net"
"Sidney Morin","Boston Fleet","167","59","19","2","00:19:20","0","402","48","Snap","Non quality on net"
"Sidney Morin","Boston Fleet","167","59","19","3","00:11:27","0","465","212","Snap","Quality on net"
"Sidney Morin","Boston Fleet","167","85","27","1","00:03:49","0","124","195","Default","Quality on net"
"Sidney Morin","Boston Fleet","167","85","27","1","00:15:19","0","161","119","Default","Non quality on net"
"Sidney Morin","Boston Fleet","167","85","27","2","00:07:04","0","112","65","Default","Non quality on net"
"Sidney Morin","Boston Fleet","167","85","27","2","00:15:03","0","141","58","Default","Non quality on net"
"Sidney Morin","Boston Fleet","167","85","27","3","00:08:37","0","182","165","Default","Non quality on net"
"Sidney Morin","Boston Fleet","167","64","29","1","00:17:36","0","186","69","Default","Non quality on net"
"Sidney Morin","Boston Fleet","167","64","29","3","00:02:27","0","199","45","Default","Non quality on net"
"Sidney Morin","Boston Fleet","167","155","32","1","00:10:05","0","192","121","Default","Non quality on net"
"Sidney Morin","Boston Fleet","167","155","32","3","00:08:32","0","171","92","Default","Non quality on net"
"Sidney Morin","Boston Fleet","167","59","34","1","00:05:39","0","93","45","Default","Non quality on net"
"Sidney Morin","Boston Fleet","167","59","34","3","00:06:07","0","183","129","Default","Non quality on net"
"Sidney Morin","Boston Fleet","167","22","38","1","00:14:57","0","470","253","Wrist","Non quality on net"
"Sidney Morin","Boston Fleet","167","22","38","1","00:15:27","0","397","162","Slap","Non quality on net"
"Sidney Morin","Boston Fleet","167","85","42","1","00:18:04","0","354","226","Wrist","Non quality on net"
"Sidney Morin","Boston Fleet","167","85","42","2","00:03:42","0","410","22","Wrist","Non quality on net"
"Sidney Morin","Boston Fleet","167","85","42","3","00:02:00","0","454","57","Wrist","Non quality on net"
"Sidney Morin","Boston Fleet","167","85","42","3","00:02:06","0","573","252","Wrist","Non quality on net"
"Sidney Morin","Boston Fleet","167","64","45","1","00:17:21","0","519","237","Default","Non quality on net"
"Sidney Morin","Boston Fleet","167","64","45","3","00:16:22","0","411","235","Default","Non quality on net"
"Sidney Morin","Boston Fleet","167","64","45","3","00:16:45","0","408","191","Default","Non quality on net"
"Sidney Morin","Boston Fleet","167","41","48","1","00:10:39","0","115","56","Default","Non quality on net"
"Sidney Morin","Boston Fleet","167","41","48","2","00:08:18","0","187","105","Default","Non quality on net"
"Sidney Morin","Boston Fleet","167","22","50","1","00:00:25","0","405","242","Wrist","Non quality on net"
"Sidney Morin","Boston Fleet","167","70","52","1","00:11:12","0","507","182","Default","Quality on net"
"Sidney Morin","Boston Fleet","167","70","52","1","00:11:21","1","489","109","Default","Quality goal"
"Sidney Morin","Boston Fleet","167","70","52","2","00:01:39","0","459","264","Default","Non quality on net"
"Sidney Morin","Boston Fleet","167","70","52","2","00:04:57","0","463","200","Default","Quality on net"
"Sidney Morin","Boston Fleet","167","70","52","3","00:07:41","0","417","205","Default","Non quality on net"
"Sidney Morin","Boston Fleet","167","155","56","1","00:18:08","0","452","129","Wrist","Non quality on net"
"Sidney Morin","Boston Fleet","167","155","56","1","00:18:45","0","520","179","Wrist","Quality on net"
"Sidney Morin","Boston Fleet","167","155","56","2","00:02:43","0","399","279","Wrist","Non quality on net"
"Sidney Morin","Boston Fleet","167","155","56","3","00:07:36","0","418","261","Wrist","Non quality on net"
"Sidney Morin","Boston Fleet","167","155","56","3","00:08:26","0","424","203","Wrist","Non quality on net"
"Sidney Morin","Boston Fleet","167","64","57","1","00:15:12","0","135","89","Default","Quality on net"
"Sidney Morin","Boston Fleet","167","64","57","2","00:17:42","0","105","153","Default","Quality on net"
"Sidney Morin","Boston Fleet","167","28","64","1","00:09:25","0","165","46","Default","Non quality on net"
"Sidney Morin","Boston Fleet","167","28","64","1","00:09:26","0","67","135","Default","Quality on net"
"Sidney Morin","Boston Fleet","167","28","64","1","00:16:10","0","133","223","Default","Quality on net"
"Sidney Morin","Boston Fleet","167","28","64","2","00:17:12","0","214","57","Default","Non quality on net"
"Sidney Morin","Boston Fleet","167","59","65","3","00:10:32","0","196","79","Slap","Non quality on net"
"Sidney Morin","Boston Fleet","167","59","65","3","00:17:57","0","211","87","Wrist","Non quality on net"
"Sidney Morin","Boston Fleet","167","155","68","2","00:18:04","0","563","119","Default","Non quality on net"
"Sidney Morin","Boston Fleet","167","59","69","3","00:09:11","0","351","151","Snap","Non quality on net"
"Sidney Morin","Boston Fleet","167","59","69","3","00:14:33","0","440","75","Default","Non quality on net"
"Sidney Morin","Boston Fleet","167","59","69","4","00:00:48","0","510","217","Snap","Quality on net"
"Sidney Morin","Boston Fleet","167","59","69","4","00:01:10","0","459","194","Snap","Quality on net"
"Sidney Morin","Boston Fleet","167","22","70","3","00:14:29","0","440","270","Wrist","Non quality on net"
"Sidney Morin","Boston Fleet","167","22","70","3","00:16:12","0","387","230","Wrist","Non quality on net"
"Sidney Morin","Boston Fleet","167","22","70","3","00:19:22","0","548","244","Wrist","Non quality on net"
"Sidney Morin","Boston Fleet","167","59","83","1","00:04:12","0","122","101","Default","Quality on net"
"Sidney Morin","Boston Fleet","167","59","83","1","00:09:11","0","205","231","Default","Non quality on net"
"Sidney Morin","Boston Fleet","167","59","83","2","00:19:11","0","193","177","Default","Non quality on net"
"Sidney Morin","Boston Fleet","167","22","4","3","00:11:34","0","129","210","Default","Quality on net"
"Sidney Morin","Boston Fleet","167","22","4","3","00:11:57","0","188","184","Default","Non quality on net"
"Sidney Morin","Boston Fleet","167","22","4","3","00:19:44","0","117","259","Default","Non quality on net"
"Sidney Morin","Boston Fleet","167","28","11","1","00:08:19","0","461","198","Wrist","Quality on net"
"Sidney Morin","Boston Fleet","167","28","11","2","00:15:06","0","398","191","Wrist","Non quality on net"
"Sidney Morin","Boston Fleet","167","28","11","2","00:15:22","0","275","231","Wrist","Non quality on net"
"Sidney Morin","Boston Fleet","167","28","11","2","00:17:42","0","312","223","Wrist","Non quality on net"
"Sidney Morin","Boston Fleet","167","64","14","2","00:19:40","0","412","58","Default","Non quality on net"
"Sidney Morin","Boston Fleet","167","64","14","3","00:01:42","0","246","273","Default","Non quality on net"
"Sidney Morin","Boston Fleet","167","155","16","1","00:09:14","0","156","77","Default","Non quality on net"
"Sidney Morin","Boston Fleet","167","155","16","2","00:15:48","0","62","166","Default","Quality on net"
"Sidney Morin","Boston Fleet","167","155","16","3","00:01:13","0","182","56","Default","Non quality on net"
"Sidney Morin","Boston Fleet","167","48","19","1","00:05:44","0","490","213","Snap","Quality on net"
"Sidney Morin","Boston Fleet","167","48","19","1","00:12:10","0","410","251","Snap","Non quality on net"
"Sidney Morin","Boston Fleet","167","59","19","2","00:12:37","0","546","269","Snap","Non quality on net"
"Sidney Morin","Boston Fleet","167","59","19","2","00:19:20","0","402","48","Snap","Non quality on net"
"Sidney Morin","Boston Fleet","167","59","19","3","00:11:27","0","465","212","Snap","Quality on net"
"Sidney Morin","Boston Fleet","167","85","27","1","00:03:49","0","124","195","Default","Quality on net"
"Sidney Morin","Boston Fleet","167","85","27","1","00:15:19","0","161","119","Default","Non quality on net"
"Sidney Morin","Boston Fleet","167","85","27","2","00:07:04","0","112","65","Default","Non quality on net"
"Sidney Morin","Boston Fleet","167","85","27","2","00:15:03","0","141","58","Default","Non quality on net"
"Sidney Morin","Boston Fleet","167","85","27","3","00:08:37","0","182","165","Default","Non quality on net"
"Sidney Morin","Boston Fleet","167","64","29","1","00:17:36","0","186","69","Default","Non quality on net"
"Sidney Morin","Boston Fleet","167","64","29","3","00:02:27","0","199","45","Default","Non quality on net"
"Sidney Morin","Boston Fleet","167","155","32","1","00:10:05","0","192","121","Default","Non quality on net"
"Sidney Morin","Boston Fleet","167","155","32","3","00:08:32","0","171","92","Default","Non quality on net"
"Sidney Morin","Boston Fleet","167","59","34","1","00:05:39","0","93","45","Default","Non quality on net"
"Sidney Morin","Boston Fleet","167","59","34","3","00:06:07","0","183","129","Default","Non quality on net"
"Sidney Morin","Boston Fleet","167","22","38","1","00:14:57","0","470","253","Wrist","Non quality on net"
"Sidney Morin","Boston Fleet","167","22","38","1","00:15:27","0","397","162","Slap","Non quality on net"
"Sidney Morin","Boston Fleet","167","85","42","1","00:18:04","0","354","226","Wrist","Non quality on net"
"Sidney Morin","Boston Fleet","167","85","42","2","00:03:42","0","410","22","Wrist","Non quality on net"
"Sidney Morin","Boston Fleet","167","85","42","3","00:02:00","0","454","57","Wrist","Non quality on net"
"Sidney Morin","Boston Fleet","167","85","42","3","00:02:06","0","573","252","Wrist","Non quality on net"
"Sidney Morin","Boston Fleet","167","64","45","1","00:17:21","0","519","237","Default","Non quality on net"
"Sidney Morin","Boston Fleet","167","64","45","3","00:16:22","0","411","235","Default","Non quality on net"
"Sidney Morin","Boston Fleet","167","64","45","3","00:16:45","0","408","191","Default","Non quality on net"
"Sidney Morin","Boston Fleet","167","41","48","1","00:10:39","0","115","56","Default","Non quality on net"
"Sidney Morin","Boston Fleet","167","41","48","2","00:08:18","0","187","105","Default","Non quality on net"
"Sidney Morin","Boston Fleet","167","22","50","1","00:00:25","0","405","242","Wrist","Non quality on net"
"Sidney Morin","Boston Fleet","167","70","52","1","00:11:12","0","507","182","Default","Quality on net"
"Sidney Morin","Boston Fleet","167","70","52","1","00:11:21","1","489","109","Default","Quality goal"
"Sidney Morin","Boston Fleet","167","70","52","2","00:01:39","0","459","264","Default","Non quality on net"
"Sidney Morin","Boston Fleet","167","70","52","2","00:04:57","0","463","200","Default","Quality on net"
"Sidney Morin","Boston Fleet","167","70","52","3","00:07:41","0","417","205","Default","Non quality on net"
"Sidney Morin","Boston Fleet","167","155","56","1","00:18:08","0","452","129","Wrist","Non quality on net"
"Sidney Morin","Boston Fleet","167","155","56","1","00:18:45","0","520","179","Wrist","Quality on net"
"Sidney Morin","Boston Fleet","167","155","56","2","00:02:43","0","399","279","Wrist","Non quality on net"
"Sidney Morin","Boston Fleet","167","155","56","3","00:07:36","0","418","261","Wrist","Non quality on net"
"Sidney Morin","Boston Fleet","167","155","56","3","00:08:26","0","424","203","Wrist","Non quality on net"
"Sidney Morin","Boston Fleet","167","64","57","1","00:15:12","0","135","89","Default","Quality on net"
"Sidney Morin","Boston Fleet","167","64","57","2","00:17:42","0","105","153","Default","Quality on net"
"Sidney Morin","Boston Fleet","167","28","64","1","00:09:25","0","165","46","Default","Non quality on net"
"Sidney Morin","Boston Fleet","167","28","64","1","00:09:26","0","67","135","Default","Quality on net"
"Sidney Morin","Boston Fleet","167","28","64","1","00:16:10","0","133","223","Default","Quality on net"
"Sidney Morin","Boston Fleet","167","28","64","2","00:17:12","0","214","57","Default","Non quality on net"
"Sidney Morin","Boston Fleet","167","59","65","3","00:10:32","0","196","79","Slap","Non quality on net"
"Sidney Morin","Boston Fleet","167","59","65","3","00:17:57","0","211","87","Wrist","Non quality on net"
"Sidney Morin","Boston Fleet","167","155","68","2","00:18:04","0","563","119","Default","Non quality on net"
"Sidney Morin","Boston Fleet","167","59","69","3","00:09:11","0","351","151","Snap","Non quality on net"
"Sidney Morin","Boston Fleet","167","59","69","3","00:14:33","0","440","75","Default","Non quality on net"
"Sidney Morin","Boston Fleet","167","59","69","4","00:00:48","0","510","217","Snap","Quality on net"
"Sidney Morin","Boston Fleet","167","59","69","4","00:01:10","0","459","194","Snap","Quality on net"
"Sidney Morin","Boston Fleet","167","22","70","3","00:14:29","0","440","270","Wrist","Non quality on net"
"Sidney Morin","Boston Fleet","167","22","70","3","00:16:12","0","387","230","Wrist","Non quality on net"
"Sidney Morin","Boston Fleet","167","22","70","3","00:19:22","0","548","244","Wrist","Non quality on net"
"Sidney Morin","Boston Fleet","167","59","83","1","00:04:12","0","122","101","Default","Quality on net"
"Sidney Morin","Boston Fleet","167","59","83","1","00:09:11","0","205","231","Default","Non quality on net"
"Sidney Morin","Boston Fleet","167","59","83","2","00:19:11","0","193","177","Default","Non quality on net"
"Kelly Babstock","Boston Fleet","175","28","64","2","00:00:34","0","47","112","Default","Non quality on net"
"Kelly Babstock","Boston Fleet","175","28","64","2","00:00:34","0","47","112","Default","Non quality on net"
