"shooter_id","blocker_id","goalie_id","game_id","period","time","x_location","y_location","quality","type","id"
"189","83","28","156","1","00:00:09","451","99","Non quality blocked","Wrist","1"
"67","203","85","138","1","00:00:11","401","278","Non quality blocked","Wrist","2"
"61","83","28","106","1","00:00:12","462","70","Non quality blocked","Wrist","4"
"253","76","211","227","1","00:00:12","406","48","Non quality blocked","Wrist","5"
"188","52","6","225","1","00:00:15","411","60","Non quality blocked","Default","6"
"11","31","85","33","1","00:00:18","406","234","Non quality blocked","Slap","7"
"50","223","222","226","1","00:00:19","201","73","Non quality blocked","Wrist","8"
"285","12","6","228","1","00:00:19","534","45","Non quality blocked","Snap","9"
"32","12","6","89","1","00:00:20","481","189","Quality blocked","Default","10"
"32","189","123","156","1","00:00:20","139","219","Quality blocked","Slap","11"
"88","67","211","140","1","00:00:21","400","61","Non quality blocked","Default","12"
"180","57","59","151","1","00:00:21","501","86","Quality blocked","Default","13"
"24","12","19","134","1","00:00:23","186","236","Non quality blocked","Wrist","14"
"32","87","155","110","1","00:00:28","151","207","Non quality blocked","Wrist","16"
"196","20","22","131","1","00:00:29","207","224","Non quality blocked","Wrist","17"
"192","30","85","149","1","00:00:29","456","93","Quality blocked","Wrist","18"
"56","31","85","138","1","00:00:31","405","52","Non quality blocked","Wrist","19"
"53","229","155","120","1","00:00:32","471","222","Quality blocked","Default","21"
"208","183","41","234","1","00:04:07","183","261","Non quality blocked","Wrist","22"
"24","47","155","124","1","00:00:32","202","220","Non quality blocked","Wrist","23"
"196","255","41","234","1","00:00:32","131","171","Quality blocked","Wrist","24"
"50","129","22","191","1","00:00:34","112","122","Quality blocked","Wrist","25"
"195","241","222","244","1","00:00:35","402","204","Non quality blocked","Default","26"
"24","47","154","73","1","00:00:36","417","50","Non quality blocked","Wrist","27"
"53","5","6","162","1","00:00:38","115","184","Quality blocked","Default","28"
"196","56","64","158","1","00:00:40","517","129","Quality blocked","Default","29"
"129","50","59","28","1","00:00:42","120","165","Quality blocked","Wrist","30"
"138","65","64","138","1","00:00:42","181","96","Non quality blocked","Wrist","31"
"125","114","22","84","1","00:04:08","202","160","Non quality blocked","Default","32"
"89","12","6","133","1","00:00:44","438","158","Non quality blocked","Default","33"
"56","31","28","238","1","00:00:45","417","57","Non quality blocked","Wrist","34"
"52","51","28","199","1","00:04:08","415","235","Non quality blocked","Wrist","35"
"83","76","64","174","1","00:00:48","391","267","Non quality blocked","Default","36"
"115","84","85","168","1","00:00:49","147","129","Non quality blocked","Default","37"
"32","5","6","85","1","00:04:10","115","196","Quality blocked","Snap","38"
"104","47","155","43","1","00:00:51","167","135","Non quality blocked","Default","39"
"98","167","186","190","1","00:00:51","136","90","Non quality blocked","Wrist","40"
"203","219","222","197","1","00:00:51","143","249","Non quality blocked","Wrist","42"
"40","162","22","256","1","00:04:11","159","96","Non quality blocked","Wrist","43"
"76","20","123","153","1","00:04:12","398","147","Non quality blocked","Default","44"
"24","65","85","241","1","00:00:51","188","201","Non quality blocked","Wrist","45"
"253","102","123","247","1","00:04:13","197","281","Non quality blocked","Wrist","46"
"161","67","85","263","1","00:00:52","177","137","Non quality blocked","Wrist","47"
"161","167","6","42","1","00:00:54","127","223","Quality blocked","Wrist","48"
"201","53","222","103","1","00:00:54","84","123","Quality blocked","Wrist","49"
"160","167","6","42","1","00:04:15","39","213","Non quality blocked","Wrist","50"
"128","142","59","72","1","00:01:37","117","216","Quality blocked","Default","52"
"31","47","155","170","1","00:04:15","123","151","Quality blocked","Snap","53"
"11","63","64","153","1","00:00:57","79","136","Quality blocked","Wrist","54"
"52","100","64","41","1","00:00:58","209","223","Non quality blocked","Snap","55"
"21","60","222","208","1","00:04:15","112","236","Non quality blocked","Default","56"
"224","232","64","108","1","00:04:16","89","75","Non quality blocked","Default","57"
"229","52","6","228","1","00:00:59","201","111","Non quality blocked","Snap","58"
"83","246","6","213","1","00:04:16","397","182","Non quality blocked","Default","59"
"62","65","64","108","1","00:01:01","183","276","Non quality blocked","Default","60"
"79","66","211","100","1","00:01:37","139","71","Non quality blocked","Default","61"
"60","90","123","44","1","00:04:17","411","104","Non quality blocked","Default","62"
"169","223","222","191","1","00:01:01","475","80","Quality blocked","Wrist","63"
"204","232","64","150","1","00:01:37","105","92","Quality blocked","Wrist","64"
"161","11","123","208","1","00:01:02","489","189","Quality blocked","Backhand","65"
"78","51","59","65","1","00:01:03","121","156","Quality blocked","Slap","66"
"203","25","123","149","1","00:01:03","194","270","Non quality blocked","Wrist","68"
"24","203","85","175","1","00:01:03","209","203","Non quality blocked","Wrist","69"
"84","72","59","106","1","00:01:40","213","168","Non quality blocked","Wrist","70"
"221","99","28","176","1","00:01:40","391","35","Non quality blocked","Wrist","71"
"196","16","6","259","1","00:01:40","202","54","Non quality blocked","Wrist","72"
"100","60","59","72","1","00:01:04","132","162","Quality blocked","Default","73"
"98","50","59","106","1","00:01:42","144","237","Non quality blocked","Wrist","74"
"79","230","155","183","1","00:04:18","396","268","Non quality blocked","Snap","75"
"162","76","64","67","1","00:01:43","201","184","Non quality blocked","Wrist","76"
"138","231","155","146","1","00:01:43","141","111","Quality blocked","Wrist","77"
"62","149","41","234","1","00:04:18","201","75","Non quality blocked","Wrist","78"
"219","31","28","200","1","00:01:05","193","115","Non quality blocked","Wrist","80"
"167","74","211","210","1","00:01:05","213","24","Non quality blocked","Wrist","81"
"68","201","85","138","1","00:01:44","404","193","Non quality blocked","Wrist","82"
"208","129","123","142","1","00:01:46","214","176","Non quality blocked","Default","83"
"198","4","222","200","1","00:01:46","507","73","Non quality blocked","Default","84"
"114","68","64","92","1","00:04:21","405","113","Non quality blocked","Default","86"
"74","31","85","166","1","00:01:06","438","66","Non quality blocked","Wrist","87"
"97","4","222","208","1","00:04:24","103","179","Quality blocked","Wrist","88"
"183","38","222","237","1","00:04:24","526","242","Non quality blocked","Default","89"
"23","61","64","203","1","00:01:07","82","162","Quality blocked","Default","90"
"65","245","228","232","1","00:01:08","440","223","Non quality blocked","Wrist","91"
"11","15","6","96","1","00:04:25","201","73","Non quality blocked","Wrist","92"
"2","68","211","245","1","00:01:08","423","69","Non quality blocked","Snap","93"
"161","89","64","66","1","00:01:09","144","178","Non quality blocked","Default","94"
"73","67","123","88","1","00:01:48","111","159","Quality blocked","Default","95"
"91","249","228","221","1","00:04:26","156","94","Non quality blocked","Default","96"
"99","65","64","47","1","00:01:49","404","69","Non quality blocked","Default","97"
"232","125","59","140","1","00:01:09","177","70","Non quality blocked","Default","98"
"86","183","6","145","1","00:01:50","166","171","Non quality blocked","Default","99"
"98","87","155","146","1","00:04:28","157","87","Non quality blocked","Wrist","100"
"11","230","155","183","1","00:01:09","391","259","Non quality blocked","Default","101"
"200","45","228","248","1","00:01:50","173","67","Non quality blocked","Slap","102"
"98","47","155","170","1","00:04:29","153","66","Non quality blocked","Wrist","103"
"11","239","222","226","1","00:01:51","201","147","Non quality blocked","Default","104"
"79","219","222","207","1","00:01:53","441","48","Non quality blocked","Default","105"
"157","5","186","190","1","00:04:29","93","290","Non quality blocked","Wrist","106"
"203","21","22","216","1","00:01:09","135","151","Quality blocked","Default","107"
"32","26","211","267","1","00:04:30","189","264","Non quality blocked","Wrist","108"
"71","189","22","191","1","00:01:57","187","237","Non quality blocked","Wrist","109"
"24","51","28","247","1","00:01:09","429","76","Non quality blocked","Wrist","110"
"2","21","22","50","1","00:01:58","457","157","Quality blocked","Wrist","111"
"84","51","59","49","1","00:06:23","198","284","Non quality blocked","Wrist","112"
"24","68","64","159","1","00:04:31","407","78","Non quality blocked","Default","113"
"118","9","19","70","1","00:01:59","115","224","Quality blocked","Default","114"
"35","38","222","264","1","00:04:31","71","213","Non quality blocked","Wrist","115"
"21","1","6","109","1","00:01:59","510","78","Non quality blocked","Wrist","117"
"24","86","64","111","1","00:04:32","399","117","Non quality blocked","Default","118"
"51","16","6","64","1","00:02:00","399","226","Non quality blocked","Default","119"
"35","78","6","148","1","00:02:00","179","263","Non quality blocked","Slap","120"
"90","44","155","186","1","00:04:33","135","93","Quality blocked","Default","122"
"21","75","211","136","1","00:01:12","207","176","Non quality blocked","Slap","125"
"88","73","64","54","1","00:04:34","166","95","Non quality blocked","Snap","126"
"125","99","28","176","1","00:01:12","461","225","Quality blocked","Wrist","127"
"101","84","28","176","1","00:04:34","438","140","Non quality blocked","Wrist","128"
"89","1","19","52","1","00:01:13","188","212","Non quality blocked","Default","129"
"21","83","28","131","1","00:01:13","418","209","Non quality blocked","Wrist","130"
"24","76","211","210","1","00:04:34","198","251","Non quality blocked","Default","131"
"125","99","28","137","1","00:01:13","508","151","Quality blocked","Wrist","132"
"104","214","211","100","1","00:06:24","154","97","Non quality blocked","Default","133"
"167","223","222","171","1","00:01:13","186","55","Non quality blocked","Default","135"
"115","67","64","111","1","00:01:14","536","117","Quality blocked","Default","137"
"32","101","222","199","1","00:06:24","187","157","Non quality blocked","Slap","138"
"246","285","228","228","1","00:04:35","400","226","Non quality blocked","Wrist","140"
"49","118","59","211","1","00:06:25","498","79","Quality blocked","Wrist","141"
"208","102","123","136","1","00:04:36","388","55","Non quality blocked","Wrist","142"
"51","34","155","170","1","00:01:14","183","99","Non quality blocked","Wrist","143"
"162","75","64","30","1","00:06:29","446","184","Non quality blocked","Wrist","144"
"5","98","85","42","1","00:02:01","389","20","Non quality blocked","Wrist","145"
"98","129","123","156","1","00:04:36","55","178","Quality blocked","Default","146"
"32","25","123","33","1","00:01:15","179","189","Non quality blocked","Wrist","147"
"45","110","19","48","1","00:06:29","390","58","Non quality blocked","Default","148"
"76","129","123","111","1","00:02:01","86","215","Non quality blocked","Default","149"
"138","212","6","259","1","00:06:30","129","86","Quality blocked","Default","151"
"84","36","41","35","1","00:01:16","404","74","Non quality blocked","Default","152"
"10","164","28","64","1","00:04:39","191","40","Non quality blocked","Default","153"
"51","44","155","170","1","00:01:20","172","146","Non quality blocked","Wrist","158"
"51","2","6","64","1","00:02:05","553","262","Non quality blocked","Default","159"
"198","83","28","253","1","00:01:21","442","95","Non quality blocked","Wrist","160"
"196","13","19","121","1","00:04:40","166","249","Non quality blocked","Wrist","162"
"27","150","155","46","1","00:01:22","451","248","Non quality blocked","Default","163"
"131","162","85","47","1","00:02:06","190","74","Non quality blocked","Default","164"
"169","15","6","246","1","00:06:32","423","122","Non quality blocked","Slap","165"
"98","217","222","103","1","00:02:06","199","44","Non quality blocked","Snap","166"
"138","9","155","170","1","00:02:06","110","229","Non quality blocked","Wrist","167"
"51","73","211","224","1","00:01:22","203","177","Non quality blocked","Wrist","169"
"203","97","6","259","1","00:06:32","141","53","Non quality blocked","Wrist","170"
"73","103","22","40","1","00:02:07","495","99","Quality blocked","Snap","171"
"84","65","64","174","1","00:02:07","399","69","Non quality blocked","Snap","172"
"209","32","28","154","1","00:06:33","453","162","Non quality blocked","Wrist","173"
"163","76","64","67","1","00:01:23","205","41","Non quality blocked","Wrist","174"
"88","83","28","264","1","00:02:07","506","95","Quality blocked","Wrist","175"
"98","44","155","170","1","00:01:23","117","86","Non quality blocked","Wrist","176"
"150","97","22","73","1","00:02:08","107","68","Non quality blocked","Wrist","177"
"84","88","222","200","1","00:06:33","440","81","Non quality blocked","Default","178"
"208","192","22","195","1","00:01:26","178","72","Non quality blocked","Default","179"
"167","30","28","121","1","00:02:09","410","260","Non quality blocked","Wrist","180"
"39","200","85","238","1","00:04:43","134","92","Quality blocked","Wrist","181"
"44","91","155","261","1","00:02:09","387","79","Non quality blocked","Wrist","182"
"72","24","123","208","1","00:02:10","479","100","Quality blocked","Wrist","184"
"12","66","211","255","1","00:06:34","166","257","Non quality blocked","Default","185"
"18","150","155","68","1","00:04:44","409","132","Non quality blocked","Default","186"
"40","200","64","164","1","00:02:15","429","255","Non quality blocked","Wrist","187"
"104","5","19","134","1","00:01:28","87","160","Quality blocked","Wrist","188"
"236","207","228","265","1","00:02:15","185","63","Non quality blocked","Wrist","189"
"181","71","222","268","1","00:06:34","419","88","Non quality blocked","Default","190"
"219","138","155","268","1","00:02:16","207","161","Non quality blocked","Default","191"
"68","79","123","203","1","00:04:44","437","258","Non quality blocked","Default","192"
"53","203","28","199","1","00:02:18","459","177","Quality blocked","Wrist","193"
"12","58","222","185","1","00:01:30","406","245","Non quality blocked","Default","195"
"227","84","28","141","1","00:01:31","137","27","Non quality blocked","Default","196"
"167","50","59","101","1","00:02:20","415","39","Non quality blocked","Wrist","197"
"66","210","22","204","1","00:02:21","491","144","Quality blocked","Wrist","198"
"275","183","6","213","1","00:02:21","428","118","Non quality blocked","Default","200"
"87","66","85","248","1","00:02:22","396","211","Non quality blocked","Snap","201"
"17","50","222","127","1","00:01:33","556","221","Non quality blocked","Default","203"
"114","208","64","154","1","00:04:46","47","96","Non quality blocked","Backhand","205"
"195","51","28","156","1","00:01:34","530","153","Quality blocked","Wrist","206"
"167","27","28","64","1","00:04:47","118","225","Quality blocked","Default","207"
"14","163","28","85","1","00:04:47","498","199","Quality blocked","Wrist","208"
"63","11","123","142","1","00:06:37","69","96","Non quality blocked","Default","210"
"100","129","123","142","1","00:04:47","156","147","Non quality blocked","Default","211"
"188","39","28","119","1","00:06:38","125","117","Quality blocked","Wrist","212"
"74","158","28","30","1","00:02:25","141","129","Quality blocked","Default","213"
"44","203","28","141","1","00:02:26","170","261","Non quality blocked","Default","215"
"51","168","28","49","1","00:01:35","482","289","Non quality blocked","Wrist","216"
"223","189","123","181","1","00:01:35","486","159","Quality blocked","Snap","218"
"4","83","28","137","1","00:01:36","522","125","Quality blocked","Wrist","219"
"65","128","85","158","1","00:06:40","153","173","Non quality blocked","Default","220"
"68","201","85","138","1","00:01:36","420","265","Non quality blocked","Wrist","221"
"71","114","28","197","1","00:06:40","411","17","Non quality blocked","Wrist","222"
"245","253","48","243","1","00:06:40","159","110","Non quality blocked","Slap","223"
"236","87","228","256","1","00:06:40","394","138","Non quality blocked","Default","224"
"167","79","22","95","1","00:04:48","185","69","Non quality blocked","Default","225"
"98","79","123","33","1","00:06:41","146","244","Non quality blocked","Wrist","226"
"103","71","64","90","1","00:06:41","151","134","Non quality blocked","Default","227"
"204","131","64","104","1","00:04:49","408","121","Non quality blocked","Default","228"
"72","118","123","63","1","00:08:49","122","97","Quality blocked","Default","230"
"110","33","155","139","1","00:06:42","167","237","Non quality blocked","Wrist","231"
"219","102","123","244","1","00:08:50","175","255","Non quality blocked","Default","232"
"49","60","222","171","1","00:06:44","186","203","Non quality blocked","Wrist","233"
"87","2","6","56","1","00:08:51","141","129","Quality blocked","Slap","234"
"13","74","64","45","1","00:06:45","414","262","Non quality blocked","Default","235"
"61","84","28","62","1","00:08:51","162","226","Non quality blocked","Default","236"
"72","236","22","233","1","00:08:51","447","28","Non quality blocked","Default","237"
"100","23","123","86","1","00:06:45","154","231","Non quality blocked","Default","238"
"62","138","28","197","1","00:04:49","392","170","Non quality blocked","Wrist","239"
"13","52","6","259","1","00:06:45","63","159","Quality blocked","Default","240"
"23","67","64","92","1","00:04:51","525","216","Non quality blocked","Default","241"
"83","65","64","166","1","00:08:52","201","212","Non quality blocked","Wrist","242"
"138","125","222","200","1","00:04:51","508","105","Quality blocked","Default","243"
"68","24","123","63","1","00:06:46","196","108","Non quality blocked","Default","244"
"74","249","228","232","1","00:08:54","481","40","Non quality blocked","Snap","245"
"65","50","59","41","1","00:04:52","507","74","Non quality blocked","Snap","248"
"87","75","64","114","1","00:08:56","62","170","Quality blocked","Wrist","249"
"114","129","123","156","1","00:06:47","158","141","Non quality blocked","Wrist","250"
"2","90","22","216","1","00:04:52","182","190","Non quality blocked","Wrist","251"
"13","83","28","163","1","00:06:47","141","249","Non quality blocked","Slap","252"
"71","11","123","92","1","00:04:54","183","220","Non quality blocked","Default","253"
"11","219","222","206","1","00:04:54","433","206","Non quality blocked","Default","254"
"34","167","22","216","1","00:08:56","131","182","Quality blocked","Wrist","256"
"198","189","123","149","1","00:04:55","219","127","Non quality blocked","Slap","259"
"50","138","28","106","1","00:08:57","408","251","Non quality blocked","Wrist","260"
"31","169","59","253","1","00:06:48","170","147","Non quality blocked","Wrist","261"
"13","87","228","179","1","00:04:57","467","71","Non quality blocked","Wrist","262"
"169","200","28","131","1","00:06:49","399","242","Non quality blocked","Slap","263"
"115","87","155","186","1","00:08:57","102","228","Non quality blocked","Wrist","264"
"73","191","123","203","1","00:04:57","442","149","Non quality blocked","Default","265"
"230","223","59","120","1","00:08:58","211","43","Non quality blocked","Default","266"
"42","114","28","141","1","00:06:49","75","173","Quality blocked","Wrist","267"
"84","36","228","141","1","00:08:59","398","141","Non quality blocked","Default","268"
"118","49","6","98","1","00:04:58","399","155","Non quality blocked","Default","269"
"57","84","28","199","1","00:06:49","540","109","Non quality blocked","Backhand","270"
"26","2","6","85","1","00:09:00","42","127","Non quality blocked","Backhand","271"
"18","60","59","69","1","00:09:01","488","205","Quality blocked","Snap","272"
"34","115","123","186","1","00:06:51","437","42","Non quality blocked","Default","273"
"210","229","155","177","1","00:04:59","147","81","Non quality blocked","Default","274"
"79","39","154","73","1","00:09:02","397","261","Non quality blocked","Wrist","276"
"188","209","59","239","1","00:06:51","419","130","Non quality blocked","Default","277"
"115","181","155","211","1","00:04:59","218","74","Non quality blocked","Snap","278"
"68","161","28","66","1","00:06:52","417","36","Non quality blocked","Default","279"
"255","2","155","259","1","00:04:59","399","268","Non quality blocked","Default","280"
"65","138","85","116","1","00:09:03","122","66","Non quality blocked","Default","281"
"52","99","28","137","1","00:06:52","387","100","Non quality blocked","Wrist","282"
"67","49","6","105","1","00:09:06","184","121","Non quality blocked","Default","283"
"118","60","228","217","1","00:06:52","405","38","Non quality blocked","Default","284"
"236","223","222","219","1","00:06:53","414","45","Non quality blocked","Default","285"
"53","169","123","132","1","00:05:01","525","264","Non quality blocked","Backhand","286"
"24","35","155","183","1","00:09:06","384","33","Non quality blocked","Snap","287"
"223","56","211","235","1","00:06:54","388","82","Non quality blocked","Default","288"
"37","40","222","165","1","00:05:01","504","100","Quality blocked","Default","289"
"21","183","19","147","1","00:06:55","440","155","Non quality blocked","Default","291"
"185","190","123","225","1","00:09:08","153","165","Non quality blocked","Snap","292"
"90","256","6","230","1","00:09:09","164","105","Non quality blocked","Wrist","294"
"125","51","28","201","1","00:06:55","123","234","Non quality blocked","Wrist","295"
"12","152","155","32","1","00:09:10","182","182","Non quality blocked","Default","296"
"219","190","123","209","1","00:05:03","409","130","Non quality blocked","Default","297"
"84","12","6","182","1","00:09:10","433","61","Non quality blocked","Wrist","298"
"87","74","64","61","1","00:09:11","177","264","Non quality blocked","Default","299"
"57","34","155","71","1","00:09:11","141","99","Quality blocked","Default","301"
"71","65","28","66","1","00:05:04","458","216","Quality blocked","Default","302"
"156","2","6","85","1","00:09:12","82","135","Quality blocked","Wrist","303"
"99","62","59","37","1","00:05:05","183","193","Non quality blocked","Wrist","304"
"83","2","19","121","1","00:09:12","200","246","Non quality blocked","Wrist","305"
"26","12","6","173","1","00:05:05","494","215","Quality blocked","Default","306"
"201","167","6","180","1","00:09:13","82","225","Non quality blocked","Wrist","307"
"53","208","155","268","1","00:09:13","192","42","Non quality blocked","Default","309"
"21","83","28","131","1","00:05:07","450","203","Non quality blocked","Wrist","310"
"5","97","123","126","1","00:06:56","385","80","Non quality blocked","Wrist","312"
"11","60","59","31","1","00:09:14","429","147","Non quality blocked","Snap","313"
"230","52","59","135","1","00:06:57","507","171","Quality blocked","Default","314"
"75","30","28","67","1","00:09:15","409","94","Non quality blocked","Wrist","316"
"191","223","222","191","1","00:09:15","455","106","Non quality blocked","Wrist","319"
"51","53","222","201","1","00:09:15","455","243","Non quality blocked","Default","320"
"224","212","211","178","1","00:06:58","132","111","Quality blocked","Wrist","321"
"71","115","64","226","1","00:05:10","463","206","Quality blocked","Wrist","322"
"244","16","6","218","1","00:09:15","174","221","Non quality blocked","Default","323"
"5","56","59","113","1","00:09:16","106","87","Quality blocked","Wrist","324"
"192","51","48","231","1","00:05:10","68","146","Quality blocked","Wrist","326"
"25","141","48","44","1","00:05:11","57","80","Non quality blocked","Wrist","327"
"280","118","59","242","1","00:09:16","94","172","Quality blocked","Wrist","328"
"227","12","6","246","1","00:07:02","551","143","Quality blocked","Wrist","329"
"242","32","28","264","1","00:09:16","413","136","Non quality blocked","Wrist","330"
"74","87","228","232","1","00:09:17","482","147","Quality blocked","Snap","332"
"21","87","154","73","1","00:07:03","435","157","Non quality blocked","Slap","334"
"65","24","22","40","1","00:05:13","439","276","Non quality blocked","Wrist","336"
"289","97","6","251","1","00:07:03","404","201","Non quality blocked","Default","337"
"44","65","64","128","1","00:05:13","207","264","Non quality blocked","Default","338"
"88","38","41","39","1","00:07:05","82","116","Quality blocked","Snap","340"
"114","67","64","138","1","00:05:14","100","144","Quality blocked","Wrist","341"
"167","82","28","190","1","00:05:14","378","277","Non quality blocked","Wrist","343"
"104","219","222","207","1","00:07:05","523","199","Quality blocked","Wrist","344"
"40","60","59","155","1","00:09:19","474","104","Quality blocked","Default","345"
"39","83","28","60","1","00:05:15","453","142","Non quality blocked","Wrist","346"
"79","210","211","136","1","00:07:06","217","191","Non quality blocked","Wrist","347"
"20","60","59","28","1","00:09:20","59","186","Non quality blocked","Wrist","348"
"198","24","123","149","1","00:05:15","162","86","Non quality blocked","Wrist","349"
"157","56","59","37","1","00:02:27","135","227","Non quality blocked","Snap","350"
"224","220","238","229","1","00:07:06","90","133","Quality blocked","Wrist","351"
"91","68","64","86","1","00:09:20","430","261","Non quality blocked","Default","352"
"192","232","64","159","1","00:05:16","498","159","Quality blocked","Default","353"
"75","105","22","84","1","00:02:27","151","172","Non quality blocked","Default","354"
"205","67","64","114","1","00:02:27","499","113","Quality blocked","Wrist","355"
"204","108","222","212","1","00:09:22","434","257","Non quality blocked","Default","357"
"74","15","6","218","1","00:02:29","146","231","Non quality blocked","Default","358"
"50","51","28","253","1","00:02:29","404","104","Non quality blocked","Snap","359"
"157","62","59","49","1","00:02:31","144","223","Non quality blocked","Wrist","360"
"11","161","222","209","1","00:07:07","203","92","Non quality blocked","Wrist","362"
"31","75","64","138","1","00:05:17","70","174","Quality blocked","Wrist","363"
"11","190","123","239","1","00:02:33","69","146","Quality blocked","Wrist","364"
"13","87","41","48","1","00:09:23","159","51","Non quality blocked","Default","365"
"65","2","155","261","1","00:02:33","403","109","Non quality blocked","Wrist","366"
"102","128","28","262","1","00:02:33","152","207","Non quality blocked","Snap","368"
"289","180","64","249","1","00:09:23","52","134","Quality blocked","Default","369"
"98","118","22","55","1","00:02:34","463","149","Quality blocked","Wrist","370"
"100","32","28","67","1","00:07:10","401","263","Non quality blocked","Wrist","371"
"74","21","22","84","1","00:09:24","183","59","Non quality blocked","Default","372"
"68","206","228","104","1","00:02:34","163","82","Non quality blocked","Wrist","373"
"100","71","222","222","1","00:05:17","138","103","Quality blocked","Wrist","374"
"24","62","59","59","1","00:09:25","419","135","Non quality blocked","Default","375"
"229","2","6","112","1","00:02:34","431","185","Non quality blocked","Default","376"
"87","75","64","114","1","00:09:25","135","96","Quality blocked","Wrist","377"
"280","84","48","243","1","00:05:17","60","245","Non quality blocked","Wrist","378"
"36","60","59","155","1","00:09:25","448","135","Non quality blocked","Default","380"
"87","190","22","183","1","00:02:34","207","33","Non quality blocked","Slap","381"
"142","162","22","216","1","00:07:11","89","137","Quality blocked","Wrist","382"
"208","5","28","236","1","00:02:35","208","72","Non quality blocked","Wrist","383"
"24","208","211","142","1","00:09:27","391","62","Non quality blocked","Default","384"
"90","66","85","241","1","00:02:36","158","106","Non quality blocked","Wrist","385"
"49","26","28","99","1","00:02:37","179","217","Non quality blocked","Wrist","386"
"200","35","228","141","1","00:07:12","188","67","Non quality blocked","Default","387"
"87","27","6","148","1","00:02:38","214","66","Non quality blocked","Slap","388"
"87","167","123","265","1","00:05:18","501","135","Quality blocked","Snap","389"
"190","74","64","169","1","00:02:38","149","91","Non quality blocked","Default","390"
"169","52","6","246","1","00:07:13","507","61","Non quality blocked","Slap","391"
"149","105","22","73","1","00:09:28","82","159","Quality blocked","Wrist","392"
"169","138","28","131","1","00:05:19","417","133","Non quality blocked","Wrist","393"
"84","220","222","197","1","00:09:28","207","282","Non quality blocked","Wrist","394"
"150","50","59","71","1","00:07:14","429","255","Non quality blocked","Default","395"
"83","110","6","85","1","00:02:40","190","93","Non quality blocked","Wrist","396"
"63","53","59","140","1","00:09:29","174","82","Non quality blocked","Default","397"
"87","157","85","170","1","00:02:40","414","195","Non quality blocked","Wrist","398"
"55","24","123","28","1","00:05:20","511","205","Quality blocked","Default","399"
"63","104","22","169","1","00:09:29","453","226","Non quality blocked","Default","400"
"89","99","155","211","1","00:07:14","91","201","Quality blocked","Wrist","401"
"15","60","59","113","1","00:02:41","135","237","Non quality blocked","Wrist","402"
"114","75","64","174","1","00:09:29","502","118","Quality blocked","Wrist","403"
"90","68","64","88","1","00:02:44","203","34","Non quality blocked","Wrist","404"
"23","51","85","168","1","00:02:44","74","182","Quality blocked","Wrist","406"
"84","65","64","47","1","00:09:30","420","83","Non quality blocked","Default","407"
"114","189","22","131","1","00:09:30","147","100","Non quality blocked","Slap","409"
"52","99","28","137","1","00:05:21","393","95","Non quality blocked","Default","410"
"87","84","28","110","1","00:07:15","466","225","Quality blocked","Snap","411"
"102","196","155","216","1","00:02:44","496","91","Quality blocked","Default","412"
"100","11","123","86","1","00:09:31","211","258","Non quality blocked","Default","414"
"23","223","222","191","1","00:02:45","537","159","Quality blocked","Default","415"
"67","31","28","30","1","00:02:46","141","159","Quality blocked","Default","417"
"13","62","59","113","1","00:09:31","162","225","Non quality blocked","Snap","418"
"79","101","222","208","1","00:02:46","126","190","Quality blocked","Default","419"
"23","229","228","256","1","00:05:22","477","44","Non quality blocked","Default","420"
"23","219","222","115","1","00:07:16","145","223","Non quality blocked","Default","421"
"12","60","59","34","1","00:02:47","207","287","Non quality blocked","Default","422"
"79","15","19","126","1","00:05:23","145","107","Non quality blocked","Wrist","423"
"230","61","64","164","1","00:02:47","404","132","Non quality blocked","Default","424"
"42","24","22","262","1","00:09:31","484","232","Non quality blocked","Slap","425"
"241","60","228","212","1","00:02:47","149","190","Non quality blocked","Default","427"
"236","285","228","265","1","00:09:31","184","162","Non quality blocked","Wrist","428"
"68","129","123","136","1","00:05:23","501","255","Non quality blocked","Wrist","429"
"34","24","123","43","1","00:07:19","184","86","Non quality blocked","Default","431"
"255","25","22","230","1","00:02:47","419","140","Non quality blocked","Default","432"
"17","226","59","101","1","00:05:25","483","149","Quality blocked","Default","434"
"196","90","123","119","1","00:02:51","402","165","Non quality blocked","Default","435"
"83","76","64","66","1","00:09:32","110","134","Quality blocked","Default","436"
"84","220","222","137","1","00:07:19","87","151","Quality blocked","Slap","437"
"163","58","59","37","1","00:09:34","153","196","Non quality blocked","Snap","439"
"61","38","41","53","1","00:05:26","454","96","Non quality blocked","Default","440"
"286","232","6","251","1","00:07:19","478","168","Quality blocked","Default","441"
"207","185","6","118","1","00:05:26","160","215","Non quality blocked","Default","442"
"83","2","19","121","1","00:09:34","154","16","Non quality blocked","Default","443"
"30","12","6","64","1","00:02:52","561","213","Non quality blocked","Default","445"
"44","83","28","224","1","00:09:34","469","236","Non quality blocked","Snap","446"
"115","230","155","183","1","00:07:20","465","230","Non quality blocked","Wrist","447"
"185","36","228","157","1","00:05:27","198","237","Non quality blocked","Default","448"
"12","190","123","225","1","00:09:35","183","194","Non quality blocked","Slap","449"
"67","203","85","166","1","00:05:28","483","214","Quality blocked","Wrist","450"
"66","169","64","263","1","00:07:21","442","59","Non quality blocked","Wrist","451"
"24","220","222","115","1","00:05:29","193","144","Non quality blocked","Wrist","452"
"11","50","222","208","1","00:09:36","161","231","Non quality blocked","Default","453"
"58","167","6","171","1","00:07:22","468","93","Quality blocked","Wrist","454"
"191","33","155","124","1","00:05:29","137","159","Quality blocked","Default","455"
"167","219","222","233","1","00:09:36","63","140","Quality blocked","Default","456"
"47","157","28","141","1","00:02:52","179","154","Non quality blocked","Wrist","457"
"87","71","222","165","1","00:02:53","416","282","Non quality blocked","Default","458"
"52","5","6","171","1","00:02:53","423","136","Non quality blocked","Wrist","461"
"13","47","41","48","1","00:09:37","157","203","Non quality blocked","Default","462"
"78","203","28","190","1","00:02:54","494","117","Quality blocked","Wrist","464"
"25","148","155","51","1","00:02:55","141","137","Quality blocked","Wrist","466"
"8","150","155","32","1","00:05:30","125","197","Quality blocked","Default","467"
"200","11","22","195","1","00:09:37","206","21","Non quality blocked","Default","468"
"103","71","64","90","1","00:02:55","64","224","Non quality blocked","Default","469"
"189","50","222","209","1","00:09:37","92","167","Quality blocked","Wrist","470"
"90","76","64","196","1","00:02:55","400","252","Non quality blocked","Default","471"
"37","83","28","110","1","00:07:24","568","121","Non quality blocked","Default","472"
"68","46","228","104","1","00:05:30","182","169","Non quality blocked","Wrist","473"
"185","200","211","218","1","00:02:55","399","57","Non quality blocked","Default","474"
"129","31","85","58","1","00:09:38","409","262","Non quality blocked","Wrist","475"
"97","203","85","149","1","00:02:57","419","251","Non quality blocked","Wrist","476"
"50","32","28","37","1","00:05:32","417","252","Non quality blocked","Wrist","477"
"100","44","228","189","1","00:09:38","100","206","Quality blocked","Default","479"
"11","269","123","239","1","00:02:57","159","166","Non quality blocked","Default","480"
"110","84","28","173","1","00:05:32","105","22","Non quality blocked","Default","481"
"87","84","28","60","1","00:02:58","503","273","Non quality blocked","Wrist","482"
"76","12","6","105","1","00:07:27","149","150","Non quality blocked","Default","483"
"99","13","19","163","1","00:09:39","502","91","Quality blocked","Wrist","484"
"32","24","123","149","1","00:07:27","151","218","Non quality blocked","Wrist","486"
"138","242","238","229","1","00:05:33","407","28","Non quality blocked","Wrist","487"
"40","203","28","161","1","00:09:40","530","195","Quality blocked","Default","488"
"47","71","222","167","1","00:09:40","427","35","Non quality blocked","Default","489"
"198","138","155","211","1","00:07:27","143","91","Quality blocked","Wrist","490"
"114","38","155","170","1","00:05:35","159","133","Non quality blocked","Wrist","491"
"99","49","6","173","1","00:09:40","410","38","Non quality blocked","Wrist","492"
"51","67","211","227","1","00:05:37","483","154","Quality blocked","Snap","493"
"190","79","28","247","1","00:09:40","475","218","Quality blocked","Wrist","495"
"138","49","6","173","1","00:09:42","487","183","Quality blocked","Wrist","497"
"74","50","59","41","1","00:05:38","393","29","Non quality blocked","Snap","498"
"87","98","28","214","1","00:09:42","395","56","Non quality blocked","Snap","499"
"232","57","59","108","1","00:05:38","462","262","Non quality blocked","Default","500"
"167","98","28","163","1","00:05:38","192","108","Non quality blocked","Wrist","501"
"75","51","85","166","1","00:07:29","447","95","Non quality blocked","Wrist","502"
"169","73","211","257","1","00:09:42","459","118","Quality blocked","Default","503"
"5","30","28","121","1","00:07:32","448","47","Non quality blocked","Wrist","504"
"12","105","22","97","1","00:09:43","425","157","Non quality blocked","Default","505"
"223","83","85","172","1","00:09:43","106","140","Quality blocked","Default","506"
"316","230","228","232","1","00:07:32","504","48","Non quality blocked","Snap","507"
"221","196","28","201","1","00:07:33","63","170","Quality blocked","Wrist","509"
"40","84","28","141","1","00:09:44","148","77","Non quality blocked","Wrist","510"
"44","285","228","248","1","00:07:33","182","140","Non quality blocked","Wrist","511"
"223","100","211","235","1","00:05:38","464","128","Quality blocked","Default","512"
"161","83","85","172","1","00:09:44","543","165","Quality blocked","Default","513"
"55","164","28","37","1","00:07:34","471","103","Quality blocked","Wrist","514"
"232","101","222","237","1","00:05:38","432","81","Non quality blocked","Default","515"
"189","99","28","156","1","00:09:45","498","100","Quality blocked","Tip","516"
"63","169","59","257","1","00:05:38","140","177","Quality blocked","Wrist","517"
"15","44","211","255","1","00:09:45","106","109","Quality blocked","Snap","518"
"129","141","59","31","1","00:05:39","407","262","Non quality blocked","Snap","519"
"39","205","228","258","1","00:09:45","504","171","Quality blocked","Snap","520"
"91","5","6","38","1","00:07:36","164","150","Non quality blocked","Wrist","521"
"84","89","64","166","1","00:09:46","59","185","Quality blocked","Snap","522"
"44","2","155","245","1","00:09:47","149","95","Non quality blocked","Wrist","523"
"219","99","85","188","1","00:07:36","171","151","Non quality blocked","Default","524"
"25","200","64","195","1","00:07:36","511","201","Quality blocked","Default","526"
"68","285","228","232","1","00:07:36","458","181","Quality blocked","Wrist","527"
"30","227","59","242","1","00:07:36","86","153","Quality blocked","Wrist","528"
"26","12","19","163","1","00:07:37","475","47","Non quality blocked","Wrist","529"
"83","13","19","121","1","00:05:40","206","224","Non quality blocked","Wrist","530"
"84","62","59","176","1","00:07:39","116","220","Quality blocked","Wrist","531"
"72","97","123","132","1","00:05:40","438","173","Non quality blocked","Default","532"
"230","4","28","214","1","00:09:48","385","121","Non quality blocked","Slap","533"
"63","99","85","138","1","00:05:40","445","199","Non quality blocked","Wrist","534"
"115","31","85","58","1","00:05:42","411","43","Non quality blocked","Wrist","536"
"61","88","59","122","1","00:09:53","127","111","Quality blocked","Default","537"
"207","71","222","212","1","00:07:39","435","93","Non quality blocked","Default","538"
"203","62","59","176","1","00:05:44","92","280","Non quality blocked","Wrist","539"
"47","14","6","68","1","00:09:55","87","173","Quality blocked","Default","540"
"188","34","155","102","1","00:05:45","488","224","Quality blocked","Default","541"
"31","100","211","227","1","00:07:39","458","111","Quality blocked","Snap","542"
"289","89","64","226","1","00:09:56","398","241","Non quality blocked","Wrist","543"
"196","42","155","170","1","00:05:45","189","111","Non quality blocked","Wrist","544"
"71","203","28","137","1","00:07:40","385","231","Non quality blocked","Wrist","545"
"51","7","6","83","1","00:09:57","407","74","Non quality blocked","Default","546"
"2","90","22","216","1","00:05:45","176","201","Non quality blocked","Wrist","547"
"230","104","22","183","1","00:09:57","161","217","Non quality blocked","Slap","548"
"192","53","59","181","1","00:07:40","114","144","Quality blocked","Snap","549"
"78","51","59","83","1","00:05:46","166","59","Non quality blocked","Default","550"
"66","189","123","210","1","00:07:41","381","84","Non quality blocked","Wrist","551"
"25","71","222","209","1","00:09:57","111","153","Quality blocked","Wrist","552"
"253","244","85","238","1","00:09:57","114","287","Non quality blocked","Wrist","553"
"203","219","222","197","1","00:07:42","201","275","Non quality blocked","Slap","554"
"34","11","59","266","1","00:07:43","138","246","Non quality blocked","Wrist","557"
"97","47","155","43","1","00:05:51","144","249","Non quality blocked","Wrist","558"
"167","23","22","134","1","00:09:58","477","185","Quality blocked","Default","559"
"189","199","85","168","1","00:07:45","166","195","Non quality blocked","Wrist","560"
"76","99","28","154","1","00:05:51","462","81","Quality blocked","Wrist","561"
"89","195","22","169","1","00:09:58","472","45","Non quality blocked","Default","562"
"50","229","228","125","1","00:07:46","513","147","Quality blocked","Default","563"
"97","62","155","259","1","00:09:58","424","65","Non quality blocked","Default","564"
"42","219","59","155","1","00:07:46","519","143","Quality blocked","Default","565"
"196","220","59","176","1","00:05:52","211","171","Non quality blocked","Wrist","566"
"199","90","123","168","1","00:07:46","483","123","Quality blocked","Default","567"
"5","105","22","96","1","00:05:53","423","204","Non quality blocked","Default","568"
"83","5","6","64","1","00:07:47","484","84","Quality blocked","Default","570"
"35","83","28","110","1","00:05:54","385","249","Non quality blocked","Wrist","571"
"89","88","222","226","1","00:07:47","124","84","Quality blocked","Wrist","573"
"107","13","6","65","1","00:05:55","505","223","Non quality blocked","Default","574"
"47","223","59","135","1","00:10:00","411","63","Non quality blocked","Default","575"
"21","79","28","262","1","00:07:47","135","238","Non quality blocked","Wrist","576"
"71","114","28","200","1","00:05:55","181","270","Non quality blocked","Wrist","577"
"241","52","6","237","1","00:10:00","153","68","Non quality blocked","Default","578"
"56","21","22","159","1","00:07:48","188","147","Non quality blocked","Default","579"
"198","167","6","173","1","00:05:57","429","213","Non quality blocked","Wrist","580"
"63","81","28","37","1","00:10:03","497","165","Quality blocked","Wrist","581"
"84","68","85","238","1","00:07:48","201","61","Non quality blocked","Slap","582"
"83","101","222","197","1","00:05:57","208","39","Non quality blocked","Wrist","583"
"243","24","123","225","1","00:05:57","104","151","Quality blocked","Default","584"
"25","12","6","50","1","00:07:49","93","106","Quality blocked","Wrist","585"
"61","71","59","122","1","00:10:03","161","87","Non quality blocked","Default","586"
"84","76","64","30","1","00:07:50","470","176","Quality blocked","Wrist","587"
"21","200","85","175","1","00:10:03","138","150","Quality blocked","Wrist","588"
"90","203","155","216","1","00:10:03","402","165","Non quality blocked","Default","589"
"11","32","85","55","1","00:07:51","205","146","Non quality blocked","Default","590"
"246","21","123","225","1","00:10:03","173","60","Non quality blocked","Snap","591"
"87","51","28","214","1","00:10:05","441","286","Non quality blocked","Wrist","593"
"89","50","59","108","1","00:07:53","484","223","Quality blocked","Default","594"
"240","79","28","254","1","00:10:05","529","210","Non quality blocked","Slap","595"
"99","12","6","42","1","00:05:58","210","263","Non quality blocked","Wrist","596"
"67","188","123","111","1","00:10:06","157","180","Non quality blocked","Default","597"
"15","62","222","171","1","00:10:08","165","213","Non quality blocked","Wrist","600"
"189","61","28","247","1","00:07:55","492","220","Quality blocked","Wrist","601"
"149","68","64","145","1","00:10:10","448","124","Non quality blocked","Default","602"
"60","56","211","178","1","00:05:58","141","45","Non quality blocked","Default","603"
"207","2","6","105","1","00:05:59","177","243","Non quality blocked","Default","605"
"50","102","22","59","1","00:10:12","98","249","Non quality blocked","Default","606"
"11","55","59","31","1","00:07:56","394","135","Non quality blocked","Snap","607"
"11","31","28","131","1","00:10:13","420","209","Non quality blocked","Default","608"
"21","227","59","239","1","00:07:56","468","188","Quality blocked","Default","609"
"79","51","59","28","1","00:07:59","200","124","Non quality blocked","Wrist","610"
"11","199","28","253","1","00:10:13","397","147","Non quality blocked","Snap","611"
"56","32","85","166","1","00:05:59","399","69","Non quality blocked","Wrist","613"
"84","133","64","30","1","00:10:14","483","197","Quality blocked","Default","614"
"102","133","64","92","1","00:10:14","415","195","Non quality blocked","Default","615"
"242","316","211","235","1","00:05:59","431","201","Non quality blocked","Default","616"
"47","213","64","104","1","00:10:14","407","193","Non quality blocked","Wrist","617"
"13","60","59","34","1","00:07:59","144","107","Non quality blocked","Default","618"
"36","5","6","56","1","00:06:00","96","194","Quality blocked","Wrist","619"
"63","196","85","138","1","00:07:59","543","228","Non quality blocked","Wrist","620"
"129","157","85","58","1","00:10:15","394","278","Non quality blocked","Wrist","621"
"11","128","211","100","1","00:06:00","169","147","Non quality blocked","Default","622"
"86","219","59","129","1","00:08:00","499","232","Non quality blocked","Default","623"
"61","31","28","174","1","00:06:00","208","117","Non quality blocked","Snap","624"
"58","100","64","54","1","00:08:03","202","155","Non quality blocked","Snap","626"
"83","2","6","85","1","00:06:01","195","122","Non quality blocked","Wrist","627"
"185","225","59","101","1","00:06:01","387","255","Non quality blocked","Slap","629"
"200","57","59","106","1","00:10:18","190","147","Non quality blocked","Wrist","630"
"24","1","6","38","1","00:08:04","158","82","Non quality blocked","Wrist","631"
"90","2","155","216","1","00:10:18","447","193","Non quality blocked","Wrist","632"
"68","201","85","138","1","00:08:05","415","273","Non quality blocked","Wrist","633"
"114","5","28","253","1","00:10:19","433","99","Non quality blocked","Wrist","636"
"156","55","59","49","1","00:10:20","158","93","Non quality blocked","Wrist","639"
"73","129","123","88","1","00:08:06","471","129","Quality blocked","Default","640"
"229","83","28","110","1","00:10:20","397","188","Non quality blocked","Wrist","641"
"246","244","211","255","1","00:10:20","195","45","Non quality blocked","Default","642"
"21","58","222","244","1","00:08:06","524","244","Non quality blocked","Default","643"
"56","98","28","154","1","00:06:03","385","12","Non quality blocked","Wrist","644"
"196","49","6","173","1","00:06:03","429","214","Non quality blocked","Default","645"
"2","230","228","148","1","00:10:22","422","53","Non quality blocked","Snap","646"
"317","71","222","222","1","00:06:03","112","175","Quality blocked","Wrist","647"
"50","203","28","137","1","00:06:04","493","171","Quality blocked","Wrist","648"
"242","191","22","219","1","00:06:04","182","242","Non quality blocked","Default","649"
"11","73","64","111","1","00:06:05","399","224","Non quality blocked","Default","650"
"39","78","6","68","1","00:08:08","107","94","Quality blocked","Default","651"
"83","50","222","199","1","00:06:05","420","153","Non quality blocked","Wrist","652"
"11","99","85","149","1","00:10:23","395","286","Non quality blocked","Default","653"
"108","73","64","72","1","00:08:08","443","153","Non quality blocked","Default","654"
"34","98","28","236","1","00:10:23","87","150","Quality blocked","Wrist","655"
"47","5","28","214","1","00:06:05","406","259","Non quality blocked","Wrist","656"
"16","11","22","97","1","00:08:08","436","203","Non quality blocked","Default","657"
"162","249","228","256","1","00:08:08","418","45","Non quality blocked","Default","659"
"83","75","64","47","1","00:10:24","420","203","Non quality blocked","Default","660"
"285","118","222","260","1","00:10:24","104","160","Quality blocked","Wrist","662"
"168","62","59","49","1","00:10:25","117","71","Non quality blocked","Wrist","663"
"83","55","59","62","1","00:06:09","393","134","Non quality blocked","Default","664"
"44","75","64","128","1","00:06:09","189","231","Non quality blocked","Default","665"
"47","192","59","242","1","00:06:09","141","208","Quality blocked","Wrist","666"
"30","51","48","243","1","00:08:09","82","249","Non quality blocked","Default","667"
"68","87","155","164","1","00:06:10","93","80","Quality blocked","Default","669"
"74","203","85","138","1","00:08:10","396","69","Non quality blocked","Wrist","670"
"18","84","28","121","1","00:06:11","416","205","Non quality blocked","Wrist","671"
"102","99","85","168","1","00:06:11","77","93","Non quality blocked","Wrist","672"
"87","51","28","60","1","00:08:12","422","82","Non quality blocked","Slap","673"
"24","39","28","119","1","00:06:12","163","227","Non quality blocked","Wrist","674"
"220","87","228","212","1","00:06:12","140","116","Quality blocked","Default","675"
"189","199","28","262","1","00:08:12","146","98","Non quality blocked","Wrist","676"
"138","200","211","261","1","00:06:12","136","153","Quality blocked","Wrist","677"
"116","131","64","88","1","00:06:15","188","261","Non quality blocked","Wrist","679"
"11","32","85","55","1","00:08:13","74","195","Quality blocked","Wrist","680"
"185","249","228","228","1","00:06:16","396","38","Non quality blocked","Snap","681"
"31","50","59","231","1","00:02:59","429","75","Non quality blocked","Wrist","682"
"56","12","6","69","1","00:10:26","134","69","Non quality blocked","Snap","683"
"69","21","123","90","1","00:08:13","507","208","Quality blocked","Default","684"
"5","67","64","133","1","00:10:26","207","198","Non quality blocked","Wrist","686"
"47","32","28","146","1","00:08:13","420","85","Non quality blocked","Slap","687"
"249","51","48","243","1","00:02:59","105","31","Non quality blocked","Default","688"
"76","83","85","138","1","00:06:17","453","143","Non quality blocked","Wrist","689"
"118","13","155","211","1","00:10:26","196","249","Non quality blocked","Slap","690"
"206","83","85","170","1","00:06:18","427","270","Non quality blocked","Wrist","691"
"62","128","64","72","1","00:03:00","401","234","Non quality blocked","Default","692"
"185","114","28","190","1","00:08:14","425","249","Non quality blocked","Wrist","693"
"58","203","28","137","1","00:03:00","471","147","Quality blocked","Slap","694"
"63","12","6","133","1","00:06:19","471","165","Quality blocked","Wrist","695"
"277","52","6","228","1","00:08:14","110","158","Quality blocked","Backhand","696"
"57","17","6","251","1","00:10:26","508","159","Quality blocked","Default","697"
"58","5","28","254","1","00:06:19","492","219","Quality blocked","Wrist","698"
"56","50","59","122","1","00:03:02","133","184","Quality blocked","Default","699"
"195","75","64","111","1","00:06:20","508","117","Quality blocked","Default","701"
"83","61","64","166","1","00:08:16","192","33","Non quality blocked","Wrist","702"
"76","196","85","158","1","00:03:02","123","178","Quality blocked","Default","703"
"11","76","64","203","1","00:08:16","203","58","Non quality blocked","Default","706"
"100","79","28","267","1","00:10:27","498","196","Quality blocked","Wrist","707"
"89","13","6","118","1","00:06:20","183","136","Non quality blocked","Default","708"
"56","73","64","108","1","00:03:03","177","229","Non quality blocked","Default","709"
"58","126","64","41","1","00:10:28","122","156","Quality blocked","Snap","710"
"131","192","123","100","1","00:10:28","436","47","Non quality blocked","Default","712"
"163","111","6","87","1","00:08:18","199","42","Non quality blocked","Wrist","713"
"73","99","28","154","1","00:03:05","450","81","Non quality blocked","Wrist","714"
"34","149","6","259","1","00:06:20","175","143","Non quality blocked","Default","715"
"63","205","155","114","1","00:10:29","92","110","Quality blocked","Default","716"
"128","47","228","214","1","00:03:05","201","163","Non quality blocked","Wrist","717"
"13","204","228","148","1","00:10:29","436","86","Non quality blocked","Snap","718"
"78","32","28","163","1","00:06:21","180","194","Non quality blocked","Wrist","719"
"200","13","155","261","1","00:08:19","455","237","Non quality blocked","Slap","720"
"114","88","222","201","1","00:10:29","545","189","Non quality blocked","Default","721"
"9","62","59","34","1","00:10:31","135","256","Non quality blocked","Default","722"
"63","230","155","177","1","00:06:21","119","157","Quality blocked","Wrist","723"
"159","90","123","33","1","00:03:06","192","109","Non quality blocked","Wrist","724"
"4","26","28","152","1","00:08:21","158","109","Non quality blocked","Wrist","725"
"180","79","22","123","1","00:03:07","431","61","Non quality blocked","Wrist","726"
"71","24","123","209","1","00:06:21","399","69","Non quality blocked","Default","727"
"104","74","64","111","1","00:03:08","501","105","Quality blocked","Default","728"
"2","87","228","157","1","00:08:21","195","226","Non quality blocked","Wrist","729"
"201","47","155","170","1","00:10:31","155","82","Non quality blocked","Wrist","730"
"114","24","123","156","1","00:06:22","147","146","Non quality blocked","Wrist","732"
"212","90","22","195","1","00:10:31","144","116","Non quality blocked","Default","733"
"44","189","22","102","1","00:03:09","165","25","Non quality blocked","Default","734"
"99","227","155","170","1","00:08:21","202","255","Non quality blocked","Wrist","735"
"20","62","59","28","1","00:03:11","115","46","Non quality blocked","Default","736"
"34","283","228","221","1","00:10:32","69","151","Quality blocked","Backhand","737"
"209","78","6","246","1","00:10:32","444","211","Non quality blocked","Slap","738"
"26","224","222","103","1","00:10:33","186","246","Non quality blocked","Wrist","739"
"66","161","59","257","1","00:10:33","115","259","Non quality blocked","Wrist","740"
"68","104","123","142","1","00:10:34","162","47","Non quality blocked","Default","741"
"56","30","28","174","1","00:10:34","210","207","Non quality blocked","Snap","742"
"79","87","228","214","1","00:10:34","219","183","Non quality blocked","Slap","743"
"169","214","211","136","1","00:10:35","216","138","Non quality blocked","Wrist","744"
"12","68","211","255","1","00:08:22","178","206","Non quality blocked","Default","745"
"185","79","22","123","1","00:10:36","443","209","Non quality blocked","Slap","747"
"75","90","123","86","1","00:08:23","127","249","Non quality blocked","Default","748"
"84","230","155","146","1","00:10:37","165","241","Non quality blocked","Slap","749"
"65","129","123","63","1","00:10:38","135","254","Non quality blocked","Default","751"
"232","99","85","116","1","00:10:38","177","174","Non quality blocked","Default","753"
"183","196","155","234","1","00:10:38","427","51","Non quality blocked","Wrist","754"
"11","201","28","156","1","00:08:24","409","249","Non quality blocked","Wrist","755"
"88","246","6","237","1","00:10:39","51","220","Non quality blocked","Default","756"
"56","189","123","210","1","00:08:25","424","121","Non quality blocked","Wrist","758"
"83","236","22","262","1","00:10:39","465","122","Quality blocked","Wrist","759"
"97","63","59","28","1","00:10:40","107","168","Quality blocked","Wrist","760"
"12","83","28","121","1","00:03:11","399","62","Non quality blocked","Wrist","761"
"38","224","59","125","1","00:10:40","155","145","Non quality blocked","Snap","762"
"62","7","6","65","1","00:10:41","406","50","Non quality blocked","Wrist","763"
"185","114","28","190","1","00:08:26","375","155","Non quality blocked","Wrist","764"
"13","11","22","97","1","00:08:27","446","120","Non quality blocked","Default","765"
"16","158","85","42","1","00:03:12","425","240","Non quality blocked","Backhand","766"
"38","194","193","124","1","00:03:12","422","103","Non quality blocked","Wrist","767"
"63","90","22","159","1","00:10:42","79","238","Non quality blocked","Default","768"
"75","53","59","140","1","00:03:13","199","117","Non quality blocked","Default","769"
"24","53","222","207","1","00:03:13","413","201","Non quality blocked","Default","770"
"263","99","155","216","1","00:10:44","457","115","Quality blocked","Wrist","771"
"15","71","64","45","1","00:08:29","552","115","Non quality blocked","Default","772"
"84","100","211","267","1","00:03:14","208","242","Non quality blocked","Wrist","774"
"61","71","222","264","1","00:03:15","155","158","Non quality blocked","Wrist","775"
"44","129","123","51","1","00:10:45","489","177","Quality blocked","Wrist","776"
"57","84","85","103","1","00:10:45","430","95","Non quality blocked","Wrist","777"
"169","209","211","136","1","00:03:16","207","193","Non quality blocked","Wrist","778"
"50","80","28","49","1","00:10:47","399","209","Non quality blocked","Wrist","779"
"167","20","22","134","1","00:10:47","414","199","Non quality blocked","Default","780"
"68","116","85","166","1","00:10:47","465","267","Non quality blocked","Wrist","781"
"78","74","70","52","1","00:10:49","523","172","Quality blocked","Default","782"
"75","208","155","211","1","00:08:29","81","181","Quality blocked","Backhand","784"
"91","17","19","147","1","00:10:50","452","242","Non quality blocked","Default","785"
"63","201","85","166","1","00:10:50","553","68","Non quality blocked","Wrist","786"
"232","33","228","104","1","00:10:51","201","70","Non quality blocked","Default","787"
"189","62","222","206","1","00:10:51","455","153","Non quality blocked","Wrist","788"
"167","24","22","134","1","00:10:52","533","166","Quality blocked","Wrist","789"
"159","100","64","30","1","00:10:53","465","105","Quality blocked","Default","790"
"114","12","6","173","1","00:10:53","474","213","Quality blocked","Wrist","791"
"11","31","85","175","1","00:10:53","198","147","Non quality blocked","Wrist","792"
"52","51","28","176","1","00:10:53","519","23","Non quality blocked","Wrist","793"
"73","79","28","224","1","00:10:53","464","194","Quality blocked","Wrist","794"
"63","156","28","49","1","00:10:54","477","99","Quality blocked","Wrist","795"
"60","98","85","103","1","00:10:54","514","75","Non quality blocked","Default","796"
"79","203","28","131","1","00:10:54","514","196","Quality blocked","Wrist","797"
"129","100","64","203","1","00:10:54","205","209","Non quality blocked","Default","798"
"209","90","123","153","1","00:03:16","500","206","Quality blocked","Default","799"
"169","65","134","204","1","00:10:54","176","243","Non quality blocked","Wrist","800"
"138","76","211","261","1","00:10:54","70","99","Non quality blocked","Backhand","801"
"21","210","64","169","1","00:03:16","93","169","Quality blocked","Default","802"
"13","24","123","109","1","00:10:56","140","10","Non quality blocked","Slap","803"
"65","195","123","142","1","00:03:21","179","138","Non quality blocked","Default","804"
"38","56","211","177","1","00:03:21","423","51","Non quality blocked","Wrist","805"
"67","50","59","54","1","00:03:22","402","57","Non quality blocked","Snap","806"
"189","180","6","123","1","00:03:22","121","167","Quality blocked","Default","807"
"42","203","85","170","1","00:03:23","429","249","Non quality blocked","Wrist","808"
"52","56","211","218","1","00:03:24","456","63","Non quality blocked","Default","809"
"25","129","59","239","1","00:08:29","507","119","Quality blocked","Default","810"
"11","89","64","63","1","00:03:26","441","217","Non quality blocked","Default","811"
"36","87","228","240","1","00:03:26","140","219","Quality blocked","Default","812"
"230","191","22","256","1","00:03:27","191","143","Non quality blocked","Slap","814"
"79","73","64","92","1","00:10:58","471","119","Quality blocked","Default","815"
"21","209","211","136","1","00:03:28","193","127","Non quality blocked","Wrist","816"
"15","163","28","99","1","00:10:58","113","152","Quality blocked","Wrist","817"
"38","2","6","139","1","00:03:28","406","79","Non quality blocked","Default","818"
"32","12","186","190","1","00:10:59","144","130","Non quality blocked","Wrist","819"
"101","196","28","201","1","00:03:28","111","222","Quality blocked","Default","820"
"84","2","6","64","1","00:08:30","415","247","Non quality blocked","Default","821"
"100","24","123","86","1","00:11:00","99","170","Quality blocked","Default","822"
"18","129","59","220","1","00:03:28","73","115","Quality blocked","Snap","823"
"189","83","28","119","1","00:11:00","107","146","Quality blocked","Wrist","824"
"37","129","22","183","1","00:03:29","195","67","Non quality blocked","Default","826"
"12","189","22","230","1","00:08:30","401","49","Non quality blocked","Wrist","827"
"47","26","85","248","1","00:11:00","438","39","Non quality blocked","Snap","828"
"185","32","28","99","1","00:03:30","197","160","Non quality blocked","Snap","829"
"38","104","193","124","1","00:11:02","511","141","Quality blocked","Backhand","830"
"196","12","19","121","1","00:08:31","202","107","Non quality blocked","Slap","831"
"189","47","155","186","1","00:11:02","119","193","Quality blocked","Wrist","832"
"83","74","211","227","1","00:11:02","394","207","Non quality blocked","Wrist","833"
"32","167","6","89","1","00:11:03","418","58","Non quality blocked","Default","834"
"232","205","155","177","1","00:08:31","105","93","Quality blocked","Default","835"
"34","67","64","128","1","00:11:03","150","140","Non quality blocked","Default","836"
"68","12","6","133","1","00:11:03","459","218","Quality blocked","Wrist","837"
"74","227","228","104","1","00:11:04","187","267","Non quality blocked","Wrist","839"
"36","11","22","183","1","00:11:05","121","212","Quality blocked","Snap","840"
"99","169","59","266","1","00:03:30","111","105","Quality blocked","Wrist","841"
"210","219","238","229","1","00:08:31","156","101","Non quality blocked","Wrist","842"
"63","90","22","195","1","00:11:05","126","200","Quality blocked","Default","843"
"16","224","59","101","1","00:03:31","530","160","Quality blocked","Default","844"
"167","53","222","185","1","00:03:31","141","95","Quality blocked","Default","846"
"87","12","6","68","1","00:08:32","209","41","Non quality blocked","Default","847"
"60","203","85","172","1","00:11:06","77","171","Quality blocked","Default","848"
"50","17","6","34","1","00:03:32","391","268","Non quality blocked","Default","849"
"72","99","85","103","1","00:11:07","482","211","Quality blocked","Wrist","850"
"39","38","155","110","1","00:08:34","115","199","Quality blocked","Tip","851"
"104","12","6","98","1","00:11:08","479","77","Quality blocked","Default","852"
"181","79","123","126","1","00:03:33","489","165","Quality blocked","Backhand","853"
"75","223","59","129","1","00:11:09","493","165","Quality blocked","Default","854"
"56","128","64","72","1","00:03:35","423","129","Non quality blocked","Default","855"
"32","206","228","214","1","00:11:09","212","171","Non quality blocked","Wrist","856"
"277","209","64","217","1","00:03:35","111","117","Quality blocked","Default","857"
"9","23","22","183","1","00:08:34","139","220","Quality blocked","Snap","858"
"68","12","6","133","1","00:11:10","384","225","Non quality blocked","Wrist","859"
"89","90","22","40","1","00:03:38","451","89","Non quality blocked","Wrist","860"
"34","212","6","259","1","00:03:38","101","109","Quality blocked","Default","862"
"52","119","123","28","1","00:08:36","459","91","Quality blocked","Default","863"
"21","219","222","191","1","00:03:39","505","44","Non quality blocked","Wrist","864"
"68","192","22","195","1","00:11:12","204","111","Non quality blocked","Default","865"
"79","60","222","208","1","00:03:40","429","127","Non quality blocked","Default","866"
"68","84","28","154","1","00:08:38","483","247","Non quality blocked","Wrist","868"
"20","74","64","92","1","00:03:41","215","113","Non quality blocked","Default","869"
"105","35","155","43","1","00:11:14","510","111","Quality blocked","Wrist","870"
"219","79","123","132","1","00:03:43","399","111","Non quality blocked","Wrist","871"
"11","5","6","97","1","00:11:14","125","152","Quality blocked","Wrist","872"
"206","78","6","228","1","00:12:45","75","198","Quality blocked","Wrist","873"
"192","60","59","144","1","00:03:43","403","227","Non quality blocked","Default","874"
"196","86","64","154","1","00:11:14","115","141","Quality blocked","Wrist","875"
"89","47","228","189","1","00:03:43","173","95","Non quality blocked","Default","876"
"67","17","6","218","1","00:08:38","182","177","Non quality blocked","Default","877"
"114","253","48","231","1","00:03:44","189","55","Non quality blocked","Wrist","878"
"83","221","59","106","1","00:03:45","123","99","Quality blocked","Wrist","879"
"100","203","85","166","1","00:11:14","443","236","Non quality blocked","Wrist","880"
"20","230","41","117","1","00:12:47","495","171","Quality blocked","Default","881"
"147","264","22","256","1","00:11:14","212","71","Non quality blocked","Slap","882"
"44","71","222","165","1","00:03:46","166","75","Non quality blocked","Default","883"
"1","74","64","105","1","00:12:48","451","147","Non quality blocked","Default","884"
"11","62","59","160","1","00:11:15","510","234","Non quality blocked","Default","885"
"253","65","211","227","1","00:11:15","431","70","Non quality blocked","Wrist","888"
"34","79","123","186","1","00:12:48","441","156","Non quality blocked","Default","889"
"42","68","85","238","1","00:12:48","76","155","Quality blocked","Wrist","891"
"63","62","59","108","1","00:12:49","534","241","Non quality blocked","Default","893"
"32","2","19","163","1","00:11:18","408","276","Non quality blocked","Wrist","894"
"209","12","6","118","1","00:11:19","79","72","Non quality blocked","Default","896"
"24","47","155","130","1","00:11:19","380","49","Non quality blocked","Wrist","898"
"87","198","28","141","1","00:03:51","183","86","Non quality blocked","Wrist","899"
"44","194","22","102","1","00:12:50","187","221","Non quality blocked","Snap","900"
"71","138","28","137","1","00:11:22","533","200","Non quality blocked","Wrist","901"
"180","61","48","231","1","00:11:22","76","117","Quality blocked","Wrist","904"
"12","49","59","34","1","00:03:52","182","86","Non quality blocked","Default","905"
"83","60","59","106","1","00:03:52","201","248","Non quality blocked","Wrist","906"
"73","62","59","129","1","00:03:52","479","76","Quality blocked","Default","908"
"53","99","28","49","1","00:11:23","460","149","Quality blocked","Wrist","909"
"223","118","6","185","1","00:12:51","436","118","Non quality blocked","Default","910"
"224","149","155","120","1","00:11:23","555","78","Non quality blocked","Default","912"
"90","61","59","31","1","00:12:52","464","205","Quality blocked","Snap","913"
"224","203","28","176","1","00:11:23","501","227","Non quality blocked","Wrist","914"
"50","227","228","167","1","00:03:54","186","273","Non quality blocked","Default","915"
"50","115","228","217","1","00:03:57","459","240","Non quality blocked","Wrist","917"
"67","24","123","136","1","00:12:52","404","205","Non quality blocked","Wrist","918"
"242","198","59","215","1","00:03:58","223","152","Non quality blocked","Default","919"
"31","68","211","227","1","00:11:24","506","279","Non quality blocked","Wrist","920"
"18","191","123","225","1","00:03:58","68","133","Quality blocked","Default","921"
"49","38","155","68","1","00:12:53","432","120","Non quality blocked","Default","922"
"98","229","228","214","1","00:03:59","188","74","Non quality blocked","Wrist","923"
"98","200","85","238","1","00:11:24","87","135","Quality blocked","Wrist","924"
"242","316","85","222","1","00:04:00","529","167","Quality blocked","Wrist","925"
"242","23","123","244","1","00:04:00","153","245","Non quality blocked","Default","926"
"58","150","41","53","1","00:04:01","465","234","Non quality blocked","Default","928"
"5","38","41","48","1","00:11:28","102","107","Quality blocked","Default","930"
"138","62","222","197","1","00:04:01","196","99","Non quality blocked","Wrist","931"
"285","180","59","223","1","00:12:53","531","84","Non quality blocked","Default","932"
"205","88","222","260","1","00:11:30","165","63","Non quality blocked","Default","933"
"83","221","59","106","1","00:04:02","213","44","Non quality blocked","Wrist","934"
"246","280","228","269","1","00:11:31","176","117","Non quality blocked","Wrist","935"
"118","89","64","90","1","00:04:03","194","142","Non quality blocked","Default","936"
"249","25","22","256","1","00:12:54","164","144","Non quality blocked","Default","937"
"44","208","211","177","1","00:11:32","473","212","Quality blocked","Default","938"
"87","86","64","128","1","00:04:03","157","164","Non quality blocked","Default","939"
"88","97","123","115","1","00:12:55","423","164","Non quality blocked","Wrist","940"
"129","83","85","33","1","00:14:48","500","81","Quality blocked","Wrist","941"
"236","68","85","241","1","00:11:32","460","265","Non quality blocked","Default","942"
"274","209","59","253","1","00:04:03","208","141","Non quality blocked","Wrist","943"
"181","60","228","221","1","00:04:04","165","201","Non quality blocked","Default","944"
"79","175","6","98","1","00:11:34","437","209","Non quality blocked","Default","945"
"15","217","222","127","1","00:12:55","465","179","Quality blocked","Default","946"
"188","209","59","239","1","00:04:05","500","180","Quality blocked","Default","947"
"83","57","222","197","1","00:11:34","203","33","Non quality blocked","Wrist","948"
"73","24","123","86","1","00:12:56","121","63","Non quality blocked","Default","949"
"7","125","64","29","1","00:11:35","113","167","Quality blocked","Default","950"
"79","89","64","40","1","00:14:48","203","75","Non quality blocked","Slap","951"
"200","208","155","261","1","00:04:05","490","273","Non quality blocked","Wrist","952"
"58","7","6","34","1","00:12:57","400","204","Non quality blocked","Default","953"
"33","83","85","170","1","00:11:35","470","86","Quality blocked","Wrist","954"
"44","99","28","60","1","00:14:48","404","267","Non quality blocked","Slap","956"
"60","31","28","37","1","00:12:57","404","74","Non quality blocked","Wrist","957"
"203","27","6","182","1","00:11:35","417","231","Non quality blocked","Default","958"
"21","65","64","111","1","00:04:06","472","93","Quality blocked","Default","959"
"91","26","85","33","1","00:14:49","433","154","Non quality blocked","Slap","960"
"210","83","28","236","1","00:11:36","145","45","Non quality blocked","Wrist","961"
"67","169","22","204","1","00:12:57","393","231","Non quality blocked","Wrist","962"
"196","97","123","168","1","00:14:49","405","153","Non quality blocked","Wrist","963"
"79","126","64","84","1","00:13:00","385","173","Non quality blocked","Default","966"
"79","13","6","95","1","00:11:40","453","156","Non quality blocked","Default","967"
"15","90","22","96","1","00:13:01","404","146","Non quality blocked","Default","968"
"57","169","123","207","1","00:11:40","121","156","Quality blocked","Default","969"
"206","180","6","179","1","00:14:49","175","208","Non quality blocked","Wrist","970"
"198","104","22","131","1","00:13:01","130","136","Quality blocked","Wrist","971"
"24","57","222","244","1","00:11:40","381","126","Non quality blocked","Default","972"
"20","50","222","208","1","00:14:49","147","161","Non quality blocked","Default","973"
"74","25","22","204","1","00:13:02","466","87","Quality blocked","Default","974"
"16","44","155","68","1","00:11:42","458","101","Quality blocked","Default","975"
"169","210","155","211","1","00:13:02","188","229","Non quality blocked","Wrist","976"
"110","11","123","94","1","00:14:50","133","88","Quality blocked","Default","977"
"9","198","59","223","1","00:13:03","383","212","Non quality blocked","Slap","978"
"223","2","6","185","1","00:14:50","466","233","Non quality blocked","Wrist","979"
"76","129","59","257","1","00:14:50","133","69","Non quality blocked","Wrist","980"
"73","21","22","204","1","00:14:52","433","210","Non quality blocked","Wrist","981"
"167","32","28","163","1","00:11:42","136","132","Quality blocked","Wrist","982"
"24","5","6","123","1","00:11:43","196","229","Non quality blocked","Wrist","984"
"58","5","6","65","1","00:14:53","444","51","Non quality blocked","Default","985"
"204","138","85","170","1","00:11:43","391","106","Non quality blocked","Wrist","986"
"25","68","134","204","1","00:11:43","86","171","Quality blocked","Wrist","987"
"86","62","59","71","1","00:14:54","479","81","Quality blocked","Default","988"
"118","72","59","151","1","00:14:54","399","86","Non quality blocked","Default","990"
"44","89","64","164","1","00:11:44","404","60","Non quality blocked","Slap","991"
"83","61","64","154","1","00:14:54","206","185","Non quality blocked","Wrist","992"
"13","20","22","50","1","00:11:45","463","185","Quality blocked","Default","993"
"58","118","6","171","1","00:14:54","445","216","Non quality blocked","Slap","994"
"104","53","222","132","1","00:11:45","71","180","Quality blocked","Wrist","995"
"60","5","28","214","1","00:14:56","393","59","Non quality blocked","Wrist","996"
"63","196","28","174","1","00:11:45","114","142","Quality blocked","Default","997"
"100","79","28","224","1","00:13:03","424","178","Non quality blocked","Wrist","998"
"79","89","59","231","1","00:14:56","424","33","Non quality blocked","Wrist","999"
"34","58","59","71","1","00:16:35","460","145","Quality blocked","Default","1000"
"74","79","123","203","1","00:14:57","400","130","Non quality blocked","Default","1001"
"132","24","123","210","1","00:14:58","377","274","Non quality blocked","Wrist","1004"
"181","83","28","173","1","00:13:04","95","95","Quality blocked","Wrist","1005"
"167","97","22","98","1","00:16:37","154","95","Non quality blocked","Default","1006"
"42","196","28","141","1","00:11:46","111","284","Non quality blocked","Wrist","1007"
"24","162","85","58","1","00:14:59","416","31","Non quality blocked","Wrist","1008"
"168","51","59","49","1","00:16:38","116","285","Non quality blocked","Wrist","1009"
"199","50","59","253","1","00:16:38","102","153","Quality blocked","Backhand","1011"
"138","68","64","158","1","00:14:59","484","105","Quality blocked","Default","1012"
"23","26","211","210","1","00:11:46","158","269","Non quality blocked","Default","1013"
"83","11","59","253","1","00:13:06","172","94","Non quality blocked","Wrist","1015"
"84","40","228","243","1","00:11:46","421","136","Non quality blocked","Wrist","1016"
"9","79","28","258","1","00:11:46","141","106","Quality blocked","Snap","1018"
"61","90","123","44","1","00:16:41","477","185","Quality blocked","Wrist","1019"
"24","138","85","168","1","00:13:08","135","222","Quality blocked","Wrist","1020"
"89","87","228","242","1","00:16:41","471","91","Quality blocked","Default","1021"
"2","203","28","173","1","00:11:47","207","159","Non quality blocked","Snap","1022"
"114","52","222","200","1","00:15:00","504","200","Quality blocked","Default","1023"
"44","65","64","164","1","00:13:09","435","204","Non quality blocked","Wrist","1025"
"12","75","70","52","1","00:16:43","405","81","Non quality blocked","Default","1026"
"223","50","64","226","1","00:15:00","394","142","Non quality blocked","Wrist","1027"
"142","47","228","125","1","00:16:43","483","91","Quality blocked","Default","1028"
"84","60","59","176","1","00:13:11","192","264","Non quality blocked","Wrist","1029"
"79","164","85","33","1","00:15:01","411","168","Non quality blocked","Wrist","1030"
"286","167","22","233","1","00:13:11","529","98","Non quality blocked","Default","1031"
"232","115","59","246","1","00:11:48","191","237","Non quality blocked","Slap","1032"
"196","205","155","161","1","00:15:01","195","64","Non quality blocked","Slap","1033"
"87","72","64","61","1","00:13:13","212","59","Non quality blocked","Wrist","1034"
"56","241","222","222","1","00:15:01","195","215","Non quality blocked","Wrist","1036"
"34","232","64","128","1","00:13:15","97","215","Quality blocked","Default","1037"
"104","44","155","51","1","00:16:46","114","121","Quality blocked","Wrist","1038"
"24","100","64","63","1","00:16:46","396","99","Non quality blocked","Default","1040"
"209","203","28","174","1","00:11:50","150","123","Non quality blocked","Wrist","1041"
"88","169","64","249","1","00:15:01","81","33","Non quality blocked","Default","1042"
"25","84","28","156","1","00:16:46","430","124","Non quality blocked","Wrist","1043"
"71","272","28","254","1","00:11:50","393","216","Non quality blocked","Wrist","1044"
"205","242","222","260","1","00:11:50","117","149","Quality blocked","Wrist","1046"
"89","47","41","61","1","00:15:02","543","132","Quality blocked","Snap","1047"
"148","68","64","61","1","00:16:49","141","185","Quality blocked","Wrist","1050"
"74","25","123","90","1","00:15:02","404","102","Non quality blocked","Default","1051"
"84","72","222","197","1","00:13:15","211","239","Non quality blocked","Wrist","1052"
"37","2","6","56","1","00:16:50","119","48","Non quality blocked","Wrist","1053"
"49","99","28","180","1","00:11:51","536","185","Quality blocked","Wrist","1054"
"201","242","222","264","1","00:16:50","141","82","Quality blocked","Wrist","1055"
"84","74","64","30","1","00:15:03","408","221","Non quality blocked","Default","1056"
"125","2","6","118","1","00:16:51","87","164","Quality blocked","Default","1057"
"103","12","6","96","1","00:15:03","100","198","Quality blocked","Wrist","1058"
"52","84","28","176","1","00:16:51","425","263","Non quality blocked","Wrist","1060"
"200","219","222","103","1","00:15:03","162","35","Non quality blocked","Wrist","1061"
"78","62","222","185","1","00:16:51","143","258","Non quality blocked","Wrist","1063"
"35","47","222","165","1","00:15:03","471","74","Quality blocked","Default","1064"
"11","101","222","209","1","00:16:51","189","83","Non quality blocked","Wrist","1065"
"131","189","123","100","1","00:15:05","392","201","Non quality blocked","Default","1066"
"201","12","6","173","1","00:16:52","471","175","Quality blocked","Snap","1067"
"68","44","155","177","1","00:16:52","109","180","Quality blocked","Wrist","1068"
"100","169","123","142","1","00:15:05","69","150","Quality blocked","Default","1069"
"115","67","64","90","1","00:16:53","175","222","Non quality blocked","Default","1070"
"210","167","123","252","1","00:13:15","477","238","Non quality blocked","Wrist","1071"
"169","208","64","159","1","00:16:54","388","25","Non quality blocked","Default","1072"
"232","49","6","145","1","00:15:06","80","62","Non quality blocked","Default","1073"
"25","84","28","156","1","00:16:55","485","67","Non quality blocked","Slap","1074"
"224","83","28","236","1","00:13:16","87","229","Non quality blocked","Wrist","1075"
"31","25","123","168","1","00:15:06","453","90","Non quality blocked","Wrist","1076"
"44","101","222","165","1","00:13:18","115","157","Quality blocked","Default","1077"
"169","71","222","208","1","00:15:06","163","186","Non quality blocked","Default","1078"
"167","26","28","173","1","00:11:52","146","147","Non quality blocked","Wrist","1079"
"20","185","6","225","1","00:13:18","506","127","Quality blocked","Default","1080"
"73","114","59","257","1","00:15:06","98","232","Non quality blocked","Slap","1081"
"66","50","59","54","1","00:11:53","516","245","Non quality blocked","Snap","1082"
"206","90","22","117","1","00:13:19","64","122","Quality blocked","Default","1083"
"138","23","123","58","1","00:13:21","193","244","Non quality blocked","Wrist","1085"
"110","205","228","148","1","00:15:07","98","80","Quality blocked","Slap","1086"
"199","2","186","190","1","00:13:22","171","202","Non quality blocked","Default","1087"
"118","51","48","44","1","00:16:56","202","184","Non quality blocked","Wrist","1088"
"11","210","211","136","1","00:15:08","186","48","Non quality blocked","Wrist","1089"
"162","126","64","66","1","00:16:56","81","155","Quality blocked","Default","1090"
"42","76","211","267","1","00:13:22","124","208","Quality blocked","Snap","1091"
"72","229","228","125","1","00:11:53","500","105","Quality blocked","Wrist","1092"
"240","11","59","215","1","00:16:57","102","125","Quality blocked","Default","1093"
"67","2","6","184","1","00:15:08","426","166","Non quality blocked","Wrist","1094"
"44","49","155","261","1","00:11:53","424","148","Non quality blocked","Wrist","1095"
"75","83","28","30","1","00:16:58","125","142","Quality blocked","Default","1096"
"67","129","22","159","1","00:11:55","216","212","Non quality blocked","Default","1097"
"60","51","28","214","1","00:15:08","441","48","Non quality blocked","Wrist","1098"
"156","78","6","64","1","00:16:58","501","132","Quality blocked","Default","1099"
"240","182","6","251","1","00:11:56","396","171","Non quality blocked","Default","1100"
"189","83","28","131","1","00:16:58","488","75","Quality blocked","Wrist","1101"
"98","269","22","262","1","00:15:08","451","159","Non quality blocked","Wrist","1102"
"83","30","228","214","1","00:16:58","202","270","Non quality blocked","Wrist","1103"
"201","180","186","99","1","00:13:23","447","23","Non quality blocked","Slap","1104"
"30","73","85","232","1","00:16:58","181","76","Non quality blocked","Wrist","1105"
"69","160","85","47","1","00:11:57","183","189","Non quality blocked","Default","1106"
"90","65","64","63","1","00:15:09","401","246","Non quality blocked","Default","1107"
"68","196","85","166","1","00:16:59","466","45","Non quality blocked","Slap","1108"
"203","26","211","245","1","00:13:23","419","195","Non quality blocked","Wrist","1109"
"316","191","123","210","1","00:15:09","396","177","Non quality blocked","Wrist","1110"
"104","12","19","70","1","00:11:57","142","225","Quality blocked","Default","1111"
"61","84","28","37","1","00:11:58","504","202","Quality blocked","Snap","1113"
"239","244","211","235","1","00:16:59","84","123","Quality blocked","Default","1114"
"32","264","123","247","1","00:13:24","136","158","Quality blocked","Snap","1115"
"39","74","64","174","1","00:15:10","541","240","Non quality blocked","Wrist","1116"
"101","21","123","132","1","00:17:00","504","160","Quality blocked","Default","1117"
"229","242","222","260","1","00:13:25","113","187","Quality blocked","Default","1118"
"25","125","64","92","1","00:11:58","513","123","Quality blocked","Default","1119"
"180","11","22","134","1","00:17:00","401","249","Non quality blocked","Wrist","1120"
"11","86","64","169","1","00:15:11","204","52","Non quality blocked","Default","1121"
"229","201","28","146","1","00:11:58","414","242","Non quality blocked","Wrist","1122"
"58","115","22","144","1","00:15:12","139","135","Quality blocked","Default","1124"
"31","5","6","87","1","00:11:59","177","219","Non quality blocked","Wrist","1125"
"247","101","222","219","1","00:17:00","406","260","Non quality blocked","Default","1126"
"18","129","59","246","1","00:15:13","102","156","Quality blocked","Wrist","1127"
"188","53","59","181","1","00:13:26","162","165","Non quality blocked","Wrist","1128"
"236","108","222","233","1","00:11:59","190","172","Non quality blocked","Default","1129"
"89","11","22","84","1","00:15:14","114","254","Non quality blocked","Default","1131"
"169","13","6","109","1","00:17:03","403","84","Non quality blocked","Wrist","1132"
"23","242","222","233","1","00:13:26","66","70","Non quality blocked","Wrist","1133"
"72","232","211","140","1","00:17:03","415","92","Non quality blocked","Default","1134"
"87","27","6","179","1","00:15:14","141","153","Quality blocked","Wrist","1135"
"68","90","123","86","1","00:12:00","138","123","Quality blocked","Default","1136"
"23","98","28","156","1","00:17:03","471","220","Quality blocked","Wrist","1137"
"246","241","222","237","1","00:13:26","386","273","Non quality blocked","Default","1138"
"31","56","211","224","1","00:17:03","165","67","Non quality blocked","Slap","1139"
"209","129","123","136","1","00:12:00","506","181","Quality blocked","Wrist","1140"
"5","26","85","238","1","00:17:04","196","16","Non quality blocked","Wrist","1141"
"66","79","22","84","1","00:17:06","123","286","Non quality blocked","Default","1143"
"17","97","22","95","1","00:13:27","173","237","Non quality blocked","Default","1144"
"32","232","64","138","1","00:17:06","144","75","Non quality blocked","Wrist","1145"
"208","185","6","250","1","00:15:16","453","91","Non quality blocked","Default","1146"
"12","163","28","173","1","00:17:07","125","171","Quality blocked","Default","1147"
"141","87","41","53","1","00:17:08","486","120","Quality blocked","Default","1149"
"1","83","28","87","1","00:15:18","483","93","Quality blocked","Wrist","1150"
"73","30","28","154","1","00:13:27","497","153","Quality blocked","Tip","1151"
"68","26","28","67","1","00:17:09","387","155","Non quality blocked","Wrist","1152"
"30","52","6","228","1","00:15:18","128","168","Quality blocked","Wrist","1153"
"63","90","22","241","1","00:17:09","159","231","Non quality blocked","Snap","1154"
"11","56","211","136","1","00:13:31","198","43","Non quality blocked","Wrist","1155"
"42","83","28","35","1","00:17:10","113","256","Non quality blocked","Wrist","1156"
"149","21","123","51","1","00:15:19","457","123","Quality blocked","Wrist","1157"
"58","196","28","199","1","00:13:31","499","83","Quality blocked","Wrist","1158"
"25","125","222","206","1","00:17:10","416","55","Non quality blocked","Slap","1159"
"68","21","123","90","1","00:15:19","435","235","Non quality blocked","Default","1160"
"236","241","222","233","1","00:17:10","198","108","Non quality blocked","Default","1162"
"56","230","155","177","1","00:15:19","164","105","Non quality blocked","Default","1163"
"13","83","28","173","1","00:13:32","95","225","Non quality blocked","Wrist","1164"
"181","149","6","259","1","00:17:10","111","85","Quality blocked","Default","1165"
"26","50","59","37","1","00:17:11","105","238","Non quality blocked","Wrist","1167"
"74","21","123","196","1","00:15:19","206","255","Non quality blocked","Default","1168"
"38","84","28","35","1","00:13:34","121","129","Quality blocked","Wrist","1169"
"17","219","59","101","1","00:15:20","430","137","Non quality blocked","Wrist","1170"
"51","317","211","224","1","00:13:35","210","72","Non quality blocked","Wrist","1171"
"224","283","228","221","1","00:15:21","180","129","Non quality blocked","Wrist","1172"
"169","13","6","109","1","00:17:12","446","111","Non quality blocked","Wrist","1173"
"67","75","59","257","1","00:13:35","207","183","Non quality blocked","Wrist","1174"
"98","37","155","46","1","00:17:13","481","293","Non quality blocked","Default","1176"
"180","221","59","101","1","00:13:36","432","246","Non quality blocked","Default","1177"
"100","163","28","67","1","00:17:13","462","281","Non quality blocked","Wrist","1178"
"181","167","123","252","1","00:13:36","495","195","Quality blocked","Wrist","1179"
"56","199","28","227","1","00:15:21","106","79","Quality blocked","Wrist","1181"
"44","79","28","267","1","00:17:14","483","10","Non quality blocked","Default","1182"
"161","84","48","231","1","00:15:21","159","135","Non quality blocked","Wrist","1183"
"12","100","70","52","1","00:17:15","410","179","Non quality blocked","Default","1184"
"34","208","64","164","1","00:17:15","487","142","Quality blocked","Default","1185"
"30","57","59","176","1","00:15:23","140","166","Quality blocked","Wrist","1186"
"8","118","22","50","1","00:13:39","504","119","Quality blocked","Wrist","1187"
"219","190","123","209","1","00:17:16","397","147","Non quality blocked","Slap","1188"
"13","83","28","173","1","00:13:39","110","123","Quality blocked","Wrist","1189"
"196","223","59","106","1","00:15:24","222","235","Non quality blocked","Wrist","1190"
"13","167","123","252","1","00:13:41","460","208","Quality blocked","Wrist","1191"
"169","230","155","107","1","00:15:24","151","218","Non quality blocked","Wrist","1192"
"99","214","64","174","1","00:15:26","422","43","Non quality blocked","Wrist","1195"
"13","67","211","245","1","00:15:26","459","189","Quality blocked","Snap","1198"
"53","50","64","249","1","00:17:17","210","147","Non quality blocked","Default","1199"
"68","118","186","187","1","00:13:42","467","138","Quality blocked","Default","1200"
"39","90","123","247","1","00:15:26","154","246","Non quality blocked","Wrist","1202"
"196","16","6","250","1","00:17:18","484","225","Quality blocked","Default","1203"
"52","157","28","197","1","00:13:44","385","247","Non quality blocked","Wrist","1204"
"180","156","28","99","1","00:15:27","134","197","Quality blocked","Wrist","1205"
"53","169","123","208","1","00:13:45","442","217","Non quality blocked","Wrist","1206"
"67","5","6","118","1","00:15:27","192","145","Non quality blocked","Default","1207"
"203","75","211","116","1","00:17:19","398","55","Non quality blocked","Default","1208"
"246","196","155","234","1","00:13:45","479","266","Non quality blocked","Wrist","1209"
"203","190","123","149","1","00:15:27","207","259","Non quality blocked","Wrist","1210"
"67","79","28","267","1","00:17:19","485","279","Non quality blocked","Wrist","1211"
"44","68","64","36","1","00:13:46","441","218","Non quality blocked","Default","1212"
"86","79","123","203","1","00:17:20","459","149","Quality blocked","Default","1213"
"68","34","155","261","1","00:17:20","400","211","Non quality blocked","Wrist","1214"
"13","236","22","216","1","00:15:27","97","194","Quality blocked","Wrist","1215"
"13","230","228","221","1","00:13:46","147","196","Non quality blocked","Slap","1216"
"68","149","6","255","1","00:15:27","423","238","Non quality blocked","Default","1217"
"189","219","222","208","1","00:17:22","147","187","Non quality blocked","Default","1219"
"229","20","22","117","1","00:15:28","181","64","Non quality blocked","Wrist","1221"
"79","80","85","33","1","00:17:23","409","188","Non quality blocked","Slap","1222"
"38","100","64","61","1","00:13:50","196","73","Non quality blocked","Wrist","1223"
"62","47","155","120","1","00:17:23","537","77","Non quality blocked","Wrist","1224"
"76","12","6","145","1","00:15:28","143","180","Quality blocked","Wrist","1225"
"129","272","48","231","1","00:13:50","191","169","Non quality blocked","Wrist","1226"
"21","47","155","51","1","00:17:24","88","130","Quality blocked","Wrist","1227"
"205","5","28","214","1","00:15:28","481","130","Quality blocked","Wrist","1228"
"12","99","155","259","1","00:13:50","434","217","Non quality blocked","Slap","1229"
"114","280","228","223","1","00:15:28","185","159","Non quality blocked","Wrist","1231"
"230","21","123","130","1","00:17:25","165","105","Non quality blocked","Wrist","1232"
"253","56","211","224","1","00:17:25","201","195","Non quality blocked","Wrist","1233"
"167","114","28","99","1","00:13:51","189","81","Non quality blocked","Wrist","1234"
"67","31","28","227","1","00:15:28","193","61","Non quality blocked","Wrist","1235"
"16","286","238","251","1","00:17:29","153","63","Non quality blocked","Default","1236"
"232","206","155","177","1","00:13:51","130","91","Quality blocked","Default","1237"
"44","91","22","73","1","00:17:30","215","213","Non quality blocked","Wrist","1238"
"58","129","64","249","1","00:15:28","40","92","Non quality blocked","Default","1239"
"62","68","211","122","1","00:17:30","441","54","Non quality blocked","Default","1240"
"42","50","59","125","1","00:13:52","89","111","Quality blocked","Default","1241"
"75","169","123","111","1","00:17:31","79","222","Non quality blocked","Default","1243"
"83","110","6","85","1","00:15:30","196","37","Non quality blocked","Wrist","1244"
"181","191","123","252","1","00:13:53","440","124","Non quality blocked","Wrist","1245"
"24","5","6","123","1","00:13:54","105","193","Quality blocked","Wrist","1246"
"264","17","6","225","1","00:15:30","472","200","Quality blocked","Snap","1247"
"169","102","123","239","1","00:17:31","147","211","Non quality blocked","Snap","1248"
"125","11","123","132","1","00:13:54","501","86","Quality blocked","Default","1249"
"142","74","211","122","1","00:15:31","395","26","Non quality blocked","Default","1250"
"79","98","28","119","1","00:17:32","139","149","Quality blocked","Wrist","1251"
"78","90","22","97","1","00:13:55","448","136","Non quality blocked","Default","1252"
"35","52","59","125","1","00:17:32","93","67","Non quality blocked","Wrist","1253"
"40","56","59","71","1","00:15:32","453","250","Non quality blocked","Default","1254"
"247","61","28","247","1","00:17:33","463","72","Non quality blocked","Slap","1255"
"68","5","6","105","1","00:13:55","103","134","Quality blocked","Default","1256"
"65","98","28","267","1","00:17:33","441","207","Non quality blocked","Wrist","1257"
"15","50","222","162","1","00:15:32","519","190","Quality blocked","Default","1258"
"100","51","85","166","1","00:13:56","395","211","Non quality blocked","Wrist","1259"
"53","114","64","226","1","00:15:32","487","140","Quality blocked","Wrist","1261"
"99","83","28","236","1","00:13:56","56","227","Non quality blocked","Wrist","1262"
"83","52","59","37","1","00:17:35","91","157","Quality blocked","Wrist","1263"
"68","161","85","47","1","00:15:33","117","133","Quality blocked","Default","1264"
"224","167","6","151","1","00:13:57","172","236","Non quality blocked","Default","1265"
"50","138","28","106","1","00:17:37","391","274","Non quality blocked","Wrist","1266"
"56","34","155","177","1","00:15:33","93","138","Quality blocked","Default","1267"
"2","67","64","133","1","00:17:37","153","220","Non quality blocked","Wrist","1268"
"42","89","59","253","1","00:13:57","126","222","Quality blocked","Snap","1269"
"138","5","186","190","1","00:17:37","146","237","Non quality blocked","Default","1270"
"63","108","222","222","1","00:15:33","72","183","Quality blocked","Wrist","1271"
"232","30","228","269","1","00:17:37","197","69","Non quality blocked","Wrist","1272"
"115","68","64","111","1","00:13:58","467","223","Quality blocked","Default","1273"
"58","98","85","103","1","00:17:38","529","96","Non quality blocked","Wrist","1274"
"84","13","6","85","1","00:15:36","202","165","Non quality blocked","Wrist","1275"
"105","16","6","96","1","00:13:59","202","96","Non quality blocked","Wrist","1276"
"181","169","59","211","1","00:15:36","492","65","Non quality blocked","Wrist","1277"
"259","230","228","228","1","00:13:59","424","140","Non quality blocked","Wrist","1278"
"5","42","155","139","1","00:17:38","191","213","Non quality blocked","Default","1279"
"230","79","22","102","1","00:17:39","169","66","Non quality blocked","Default","1281"
"12","34","228","179","1","00:17:40","501","115","Quality blocked","Wrist","1283"
"98","65","64","67","1","00:17:43","146","243","Non quality blocked","Wrist","1284"
"67","30","28","67","1","00:15:37","410","110","Non quality blocked","Wrist","1285"
"210","256","41","234","1","00:13:59","150","82","Non quality blocked","Wrist","1286"
"75","227","155","177","1","00:15:37","146","125","Non quality blocked","Default","1287"
"62","1","41","234","1","00:15:37","113","102","Quality blocked","Wrist","1288"
"83","40","228","243","1","00:15:37","452","221","Non quality blocked","Wrist","1289"
"90","67","64","111","1","00:15:38","399","267","Non quality blocked","Default","1290"
"36","75","211","177","1","00:17:45","429","134","Non quality blocked","Default","1292"
"208","132","211","245","1","00:17:45","455","88","Non quality blocked","Wrist","1293"
"206","79","193","124","1","00:14:00","543","102","Non quality blocked","Default","1296"
"207","79","22","183","1","00:14:00","149","268","Non quality blocked","Wrist","1298"
"246","49","155","259","1","00:14:00","389","173","Non quality blocked","Default","1299"
"205","51","28","214","1","00:17:47","441","57","Non quality blocked","Wrist","1300"
"21","223","222","233","1","00:15:38","123","87","Quality blocked","Wrist","1301"
"104","38","155","130","1","00:17:48","459","229","Non quality blocked","Wrist","1302"
"129","35","155","183","1","00:17:48","442","60","Non quality blocked","Wrist","1303"
"11","316","85","263","1","00:15:38","207","98","Non quality blocked","Wrist","1304"
"67","38","222","222","1","00:17:48","169","74","Non quality blocked","Default","1305"
"16","101","70","52","1","00:17:51","469","216","Quality blocked","Default","1308"
"24","12","19","70","1","00:17:51","215","197","Non quality blocked","Default","1310"
"236","223","222","244","1","00:17:52","513","164","Quality blocked","Default","1311"
"205","223","59","120","1","00:15:41","141","223","Quality blocked","Default","1312"
"73","221","222","222","1","00:15:41","77","134","Quality blocked","Default","1314"
"181","62","59","101","1","00:17:53","459","82","Quality blocked","Wrist","1315"
"203","18","6","173","1","00:17:55","403","70","Non quality blocked","Wrist","1316"
"224","116","28","137","1","00:15:42","531","227","Non quality blocked","Wrist","1317"
"31","44","211","267","1","00:14:00","118","134","Quality blocked","Wrist","1318"
"185","189","22","123","1","00:17:56","396","273","Non quality blocked","Wrist","1319"
"189","79","28","247","1","00:17:56","464","218","Quality blocked","Wrist","1320"
"66","152","155","36","1","00:15:43","126","70","Non quality blocked","Default","1321"
"12","63","211","255","1","00:17:56","203","81","Non quality blocked","Slap","1322"
"224","79","28","236","1","00:14:02","133","121","Quality blocked","Wrist","1323"
"66","156","28","66","1","00:17:57","439","57","Non quality blocked","Default","1324"
"34","67","64","114","1","00:15:43","520","148","Quality blocked","Slap","1325"
"42","50","59","253","1","00:14:02","139","195","Quality blocked","Wrist","1326"
"13","83","28","87","1","00:14:03","405","261","Non quality blocked","Wrist","1327"
"53","227","59","215","1","00:15:43","144","135","Non quality blocked","Default","1328"
"65","129","22","40","1","00:17:58","454","168","Non quality blocked","Snap","1329"
"57","45","155","71","1","00:15:44","213","198","Non quality blocked","Default","1330"
"196","56","64","174","1","00:14:03","435","211","Non quality blocked","Wrist","1331"
"224","196","85","172","1","00:15:44","561","180","Non quality blocked","Default","1332"
"78","31","28","87","1","00:17:59","424","149","Non quality blocked","Snap","1334"
"115","69","64","84","1","00:14:05","531","177","Quality blocked","Default","1335"
"206","246","6","269","1","00:15:44","442","141","Non quality blocked","Wrist","1336"
"72","67","211","122","1","00:17:59","440","145","Non quality blocked","Default","1337"
"58","71","64","72","1","00:18:00","477","20","Non quality blocked","Default","1338"
"79","86","64","169","1","00:14:05","189","94","Non quality blocked","Default","1339"
"76","99","28","30","1","00:18:01","115","162","Quality blocked","Default","1341"
"69","11","123","88","1","00:14:06","456","236","Non quality blocked","Wrist","1342"
"49","55","59","69","1","00:18:02","394","118","Non quality blocked","Snap","1343"
"210","87","228","104","1","00:15:46","128","99","Quality blocked","Default","1344"
"67","97","123","153","1","00:14:06","447","104","Non quality blocked","Default","1345"
"100","84","28","67","1","00:14:07","415","208","Non quality blocked","Wrist","1347"
"110","67","64","145","1","00:18:03","444","223","Non quality blocked","Default","1348"
"50","38","228","135","1","00:15:46","165","99","Non quality blocked","Default","1349"
"87","76","64","164","1","00:14:07","451","96","Non quality blocked","Default","1350"
"224","230","228","125","1","00:18:04","471","81","Quality blocked","Default","1351"
"224","180","6","171","1","00:15:48","514","153","Quality blocked","Wrist","1354"
"35","20","123","43","1","00:18:05","531","157","Quality blocked","Wrist","1355"
"37","203","28","146","1","00:15:50","437","180","Non quality blocked","Wrist","1356"
"11","210","64","195","1","00:18:05","459","215","Quality blocked","Default","1357"
"16","62","59","69","1","00:14:09","453","261","Non quality blocked","Snap","1358"
"56","32","28","238","1","00:18:05","537","75","Non quality blocked","Wrist","1359"
"44","34","155","245","1","00:15:50","171","276","Non quality blocked","Slap","1360"
"71","4","59","108","1","00:18:07","391","39","Non quality blocked","Default","1364"
"35","90","193","124","1","00:18:08","398","139","Non quality blocked","Wrist","1365"
"167","89","64","105","1","00:15:51","533","273","Non quality blocked","Default","1366"
"84","11","59","231","1","00:18:08","444","194","Non quality blocked","Wrist","1367"
"75","12","6","133","1","00:18:09","417","213","Non quality blocked","Slap","1368"
"31","118","186","190","1","00:15:51","120","123","Quality blocked","Wrist","1369"
"180","42","155","143","1","00:18:09","517","195","Quality blocked","Default","1370"
"246","44","211","218","1","00:14:12","482","213","Quality blocked","Default","1371"
"11","4","222","191","1","00:18:10","392","152","Non quality blocked","Default","1372"
"74","32","85","138","1","00:15:52","417","27","Non quality blocked","Wrist","1373"
"246","99","155","250","1","00:18:10","106","117","Quality blocked","Default","1374"
"12","44","211","255","1","00:18:10","190","89","Non quality blocked","Slap","1375"
"89","62","59","129","1","00:15:54","483","90","Quality blocked","Default","1376"
"245","255","6","228","1","00:18:12","94","211","Quality blocked","Wrist","1377"
"79","115","59","231","1","00:18:12","459","25","Non quality blocked","Wrist","1378"
"213","87","228","104","1","00:15:55","131","198","Quality blocked","Default","1379"
"11","136","48","44","1","00:14:14","195","64","Non quality blocked","Default","1380"
"180","285","228","242","1","00:18:12","413","187","Non quality blocked","Default","1381"
"13","90","123","252","1","00:18:13","483","51","Non quality blocked","Default","1382"
"31","76","64","30","1","00:14:15","484","119","Quality blocked","Default","1383"
"167","33","155","56","1","00:14:15","463","249","Non quality blocked","Default","1385"
"26","62","59","106","1","00:15:55","207","88","Non quality blocked","Wrist","1386"
"68","104","123","88","1","00:14:15","414","260","Non quality blocked","Wrist","1387"
"11","138","155","211","1","00:14:15","205","19","Non quality blocked","Wrist","1388"
"169","65","64","169","1","00:15:55","159","239","Non quality blocked","Default","1389"
"74","195","22","159","1","00:18:14","167","75","Non quality blocked","Default","1390"
"61","38","155","71","1","00:14:16","125","152","Quality blocked","Default","1391"
"79","208","134","204","1","00:18:14","210","235","Non quality blocked","Wrist","1392"
"219","196","28","201","1","00:15:55","121","87","Quality blocked","Default","1393"
"88","67","64","72","1","00:18:15","428","66","Non quality blocked","Default","1395"
"75","50","59","122","1","00:15:57","125","147","Quality blocked","Default","1396"
"4","242","222","254","1","00:14:16","167","232","Non quality blocked","Wrist","1397"
"90","88","222","115","1","00:15:58","199","63","Non quality blocked","Wrist","1398"
"4","227","155","165","1","00:14:17","418","144","Non quality blocked","Default","1399"
"24","65","64","92","1","00:15:59","389","116","Non quality blocked","Default","1400"
"5","60","59","83","1","00:18:15","223","223","Non quality blocked","Default","1401"
"161","24","123","239","1","00:14:17","81","166","Quality blocked","Wrist","1402"
"32","219","59","106","1","00:18:15","113","223","Quality blocked","Wrist","1403"
"72","118","6","113","1","00:15:59","464","204","Quality blocked","Wrist","1405"
"21","32","28","156","1","00:18:15","489","159","Quality blocked","Wrist","1406"
"78","24","22","123","1","00:14:18","499","101","Quality blocked","Default","1407"
"11","57","222","207","1","00:18:15","476","195","Quality blocked","Default","1408"
"11","138","28","156","1","00:14:18","424","264","Non quality blocked","Wrist","1411"
"44","9","19","48","1","00:18:16","399","243","Non quality blocked","Default","1412"
"229","51","28","214","1","00:16:01","388","212","Non quality blocked","Wrist","1413"
"169","203","85","149","1","00:18:16","385","255","Non quality blocked","Wrist","1414"
"45","101","64","61","1","00:18:17","201","229","Non quality blocked","Default","1415"
"97","125","222","208","1","00:16:03","153","105","Non quality blocked","Wrist","1416"
"163","27","186","99","1","00:18:17","457","200","Quality blocked","Slap","1417"
"201","38","228","141","1","00:18:17","492","225","Quality blocked","Wrist","1418"
"219","247","22","219","1","00:14:18","206","70","Non quality blocked","Default","1420"
"115","47","154","73","1","00:18:18","206","154","Non quality blocked","Default","1421"
"65","5","6","45","1","00:16:05","110","70","Non quality blocked","Default","1422"
"251","52","6","269","1","00:14:18","412","223","Non quality blocked","Slap","1423"
"72","99","28","197","1","00:18:18","390","44","Non quality blocked","Wrist","1424"
"26","219","222","199","1","00:18:18","93","63","Non quality blocked","Wrist","1425"
"223","98","28","176","1","00:16:05","474","92","Quality blocked","Slap","1426"
"102","99","85","58","1","00:14:19","425","33","Non quality blocked","Wrist","1428"
"198","255","6","246","1","00:18:21","483","214","Quality blocked","Wrist","1429"
"38","207","64","128","1","00:16:07","407","234","Non quality blocked","Wrist","1430"
"87","203","85","170","1","00:16:07","423","223","Non quality blocked","Snap","1432"
"90","75","64","84","1","00:14:19","551","264","Non quality blocked","Default","1433"
"210","87","155","177","1","00:14:19","178","92","Non quality blocked","Default","1434"
"198","88","222","137","1","00:14:20","206","92","Non quality blocked","Wrist","1436"
"50","30","28","49","1","00:16:08","461","216","Quality blocked","Wrist","1437"
"87","209","64","114","1","00:18:22","442","101","Non quality blocked","Default","1438"
"98","11","123","33","1","00:16:09","116","121","Quality blocked","Wrist","1439"
"203","78","41","234","1","00:18:22","137","230","Non quality blocked","Wrist","1440"
"68","118","123","86","1","00:18:23","197","212","Non quality blocked","Default","1441"
"188","180","19","147","1","00:16:09","463","139","Quality blocked","Default","1442"
"207","232","6","228","1","00:18:23","190","224","Non quality blocked","Default","1443"
"90","63","134","204","1","00:18:24","103","95","Quality blocked","Wrist","1444"
"12","169","59","246","1","00:16:09","206","183","Non quality blocked","Slap","1445"
"206","253","28","214","1","00:18:24","459","243","Non quality blocked","Wrist","1446"
"76","129","22","40","1","00:16:10","478","134","Quality blocked","Wrist","1447"
"192","230","228","242","1","00:18:24","516","100","Quality blocked","Default","1448"
"104","199","28","262","1","00:14:20","141","63","Non quality blocked","Default","1449"
"115","196","85","175","1","00:18:25","158","116","Non quality blocked","Default","1450"
"188","61","64","169","1","00:14:21","201","236","Non quality blocked","Default","1451"
"90","220","222","115","1","00:16:10","167","40","Non quality blocked","Default","1452"
"159","148","41","35","1","00:14:22","399","257","Non quality blocked","Wrist","1453"
"149","169","59","246","1","00:16:10","104","159","Quality blocked","Snap","1454"
"236","157","28","262","1","00:18:25","170","60","Non quality blocked","Default","1455"
"169","208","64","195","1","00:18:26","456","123","Quality blocked","Default","1456"
"18","105","22","97","1","00:16:11","459","127","Quality blocked","Default","1457"
"196","244","211","261","1","00:16:11","205","11","Non quality blocked","Wrist","1458"
"63","62","59","129","1","00:16:12","501","115","Quality blocked","Default","1460"
"198","24","123","149","1","00:14:22","181","259","Non quality blocked","Wrist","1461"
"207","272","48","243","1","00:18:27","187","171","Non quality blocked","Default","1462"
"169","74","64","159","1","00:14:23","484","170","Quality blocked","Default","1463"
"246","44","211","218","1","00:14:23","472","217","Quality blocked","Default","1464"
"24","162","85","55","1","00:18:28","207","287","Non quality blocked","Default","1465"
"81","118","123","58","1","00:18:28","196","129","Non quality blocked","Wrist","1466"
"68","20","22","40","1","00:14:24","396","265","Non quality blocked","Wrist","1467"
"221","47","155","120","1","00:18:30","463","71","Non quality blocked","Wrist","1470"
"84","67","64","174","1","00:18:30","513","126","Quality blocked","Backhand","1471"
"242","169","59","215","1","00:16:14","77","245","Non quality blocked","Default","1472"
"230","4","59","135","1","00:14:24","439","61","Non quality blocked","Default","1474"
"33","71","222","165","1","00:16:16","68","142","Quality blocked","Wrist","1477"
"115","200","64","169","1","00:14:25","56","84","Non quality blocked","Default","1478"
"223","191","123","181","1","00:14:25","396","140","Non quality blocked","Wrist","1479"
"92","108","59","59","1","00:16:17","447","260","Non quality blocked","Default","1480"
"201","62","59","106","1","00:16:17","141","115","Quality blocked","Wrist","1481"
"2","67","64","184","1","00:14:25","141","191","Quality blocked","Wrist","1483"
"125","90","123","181","1","00:18:31","424","131","Non quality blocked","Wrist","1484"
"42","5","6","143","1","00:16:17","116","243","Non quality blocked","Default","1485"
"76","57","222","222","1","00:18:31","43","165","Quality blocked","Wrist","1486"
"68","97","123","88","1","00:14:27","518","148","Quality blocked","Default","1487"
"129","65","211","142","1","00:18:32","396","75","Non quality blocked","Default","1488"
"44","100","64","150","1","00:16:17","192","237","Non quality blocked","Default","1489"
"87","31","28","60","1","00:14:28","473","228","Non quality blocked","Default","1490"
"83","67","64","138","1","00:14:28","199","49","Non quality blocked","Wrist","1491"
"16","264","22","230","1","00:16:17","463","206","Quality blocked","Wrist","1492"
"189","219","222","244","1","00:16:17","511","133","Quality blocked","Default","1493"
"285","244","85","232","1","00:14:28","109","184","Quality blocked","Wrist","1494"
"188","39","28","262","1","00:18:32","209","226","Non quality blocked","Wrist","1495"
"224","99","28","176","1","00:16:18","465","103","Quality blocked","Wrist","1496"
"24","69","64","84","1","00:14:29","411","115","Non quality blocked","Default","1497"
"74","138","85","138","1","00:18:33","480","52","Non quality blocked","Wrist","1498"
"104","50","222","209","1","00:16:18","148","207","Non quality blocked","Wrist","1499"
"206","98","85","170","1","00:18:33","485","226","Quality blocked","Wrist","1500"
"31","60","228","258","1","00:14:30","507","191","Quality blocked","Snap","1501"
"161","30","228","217","1","00:18:33","434","208","Non quality blocked","Snap","1502"
"56","34","155","245","1","00:16:18","148","275","Non quality blocked","Wrist","1504"
"105","99","85","58","1","00:18:36","462","76","Quality blocked","Wrist","1505"
"90","131","64","90","1","00:18:36","178","69","Non quality blocked","Slap","1506"
"67","39","28","227","1","00:18:37","171","187","Non quality blocked","Wrist","1508"
"79","125","64","63","1","00:16:21","398","195","Non quality blocked","Default","1510"
"84","65","64","166","1","00:14:31","203","235","Non quality blocked","Wrist","1511"
"126","13","6","45","1","00:18:39","188","236","Non quality blocked","Default","1512"
"53","67","64","72","1","00:16:25","464","94","Quality blocked","Default","1513"
"68","104","123","88","1","00:14:32","494","148","Quality blocked","Wrist","1514"
"203","13","19","121","1","00:18:39","114","290","Non quality blocked","Wrist","1515"
"230","207","64","128","1","00:14:32","128","43","Non quality blocked","Wrist","1516"
"32","220","222","152","1","00:18:39","432","141","Non quality blocked","Wrist","1517"
"71","208","211","178","1","00:16:25","123","53","Non quality blocked","Wrist","1518"
"5","2","28","180","1","00:18:39","467","238","Non quality blocked","Slap","1519"
"11","99","85","58","1","00:14:33","489","244","Non quality blocked","Wrist","1520"
"78","74","64","184","1","00:16:25","174","213","Non quality blocked","Wrist","1521"
"12","67","64","105","1","00:14:33","411","88","Non quality blocked","Default","1522"
"61","150","41","53","1","00:16:26","479","183","Quality blocked","Default","1523"
"83","5","19","121","1","00:16:26","153","256","Non quality blocked","Wrist","1524"
"224","236","22","216","1","00:16:26","429","103","Non quality blocked","Wrist","1525"
"36","27","28","60","1","00:14:34","536","75","Non quality blocked","Wrist","1526"
"63","24","123","153","1","00:14:34","434","193","Non quality blocked","Wrist","1528"
"32","86","85","238","1","00:14:34","111","177","Quality blocked","Wrist","1529"
"232","138","85","138","1","00:16:32","428","222","Non quality blocked","Wrist","1530"
"181","50","59","113","1","00:16:33","165","141","Non quality blocked","Wrist","1533"
"84","72","222","200","1","00:14:35","431","46","Non quality blocked","Wrist","1534"
"229","88","222","260","1","00:14:35","125","158","Quality blocked","Default","1535"
"169","39","28","119","1","00:16:33","151","254","Non quality blocked","Wrist","1536"
"56","11","123","142","1","00:16:33","197","257","Non quality blocked","Default","1538"
"230","224","59","125","1","00:14:36","63","123","Quality blocked","Wrist","1539"
"224","2","6","185","1","00:14:37","448","234","Non quality blocked","Wrist","1540"
"52","23","22","230","1","00:14:37","396","73","Non quality blocked","Snap","1541"
"208","65","211","245","1","00:14:37","416","75","Non quality blocked","Snap","1542"
"204","78","6","269","1","00:14:37","519","245","Non quality blocked","Wrist","1543"
"58","163","85","103","1","00:14:38","441","263","Non quality blocked","Slap","1544"
"169","68","64","169","1","00:16:34","132","216","Quality blocked","Default","1545"
"68","227","59","257","1","00:14:38","188","125","Non quality blocked","Wrist","1546"
"149","11","59","246","1","00:16:34","68","97","Non quality blocked","Wrist","1547"
"20","99","85","33","1","00:14:39","417","145","Non quality blocked","Wrist","1548"
"67","38","155","150","1","00:14:40","417","129","Non quality blocked","Default","1550"
"58","23","123","160","1","00:14:40","196","192","Non quality blocked","Wrist","1551"
"141","2","6","65","1","00:16:35","507","240","Non quality blocked","Slap","1552"
"210","229","228","221","1","00:14:41","141","125","Quality blocked","Tip","1553"
"99","74","64","66","1","00:16:35","99","189","Quality blocked","Default","1554"
"205","79","28","214","1","00:14:42","513","220","Non quality blocked","Wrist","1555"
"269","101","222","233","1","00:14:44","122","195","Quality blocked","Default","1557"
"38","57","59","125","1","00:14:45","63","162","Quality blocked","Default","1558"
"126","5","19","29","1","00:14:46","462","60","Non quality blocked","Default","1559"
"224","12","6","127","1","00:14:46","141","109","Quality blocked","Default","1560"
"203","104","123","156","2","00:00:37","197","237","Non quality blocked","Wrist","1561"
"71","97","6","251","2","00:00:37","440","23","Non quality blocked","Default","1562"
"198","223","222","199","2","00:00:39","148","165","Non quality blocked","Wrist","1565"
"230","71","222","167","2","00:00:40","422","255","Non quality blocked","Default","1566"
"1","47","155","68","2","00:00:41","454","112","Non quality blocked","Default","1567"
"2","58","238","229","2","00:00:43","191","76","Non quality blocked","Slap","1568"
"42","167","123","247","2","00:00:43","92","217","Quality blocked","Snap","1569"
"196","40","228","221","2","00:00:46","184","182","Non quality blocked","Wrist","1570"
"89","11","123","153","1","00:14:46","537","115","Quality blocked","Default","1571"
"196","71","59","176","1","00:14:46","213","42","Non quality blocked","Wrist","1574"
"98","117","6","42","1","00:14:47","60","28","Non quality blocked","Wrist","1575"
"87","62","59","39","2","00:00:50","398","83","Non quality blocked","Snap","1576"
"56","26","85","138","1","00:14:47","426","63","Non quality blocked","Wrist","1577"
"76","99","28","66","2","00:00:50","417","244","Non quality blocked","Default","1578"
"34","74","134","189","1","00:14:47","469","234","Non quality blocked","Default","1579"
"7","20","22","70","2","00:00:50","396","267","Non quality blocked","Default","1580"
"38","50","59","71","2","00:00:50","117","96","Quality blocked","Default","1581"
"89","90","123","86","2","00:00:50","142","109","Quality blocked","Default","1582"
"161","11","123","207","2","00:00:50","129","151","Quality blocked","Wrist","1583"
"236","32","28","262","2","00:00:51","220","56","Non quality blocked","Wrist","1584"
"208","104","123","203","2","00:00:52","423","79","Non quality blocked","Default","1586"
"40","129","59","242","2","00:00:55","153","99","Non quality blocked","Default","1588"
"38","11","22","73","2","00:02:46","123","150","Quality blocked","Wrist","1589"
"31","132","85","238","2","00:02:46","150","41","Non quality blocked","Slap","1590"
"65","74","155","150","2","00:00:57","135","164","Quality blocked","Slap","1591"
"104","196","85","175","2","00:02:47","141","95","Quality blocked","Wrist","1592"
"20","149","6","225","2","00:02:47","497","158","Quality blocked","Snap","1593"
"32","5","6","87","2","00:00:58","144","225","Quality blocked","Slap","1594"
"147","246","6","269","2","00:02:47","441","167","Non quality blocked","Wrist","1595"
"280","83","28","214","2","00:00:58","389","32","Non quality blocked","Wrist","1596"
"47","17","6","139","2","00:02:49","388","87","Non quality blocked","Default","1597"
"285","42","48","243","2","00:01:00","87","228","Non quality blocked","Default","1598"
"78","206","228","228","2","00:02:52","441","87","Non quality blocked","Wrist","1599"
"44","53","222","222","2","00:01:01","83","90","Non quality blocked","Wrist","1600"
"56","102","22","241","2","00:02:52","137","189","Quality blocked","Default","1602"
"230","61","28","214","2","00:01:02","413","30","Non quality blocked","Wrist","1603"
"101","50","64","226","2","00:02:53","534","129","Quality blocked","Default","1604"
"62","192","123","207","2","00:01:03","206","38","Non quality blocked","Wrist","1605"
"231","129","22","107","2","00:01:04","500","152","Quality blocked","Default","1606"
"74","219","59","178","2","00:01:04","435","242","Non quality blocked","Wrist","1607"
"167","60","228","256","2","00:02:53","381","75","Non quality blocked","Wrist","1608"
"86","17","6","32","1","00:18:40","459","116","Quality blocked","Default","1610"
"203","53","222","268","2","00:02:53","409","60","Non quality blocked","Default","1611"
"219","195","123","244","2","00:02:55","214","153","Non quality blocked","Default","1612"
"162","73","64","30","2","00:02:58","429","134","Non quality blocked","Default","1614"
"100","83","28","67","1","00:18:40","531","82","Non quality blocked","Backhand","1615"
"256","44","211","255","2","00:02:59","127","95","Quality blocked","Default","1616"
"115","12","6","123","1","00:18:40","51","113","Non quality blocked","Wrist","1617"
"207","50","64","217","2","00:03:00","162","157","Non quality blocked","Snap","1618"
"189","253","28","247","2","00:03:00","469","38","Non quality blocked","Default","1621"
"148","79","123","51","1","00:18:41","464","166","Quality blocked","Default","1622"
"157","62","59","49","2","00:03:03","210","117","Non quality blocked","Wrist","1623"
"62","167","113","101","1","00:18:41","176","88","Non quality blocked","Wrist","1624"
"21","81","85","58","2","00:03:03","437","147","Non quality blocked","Wrist","1625"
"24","2","19","70","1","00:18:42","200","161","Non quality blocked","Default","1626"
"196","125","222","152","2","00:03:03","393","219","Non quality blocked","Wrist","1627"
"65","129","123","142","1","00:18:44","112","29","Non quality blocked","Default","1628"
"97","196","28","119","2","00:03:07","75","177","Quality blocked","Wrist","1629"
"167","74","211","210","1","00:18:44","215","35","Non quality blocked","Default","1630"
"23","51","85","149","2","00:03:07","471","89","Quality blocked","Wrist","1631"
"207","44","85","248","1","00:18:44","470","63","Non quality blocked","Wrist","1632"
"169","207","155","186","2","00:03:07","135","197","Quality blocked","Default","1633"
"98","183","6","173","1","00:18:45","509","191","Quality blocked","Snap","1634"
"4","99","28","201","1","00:18:45","180","62","Non quality blocked","Slap","1635"
"11","63","64","196","2","00:03:08","405","125","Non quality blocked","Default","1636"
"239","83","28","254","2","00:03:10","460","41","Non quality blocked","Wrist","1638"
"60","74","64","54","1","00:18:46","170","45","Non quality blocked","Snap","1639"
"62","101","64","54","2","00:03:12","193","261","Non quality blocked","Snap","1640"
"68","27","28","66","1","00:18:46","481","193","Quality blocked","Default","1641"
"169","65","64","153","2","00:03:12","205","47","Non quality blocked","Default","1642"
"42","101","222","165","2","00:03:13","117","126","Quality blocked","Snap","1643"
"44","51","85","170","1","00:18:46","466","135","Quality blocked","Wrist","1644"
"286","50","64","226","2","00:03:13","493","75","Quality blocked","Wrist","1645"
"84","67","64","67","2","00:03:14","141","221","Quality blocked","Wrist","1646"
"68","23","123","86","2","00:03:14","201","73","Non quality blocked","Default","1647"
"274","167","123","247","1","00:18:46","161","90","Non quality blocked","Wrist","1648"
"52","142","155","250","1","00:12:00","175","161","Non quality blocked","Default","1649"
"71","82","85","188","1","00:18:47","143","221","Quality blocked","Default","1650"
"24","61","64","196","1","00:12:02","389","171","Non quality blocked","Default","1653"
"56","99","85","158","1","00:12:03","108","123","Quality blocked","Default","1654"
"72","2","6","171","1","00:12:04","472","182","Quality blocked","Wrist","1656"
"44","49","155","261","1","00:12:05","440","243","Non quality blocked","Wrist","1657"
"57","200","28","137","1","00:12:07","535","221","Non quality blocked","Wrist","1658"
"243","89","59","220","1","00:12:07","168","167","Non quality blocked","Wrist","1659"
"58","26","28","176","1","00:12:08","441","203","Non quality blocked","Slap","1660"
"53","98","28","152","1","00:12:09","181","91","Non quality blocked","Wrist","1662"
"89","180","6","118","1","00:12:10","82","244","Non quality blocked","Default","1664"
"36","12","6","112","1","00:12:12","480","154","Quality blocked","Default","1665"
"84","73","211","227","1","00:12:12","384","241","Non quality blocked","Wrist","1666"
"20","99","85","58","1","00:12:15","421","235","Non quality blocked","Wrist","1667"
"198","34","155","161","1","00:12:15","64","91","Non quality blocked","Wrist","1668"
"63","229","228","248","1","00:12:15","137","195","Quality blocked","Wrist","1669"
"31","67","64","67","1","00:12:16","159","111","Non quality blocked","Slap","1671"
"40","31","28","146","1","00:12:16","399","177","Non quality blocked","Wrist","1672"
"71","47","155","114","1","00:12:17","75","211","Non quality blocked","Default","1673"
"209","50","59","129","1","00:12:18","478","63","Non quality blocked","Default","1675"
"219","203","85","188","1","00:12:18","117","208","Quality blocked","Default","1676"
"24","61","64","196","1","00:12:19","566","182","Non quality blocked","Default","1677"
"210","86","211","245","1","00:12:19","455","255","Non quality blocked","Wrist","1678"
"53","83","28","176","1","00:12:20","513","80","Non quality blocked","Wrist","1679"
"141","11","22","59","1","00:12:21","193","249","Non quality blocked","Default","1680"
"164","101","64","66","1","00:12:21","179","210","Non quality blocked","Default","1681"
"90","30","85","33","1","00:12:22","413","270","Non quality blocked","Wrist","1682"
"25","2","6","123","1","00:12:22","106","142","Quality blocked","Wrist","1683"
"56","99","85","138","1","00:12:23","416","19","Non quality blocked","Wrist","1684"
"285","18","6","228","1","00:12:24","106","98","Quality blocked","Wrist","1685"
"205","74","211","177","1","00:12:25","436","199","Non quality blocked","Default","1686"
"36","15","6","179","1","00:12:25","193","183","Non quality blocked","Wrist","1687"
"200","191","123","175","1","00:12:27","410","142","Non quality blocked","Wrist","1689"
"34","108","59","125","1","00:12:29","68","235","Non quality blocked","Snap","1690"
"63","169","123","203","1","00:12:29","520","25","Non quality blocked","Default","1691"
"11","198","85","168","1","00:12:30","191","141","Non quality blocked","Wrist","1692"
"16","200","28","99","1","00:12:31","98","196","Quality blocked","Wrist","1693"
"11","65","64","88","1","00:12:32","173","84","Non quality blocked","Default","1694"
"25","99","28","119","1","00:12:32","81","138","Quality blocked","Wrist","1695"
"53","83","28","176","1","00:12:32","496","83","Quality blocked","Wrist","1696"
"204","76","134","189","1","00:12:32","434","73","Non quality blocked","Default","1697"
"115","71","222","249","1","00:12:33","532","100","Non quality blocked","Default","1698"
"128","24","123","100","1","00:12:35","489","205","Quality blocked","Default","1699"
"11","47","228","217","1","00:12:35","543","171","Quality blocked","Wrist","1700"
"87","61","28","214","1","00:12:37","402","101","Non quality blocked","Wrist","1702"
"21","15","6","96","1","00:12:39","210","157","Non quality blocked","Wrist","1703"
"138","52","222","103","1","00:12:40","194","192","Non quality blocked","Wrist","1704"
"34","18","6","139","1","00:12:40","519","109","Quality blocked","Default","1705"
"32","11","123","149","1","00:12:41","202","185","Non quality blocked","Wrist","1706"
"194","2","6","123","1","00:12:42","109","105","Quality blocked","Wrist","1707"
"47","53","59","155","1","00:12:42","415","51","Non quality blocked","Default","1708"
"51","102","123","44","1","00:12:43","443","216","Non quality blocked","Wrist","1709"
"56","16","6","113","1","00:12:43","404","118","Non quality blocked","Wrist","1710"
"53","83","28","176","1","00:12:43","485","54","Non quality blocked","Wrist","1711"
"229","68","64","104","1","00:12:44","415","249","Non quality blocked","Wrist","1712"
"9","83","28","173","1","00:12:44","135","155","Quality blocked","Default","1713"
"84","74","64","166","2","00:04:49","99","67","Non quality blocked","Wrist","1714"
"16","44","41","48","2","00:04:50","114","197","Quality blocked","Default","1716"
"25","84","85","58","2","00:04:50","440","50","Non quality blocked","Wrist","1717"
"2","58","222","185","2","00:04:52","178","240","Non quality blocked","Default","1720"
"17","83","28","173","2","00:04:53","113","140","Quality blocked","Wrist","1721"
"223","245","228","212","2","00:04:53","195","30","Non quality blocked","Default","1722"
"53","5","113","101","2","00:04:54","62","264","Non quality blocked","Wrist","1723"
"204","50","222","165","2","00:04:54","100","156","Quality blocked","Snap","1724"
"253","44","211","267","2","00:04:54","213","243","Non quality blocked","Wrist","1725"
"51","74","64","166","2","00:04:55","156","211","Non quality blocked","Slap","1726"
"316","5","28","227","2","00:04:55","145","45","Non quality blocked","Snap","1727"
"88","84","85","172","2","00:04:57","115","97","Quality blocked","Default","1730"
"169","57","222","132","2","00:04:58","155","201","Non quality blocked","Wrist","1731"
"72","99","28","200","2","00:04:58","90","61","Non quality blocked","Default","1732"
"198","62","222","137","2","00:05:00","141","81","Quality blocked","Snap","1734"
"44","16","6","143","2","00:05:00","189","138","Non quality blocked","Default","1735"
"65","188","22","169","2","00:05:00","528","167","Quality blocked","Default","1736"
"11","53","222","181","2","00:05:01","215","12","Non quality blocked","Snap","1737"
"30","11","22","55","2","00:05:02","529","242","Non quality blocked","Default","1738"
"207","87","155","128","2","00:05:03","404","240","Non quality blocked","Default","1739"
"205","44","85","232","2","00:05:03","69","87","Non quality blocked","Wrist","1740"
"169","51","28","253","2","00:05:03","396","226","Non quality blocked","Wrist","1741"
"58","163","28","49","2","00:05:04","423","203","Non quality blocked","Slap","1742"
"32","1","6","180","2","00:05:04","211","225","Non quality blocked","Slap","1743"
"42","195","22","183","2","00:05:04","210","222","Non quality blocked","Wrist","1744"
"21","71","59","160","2","00:05:05","480","123","Quality blocked","Default","1747"
"149","51","28","60","2","00:05:07","494","105","Quality blocked","Wrist","1748"
"198","79","123","175","2","00:05:07","436","55","Non quality blocked","Default","1749"
"74","50","59","122","2","00:05:11","181","227","Non quality blocked","Default","1752"
"65","36","155","36","2","00:05:13","69","177","Quality blocked","Default","1754"
"2","207","64","133","2","00:05:13","165","225","Non quality blocked","Wrist","1755"
"89","219","59","178","2","00:05:14","454","110","Non quality blocked","Snap","1756"
"83","241","222","254","2","00:05:14","92","152","Quality blocked","Snap","1757"
"108","39","155","71","2","00:05:15","395","287","Non quality blocked","Default","1759"
"114","60","228","217","2","00:05:15","521","237","Non quality blocked","Wrist","1760"
"87","66","64","164","2","00:05:16","478","227","Quality blocked","Default","1762"
"68","114","22","84","2","00:05:17","88","43","Non quality blocked","Default","1763"
"67","9","6","105","2","00:05:17","167","215","Non quality blocked","Default","1764"
"205","32","28","110","2","00:05:17","427","147","Non quality blocked","Wrist","1765"
"32","208","64","158","2","00:05:18","424","201","Non quality blocked","Default","1767"
"75","99","85","166","2","00:05:18","398","174","Non quality blocked","Wrist","1768"
"21","5","28","262","2","00:05:19","140","197","Quality blocked","Wrist","1769"
"138","67","64","67","2","00:05:20","138","125","Quality blocked","Backhand","1770"
"12","30","28","190","2","00:05:20","393","97","Non quality blocked","Wrist","1771"
"114","1","186","99","2","00:05:21","435","244","Non quality blocked","Wrist","1772"
"25","45","154","73","2","00:05:22","453","213","Non quality blocked","Wrist","1773"
"44","76","134","189","2","00:05:22","444","130","Non quality blocked","Default","1774"
"190","180","19","126","2","00:05:24","152","207","Non quality blocked","Wrist","1775"
"138","71","59","176","2","00:05:24","174","44","Non quality blocked","Wrist","1776"
"99","91","22","55","2","00:05:26","543","121","Quality blocked","Wrist","1777"
"60","65","85","232","2","00:05:28","158","264","Non quality blocked","Wrist","1778"
"25","75","64","88","2","00:05:29","111","152","Quality blocked","Wrist","1781"
"34","84","28","110","2","00:05:29","493","161","Quality blocked","Wrist","1782"
"63","2","6","105","2","00:05:30","113","128","Quality blocked","Default","1783"
"183","203","28","190","2","00:05:30","473","75","Quality blocked","Default","1784"
"271","25","123","247","2","00:05:30","202","147","Non quality blocked","Wrist","1785"
"44","99","28","60","2","00:05:31","431","173","Non quality blocked","Wrist","1786"
"25","1","6","109","2","00:05:31","481","122","Quality blocked","Wrist","1787"
"24","286","222","219","2","00:05:31","397","72","Non quality blocked","Default","1788"
"190","180","19","126","2","00:05:32","141","175","Quality blocked","Default","1789"
"138","236","123","252","2","00:05:33","528","225","Non quality blocked","Wrist","1790"
"71","5","19","52","2","00:05:34","141","221","Quality blocked","Default","1791"
"128","88","222","199","2","00:05:34","74","240","Non quality blocked","Wrist","1792"
"108","249","228","212","2","00:05:35","213","200","Non quality blocked","Default","1793"
"74","220","59","122","2","00:05:36","169","185","Non quality blocked","Default","1794"
"11","104","123","239","2","00:05:36","103","126","Quality blocked","Default","1795"
"114","169","123","175","2","00:05:37","448","66","Non quality blocked","Default","1796"
"71","23","22","84","2","00:05:38","197","205","Non quality blocked","Default","1797"
"11","78","6","97","2","00:05:38","186","141","Non quality blocked","Default","1798"
"36","38","222","268","2","00:05:38","550","144","Quality blocked","Default","1799"
"25","101","222","191","2","00:05:39","432","111","Non quality blocked","Wrist","1801"
"18","242","238","251","2","00:05:39","93","248","Non quality blocked","Default","1802"
"31","169","22","131","2","00:05:40","167","190","Non quality blocked","Wrist","1803"
"87","90","123","43","2","00:05:41","70","114","Quality blocked","Snap","1807"
"125","84","85","47","2","00:05:41","47","126","Non quality blocked","Default","1808"
"230","31","85","170","2","00:05:41","404","131","Non quality blocked","Wrist","1809"
"11","185","6","220","2","00:05:42","508","215","Quality blocked","Wrist","1811"
"229","50","59","125","2","00:05:44","128","117","Quality blocked","Default","1814"
"2","35","155","68","2","00:05:45","471","89","Quality blocked","Default","1815"
"5","44","155","139","2","00:05:45","152","76","Non quality blocked","Default","1816"
"60","65","85","232","2","00:05:45","124","93","Quality blocked","Wrist","1817"
"34","91","193","124","2","00:05:47","415","149","Non quality blocked","Default","1819"
"253","192","222","264","2","00:05:47","205","180","Non quality blocked","Wrist","1820"
"78","91","22","50","2","00:05:48","453","82","Non quality blocked","Wrist","1822"
"66","118","22","84","2","00:05:48","113","227","Quality blocked","Default","1823"
"195","208","64","159","2","00:05:48","468","58","Non quality blocked","Default","1824"
"11","31","85","33","2","00:05:49","513","178","Quality blocked","Wrist","1825"
"12","21","123","147","2","00:05:50","208","210","Non quality blocked","Slap","1826"
"44","23","123","51","2","00:05:51","394","139","Non quality blocked","Wrist","1828"
"52","84","85","103","2","00:05:53","437","37","Non quality blocked","Wrist","1829"
"38","209","64","104","2","00:05:53","404","82","Non quality blocked","Wrist","1830"
"66","5","28","267","2","00:05:53","486","36","Non quality blocked","Wrist","1831"
"191","182","6","230","2","00:05:54","70","109","Quality blocked","Default","1832"
"264","245","228","256","2","00:05:54","399","260","Non quality blocked","Wrist","1833"
"192","33","155","183","2","00:05:56","513","125","Quality blocked","Snap","1834"
"99","88","222","199","2","00:05:56","148","92","Non quality blocked","Wrist","1835"
"65","51","28","154","2","00:05:57","495","123","Quality blocked","Tip","1837"
"56","101","59","129","2","00:05:58","406","121","Non quality blocked","Default","1838"
"229","31","28","146","2","00:05:58","481","240","Non quality blocked","Wrist","1839"
"129","196","28","156","2","00:05:58","405","47","Non quality blocked","Wrist","1840"
"203","12","6","180","2","00:05:58","193","65","Non quality blocked","Wrist","1841"
"83","71","64","67","2","00:05:59","219","44","Non quality blocked","Wrist","1842"
"230","52","59","135","2","00:05:59","484","249","Non quality blocked","Default","1843"
"221","32","28","199","2","00:05:59","490","54","Non quality blocked","Wrist","1844"
"31","230","228","243","2","00:05:59","491","200","Quality blocked","Snap","1845"
"4","196","28","199","2","00:06:01","469","111","Quality blocked","Wrist","1846"
"125","38","155","36","2","00:06:03","141","216","Quality blocked","Default","1848"
"18","84","28","99","2","00:06:03","103","153","Quality blocked","Wrist","1849"
"169","67","64","195","2","00:06:03","503","87","Quality blocked","Default","1850"
"99","220","59","106","2","00:06:04","210","205","Non quality blocked","Wrist","1851"
"50","15","6","246","2","00:06:04","475","166","Quality blocked","Wrist","1852"
"21","223","59","160","2","00:06:05","411","93","Non quality blocked","Wrist","1853"
"114","169","123","175","2","00:06:06","538","201","Non quality blocked","Default","1855"
"68","23","22","84","2","00:06:07","126","159","Quality blocked","Default","1856"
"67","11","22","204","2","00:06:08","412","151","Non quality blocked","Wrist","1857"
"49","31","28","85","2","00:06:09","469","207","Quality blocked","Backhand","1858"
"67","99","28","174","2","00:06:10","190","53","Non quality blocked","Wrist","1859"
"11","5","6","97","2","00:06:11","190","119","Non quality blocked","Default","1860"
"203","26","211","245","2","00:06:11","459","79","Quality blocked","Snap","1861"
"199","180","59","231","2","00:06:12","486","117","Quality blocked","Wrist","1862"
"42","60","228","243","2","00:06:12","510","46","Non quality blocked","Default","1863"
"51","38","41","39","2","00:06:13","202","26","Non quality blocked","Snap","1865"
"61","11","123","115","2","00:06:13","512","164","Quality blocked","Default","1866"
"34","62","59","120","2","00:06:13","185","136","Non quality blocked","Wrist","1867"
"11","66","211","142","2","00:06:14","398","224","Non quality blocked","Default","1869"
"9","68","64","29","2","00:06:15","111","153","Quality blocked","Default","1870"
"104","68","64","153","2","00:06:15","143","124","Quality blocked","Default","1871"
"118","104","22","123","2","00:06:16","403","224","Non quality blocked","Wrist","1872"
"72","30","28","30","2","00:06:18","194","141","Non quality blocked","Default","1874"
"47","51","28","214","2","00:06:18","399","225","Non quality blocked","Slap","1875"
"31","24","123","58","2","00:06:19","98","105","Quality blocked","Wrist","1876"
"50","9","6","34","2","00:06:21","443","107","Non quality blocked","Default","1878"
"161","206","228","167","2","00:06:21","108","217","Quality blocked","Default","1879"
"89","90","123","111","2","00:06:22","85","165","Quality blocked","Default","1881"
"36","50","222","165","2","00:06:22","89","199","Quality blocked","Wrist","1882"
"133","142","59","54","2","00:06:23","392","32","Non quality blocked","Snap","1883"
"242","206","228","212","2","00:06:23","205","261","Non quality blocked","Default","1884"
"13","44","155","143","2","00:06:24","412","233","Non quality blocked","Default","1886"
"71","191","22","191","2","00:06:24","162","149","Non quality blocked","Default","1887"
"56","118","186","187","2","00:06:25","486","114","Quality blocked","Default","1888"
"10","74","64","45","2","00:06:26","430","59","Non quality blocked","Default","1890"
"67","116","123","86","2","00:06:27","206","40","Non quality blocked","Default","1891"
"53","90","123","115","2","00:06:27","471","58","Non quality blocked","Wrist","1892"
"16","198","28","190","2","00:06:27","540","207","Non quality blocked","Default","1893"
"219","68","85","222","2","00:06:27","400","146","Non quality blocked","Wrist","1894"
"97","37","155","51","2","00:06:28","400","240","Non quality blocked","Default","1895"
"90","316","85","241","2","00:06:28","405","230","Non quality blocked","Wrist","1896"
"116","84","85","33","2","00:06:29","548","137","Quality blocked","Default","1897"
"57","1","6","83","2","00:06:30","519","101","Quality blocked","Default","1898"
"203","217","222","152","2","00:06:32","418","153","Non quality blocked","Wrist","1900"
"259","38","238","251","2","00:06:32","119","192","Quality blocked","Default","1901"
"78","88","59","101","2","00:06:33","397","273","Non quality blocked","Wrist","1902"
"169","30","228","223","2","00:06:33","189","213","Non quality blocked","Default","1903"
"87","1","6","68","2","00:06:34","196","65","Non quality blocked","Default","1904"
"21","249","228","256","2","00:06:34","428","159","Non quality blocked","Default","1905"
"79","229","228","258","2","00:06:34","529","153","Quality blocked","Wrist","1906"
"5","99","28","190","2","00:06:36","496","218","Quality blocked","Wrist","1907"
"68","246","6","255","2","00:06:36","429","99","Non quality blocked","Snap","1908"
"68","5","6","118","2","00:06:37","83","51","Non quality blocked","Default","1909"
"15","224","59","113","2","00:06:38","147","130","Non quality blocked","Wrist","1910"
"35","219","59","125","2","00:06:38","133","146","Quality blocked","Default","1911"
"67","30","228","248","2","00:06:38","117","73","Non quality blocked","Wrist","1912"
"88","66","64","41","2","00:06:39","215","146","Non quality blocked","Slap","1914"
"83","53","59","49","2","00:06:39","198","117","Non quality blocked","Wrist","1915"
"31","60","59","62","2","00:06:39","510","177","Quality blocked","Snap","1916"
"75","79","123","86","2","00:06:39","135","204","Quality blocked","Default","1917"
"76","169","123","196","2","00:06:39","167","231","Non quality blocked","Default","1918"
"84","97","22","131","2","00:06:40","189","140","Non quality blocked","Wrist","1919"
"34","74","64","164","2","00:06:40","485","201","Quality blocked","Default","1920"
"71","191","22","191","2","00:06:40","192","193","Non quality blocked","Wrist","1921"
"40","72","64","61","2","00:06:44","116","131","Quality blocked","Default","1923"
"75","118","123","63","2","00:06:44","51","51","Non quality blocked","Default","1924"
"63","188","22","195","2","00:06:44","100","107","Quality blocked","Default","1925"
"5","102","123","247","2","00:06:44","181","220","Non quality blocked","Wrist","1926"
"83","78","6","213","2","00:06:45","409","135","Non quality blocked","Slap","1927"
"32","23","123","58","2","00:06:46","159","118","Non quality blocked","Wrist","1928"
"126","45","155","36","2","00:06:47","111","178","Quality blocked","Default","1929"
"67","30","228","248","2","00:06:47","159","82","Non quality blocked","Wrist","1930"
"255","209","59","246","2","00:06:48","182","197","Non quality blocked","Wrist","1931"
"58","2","6","83","2","00:06:50","447","70","Non quality blocked","Default","1933"
"53","205","155","120","2","00:06:50","502","158","Quality blocked","Wrist","1934"
"56","219","59","129","2","00:06:50","459","56","Non quality blocked","Default","1935"
"32","56","211","227","2","00:06:51","490","195","Quality blocked","Wrist","1936"
"286","229","228","212","2","00:06:52","71","261","Non quality blocked","Default","1937"
"78","68","211","118","2","00:06:54","429","207","Non quality blocked","Default","1938"
"32","223","222","197","2","00:06:54","168","225","Non quality blocked","Slap","1939"
"78","42","41","48","2","00:06:55","93","116","Quality blocked","Default","1940"
"83","15","6","182","2","00:06:55","429","155","Non quality blocked","Wrist","1941"
"84","102","22","262","2","00:06:55","394","15","Non quality blocked","Wrist","1942"
"185","131","155","139","2","00:06:56","147","180","Non quality blocked","Default","1944"
"49","44","155","143","2","00:06:56","451","185","Non quality blocked","Default","1945"
"224","9","228","135","2","00:06:57","109","195","Quality blocked","Default","1946"
"44","13","6","148","2","00:06:57","213","226","Non quality blocked","Default","1947"
"142","180","59","266","2","00:06:57","155","78","Non quality blocked","Wrist","1948"
"188","213","211","100","2","00:06:58","204","163","Non quality blocked","Default","1949"
"99","24","22","131","2","00:06:58","194","225","Non quality blocked","Wrist","1950"
"58","201","28","137","2","00:06:58","485","224","Quality blocked","Wrist","1951"
"253","68","211","227","2","00:07:00","486","22","Non quality blocked","Wrist","1953"
"16","3","59","69","2","00:07:01","485","185","Quality blocked","Slap","1954"
"53","75","64","72","2","00:07:01","430","120","Non quality blocked","Default","1955"
"201","2","186","99","2","00:07:01","490","129","Quality blocked","Wrist","1956"
"2","74","64","45","2","00:07:02","507","23","Non quality blocked","Default","1957"
"36","61","59","71","2","00:07:04","154","63","Non quality blocked","Default","1958"
"9","32","28","258","2","00:07:05","132","148","Quality blocked","Snap","1959"
"198","56","85","263","2","00:07:07","117","110","Quality blocked","Snap","1960"
"32","68","64","67","2","00:07:08","189","126","Non quality blocked","Wrist","1961"
"89","24","123","196","2","00:07:08","88","150","Quality blocked","Default","1962"
"65","229","155","177","2","00:07:09","62","112","Non quality blocked","Default","1964"
"223","210","211","140","2","00:07:10","430","140","Non quality blocked","Wrist","1965"
"114","185","186","190","2","00:07:11","123","71","Non quality blocked","Wrist","1966"
"52","129","59","246","2","00:07:11","136","185","Quality blocked","Default","1967"
"47","157","28","60","2","00:07:16","397","264","Non quality blocked","Wrist","1968"
"207","286","222","260","2","00:07:16","179","233","Non quality blocked","Wrist","1969"
"34","90","22","102","2","00:07:17","73","128","Quality blocked","Default","1972"
"32","11","59","231","2","00:07:17","484","183","Quality blocked","Slap","1973"
"79","221","222","254","2","00:07:17","133","99","Quality blocked","Wrist","1974"
"32","23","22","262","2","00:07:17","407","165","Non quality blocked","Snap","1975"
"89","116","85","263","2","00:07:17","135","193","Quality blocked","Wrist","1976"
"208","21","123","203","2","00:07:18","448","126","Non quality blocked","Default","1977"
"32","51","59","37","2","00:07:19","124","205","Quality blocked","Wrist","1979"
"88","161","64","226","2","00:07:19","391","77","Non quality blocked","Default","1980"
"88","74","64","108","2","00:07:20","110","204","Quality blocked","Default","1981"
"63","99","85","116","2","00:07:20","141","213","Quality blocked","Default","1982"
"98","188","123","149","2","00:07:20","99","60","Non quality blocked","Wrist","1983"
"229","15","6","179","2","00:07:20","95","146","Quality blocked","Wrist","1984"
"101","203","28","199","2","00:07:20","459","181","Quality blocked","Wrist","1985"
"36","114","28","110","2","00:07:21","425","93","Non quality blocked","Wrist","1986"
"196","63","64","158","2","00:07:21","363","153","Non quality blocked","Default","1987"
"32","60","59","37","2","00:07:23","157","178","Non quality blocked","Snap","1988"
"87","12","6","143","2","00:07:23","148","241","Non quality blocked","Default","1989"
"83","1","6","42","2","00:07:25","205","168","Non quality blocked","Wrist","1992"
"73","224","155","245","2","00:07:26","68","102","Non quality blocked","Wrist","1993"
"75","99","28","30","2","00:07:27","143","105","Quality blocked","Default","1994"
"15","79","22","70","2","00:07:27","502","148","Quality blocked","Default","1995"
"55","83","28","49","2","00:07:32","445","124","Non quality blocked","Wrist","1997"
"251","42","28","258","2","00:07:32","141","72","Non quality blocked","Snap","1998"
"52","25","123","209","2","00:07:33","422","191","Non quality blocked","Wrist","1999"
"52","34","155","234","2","00:07:34","453","68","Non quality blocked","Wrist","2000"
"129","8","6","95","2","00:07:35","446","59","Non quality blocked","Default","2001"
"40","67","64","114","2","00:07:35","183","73","Non quality blocked","Slap","2002"
"11","63","48","44","2","00:07:37","137","201","Quality blocked","Wrist","2004"
"31","2","6","180","2","00:07:37","87","238","Non quality blocked","Wrist","2005"
"138","209","64","154","2","00:07:39","199","220","Non quality blocked","Wrist","2006"
"161","34","155","211","2","00:07:40","165","125","Non quality blocked","Wrist","2007"
"84","259","6","213","2","00:07:40","448","89","Non quality blocked","Snap","2008"
"11","66","211","257","2","00:07:40","505","153","Quality blocked","Slap","2009"
"253","76","211","267","2","00:07:41","203","190","Non quality blocked","Wrist","2010"
"84","101","64","47","2","00:07:42","483","212","Quality blocked","Default","2011"
"114","223","222","137","2","00:07:42","208","61","Non quality blocked","Wrist","2012"
"32","175","6","87","2","00:07:43","197","128","Non quality blocked","Wrist","2013"
"60","31","85","103","2","00:07:43","405","39","Non quality blocked","Wrist","2014"
"21","101","222","233","2","00:07:43","132","111","Quality blocked","Default","2015"
"201","74","211","116","2","00:07:44","480","140","Quality blocked","Default","2016"
"242","157","28","254","2","00:07:44","390","137","Non quality blocked","Wrist","2017"
"195","217","222","233","2","00:07:45","155","178","Non quality blocked","Default","2018"
"169","203","85","175","2","00:07:49","183","123","Non quality blocked","Wrist","2019"
"71","26","28","197","2","00:07:49","396","29","Non quality blocked","Wrist","2020"
"44","55","59","71","2","00:07:50","188","267","Non quality blocked","Default","2021"
"181","226","59","101","2","00:07:50","427","194","Non quality blocked","Default","2022"
"44","49","6","148","2","00:07:51","171","267","Non quality blocked","Slap","2023"
"25","5","28","262","2","00:07:51","122","112","Quality blocked","Wrist","2024"
"32","5","186","99","2","00:07:52","447","260","Non quality blocked","Wrist","2026"
"74","9","155","177","2","00:07:52","193","163","Non quality blocked","Default","2027"
"125","84","28","66","2","00:07:53","536","74","Non quality blocked","Default","2028"
"83","8","6","180","2","00:07:54","84","235","Non quality blocked","Wrist","2029"
"17","99","155","234","2","00:01:05","464","221","Quality blocked","Wrist","2030"
"17","79","123","126","2","00:01:07","477","160","Quality blocked","Wrist","2032"
"169","44","155","130","2","00:01:07","506","87","Quality blocked","Wrist","2034"
"44","51","28","146","2","00:07:55","398","44","Non quality blocked","Slap","2035"
"17","242","238","251","2","00:01:07","120","165","Quality blocked","Default","2036"
"138","169","123","168","2","00:07:56","513","191","Quality blocked","Wrist","2037"
"25","285","228","265","2","00:01:07","139","201","Quality blocked","Wrist","2038"
"39","99","28","60","2","00:07:57","505","35","Non quality blocked","Wrist","2039"
"68","30","228","248","2","00:01:08","193","57","Non quality blocked","Wrist","2040"
"15","52","222","185","2","00:01:09","147","172","Non quality blocked","Default","2041"
"87","125","222","165","2","00:07:57","111","184","Quality blocked","Snap","2042"
"84","87","155","46","2","00:01:10","497","37","Non quality blocked","Default","2043"
"42","24","123","186","2","00:07:57","481","165","Quality blocked","Default","2044"
"9","44","155","56","2","00:01:10","437","70","Non quality blocked","Slap","2045"
"17","209","59","246","2","00:07:57","194","137","Non quality blocked","Slap","2046"
"74","60","59","72","2","00:01:10","187","250","Non quality blocked","Default","2047"
"57","47","155","165","2","00:01:10","525","165","Quality blocked","Snap","2048"
"79","44","211","267","2","00:01:10","186","67","Non quality blocked","Wrist","2049"
"32","1","6","173","2","00:01:11","508","153","Quality blocked","Wrist","2051"
"114","23","123","175","2","00:01:11","442","192","Non quality blocked","Default","2052"
"201","161","59","176","2","00:01:11","137","186","Quality blocked","Default","2053"
"264","203","155","216","2","00:01:12","461","214","Quality blocked","Default","2054"
"230","183","6","228","2","00:01:12","103","87","Quality blocked","Snap","2055"
"36","169","193","124","2","00:01:13","514","230","Non quality blocked","Default","2056"
"16","1","155","234","2","00:01:13","459","121","Quality blocked","Wrist","2057"
"200","8","186","99","2","00:07:58","398","216","Non quality blocked","Wrist","2058"
"21","201","85","168","2","00:01:14","105","161","Quality blocked","Snap","2059"
"26","75","64","263","2","00:01:15","501","192","Quality blocked","Wrist","2061"
"7","20","22","70","2","00:01:16","407","216","Non quality blocked","Default","2062"
"79","230","155","102","2","00:01:16","485","57","Non quality blocked","Default","2064"
"63","99","28","154","2","00:07:59","565","119","Non quality blocked","Wrist","2065"
"229","210","64","114","2","00:08:00","75","137","Quality blocked","Slap","2066"
"205","2","6","143","2","00:08:00","87","189","Quality blocked","Default","2067"
"192","232","211","100","2","00:08:01","80","189","Quality blocked","Default","2068"
"185","189","22","230","2","00:01:16","434","138","Non quality blocked","Wrist","2069"
"87","5","6","32","2","00:01:17","479","62","Non quality blocked","Default","2070"
"42","60","59","53","2","00:01:17","102","258","Non quality blocked","Default","2071"
"203","13","186","190","2","00:08:01","219","267","Non quality blocked","Wrist","2072"
"57","230","155","165","2","00:01:19","522","119","Quality blocked","Snap","2073"
"84","223","222","199","2","00:08:02","146","291","Non quality blocked","Backhand","2074"
"65","87","155","36","2","00:01:20","117","121","Quality blocked","Default","2075"
"68","1","6","45","2","00:01:24","92","136","Quality blocked","Default","2078"
"72","99","28","176","2","00:08:03","507","141","Quality blocked","Tip","2079"
"11","149","19","134","2","00:01:25","209","39","Non quality blocked","Slap","2080"
"142","167","6","65","2","00:01:26","519","209","Non quality blocked","Default","2082"
"37","23","22","107","2","00:08:05","453","146","Non quality blocked","Wrist","2083"
"68","101","222","222","2","00:01:27","123","177","Quality blocked","Snap","2084"
"83","50","222","137","2","00:01:29","79","165","Quality blocked","Wrist","2085"
"209","76","211","257","2","00:01:29","513","278","Non quality blocked","Wrist","2086"
"125","32","28","67","2","00:08:06","431","213","Non quality blocked","Wrist","2087"
"66","223","59","140","2","00:01:31","113","154","Quality blocked","Default","2088"
"210","129","22","169","2","00:08:06","450","205","Non quality blocked","Default","2089"
"74","227","64","263","2","00:01:32","484","103","Quality blocked","Wrist","2090"
"53","167","6","65","2","00:01:33","525","201","Quality blocked","Default","2091"
"83","2","6","180","2","00:08:06","199","29","Non quality blocked","Wrist","2092"
"67","32","28","224","2","00:01:33","441","145","Non quality blocked","Wrist","2093"
"98","7","6","64","2","00:01:35","475","152","Quality blocked","Default","2095"
"20","180","59","239","2","00:08:06","504","94","Quality blocked","Wrist","2096"
"36","21","193","124","2","00:01:35","399","114","Non quality blocked","Wrist","2097"
"53","24","123","208","2","00:08:07","484","45","Non quality blocked","Default","2098"
"74","114","64","263","2","00:01:35","472","138","Quality blocked","Default","2099"
"11","100","211","142","2","00:01:36","399","129","Non quality blocked","Default","2102"
"161","2","6","171","2","00:01:36","431","57","Non quality blocked","Slap","2103"
"47","56","59","120","2","00:01:37","199","130","Non quality blocked","Wrist","2104"
"89","23","123","88","2","00:03:16","525","177","Quality blocked","Wrist","2105"
"62","31","28","152","2","00:01:37","104","123","Quality blocked","Snap","2106"
"78","99","28","64","2","00:08:08","72","74","Non quality blocked","Default","2109"
"223","180","59","215","2","00:03:19","207","132","Non quality blocked","Default","2111"
"83","30","228","243","2","00:08:08","419","227","Non quality blocked","Wrist","2112"
"221","84","28","199","2","00:01:37","498","171","Quality blocked","Tip","2113"
"68","217","222","235","2","00:03:19","162","195","Non quality blocked","Default","2114"
"98","180","19","121","2","00:08:09","123","152","Quality blocked","Wrist","2115"
"169","207","155","186","2","00:03:20","128","140","Quality blocked","Default","2116"
"86","196","155","261","2","00:03:20","522","210","Non quality blocked","Wrist","2118"
"142","200","85","172","2","00:08:09","69","203","Non quality blocked","Default","2119"
"163","88","59","49","2","00:01:38","180","244","Non quality blocked","Wrist","2120"
"12","146","155","68","2","00:03:21","484","126","Quality blocked","Default","2121"
"289","17","6","251","2","00:01:38","420","216","Non quality blocked","Default","2122"
"207","102","22","183","2","00:03:21","207","192","Non quality blocked","Wrist","2124"
"78","79","22","96","2","00:01:40","465","197","Quality blocked","Wrist","2125"
"110","226","59","101","2","00:08:10","513","196","Quality blocked","Wrist","2126"
"125","232","211","178","2","00:01:40","165","235","Non quality blocked","Wrist","2127"
"88","118","123","44","2","00:01:41","63","166","Quality blocked","Default","2129"
"16","44","211","255","2","00:03:22","123","54","Non quality blocked","Slap","2130"
"199","72","222","103","2","00:01:41","164","81","Non quality blocked","Wrist","2131"
"75","162","28","66","2","00:03:23","399","87","Non quality blocked","Default","2132"
"11","13","19","70","2","00:01:42","169","213","Non quality blocked","Default","2133"
"75","23","123","86","2","00:03:24","111","113","Quality blocked","Default","2135"
"205","196","28","146","2","00:03:24","435","209","Non quality blocked","Wrist","2136"
"230","201","28","110","2","00:03:25","474","283","Non quality blocked","Snap","2138"
"133","118","123","88","2","00:01:43","510","201","Quality blocked","Wrist","2139"
"224","230","228","221","2","00:01:43","109","186","Quality blocked","Wrist","2140"
"62","206","155","155","2","00:03:25","171","69","Non quality blocked","Default","2141"
"68","167","123","210","2","00:01:44","387","164","Non quality blocked","Wrist","2142"
"75","62","59","129","2","00:03:26","442","87","Non quality blocked","Default","2143"
"196","101","222","188","2","00:03:26","401","219","Non quality blocked","Default","2145"
"76","169","22","195","2","00:01:45","133","144","Quality blocked","Default","2146"
"189","2","155","216","2","00:03:26","490","184","Quality blocked","Backhand","2147"
"244","227","64","263","2","00:01:45","549","99","Non quality blocked","Wrist","2148"
"90","199","28","262","2","00:01:46","221","113","Non quality blocked","Wrist","2150"
"50","206","228","242","2","00:03:29","458","174","Quality blocked","Wrist","2151"
"221","47","228","167","2","00:03:30","102","95","Quality blocked","Default","2153"
"231","79","193","124","2","00:01:47","484","216","Quality blocked","Default","2154"
"66","138","155","261","2","00:01:47","462","188","Quality blocked","Wrist","2155"
"87","128","64","61","2","00:01:48","130","83","Quality blocked","Default","2156"
"129","53","59","160","2","00:03:31","378","150","Non quality blocked","Wrist","2157"
"232","223","59","140","2","00:01:48","135","94","Quality blocked","Default","2158"
"100","98","85","166","2","00:01:48","393","105","Non quality blocked","Wrist","2159"
"56","242","222","235","2","00:01:48","154","215","Non quality blocked","Default","2160"
"183","232","64","145","2","00:01:49","444","215","Non quality blocked","Default","2161"
"79","50","59","253","2","00:01:49","201","228","Non quality blocked","Wrist","2162"
"128","231","155","128","2","00:01:50","451","244","Non quality blocked","Default","2163"
"68","83","28","66","2","00:01:51","391","237","Non quality blocked","Default","2166"
"83","24","123","149","2","00:01:51","207","49","Non quality blocked","Wrist","2167"
"68","181","155","245","2","00:03:31","189","73","Non quality blocked","Default","2168"
"1","79","123","147","2","00:01:52","146","127","Non quality blocked","Default","2169"
"15","90","22","97","2","00:03:32","395","217","Non quality blocked","Wrist","2170"
"185","200","211","218","2","00:01:52","409","74","Non quality blocked","Wrist","2171"
"125","79","123","207","2","00:03:32","123","234","Non quality blocked","Wrist","2172"
"21","38","155","186","2","00:03:33","155","39","Non quality blocked","Wrist","2173"
"13","40","228","221","2","00:03:34","135","207","Quality blocked","Wrist","2174"
"21","2","19","134","2","00:01:53","99","117","Quality blocked","Default","2175"
"204","313","85","232","2","00:03:34","187","256","Non quality blocked","Wrist","2176"
"224","84","28","176","2","00:01:54","425","198","Non quality blocked","Wrist","2177"
"15","76","64","105","2","00:03:35","431","171","Non quality blocked","Default","2178"
"223","98","28","197","2","00:01:54","420","266","Non quality blocked","Wrist","2179"
"191","227","155","130","2","00:03:36","436","210","Non quality blocked","Wrist","2180"
"274","230","228","258","2","00:01:54","501","145","Quality blocked","Snap","2181"
"99","246","6","259","2","00:01:54","201","234","Non quality blocked","Wrist","2182"
"188","39","85","175","2","00:03:37","200","207","Non quality blocked","Wrist","2183"
"150","207","64","114","2","00:01:57","94","161","Quality blocked","Default","2184"
"221","244","85","222","2","00:03:37","472","109","Quality blocked","Default","2185"
"63","23","22","241","2","00:03:37","75","182","Quality blocked","Wrist","2186"
"223","129","123","209","2","00:01:57","412","58","Non quality blocked","Wrist","2187"
"194","16","6","123","2","00:03:38","191","53","Non quality blocked","Wrist","2188"
"47","169","64","217","2","00:03:38","153","199","Non quality blocked","Snap","2189"
"76","242","222","235","2","00:01:57","117","161","Quality blocked","Default","2190"
"76","217","222","235","2","00:03:38","155","154","Non quality blocked","Default","2191"
"62","73","211","122","2","00:01:58","406","176","Non quality blocked","Default","2192"
"23","13","19","70","2","00:03:39","207","142","Non quality blocked","Default","2194"
"65","84","85","158","2","00:02:02","375","38","Non quality blocked","Default","2195"
"62","34","155","71","2","00:02:04","424","214","Non quality blocked","Default","2197"
"11","207","228","217","2","00:03:41","446","254","Non quality blocked","Wrist","2198"
"313","223","222","222","2","00:02:04","151","181","Non quality blocked","Wrist","2199"
"34","188","123","252","2","00:03:42","509","173","Quality blocked","Default","2200"
"37","196","28","146","2","00:02:05","455","57","Non quality blocked","Wrist","2201"
"61","76","64","41","2","00:03:43","155","108","Non quality blocked","Snap","2202"
"223","26","28","176","2","00:02:06","421","57","Non quality blocked","Wrist","2203"
"189","12","19","126","2","00:03:43","142","73","Non quality blocked","Default","2204"
"158","167","6","64","2","00:02:07","513","165","Quality blocked","Default","2205"
"236","101","222","233","2","00:03:43","132","138","Quality blocked","Default","2206"
"129","73","64","196","2","00:03:44","480","169","Quality blocked","Default","2207"
"125","27","28","66","2","00:03:45","421","93","Non quality blocked","Default","2209"
"49","5","28","236","2","00:02:07","200","69","Non quality blocked","Wrist","2210"
"138","254","6","250","2","00:02:07","499","207","Quality blocked","Default","2211"
"60","44","228","135","2","00:03:45","187","37","Non quality blocked","Default","2212"
"201","75","64","166","2","00:02:08","111","217","Quality blocked","Wrist","2213"
"142","116","28","152","2","00:03:45","158","244","Non quality blocked","Wrist","2214"
"44","100","134","189","2","00:02:09","395","113","Non quality blocked","Default","2215"
"210","199","28","174","2","00:03:45","212","22","Non quality blocked","Wrist","2216"
"5","83","28","180","2","00:02:10","429","138","Non quality blocked","Wrist","2217"
"56","61","28","227","2","00:02:10","113","251","Non quality blocked","Wrist","2218"
"34","47","228","221","2","00:03:46","143","118","Quality blocked","Wrist","2219"
"63","71","64","72","2","00:02:13","443","215","Non quality blocked","Default","2220"
"52","32","28","49","2","00:03:47","397","18","Non quality blocked","Wrist","2221"
"129","128","64","84","2","00:02:14","405","79","Non quality blocked","Default","2222"
"109","129","22","96","2","00:02:14","484","200","Quality blocked","Default","2223"
"84","47","155","110","2","00:02:14","218","202","Non quality blocked","Wrist","2224"
"60","44","85","232","2","00:02:14","199","260","Non quality blocked","Wrist","2225"
"223","30","28","106","2","00:02:15","481","196","Quality blocked","Backhand","2226"
"38","20","193","124","2","00:02:15","382","170","Non quality blocked","Wrist","2227"
"223","167","22","219","2","00:02:15","144","249","Non quality blocked","Default","2228"
"89","313","85","263","2","00:02:15","197","170","Non quality blocked","Default","2229"
"87","15","6","179","2","00:03:47","132","200","Quality blocked","Wrist","2230"
"86","12","6","32","2","00:02:16","444","124","Non quality blocked","Default","2231"
"313","108","222","235","2","00:02:16","151","105","Non quality blocked","Default","2232"
"18","84","28","173","2","00:02:17","97","34","Non quality blocked","Wrist","2234"
"21","74","64","63","2","00:03:49","401","260","Non quality blocked","Default","2235"
"31","180","59","253","2","00:02:17","147","206","Non quality blocked","Wrist","2236"
"163","14","6","85","2","00:03:49","189","69","Non quality blocked","Slap","2237"
"5","230","155","139","2","00:02:18","190","147","Non quality blocked","Default","2238"
"60","199","28","106","2","00:03:50","445","10","Non quality blocked","Default","2239"
"229","185","6","143","2","00:02:18","130","207","Quality blocked","Default","2240"
"205","189","123","186","2","00:02:19","541","93","Non quality blocked","Wrist","2241"
"25","51","59","28","2","00:02:20","57","252","Non quality blocked","Wrist","2244"
"99","13","19","121","2","00:03:52","197","231","Non quality blocked","Wrist","2245"
"65","118","123","86","2","00:02:21","171","100","Non quality blocked","Default","2246"
"12","204","155","143","2","00:03:52","478","96","Quality blocked","Default","2247"
"97","223","222","206","2","00:02:21","475","101","Quality blocked","Wrist","2248"
"87","66","64","36","2","00:03:53","475","145","Quality blocked","Default","2249"
"72","11","123","209","2","00:02:21","517","142","Quality blocked","Wrist","2250"
"76","79","28","227","2","00:03:53","145","165","Non quality blocked","Wrist","2251"
"84","190","22","262","2","00:03:53","409","261","Non quality blocked","Wrist","2252"
"205","157","28","141","2","00:03:54","101","102","Quality blocked","Wrist","2253"
"289","5","28","254","2","00:02:22","397","243","Non quality blocked","Snap","2254"
"83","200","64","166","2","00:02:23","91","212","Quality blocked","Wrist","2256"
"47","21","123","43","2","00:03:55","513","170","Quality blocked","Default","2257"
"196","1","186","190","2","00:02:23","218","105","Non quality blocked","Wrist","2258"
"44","192","193","124","2","00:03:56","381","139","Non quality blocked","Default","2259"
"198","207","228","217","2","00:03:56","498","109","Quality blocked","Snap","2261"
"56","36","155","177","2","00:02:25","151","205","Non quality blocked","Wrist","2262"
"79","50","59","253","2","00:03:57","204","207","Non quality blocked","Snap","2263"
"8","83","85","42","2","00:03:58","389","244","Non quality blocked","Wrist","2265"
"68","39","85","116","2","00:02:26","198","249","Non quality blocked","Default","2266"
"208","84","85","138","2","00:02:26","443","187","Non quality blocked","Wrist","2267"
"25","62","48","44","2","00:03:58","111","193","Quality blocked","Wrist","2268"
"169","75","64","196","2","00:02:27","423","123","Non quality blocked","Default","2269"
"88","156","28","37","2","00:04:00","416","97","Non quality blocked","Default","2270"
"101","129","64","226","2","00:02:27","476","229","Non quality blocked","Wrist","2271"
"89","51","28","67","2","00:04:00","529","21","Non quality blocked","Wrist","2272"
"18","56","64","145","2","00:02:28","428","194","Non quality blocked","Default","2273"
"50","51","85","172","2","00:04:00","201","165","Non quality blocked","Default","2274"
"142","78","41","234","2","00:02:28","142","214","Quality blocked","Wrist","2275"
"203","72","222","200","2","00:04:00","393","57","Non quality blocked","Default","2276"
"167","199","28","262","2","00:02:31","203","61","Non quality blocked","Wrist","2277"
"63","79","28","267","2","00:04:00","474","99","Quality blocked","Wrist","2278"
"192","227","41","117","2","00:02:33","417","224","Non quality blocked","Wrist","2279"
"204","68","64","114","2","00:04:01","81","123","Quality blocked","Default","2280"
"129","49","155","211","2","00:04:02","171","248","Non quality blocked","Wrist","2281"
"129","13","6","94","2","00:04:03","438","100","Non quality blocked","Default","2282"
"115","56","211","142","2","00:04:03","513","121","Quality blocked","Default","2283"
"42","44","85","238","2","00:02:33","86","172","Quality blocked","Wrist","2284"
"201","180","6","173","2","00:04:05","515","142","Quality blocked","Snap","2289"
"224","79","22","206","2","00:02:36","105","72","Non quality blocked","Default","2290"
"11","56","85","263","2","00:04:07","207","50","Non quality blocked","Wrist","2293"
"21","180","59","239","2","00:02:37","459","142","Quality blocked","Wrist","2295"
"44","68","64","150","2","00:04:09","408","234","Non quality blocked","Default","2296"
"9","76","64","105","2","00:04:10","429","61","Non quality blocked","Default","2298"
"167","35","155","143","2","00:04:10","411","122","Non quality blocked","Default","2299"
"73","97","123","111","2","00:02:38","186","177","Non quality blocked","Default","2300"
"38","26","85","170","2","00:04:10","397","166","Non quality blocked","Wrist","2301"
"200","24","22","204","2","00:02:38","402","222","Non quality blocked","Wrist","2302"
"84","47","155","110","2","00:02:39","209","225","Non quality blocked","Wrist","2304"
"188","101","222","181","2","00:04:11","201","223","Non quality blocked","Slap","2305"
"57","2","6","69","2","00:04:12","112","74","Quality blocked","Snap","2307"
"316","229","228","232","2","00:02:40","493","76","Quality blocked","Snap","2308"
"100","51","28","67","2","00:04:13","475","112","Quality blocked","Wrist","2309"
"21","39","28","247","2","00:02:40","417","158","Non quality blocked","Default","2310"
"31","74","64","67","2","00:02:42","91","46","Non quality blocked","Wrist","2311"
"203","47","228","221","2","00:04:13","183","218","Non quality blocked","Wrist","2312"
"11","9","155","183","2","00:04:15","390","237","Non quality blocked","Wrist","2314"
"24","63","64","169","2","00:02:44","189","87","Non quality blocked","Default","2317"
"12","34","155","234","2","00:04:15","497","8","Non quality blocked","Default","2318"
"88","31","28","197","2","00:02:45","466","15","Non quality blocked","Wrist","2319"
"47","68","85","248","2","00:04:16","415","84","Non quality blocked","Wrist","2320"
"32","15","186","99","2","00:04:17","471","107","Quality blocked","Wrist","2321"
"32","12","6","89","2","00:04:18","454","184","Non quality blocked","Default","2322"
"198","62","59","176","2","00:04:18","153","68","Non quality blocked","Snap","2323"
"47","66","134","189","2","00:04:18","386","151","Non quality blocked","Default","2324"
"247","11","59","239","2","00:04:18","503","87","Quality blocked","Wrist","2325"
"75","24","123","92","2","00:08:25","197","111","Non quality blocked","Default","2327"
"26","62","222","199","2","00:04:19","115","213","Quality blocked","Wrist","2328"
"198","24","123","149","2","00:08:25","91","165","Quality blocked","Wrist","2329"
"11","99","155","211","2","00:08:25","213","15","Non quality blocked","Wrist","2330"
"245","39","28","258","2","00:08:25","119","84","Quality blocked","Snap","2331"
"86","51","28","227","2","00:08:26","448","177","Non quality blocked","Wrist","2332"
"76","79","28","267","2","00:04:20","496","77","Quality blocked","Default","2333"
"75","1","6","118","2","00:08:27","87","151","Quality blocked","Default","2334"
"30","79","123","156","2","00:08:27","97","225","Non quality blocked","Wrist","2336"
"76","129","22","169","2","00:08:27","472","171","Quality blocked","Default","2337"
"205","71","222","260","2","00:04:21","183","189","Non quality blocked","Snap","2340"
"79","205","155","183","2","00:08:28","405","168","Non quality blocked","Wrist","2341"
"42","67","64","36","2","00:04:22","525","180","Quality blocked","Default","2342"
"87","208","134","189","2","00:08:28","454","242","Non quality blocked","Default","2343"
"1","39","28","213","2","00:04:22","187","243","Non quality blocked","Default","2344"
"76","129","22","204","2","00:08:28","537","101","Non quality blocked","Wrist","2345"
"115","207","228","217","2","00:04:22","483","67","Non quality blocked","Wrist","2346"
"203","36","155","170","2","00:08:29","187","72","Non quality blocked","Wrist","2347"
"47","25","22","117","2","00:08:31","222","234","Non quality blocked","Default","2349"
"44","209","64","150","2","00:04:24","413","47","Non quality blocked","Default","2350"
"42","167","123","247","2","00:08:31","81","213","Non quality blocked","Snap","2351"
"5","74","70","52","2","00:08:35","411","219","Non quality blocked","Default","2353"
"11","39","154","73","2","00:04:26","390","155","Non quality blocked","Wrist","2354"
"61","38","222","264","2","00:08:35","99","181","Quality blocked","Wrist","2355"
"167","190","22","123","2","00:08:36","453","189","Non quality blocked","Wrist","2356"
"196","33","155","110","2","00:04:26","213","27","Non quality blocked","Wrist","2357"
"20","114","59","239","2","00:08:37","490","171","Quality blocked","Default","2358"
"90","100","64","86","2","00:04:27","393","214","Non quality blocked","Default","2359"
"91","150","155","102","2","00:08:38","473","188","Quality blocked","Default","2360"
"249","129","59","223","2","00:08:39","459","175","Quality blocked","Wrist","2362"
"60","114","59","223","2","00:04:28","471","170","Quality blocked","Default","2363"
"37","2","6","56","2","00:08:40","144","225","Quality blocked","Wrist","2364"
"62","163","28","49","2","00:04:29","390","201","Non quality blocked","Wrist","2365"
"11","221","222","249","2","00:08:40","407","147","Non quality blocked","Default","2366"
"11","30","85","58","2","00:04:29","394","123","Non quality blocked","Slap","2367"
"67","11","22","84","2","00:04:29","195","98","Non quality blocked","Default","2368"
"47","203","28","146","2","00:04:29","468","230","Non quality blocked","Slap","2369"
"44","83","28","46","2","00:04:31","127","87","Quality blocked","Default","2371"
"51","223","59","106","2","00:04:32","208","38","Non quality blocked","Wrist","2373"
"11","89","64","159","2","00:08:42","403","175","Non quality blocked","Default","2374"
"58","84","28","49","2","00:04:33","494","88","Quality blocked","Wrist","2375"
"71","5","19","29","2","00:08:43","503","157","Quality blocked","Default","2376"
"58","79","28","254","2","00:04:34","398","273","Non quality blocked","Wrist","2377"
"100","83","28","67","2","00:08:43","507","100","Quality blocked","Backhand","2378"
"183","56","211","255","2","00:04:34","117","201","Quality blocked","Snap","2379"
"53","99","28","201","2","00:04:35","161","147","Non quality blocked","Default","2381"
"167","90","123","126","2","00:08:43","387","240","Non quality blocked","Wrist","2382"
"219","44","85","222","2","00:04:35","507","150","Quality blocked","Default","2383"
"47","30","28","146","2","00:08:43","481","142","Quality blocked","Wrist","2384"
"24","51","28","247","2","00:04:37","477","18","Non quality blocked","Default","2385"
"32","47","228","214","2","00:08:43","178","215","Non quality blocked","Slap","2386"
"11","12","6","96","2","00:04:38","188","69","Non quality blocked","Default","2387"
"198","11","123","149","2","00:08:44","132","136","Quality blocked","Wrist","2388"
"11","2","6","109","2","00:04:38","403","215","Non quality blocked","Wrist","2389"
"42","67","64","36","2","00:04:40","440","244","Non quality blocked","Default","2390"
"5","32","28","87","2","00:08:45","518","177","Quality blocked","Wrist","2391"
"167","99","28","190","2","00:08:45","382","136","Non quality blocked","Wrist","2392"
"72","169","64","226","2","00:08:45","506","167","Quality blocked","Wrist","2393"
"208","97","22","204","2","00:08:47","407","52","Non quality blocked","Wrist","2395"
"108","244","211","235","2","00:04:40","439","198","Non quality blocked","Default","2396"
"78","242","222","237","2","00:08:47","475","186","Quality blocked","Default","2397"
"32","16","6","180","2","00:04:41","152","126","Non quality blocked","Snap","2398"
"75","63","211","257","2","00:08:47","405","265","Non quality blocked","Slap","2399"
"58","138","28","152","2","00:08:48","110","101","Quality blocked","Wrist","2401"
"185","99","28","173","2","00:08:48","158","51","Non quality blocked","Slap","2403"
"1","51","28","213","2","00:04:43","183","196","Non quality blocked","Snap","2404"
"75","68","211","257","2","00:08:48","450","224","Non quality blocked","Wrist","2405"
"52","5","6","151","2","00:08:49","210","273","Non quality blocked","Default","2407"
"44","79","22","102","2","00:04:44","92","217","Quality blocked","Default","2408"
"75","2","6","133","2","00:08:50","490","243","Non quality blocked","Wrist","2409"
"205","51","28","146","2","00:04:44","525","26","Non quality blocked","Snap","2410"
"196","189","123","119","2","00:08:52","476","170","Quality blocked","Wrist","2411"
"198","129","123","175","2","00:04:44","414","156","Non quality blocked","Wrist","2412"
"208","115","22","169","2","00:08:53","406","147","Non quality blocked","Default","2413"
"63","221","59","178","2","00:04:44","405","73","Non quality blocked","Slap","2414"
"203","52","6","259","2","00:04:44","216","111","Non quality blocked","Wrist","2415"
"205","101","222","260","2","00:04:44","177","142","Non quality blocked","Snap","2416"
"208","183","6","259","2","00:08:53","104","183","Quality blocked","Wrist","2417"
"231","188","193","124","2","00:08:10","498","209","Quality blocked","Default","2418"
"207","223","222","260","2","00:08:54","183","245","Non quality blocked","Default","2419"
"83","224","59","176","2","00:04:46","182","96","Non quality blocked","Wrist","2420"
"189","203","85","175","2","00:08:10","180","254","Non quality blocked","Wrist","2421"
"56","12","186","187","2","00:08:10","432","135","Non quality blocked","Default","2423"
"13","23","22","38","2","00:04:47","459","194","Quality blocked","Wrist","2424"
"75","51","28","67","2","00:08:13","422","70","Non quality blocked","Wrist","2426"
"76","102","123","142","2","00:04:47","93","124","Quality blocked","Default","2427"
"76","224","59","122","2","00:08:55","180","81","Non quality blocked","Default","2428"
"203","17","186","99","2","00:08:13","453","168","Non quality blocked","Wrist","2429"
"244","180","64","263","2","00:08:55","543","268","Non quality blocked","Backhand","2430"
"72","50","64","226","2","00:04:47","405","198","Non quality blocked","Wrist","2431"
"91","131","211","100","2","00:08:13","119","75","Quality blocked","Default","2432"
"87","316","85","232","2","00:08:56","92","115","Quality blocked","Wrist","2433"
"138","44","155","170","2","00:04:48","193","111","Non quality blocked","Wrist","2434"
"129","50","222","181","2","00:08:13","203","278","Non quality blocked","Wrist","2435"
"183","275","28","213","2","00:08:13","174","126","Non quality blocked","Snap","2437"
"39","223","59","176","2","00:04:48","122","202","Quality blocked","Wrist","2438"
"285","78","6","228","2","00:08:14","86","75","Non quality blocked","Snap","2440"
"63","51","28","227","2","00:04:48","123","158","Quality blocked","Wrist","2441"
"15","57","59","83","2","00:08:57","189","222","Non quality blocked","Default","2442"
"67","198","28","154","2","00:08:58","395","226","Non quality blocked","Wrist","2444"
"100","23","22","40","2","00:08:15","139","31","Non quality blocked","Wrist","2445"
"23","74","64","111","2","00:08:59","459","171","Quality blocked","Default","2446"
"98","142","59","176","2","00:09:00","213","28","Non quality blocked","Slap","2447"
"67","99","28","66","2","00:08:15","494","266","Non quality blocked","Default","2448"
"63","208","155","261","2","00:09:02","460","142","Quality blocked","Wrist","2449"
"25","44","85","241","2","00:09:03","423","224","Non quality blocked","Snap","2452"
"126","12","6","45","2","00:08:17","154","159","Non quality blocked","Default","2453"
"205","79","48","243","2","00:09:04","135","33","Non quality blocked","Default","2454"
"63","12","6","118","2","00:08:17","63","216","Non quality blocked","Default","2455"
"157","63","59","37","2","00:09:05","169","153","Non quality blocked","Wrist","2456"
"58","47","155","155","2","00:08:17","132","205","Quality blocked","Default","2457"
"50","47","41","53","2","00:09:05","399","249","Non quality blocked","Default","2458"
"98","264","123","247","2","00:09:05","62","227","Non quality blocked","Wrist","2460"
"86","195","123","210","2","00:08:17","394","251","Non quality blocked","Wrist","2461"
"86","167","6","56","2","00:10:21","108","99","Quality blocked","Wrist","2463"
"58","246","6","237","2","00:09:07","119","231","Non quality blocked","Default","2464"
"116","61","48","44","2","00:08:18","177","62","Non quality blocked","Slap","2466"
"210","84","85","116","2","00:09:09","173","237","Non quality blocked","Default","2468"
"128","1","6","105","2","00:08:18","65","36","Non quality blocked","Default","2469"
"125","31","28","176","2","00:10:22","483","210","Quality blocked","Wrist","2470"
"79","88","222","209","2","00:09:10","249","154","Non quality blocked","Default","2471"
"185","40","155","143","2","00:08:18","405","149","Non quality blocked","Default","2472"
"10","74","70","52","2","00:08:19","455","132","Non quality blocked","Default","2474"
"24","13","6","109","2","00:09:11","417","51","Non quality blocked","Wrist","2475"
"79","200","85","238","2","00:09:11","201","269","Non quality blocked","Wrist","2477"
"189","30","28","156","2","00:08:20","500","15","Non quality blocked","Default","2478"
"61","57","59","122","2","00:09:12","144","103","Quality blocked","Default","2479"
"52","13","6","171","2","00:10:23","445","202","Non quality blocked","Wrist","2480"
"210","24","22","159","2","00:08:20","84","113","Quality blocked","Default","2481"
"80","5","6","42","2","00:09:14","88","238","Non quality blocked","Wrist","2482"
"67","31","85","47","2","00:08:23","119","81","Quality blocked","Default","2483"
"42","264","22","262","2","00:09:14","490","53","Non quality blocked","Slap","2484"
"31","5","19","121","2","00:08:23","100","80","Quality blocked","Wrist","2485"
"12","203","28","99","2","00:09:15","177","237","Non quality blocked","Wrist","2486"
"129","25","123","239","2","00:10:26","191","226","Non quality blocked","Wrist","2487"
"205","149","6","269","2","00:09:16","468","219","Quality blocked","Wrist","2488"
"157","208","64","138","2","00:08:23","134","59","Non quality blocked","Wrist","2489"
"241","83","28","264","2","00:09:17","397","135","Non quality blocked","Wrist","2490"
"63","30","28","49","2","00:10:27","447","167","Non quality blocked","Wrist","2491"
"32","128","64","154","2","00:08:24","145","223","Non quality blocked","Wrist","2492"
"161","65","211","178","2","00:10:28","177","228","Non quality blocked","Snap","2494"
"68","195","22","169","2","00:08:24","431","179","Non quality blocked","Default","2495"
"161","20","22","206","2","00:09:18","179","125","Non quality blocked","Wrist","2496"
"140","74","85","263","2","00:10:28","83","44","Non quality blocked","Wrist","2497"
"180","185","6","220","2","00:09:20","440","213","Non quality blocked","Wrist","2498"
"53","73","64","108","2","00:10:29","158","52","Non quality blocked","Default","2499"
"73","30","28","174","2","00:10:29","57","218","Non quality blocked","Wrist","2501"
"60","149","6","151","2","00:09:21","169","149","Non quality blocked","Default","2502"
"87","12","6","179","2","00:10:29","119","151","Quality blocked","Wrist","2503"
"25","34","155","43","2","00:09:22","409","163","Non quality blocked","Wrist","2504"
"192","84","85","168","2","00:10:30","165","150","Non quality blocked","Wrist","2505"
"63","60","228","248","2","00:09:22","192","165","Non quality blocked","Wrist","2506"
"205","15","6","148","2","00:10:31","103","73","Quality blocked","Wrist","2508"
"31","79","123","33","2","00:12:19","163","27","Non quality blocked","Slap","2509"
"104","44","154","73","2","00:09:23","436","123","Non quality blocked","Default","2510"
"75","90","123","63","2","00:10:32","120","171","Quality blocked","Default","2511"
"12","244","211","218","2","00:12:19","448","103","Non quality blocked","Default","2512"
"30","47","228","141","2","00:09:23","412","37","Non quality blocked","Default","2513"
"224","24","123","208","2","00:10:33","411","216","Non quality blocked","Default","2514"
"181","163","28","99","2","00:12:20","108","82","Quality blocked","Slap","2515"
"32","185","6","213","2","00:09:23","438","202","Non quality blocked","Snap","2516"
"161","39","28","199","2","00:12:21","459","156","Quality blocked","Wrist","2517"
"12","31","28","190","1","00:18:48","387","192","Non quality blocked","Wrist","2518"
"11","196","85","175","2","00:09:24","108","267","Non quality blocked","Slap","2519"
"182","2","155","234","2","00:12:21","457","230","Non quality blocked","Wrist","2522"
"7","76","70","52","2","00:10:35","420","178","Non quality blocked","Default","2523"
"72","108","59","72","1","00:18:52","217","150","Non quality blocked","Default","2524"
"274","44","85","238","2","00:09:24","129","161","Quality blocked","Tip","2525"
"210","203","85","166","2","00:12:22","444","116","Non quality blocked","Wrist","2526"
"24","209","211","142","2","00:09:25","393","47","Non quality blocked","Default","2529"
"201","219","222","199","2","00:10:35","111","147","Quality blocked","Wrist","2530"
"68","17","6","105","2","00:12:23","150","177","Non quality blocked","Default","2531"
"185","49","155","250","2","00:09:25","185","250","Non quality blocked","Snap","2532"
"11","76","64","63","1","00:18:54","390","163","Non quality blocked","Default","2533"
"87","63","64","164","2","00:12:23","502","221","Quality blocked","Default","2534"
"88","195","123","209","1","00:18:55","507","106","Quality blocked","Wrist","2535"
"11","84","85","55","2","00:09:26","145","69","Non quality blocked","Wrist","2536"
"42","74","211","227","2","00:10:35","469","90","Quality blocked","Wrist","2537"
"180","274","28","253","1","00:18:55","439","185","Non quality blocked","Wrist","2538"
"20","53","222","209","2","00:12:23","202","134","Non quality blocked","Default","2539"
"34","17","6","112","2","00:10:36","401","83","Non quality blocked","Wrist","2540"
"223","24","123","115","2","00:12:24","504","232","Non quality blocked","Default","2542"
"129","60","228","242","1","00:18:56","408","77","Non quality blocked","Default","2543"
"12","76","64","29","1","00:18:57","140","64","Non quality blocked","Default","2544"
"223","47","282","260","2","00:10:36","509","174","Quality blocked","Backhand","2545"
"210","51","85","116","2","00:12:24","139","254","Non quality blocked","Default","2546"
"87","221","59","120","1","00:18:57","201","27","Non quality blocked","Wrist","2547"
"24","63","48","44","2","00:10:37","209","105","Non quality blocked","Wrist","2548"
"203","212","6","250","1","00:18:57","406","37","Non quality blocked","Default","2549"
"63","44","155","150","2","00:12:24","504","63","Non quality blocked","Default","2550"
"78","196","155","234","2","00:09:26","533","194","Non quality blocked","Snap","2551"
"24","5","6","50","1","00:18:58","211","284","Non quality blocked","Slap","2552"
"87","5","6","68","2","00:10:37","179","65","Non quality blocked","Default","2553"
"198","187","123","119","1","00:18:58","527","157","Quality blocked","Default","2554"
"157","18","6","213","2","00:09:28","453","194","Non quality blocked","Snap","2555"
"11","31","85","149","2","00:12:25","385","231","Non quality blocked","Wrist","2556"
"51","221","222","199","1","00:18:58","201","57","Non quality blocked","Snap","2557"
"210","50","59","122","2","00:09:31","153","64","Non quality blocked","Default","2558"
"58","83","28","137","1","00:18:59","490","17","Non quality blocked","Wrist","2559"
"72","84","85","172","1","00:18:59","83","118","Quality blocked","Default","2561"
"223","195","123","244","2","00:09:31","160","151","Non quality blocked","Default","2562"
"190","83","85","175","1","00:19:00","218","204","Non quality blocked","Default","2563"
"192","78","186","147","2","00:12:26","404","51","Non quality blocked","Wrist","2564"
"71","9","19","52","2","00:09:32","181","223","Non quality blocked","Default","2565"
"229","73","85","232","1","00:19:00","156","107","Non quality blocked","Wrist","2566"
"255","88","222","237","2","00:10:37","463","141","Quality blocked","Default","2567"
"83","36","155","60","1","00:19:01","141","98","Quality blocked","Wrist","2568"
"63","224","59","140","2","00:12:27","89","147","Quality blocked","Default","2569"
"60","5","6","69","2","00:12:28","202","255","Non quality blocked","Snap","2571"
"58","83","28","137","1","00:19:02","523","87","Non quality blocked","Wrist","2572"
"63","156","28","49","1","00:19:03","489","219","Quality blocked","Wrist","2574"
"185","199","28","99","2","00:12:28","193","141","Non quality blocked","Wrist","2575"
"20","71","64","88","2","00:10:38","70","155","Quality blocked","Wrist","2576"
"52","5","6","171","2","00:10:38","394","151","Non quality blocked","Snap","2577"
"168","10","6","87","2","00:09:32","69","94","Non quality blocked","Wrist","2578"
"68","99","85","138","2","00:10:39","425","217","Non quality blocked","Wrist","2579"
"243","21","22","230","2","00:12:28","488","101","Quality blocked","Wrist","2580"
"206","200","85","232","2","00:12:28","102","257","Non quality blocked","Snap","2582"
"245","212","6","228","2","00:09:32","107","235","Non quality blocked","Wrist","2583"
"101","280","282","260","2","00:12:28","184","156","Non quality blocked","Wrist","2584"
"138","47","228","240","2","00:10:40","452","201","Non quality blocked","Snap","2585"
"169","56","64","196","2","00:12:29","524","105","Quality blocked","Default","2587"
"87","62","222","165","1","00:19:03","61","151","Quality blocked","Default","2589"
"56","7","6","83","2","00:12:30","405","116","Non quality blocked","Default","2590"
"62","12","6","69","2","00:09:33","208","54","Non quality blocked","Slap","2592"
"68","35","155","36","2","00:12:31","141","153","Quality blocked","Default","2593"
"60","248","64","217","1","00:19:03","201","198","Non quality blocked","Snap","2594"
"5","23","22","98","2","00:09:33","213","227","Non quality blocked","Default","2595"
"67","201","28","174","2","00:10:41","191","186","Non quality blocked","Wrist","2596"
"12","115","22","96","1","00:19:04","429","69","Non quality blocked","Wrist","2597"
"66","183","6","118","2","00:12:31","86","241","Non quality blocked","Default","2598"
"25","223","59","144","1","00:19:04","488","255","Non quality blocked","Default","2599"
"129","40","155","43","2","00:10:42","155","230","Non quality blocked","Wrist","2600"
"84","13","6","64","2","00:12:32","408","63","Non quality blocked","Default","2601"
"83","183","6","213","1","00:19:04","401","82","Non quality blocked","Snap","2602"
"98","188","123","247","2","00:09:34","207","97","Non quality blocked","Default","2603"
"10","91","22","50","2","00:10:42","396","34","Non quality blocked","Wrist","2604"
"180","230","155","112","1","00:19:06","135","187","Quality blocked","Wrist","2605"
"11","66","211","136","2","00:10:42","187","118","Non quality blocked","Wrist","2606"
"2","191","22","216","1","00:19:06","184","197","Non quality blocked","Default","2607"
"11","66","64","88","2","00:09:35","181","57","Non quality blocked","Wrist","2608"
"98","242","222","254","2","00:10:42","68","26","Non quality blocked","Wrist","2609"
"115","99","85","175","2","00:12:32","85","82","Non quality blocked","Wrist","2611"
"31","67","64","166","2","00:09:35","122","144","Quality blocked","Wrist","2612"
"215","98","85","103","2","00:10:43","436","241","Non quality blocked","Wrist","2613"
"11","36","155","183","2","00:12:32","386","284","Non quality blocked","Wrist","2614"
"110","194","22","134","2","00:10:43","498","124","Quality blocked","Slap","2615"
"280","71","222","212","2","00:10:43","468","196","Quality blocked","Default","2616"
"5","83","28","87","2","00:12:33","402","44","Non quality blocked","Wrist","2617"
"11","253","28","253","1","00:19:07","421","262","Non quality blocked","Wrist","2618"
"208","223","59","178","2","00:09:36","441","267","Non quality blocked","Default","2619"
"39","5","6","68","2","00:10:44","153","111","Non quality blocked","Default","2620"
"38","183","6","251","1","00:19:08","397","22","Non quality blocked","Default","2622"
"30","7","6","85","2","00:09:37","144","281","Non quality blocked","Wrist","2623"
"76","36","228","189","2","00:12:34","205","165","Non quality blocked","Default","2624"
"67","25","22","195","2","00:09:37","187","181","Non quality blocked","Default","2625"
"34","208","64","150","2","00:09:38","441","172","Non quality blocked","Default","2626"
"229","71","222","212","2","00:09:38","460","224","Quality blocked","Default","2628"
"2","53","59","83","1","00:19:09","191","245","Non quality blocked","Default","2629"
"11","63","64","203","2","00:12:37","201","102","Non quality blocked","Default","2630"
"99","90","123","156","1","00:19:09","207","266","Non quality blocked","Wrist","2632"
"87","78","6","179","2","00:10:44","145","132","Non quality blocked","Wrist","2633"
"21","87","155","186","1","00:19:09","159","172","Non quality blocked","Wrist","2634"
"11","31","28","156","2","00:09:39","412","165","Non quality blocked","Wrist","2635"
"87","192","222","260","2","00:12:37","61","107","Non quality blocked","Wrist","2636"
"205","188","22","117","2","00:09:40","181","168","Non quality blocked","Default","2638"
"23","5","28","262","2","00:12:37","138","87","Quality blocked","Wrist","2639"
"210","1","6","250","1","00:19:10","497","166","Quality blocked","Default","2640"
"75","73","85","263","2","00:10:44","105","155","Quality blocked","Snap","2641"
"11","40","228","217","2","00:09:40","415","147","Non quality blocked","Wrist","2642"
"98","53","59","176","1","00:19:11","105","153","Quality blocked","Wrist","2643"
"79","66","211","100","2","00:12:38","197","86","Non quality blocked","Default","2644"
"263","208","155","216","2","00:10:45","150","180","Non quality blocked","Wrist","2646"
"5","99","28","121","1","00:19:12","406","57","Non quality blocked","Wrist","2647"
"188","98","28","247","2","00:12:39","442","89","Non quality blocked","Wrist","2648"
"89","163","85","47","1","00:19:13","118","242","Non quality blocked","Default","2650"
"316","75","59","257","1","00:19:13","140","140","Quality blocked","Snap","2652"
"104","210","211","100","2","00:09:41","123","57","Non quality blocked","Default","2653"
"62","26","28","199","2","00:12:40","396","30","Non quality blocked","Slap","2654"
"50","51","85","188","2","00:09:41","211","53","Non quality blocked","Default","2656"
"76","24","123","88","1","00:19:14","535","196","Non quality blocked","Wrist","2657"
"209","200","85","263","2","00:12:40","42","171","Non quality blocked","Wrist","2658"
"25","2","6","97","2","00:10:51","117","75","Quality blocked","Default","2659"
"208","114","28","154","2","00:09:42","483","91","Quality blocked","Wrist","2660"
"236","63","211","210","2","00:10:51","223","13","Non quality blocked","Wrist","2662"
"99","44","155","161","2","00:09:42","513","106","Quality blocked","Wrist","2663"
"63","196","155","245","2","00:12:41","198","61","Non quality blocked","Slap","2664"
"31","189","123","247","1","00:19:14","147","73","Non quality blocked","Wrist","2665"
"219","25","22","233","2","00:09:42","406","265","Non quality blocked","Default","2666"
"167","37","155","143","2","00:12:44","431","132","Non quality blocked","Default","2667"
"224","229","228","240","2","00:09:42","426","110","Non quality blocked","Wrist","2668"
"15","13","155","234","2","00:10:53","512","152","Quality blocked","Wrist","2669"
"191","251","228","256","2","00:09:42","433","195","Non quality blocked","Slap","2670"
"21","57","222","219","1","00:19:15","401","225","Non quality blocked","Default","2673"
"128","73","211","227","2","00:12:45","433","216","Non quality blocked","Snap","2675"
"57","5","6","65","1","00:19:16","502","107","Quality blocked","Wrist","2676"
"25","12","6","97","2","00:09:44","150","244","Non quality blocked","Default","2677"
"185","199","28","99","2","00:12:47","195","139","Non quality blocked","Slap","2678"
"89","23","123","153","2","00:10:54","507","146","Quality blocked","Wrist","2679"
"209","56","85","263","1","00:19:16","62","99","Non quality blocked","Wrist","2680"
"205","188","22","117","2","00:09:44","168","210","Non quality blocked","Default","2681"
"196","18","19","121","2","00:12:47","203","155","Non quality blocked","Wrist","2682"
"47","40","123","43","1","00:19:17","486","94","Quality blocked","Default","2683"
"90","101","222","181","2","00:10:55","193","126","Non quality blocked","Snap","2684"
"21","99","28","156","2","00:12:47","435","198","Non quality blocked","Wrist","2685"
"63","229","228","232","2","00:10:55","492","37","Non quality blocked","Default","2686"
"185","4","222","162","2","00:12:47","426","202","Non quality blocked","Default","2687"
"72","169","64","226","1","00:19:18","421","281","Non quality blocked","Wrist","2688"
"21","99","155","216","2","00:12:47","417","194","Non quality blocked","Default","2689"
"71","1","6","105","1","00:19:19","125","141","Quality blocked","Default","2690"
"68","17","6","105","2","00:12:48","117","110","Quality blocked","Default","2691"
"56","26","85","138","2","00:09:44","411","58","Non quality blocked","Wrist","2692"
"221","51","28","254","2","00:12:48","401","77","Non quality blocked","Wrist","2694"
"118","158","85","55","1","00:19:20","197","73","Non quality blocked","Default","2695"
"24","175","19","126","2","00:10:56","217","260","Non quality blocked","Default","2696"
"47","75","64","36","1","00:19:21","418","228","Non quality blocked","Default","2697"
"32","12","6","89","2","00:12:50","494","195","Quality blocked","Default","2698"
"16","99","155","259","1","00:19:21","429","62","Non quality blocked","Wrist","2699"
"90","63","64","195","2","00:11:00","409","156","Non quality blocked","Default","2700"
"63","90","22","159","2","00:09:44","202","177","Non quality blocked","Default","2701"
"223","24","123","115","2","00:12:50","463","197","Quality blocked","Default","2702"
"114","229","228","242","1","00:19:22","427","130","Non quality blocked","Default","2703"
"61","47","228","189","2","00:09:44","163","200","Non quality blocked","Default","2704"
"71","79","123","86","1","00:19:23","165","93","Non quality blocked","Default","2705"
"245","316","85","248","2","00:11:00","460","195","Quality blocked","Default","2706"
"75","87","155","128","2","00:12:50","478","148","Quality blocked","Default","2707"
"32","101","59","106","1","00:19:23","213","137","Non quality blocked","Slap","2708"
"163","44","155","60","2","00:09:45","162","39","Non quality blocked","Wrist","2709"
"36","23","123","252","2","00:11:00","526","182","Quality blocked","Wrist","2710"
"169","138","85","168","1","00:19:23","159","81","Non quality blocked","Wrist","2711"
"2","157","28","64","2","00:11:02","117","51","Non quality blocked","Default","2712"
"13","83","28","173","1","00:19:23","129","190","Quality blocked","Backhand","2713"
"61","72","64","72","2","00:09:45","411","117","Non quality blocked","Default","2714"
"74","189","22","169","2","00:11:05","405","29","Non quality blocked","Default","2715"
"71","189","22","233","2","00:12:50","417","194","Non quality blocked","Default","2716"
"129","83","48","231","2","00:11:05","177","244","Non quality blocked","Slap","2717"
"104","83","85","58","1","00:19:24","475","290","Non quality blocked","Default","2718"
"40","102","193","124","2","00:09:46","477","62","Non quality blocked","Default","2719"
"212","203","155","234","2","00:11:05","405","155","Non quality blocked","Wrist","2720"
"63","169","123","111","2","00:12:51","107","142","Quality blocked","Default","2721"
"196","62","222","137","2","00:09:47","194","163","Non quality blocked","Wrist","2722"
"162","52","59","37","2","00:11:06","183","237","Non quality blocked","Wrist","2723"
"196","149","6","250","1","00:19:24","395","265","Non quality blocked","Default","2725"
"63","118","6","184","2","00:11:07","499","247","Non quality blocked","Wrist","2726"
"23","149","154","73","2","00:09:49","489","150","Quality blocked","Wrist","2727"
"2","206","228","221","1","00:19:25","203","254","Non quality blocked","Wrist","2728"
"83","175","6","85","2","00:09:49","181","33","Non quality blocked","Wrist","2730"
"38","86","134","189","2","00:11:07","423","75","Non quality blocked","Default","2731"
"10","55","59","34","1","00:19:26","197","243","Non quality blocked","Default","2732"
"87","50","59","223","2","00:09:49","439","171","Non quality blocked","Wrist","2733"
"2","219","238","229","1","00:19:27","187","138","Non quality blocked","Snap","2734"
"207","79","48","243","2","00:11:07","182","198","Non quality blocked","Default","2735"
"125","98","28","67","2","00:12:52","459","176","Quality blocked","Backhand","2736"
"61","44","85","238","1","00:19:28","75","140","Quality blocked","Tip","2737"
"47","26","28","110","1","00:19:30","438","36","Non quality blocked","Wrist","2738"
"205","57","222","212","2","00:11:09","411","129","Non quality blocked","Default","2739"
"167","23","22","98","2","00:09:50","201","63","Non quality blocked","Default","2741"
"76","161","64","263","2","00:11:10","454","87","Non quality blocked","Wrist","2742"
"188","185","6","123","2","00:12:53","195","37","Non quality blocked","Default","2743"
"63","219","59","178","2","00:09:50","473","229","Non quality blocked","Wrist","2744"
"12","50","59","65","1","00:19:31","204","116","Non quality blocked","Slap","2745"
"23","2","6","38","2","00:11:11","480","171","Quality blocked","Default","2746"
"243","196","155","250","2","00:09:50","121","201","Quality blocked","Default","2747"
"68","230","228","232","1","00:19:31","407","118","Non quality blocked","Slap","2748"
"72","246","6","237","1","00:19:32","172","147","Non quality blocked","Default","2749"
"50","84","28","62","2","00:09:51","215","34","Non quality blocked","Snap","2750"
"230","167","6","148","2","00:12:53","195","50","Non quality blocked","Default","2751"
"44","203","28","146","2","00:09:51","387","225","Non quality blocked","Wrist","2753"
"219","98","28","197","2","00:12:53","480","167","Quality blocked","Wrist","2754"
"87","189","22","107","1","00:19:33","527","174","Quality blocked","Default","2755"
"11","203","28","156","2","00:11:11","389","138","Non quality blocked","Snap","2757"
"52","138","28","152","2","00:12:54","183","215","Non quality blocked","Wrist","2758"
"67","246","6","218","1","00:19:34","199","105","Non quality blocked","Wrist","2759"
"73","162","28","67","2","00:11:12","484","138","Quality blocked","Wrist","2761"
"74","207","228","232","2","00:09:53","473","158","Quality blocked","Slap","2762"
"30","188","22","256","2","00:11:12","152","162","Non quality blocked","Default","2763"
"38","86","64","150","2","00:09:54","458","125","Quality blocked","Snap","2764"
"210","97","6","250","1","00:19:34","481","89","Quality blocked","Default","2765"
"89","51","85","166","2","00:12:54","468","137","Quality blocked","Wrist","2766"
"61","67","64","108","1","00:19:36","61","184","Quality blocked","Default","2768"
"11","101","222","206","2","00:09:54","400","128","Non quality blocked","Default","2769"
"224","23","123","209","2","00:12:56","465","153","Quality blocked","Wrist","2770"
"58","129","123","207","1","00:19:36","150","209","Non quality blocked","Default","2771"
"116","12","6","180","2","00:11:14","117","134","Quality blocked","Wrist","2772"
"24","240","222","244","1","00:19:37","389","171","Non quality blocked","Default","2773"
"74","102","123","86","2","00:12:57","180","252","Non quality blocked","Default","2774"
"40","24","22","117","1","00:19:38","122","169","Quality blocked","Default","2775"
"242","73","211","235","1","00:19:38","423","229","Non quality blocked","Default","2777"
"72","44","155","165","2","00:12:59","487","174","Quality blocked","Wrist","2778"
"4","99","28","197","1","00:19:40","457","205","Quality blocked","Snap","2779"
"87","277","28","258","2","00:09:54","153","146","Non quality blocked","Slap","2780"
"104","5","6","38","2","00:13:00","441","177","Non quality blocked","Wrist","2783"
"248","83","48","231","1","00:19:42","73","68","Non quality blocked","Wrist","2784"
"161","167","113","101","2","00:09:55","193","223","Non quality blocked","Wrist","2785"
"89","83","28","66","1","00:19:43","530","116","Quality blocked","Default","2786"
"89","44","41","61","2","00:13:00","549","51","Non quality blocked","Default","2787"
"195","223","222","115","2","00:09:56","97","141","Quality blocked","Wrist","2788"
"13","205","155","112","1","00:19:43","153","127","Non quality blocked","Wrist","2789"
"36","74","64","114","1","00:19:43","517","152","Quality blocked","Backhand","2791"
"71","129","123","207","2","00:13:00","179","216","Non quality blocked","Default","2792"
"198","4","222","137","2","00:09:56","174","66","Non quality blocked","Wrist","2793"
"181","84","28","121","1","00:19:43","429","65","Non quality blocked","Wrist","2794"
"71","47","155","36","2","00:11:18","157","91","Non quality blocked","Default","2795"
"169","138","85","168","1","00:19:43","146","178","Non quality blocked","Wrist","2796"
"68","38","155","114","2","00:13:01","498","194","Quality blocked","Wrist","2797"
"247","208","155","216","1","00:19:43","440","149","Non quality blocked","Wrist","2799"
"209","42","228","189","2","00:13:01","133","118","Quality blocked","Default","2800"
"181","75","64","133","2","00:11:19","138","231","Non quality blocked","Wrist","2801"
"11","104","123","239","2","00:13:01","117","157","Quality blocked","Wrist","2802"
"219","36","155","120","1","00:19:44","415","136","Non quality blocked","Wrist","2803"
"18","50","59","246","2","00:13:01","71","140","Quality blocked","Tip","2804"
"67","208","155","261","1","00:19:44","378","205","Non quality blocked","Snap","2805"
"90","39","28","247","2","00:09:57","393","199","Non quality blocked","Wrist","2806"
"245","79","28","258","2","00:13:01","154","137","Non quality blocked","Snap","2807"
"24","99","85","149","1","00:19:45","386","76","Non quality blocked","Wrist","2808"
"31","1","6","180","1","00:19:45","137","226","Quality blocked","Wrist","2811"
"40","115","59","223","2","00:09:59","462","230","Non quality blocked","Default","2812"
"26","2","6","180","2","00:13:04","112","197","Quality blocked","Tip","2813"
"21","5","28","247","2","00:09:59","462","165","Quality blocked","Wrist","2814"
"23","5","6","97","1","00:19:46","106","165","Quality blocked","Wrist","2817"
"24","13","19","134","2","00:11:19","201","233","Non quality blocked","Wrist","2818"
"199","221","222","199","2","00:13:04","140","201","Quality blocked","Wrist","2819"
"86","56","59","71","2","00:10:00","106","248","Non quality blocked","Default","2821"
"198","50","222","137","1","00:19:48","135","182","Quality blocked","Wrist","2822"
"33","167","6","148","2","00:13:05","123","89","Quality blocked","Wrist","2823"
"2","74","211","118","2","00:10:00","411","200","Non quality blocked","Default","2824"
"125","33","228","135","2","00:11:19","111","147","Quality blocked","Default","2825"
"79","209","134","204","2","00:10:01","211","213","Non quality blocked","Wrist","2827"
"16","51","28","163","2","00:13:07","159","61","Non quality blocked","Slap","2828"
"214","114","28","174","2","00:11:19","200","238","Non quality blocked","Wrist","2829"
"68","47","228","232","1","00:19:49","529","242","Non quality blocked","Snap","2831"
"21","78","6","98","2","00:13:08","477","82","Quality blocked","Default","2833"
"32","24","123","58","2","00:10:02","165","166","Non quality blocked","Wrist","2834"
"34","118","6","112","2","00:11:20","472","147","Quality blocked","Wrist","2835"
"13","150","41","48","1","00:19:51","116","209","Quality blocked","Default","2836"
"76","208","155","261","2","00:13:08","458","70","Non quality blocked","Wrist","2837"
"83","129","22","55","1","00:19:51","471","214","Quality blocked","Wrist","2838"
"289","183","6","251","1","00:19:51","410","27","Non quality blocked","Default","2839"
"65","79","28","238","2","00:11:20","465","57","Non quality blocked","Wrist","2840"
"208","17","6","145","1","00:19:52","177","111","Non quality blocked","Default","2842"
"24","44","85","241","2","00:11:20","412","128","Non quality blocked","Wrist","2843"
"89","88","222","226","2","00:13:09","123","110","Quality blocked","Wrist","2844"
"42","88","59","120","2","00:10:02","132","87","Quality blocked","Wrist","2845"
"56","118","123","44","1","00:19:53","410","57","Non quality blocked","Wrist","2847"
"67","162","28","67","2","00:11:21","389","280","Non quality blocked","Wrist","2848"
"213","8","6","118","1","00:19:53","186","98","Non quality blocked","Default","2849"
"142","1","6","151","2","00:13:10","101","91","Quality blocked","Default","2850"
"156","10","6","87","2","00:10:03","192","221","Non quality blocked","Wrist","2851"
"63","17","6","105","2","00:11:21","121","166","Quality blocked","Default","2852"
"47","289","222","260","2","00:13:10","68","269","Non quality blocked","Default","2853"
"87","97","22","183","2","00:11:21","161","255","Non quality blocked","Default","2854"
"169","76","64","195","1","00:19:53","435","198","Non quality blocked","Default","2855"
"236","79","28","247","2","00:13:12","534","195","Non quality blocked","Wrist","2856"
"208","149","6","184","2","00:11:21","412","262","Non quality blocked","Slap","2857"
"42","229","228","214","1","00:19:54","69","214","Non quality blocked","Backhand","2858"
"68","47","228","248","2","00:10:05","171","206","Non quality blocked","Wrist","2859"
"105","65","64","88","2","00:13:15","111","129","Quality blocked","Wrist","2860"
"24","13","6","38","1","00:19:55","194","261","Non quality blocked","Slap","2861"
"50","21","123","115","1","00:19:55","532","159","Quality blocked","Wrist","2862"
"42","20","193","124","2","00:10:06","451","74","Non quality blocked","Default","2863"
"72","99","28","199","2","00:13:15","491","269","Non quality blocked","Wrist","2864"
"56","69","64","72","1","00:19:56","411","133","Non quality blocked","Default","2865"
"32","100","85","238","2","00:10:07","204","145","Non quality blocked","Slap","2866"
"67","83","85","47","2","00:10:08","163","151","Non quality blocked","Default","2867"
"50","242","222","215","2","00:13:15","422","264","Non quality blocked","Default","2868"
"189","76","134","204","2","00:11:21","177","78","Non quality blocked","Default","2869"
"89","24","22","159","2","00:10:08","100","49","Non quality blocked","Default","2870"
"289","31","28","264","2","00:13:15","412","222","Non quality blocked","Slap","2871"
"12","264","123","225","1","00:19:56","180","262","Non quality blocked","Snap","2872"
"188","74","211","142","2","00:11:23","383","221","Non quality blocked","Default","2873"
"90","39","28","247","2","00:10:08","432","175","Non quality blocked","Wrist","2874"
"32","71","222","197","2","00:11:23","145","63","Non quality blocked","Wrist","2875"
"205","189","22","256","1","00:19:56","141","74","Quality blocked","Slap","2876"
"5","11","22","134","2","00:10:09","423","78","Non quality blocked","Wrist","2877"
"78","83","85","42","1","00:19:57","466","97","Quality blocked","Wrist","2878"
"44","138","28","146","2","00:10:09","498","238","Non quality blocked","Wrist","2879"
"47","83","28","46","2","00:13:16","149","83","Non quality blocked","Default","2880"
"23","58","59","59","1","00:19:57","393","250","Non quality blocked","Default","2881"
"83","7","6","85","2","00:11:25","196","230","Non quality blocked","Wrist","2882"
"44","138","28","161","1","00:19:57","467","205","Quality blocked","Slap","2883"
"47","1","19","48","2","00:13:16","436","230","Non quality blocked","Default","2884"
"30","129","22","131","1","00:19:58","108","205","Quality blocked","Tip","2885"
"71","47","155","165","1","00:19:58","437","56","Non quality blocked","Wrist","2886"
"12","65","211","255","1","00:19:58","127","112","Quality blocked","Snap","2887"
"60","118","6","162","2","00:10:09","199","210","Non quality blocked","Wrist","2888"
"12","30","85","42","1","00:19:59","389","131","Quality blocked","Default","2889"
"198","88","222","137","2","00:11:25","159","229","Non quality blocked","Wrist","2890"
"230","219","222","212","1","00:19:59","399","36","Non quality blocked","Default","2891"
"72","5","6","171","2","00:10:10","462","236","Non quality blocked","Snap","2892"
"98","13","6","89","2","00:13:16","474","161","Quality blocked","Default","2893"
"61","118","123","44","1","00:20:00","481","103","Quality blocked","Wrist","2894"
"42","90","123","247","2","00:11:25","67","201","Non quality blocked","Wrist","2895"
"90","1","6","98","1","00:20:00","399","261","Non quality blocked","Default","2896"
"203","90","123","168","2","00:13:16","441","67","Non quality blocked","Wrist","2897"
"81","78","186","99","1","00:20:00","453","209","Non quality blocked","Backhand","2898"
"12","195","123","109","2","00:11:26","203","66","Non quality blocked","Wrist","2899"
"83","23","22","262","2","00:10:10","411","214","Non quality blocked","Wrist","2900"
"11","30","85","55","2","00:13:17","145","57","Non quality blocked","Wrist","2901"
"99","115","123","175","2","00:13:17","384","66","Non quality blocked","Wrist","2903"
"72","97","123","86","2","00:13:19","98","57","Non quality blocked","Default","2904"
"78","65","64","184","2","00:13:19","166","208","Non quality blocked","Wrist","2906"
"12","60","59","69","2","00:10:11","530","84","Non quality blocked","Snap","2907"
"104","219","59","144","2","00:11:27","432","182","Non quality blocked","Default","2908"
"25","224","155","216","1","00:20:00","451","93","Non quality blocked","Wrist","2909"
"169","79","28","253","2","00:13:19","489","74","Quality blocked","Snap","2910"
"12","30","228","228","1","00:20:00","519","152","Quality blocked","Backhand","2911"
"78","67","70","52","2","00:10:13","453","111","Non quality blocked","Default","2912"
"65","21","123","86","2","00:11:28","107","70","Non quality blocked","Default","2913"
"24","72","64","63","2","00:13:20","402","89","Non quality blocked","Default","2914"
"192","245","228","242","1","00:20:00","390","266","Non quality blocked","Default","2915"
"205","63","64","114","2","00:10:13","85","162","Quality blocked","Default","2916"
"24","246","6","225","2","00:11:28","433","123","Non quality blocked","Snap","2917"
"58","79","28","264","2","00:13:22","397","110","Non quality blocked","Slap","2918"
"67","224","155","245","2","00:11:28","141","157","Quality blocked","Wrist","2919"
"83","38","155","110","2","00:13:23","201","171","Non quality blocked","Wrist","2920"
"182","2","155","259","2","00:13:23","419","264","Non quality blocked","Wrist","2922"
"76","24","22","169","2","00:00:10","501","64","Non quality blocked","Default","2923"
"212","50","59","246","2","00:11:28","158","128","Non quality blocked","Wrist","2925"
"31","11","22","131","2","00:00:13","158","245","Non quality blocked","Wrist","2927"
"67","104","123","90","2","00:13:24","393","179","Non quality blocked","Wrist","2928"
"35","56","64","164","2","00:10:14","418","202","Non quality blocked","Default","2929"
"35","115","22","183","2","00:13:24","139","145","Quality blocked","Slap","2930"
"65","129","59","257","2","00:00:13","139","100","Quality blocked","Wrist","2931"
"12","23","22","95","2","00:13:25","153","111","Non quality blocked","Default","2932"
"240","253","28","264","2","00:11:28","434","218","Non quality blocked","Wrist","2933"
"205","169","123","186","2","00:00:14","468","91","Quality blocked","Wrist","2934"
"264","53","222","244","2","00:10:14","404","199","Non quality blocked","Default","2935"
"71","2","6","105","2","00:13:26","124","88","Quality blocked","Default","2936"
"53","11","123","207","2","00:00:14","82","227","Non quality blocked","Wrist","2937"
"203","219","222","197","2","00:10:15","214","256","Non quality blocked","Default","2938"
"31","71","222","199","2","00:10:15","128","169","Quality blocked","Wrist","2940"
"203","31","28","236","2","00:00:14","183","220","Non quality blocked","Wrist","2941"
"109","60","59","83","2","00:10:16","135","215","Quality blocked","Default","2942"
"58","13","6","185","2","00:13:30","453","137","Non quality blocked","Slap","2943"
"83","65","211","227","2","00:00:15","399","219","Non quality blocked","Wrist","2944"
"230","31","85","170","2","00:00:16","401","213","Non quality blocked","Wrist","2945"
"208","180","6","145","2","00:10:16","195","229","Non quality blocked","Default","2947"
"79","162","85","58","2","00:11:29","393","32","Non quality blocked","Wrist","2949"
"67","129","64","263","2","00:00:18","545","246","Non quality blocked","Wrist","2951"
"76","83","85","166","2","00:10:16","488","105","Quality blocked","Wrist","2952"
"248","47","228","217","2","00:13:32","516","37","Non quality blocked","Wrist","2953"
"11","128","211","100","2","00:11:29","170","81","Non quality blocked","Default","2954"
"217","316","211","235","2","00:10:17","495","129","Quality blocked","Default","2955"
"115","83","28","156","2","00:13:34","537","93","Non quality blocked","Wrist","2956"
"49","74","64","105","2","00:10:18","506","132","Quality blocked","Default","2957"
"90","52","222","208","2","00:10:19","81","171","Quality blocked","Default","2959"
"221","11","123","207","2","00:11:29","178","228","Non quality blocked","Wrist","2960"
"24","39","28","119","2","00:00:20","202","190","Non quality blocked","Default","2961"
"169","78","19","134","2","00:11:30","199","78","Non quality blocked","Wrist","2962"
"63","246","6","255","2","00:00:20","473","77","Quality blocked","Snap","2963"
"71","44","155","36","2","00:11:31","108","66","Non quality blocked","Default","2964"
"1","34","155","68","2","00:13:35","488","90","Quality blocked","Default","2965"
"84","13","6","87","2","00:00:21","187","252","Non quality blocked","Wrist","2966"
"213","229","41","104","2","00:11:31","177","177","Non quality blocked","Wrist","2967"
"31","169","123","119","2","00:13:35","480","52","Non quality blocked","Wrist","2968"
"40","142","59","120","2","00:00:21","136","216","Quality blocked","Wrist","2969"
"242","65","85","222","2","00:00:22","391","167","Non quality blocked","Wrist","2971"
"83","68","64","66","2","00:13:37","202","108","Non quality blocked","Default","2972"
"56","34","155","177","2","00:14:20","170","246","Non quality blocked","Default","2974"
"78","190","123","225","2","00:13:37","207","111","Non quality blocked","Slap","2975"
"203","63","64","138","2","00:00:24","197","244","Non quality blocked","Slap","2976"
"20","74","64","153","2","00:13:38","134","156","Quality blocked","Default","2977"
"79","128","64","84","2","00:14:21","417","51","Non quality blocked","Default","2978"
"32","230","155","170","2","00:00:24","139","60","Non quality blocked","Wrist","2979"
"129","17","6","97","2","00:14:21","199","254","Non quality blocked","Default","2980"
"68","25","123","142","2","00:13:39","125","243","Non quality blocked","Default","2981"
"15","150","41","48","2","00:00:25","57","126","Quality blocked","Default","2982"
"36","180","6","148","2","00:11:34","127","180","Quality blocked","Slap","2983"
"196","97","123","175","2","00:14:21","386","155","Non quality blocked","Slap","2984"
"198","67","64","174","2","00:00:28","527","87","Non quality blocked","Wrist","2986"
"84","129","123","33","2","00:13:41","129","65","Non quality blocked","Wrist","2987"
"169","204","155","130","2","00:11:35","447","86","Non quality blocked","Wrist","2988"
"223","97","6","251","2","00:00:28","415","241","Non quality blocked","Default","2989"
"11","51","28","156","2","00:11:36","434","112","Non quality blocked","Snap","2990"
"47","76","64","61","2","00:13:41","162","221","Non quality blocked","Wrist","2991"
"21","167","6","50","2","00:00:29","113","191","Quality blocked","Wrist","2992"
"102","60","228","265","2","00:14:21","130","225","Quality blocked","Wrist","2993"
"63","30","228","232","2","00:00:30","439","213","Non quality blocked","Snap","2994"
"32","44","155","60","2","00:13:43","181","165","Non quality blocked","Slap","2996"
"63","78","6","145","2","00:14:22","133","227","Quality blocked","Default","2997"
"90","230","155","183","2","00:14:22","389","218","Non quality blocked","Default","2999"
"50","17","6","220","2","00:13:43","405","173","Non quality blocked","Snap","3000"
"189","67","64","203","2","00:00:31","128","134","Quality blocked","Default","3003"
"160","126","64","47","2","00:13:44","413","211","Non quality blocked","Default","3004"
"90","206","155","124","2","00:11:44","213","91","Non quality blocked","Wrist","3005"
"185","24","22","134","2","00:14:23","513","206","Quality blocked","Wrist","3007"
"47","5","48","243","2","00:13:44","189","65","Non quality blocked","Default","3008"
"24","99","28","156","2","00:14:23","399","88","Non quality blocked","Wrist","3009"
"56","16","6","83","2","00:11:45","390","249","Non quality blocked","Default","3010"
"38","196","155","268","2","00:13:44","217","152","Non quality blocked","Default","3011"
"189","39","28","119","2","00:11:45","124","153","Quality blocked","Default","3012"
"76","47","155","177","2","00:00:33","103","123","Quality blocked","Wrist","3013"
"44","208","155","261","2","00:13:45","392","109","Non quality blocked","Wrist","3014"
"25","209","64","159","2","00:14:24","433","168","Non quality blocked","Default","3015"
"20","1","6","94","2","00:00:34","449","176","Non quality blocked","Default","3016"
"58","31","28","264","2","00:13:45","464","57","Non quality blocked","Default","3017"
"114","67","85","263","2","00:11:45","112","35","Non quality blocked","Wrist","3019"
"7","100","64","45","2","00:14:25","407","88","Non quality blocked","Default","3020"
"15","83","85","42","2","00:11:46","445","16","Non quality blocked","Wrist","3022"
"167","73","211","118","2","00:14:25","393","225","Non quality blocked","Default","3023"
"203","15","6","259","2","00:00:34","219","238","Non quality blocked","Wrist","3024"
"11","99","85","168","2","00:14:25","138","28","Non quality blocked","Wrist","3026"
"50","10","6","83","2","00:00:35","428","63","Non quality blocked","Default","3027"
"71","47","155","36","2","00:11:47","185","168","Non quality blocked","Default","3028"
"208","50","59","266","2","00:14:25","129","150","Quality blocked","Wrist","3029"
"52","11","22","31","2","00:13:46","209","165","Non quality blocked","Slap","3030"
"156","24","123","33","2","00:11:48","77","189","Quality blocked","Wrist","3031"
"21","100","211","142","2","00:00:35","436","136","Non quality blocked","Default","3032"
"63","84","85","138","2","00:13:46","508","108","Quality blocked","Wrist","3034"
"167","76","64","187","2","00:00:35","147","108","Non quality blocked","Default","3035"
"30","74","64","154","2","00:14:26","73","147","Quality blocked","Snap","3036"
"167","99","28","121","2","00:11:48","501","227","Quality blocked","Wrist","3037"
"2","67","64","57","2","00:14:28","123","157","Quality blocked","Default","3038"
"208","189","123","252","2","00:13:47","423","35","Non quality blocked","Wrist","3039"
"84","224","59","137","2","00:14:28","209","263","Non quality blocked","Wrist","3040"
"36","195","22","183","2","00:11:48","112","142","Quality blocked","Wrist","3041"
"198","196","222","197","2","00:14:28","147","135","Non quality blocked","Wrist","3042"
"210","189","123","142","2","00:13:48","141","159","Quality blocked","Default","3043"
"25","208","155","216","2","00:14:28","424","95","Non quality blocked","Wrist","3044"
"219","169","59","215","2","00:13:48","154","116","Non quality blocked","Default","3045"
"21","50","222","191","2","00:11:48","387","48","Non quality blocked","Wrist","3046"
"242","12","6","237","2","00:13:48","203","264","Non quality blocked","Default","3048"
"31","76","211","227","2","00:14:30","489","161","Quality blocked","Wrist","3049"
"11","26","85","175","2","00:11:49","205","147","Non quality blocked","Default","3050"
"229","104","22","256","2","00:14:30","186","171","Non quality blocked","Slap","3051"
"180","195","123","239","2","00:13:48","96","152","Quality blocked","Default","3052"
"73","57","59","122","2","00:14:31","201","128","Non quality blocked","Default","3053"
"210","116","85","166","2","00:16:27","397","240","Non quality blocked","Wrist","3054"
"79","148","155","43","2","00:13:50","45","50","Non quality blocked","Wrist","3055"
"26","115","22","131","2","00:14:31","133","93","Quality blocked","Wrist","3056"
"72","56","59","72","2","00:16:28","104","213","Quality blocked","Default","3058"
"101","230","155","165","2","00:14:31","544","139","Quality blocked","Wrist","3059"
"57","34","155","155","2","00:13:51","187","275","Non quality blocked","Default","3060"
"11","167","123","239","2","00:16:28","138","156","Quality blocked","Wrist","3061"
"15","190","22","134","2","00:14:32","380","126","Non quality blocked","Wrist","3062"
"196","38","155","110","2","00:11:50","93","111","Quality blocked","Snap","3063"
"84","100","64","158","2","00:14:32","405","39","Non quality blocked","Default","3065"
"114","149","6","182","2","00:13:51","424","231","Non quality blocked","Wrist","3066"
"5","195","123","247","2","00:11:50","203","177","Non quality blocked","Wrist","3067"
"17","11","123","147","2","00:16:29","194","237","Non quality blocked","Wrist","3068"
"114","230","155","170","2","00:14:32","177","208","Non quality blocked","Wrist","3069"
"24","61","28","247","2","00:13:51","419","135","Non quality blocked","Wrist","3071"
"181","50","59","266","2","00:11:50","100","79","Quality blocked","Backhand","3072"
"264","206","228","265","2","00:14:33","204","22","Non quality blocked","Wrist","3073"
"129","100","64","86","2","00:16:31","420","65","Non quality blocked","Default","3074"
"203","88","238","229","2","00:13:53","165","252","Non quality blocked","Snap","3075"
"264","79","28","247","2","00:14:34","447","186","Non quality blocked","Wrist","3076"
"71","5","6","185","2","00:16:31","551","81","Non quality blocked","Default","3077"
"195","51","28","156","2","00:11:51","458","174","Quality blocked","Wrist","3078"
"67","138","155","245","2","00:13:53","141","58","Non quality blocked","Default","3080"
"1","21","22","70","2","00:16:33","484","137","Quality blocked","Default","3081"
"71","62","59","72","2","00:11:52","131","267","Non quality blocked","Default","3082"
"190","89","134","204","2","00:13:54","157","69","Non quality blocked","Wrist","3083"
"20","230","155","102","2","00:14:36","490","128","Quality blocked","Default","3084"
"188","98","28","131","2","00:11:52","396","141","Non quality blocked","Wrist","3085"
"25","138","155","216","2","00:14:36","424","235","Non quality blocked","Default","3086"
"56","25","123","153","2","00:11:52","464","189","Quality blocked","Wrist","3087"
"188","78","6","123","2","00:16:33","100","193","Quality blocked","Wrist","3088"
"163","24","123","58","2","00:14:38","130","140","Quality blocked","Wrist","3089"
"60","71","222","212","2","00:11:53","385","175","Non quality blocked","Default","3091"
"44","12","6","56","2","00:14:39","169","258","Non quality blocked","Wrist","3092"
"167","102","22","123","2","00:14:39","447","42","Non quality blocked","Wrist","3093"
"203","72","59","172","2","00:13:55","469","171","Quality blocked","Default","3094"
"188","47","155","124","2","00:14:39","90","225","Non quality blocked","Wrist","3095"
"196","16","6","259","2","00:16:33","142","91","Quality blocked","Wrist","3096"
"232","15","6","105","2","00:14:40","114","226","Quality blocked","Default","3097"
"88","138","28","200","2","00:13:55","165","57","Non quality blocked","Default","3098"
"8","62","222","185","2","00:13:56","127","93","Quality blocked","Wrist","3099"
"246","138","155","250","2","00:16:34","181","62","Non quality blocked","Snap","3100"
"188","259","6","225","2","00:14:40","489","44","Non quality blocked","Snap","3101"
"13","79","123","126","2","00:13:57","480","62","Non quality blocked","Wrist","3102"
"248","98","28","253","2","00:16:35","455","146","Non quality blocked","Wrist","3103"
"11","44","155","51","2","00:14:41","190","114","Non quality blocked","Wrist","3104"
"18","87","155","143","2","00:14:41","459","85","Quality blocked","Default","3107"
"181","60","59","113","2","00:16:36","93","215","Quality blocked","Wrist","3108"
"79","12","6","50","2","00:14:42","85","155","Quality blocked","Wrist","3109"
"1","201","28","121","2","00:13:58","473","168","Quality blocked","Wrist","3110"
"196","24","123","119","2","00:14:43","399","225","Non quality blocked","Wrist","3112"
"232","97","123","136","2","00:16:37","444","67","Non quality blocked","Wrist","3113"
"76","87","155","164","2","00:14:44","175","213","Non quality blocked","Default","3116"
"52","1","6","34","2","00:13:59","518","18","Non quality blocked","Default","3117"
"115","180","186","147","2","00:14:47","476","197","Quality blocked","Default","3118"
"67","44","155","36","2","00:11:55","117","158","Quality blocked","Default","3119"
"56","24","123","196","2","00:16:37","84","139","Quality blocked","Default","3120"
"115","74","64","111","2","00:14:00","408","224","Non quality blocked","Default","3121"
"53","31","28","37","2","00:14:48","432","159","Non quality blocked","Wrist","3122"
"75","99","28","66","2","00:16:39","424","159","Non quality blocked","Default","3123"
"31","71","64","67","2","00:11:55","124","196","Quality blocked","Wrist","3124"
"38","142","222","165","2","00:14:00","139","190","Quality blocked","Wrist","3125"
"16","60","59","151","2","00:16:39","487","69","Non quality blocked","Default","3126"
"196","74","64","138","2","00:14:49","174","55","Non quality blocked","Wrist","3127"
"201","50","222","188","2","00:14:00","544","188","Non quality blocked","Default","3128"
"161","150","41","53","2","00:14:50","466","50","Non quality blocked","Default","3129"
"25","74","64","88","2","00:11:55","87","132","Quality blocked","Wrist","3130"
"229","114","59","242","2","00:14:00","210","126","Non quality blocked","Default","3131"
"105","89","64","92","2","00:14:50","403","196","Non quality blocked","Default","3132"
"50","23","123","208","2","00:16:39","394","250","Non quality blocked","Default","3134"
"84","65","211","267","2","00:14:50","213","283","Non quality blocked","Wrist","3135"
"2","115","22","96","2","00:11:55","423","46","Non quality blocked","Wrist","3136"
"169","4","222","208","2","00:14:01","126","162","Quality blocked","Default","3137"
"89","150","155","36","2","00:14:51","117","265","Non quality blocked","Default","3138"
"125","2","6","171","2","00:11:55","479","99","Quality blocked","Snap","3139"
"76","24","123","153","2","00:14:02","557","178","Non quality blocked","Wrist","3141"
"203","72","59","176","2","00:14:52","147","238","Non quality blocked","Slap","3142"
"239","24","123","244","2","00:11:55","82","28","Non quality blocked","Default","3143"
"31","44","155","170","2","00:14:02","105","208","Quality blocked","Wrist","3144"
"79","101","59","144","2","00:16:41","393","227","Non quality blocked","Default","3145"
"71","115","123","86","2","00:11:56","166","249","Non quality blocked","Default","3146"
"230","79","22","183","2","00:11:56","206","89","Non quality blocked","Slap","3150"
"24","230","155","183","2","00:14:52","464","152","Quality blocked","Wrist","3151"
"34","50","59","211","2","00:14:03","387","176","Non quality blocked","Slap","3152"
"230","51","28","110","2","00:16:42","392","67","Non quality blocked","Slap","3153"
"15","118","22","50","2","00:16:43","489","226","Quality blocked","Snap","3154"
"32","50","222","201","2","00:11:57","484","64","Non quality blocked","Wrist","3155"
"47","74","64","61","2","00:16:43","112","185","Quality blocked","Default","3156"
"67","25","123","86","2","00:16:43","213","159","Non quality blocked","Default","3157"
"100","208","155","245","2","00:11:57","111","86","Quality blocked","Wrist","3158"
"89","36","155","114","2","00:14:04","534","146","Quality blocked","Slap","3159"
"71","189","123","111","2","00:14:53","129","146","Quality blocked","Default","3160"
"57","129","59","215","2","00:16:45","72","106","Quality blocked","Default","3162"
"273","11","59","231","2","00:14:04","495","108","Quality blocked","Wrist","3163"
"129","207","228","217","2","00:16:45","452","129","Non quality blocked","Wrist","3164"
"13","79","123","126","2","00:14:54","532","135","Quality blocked","Default","3165"
"111","162","28","64","2","00:14:05","86","56","Non quality blocked","Default","3166"
"203","223","238","229","2","00:16:45","155","199","Non quality blocked","Snap","3167"
"32","75","64","67","2","00:14:55","142","8","Non quality blocked","Wrist","3168"
"246","87","228","269","2","00:11:58","181","98","Non quality blocked","Wrist","3169"
"51","188","123","247","2","00:16:45","183","40","Non quality blocked","Wrist","3170"
"11","7","6","96","2","00:14:05","189","140","Non quality blocked","Default","3171"
"1","219","59","101","2","00:14:55","438","253","Non quality blocked","Wrist","3173"
"63","110","6","83","2","00:14:06","412","229","Non quality blocked","Default","3174"
"68","30","228","232","2","00:14:55","417","220","Non quality blocked","Snap","3175"
"50","38","155","71","2","00:16:46","452","259","Non quality blocked","Default","3176"
"97","5","6","123","2","00:14:06","204","123","Non quality blocked","Slap","3177"
"220","56","211","140","2","00:14:56","435","249","Non quality blocked","Wrist","3178"
"63","15","6","255","2","00:16:46","407","137","Non quality blocked","Snap","3179"
"11","208","64","196","2","00:11:59","428","174","Non quality blocked","Default","3180"
"38","79","28","264","2","00:14:06","406","69","Non quality blocked","Wrist","3181"
"31","24","123","149","2","00:14:56","181","129","Non quality blocked","Wrist","3182"
"5","62","59","101","2","00:12:00","517","249","Non quality blocked","Wrist","3183"
"89","13","6","145","2","00:14:07","202","278","Non quality blocked","Default","3184"
"72","61","28","264","2","00:16:47","441","87","Non quality blocked","Wrist","3185"
"44","109","19","48","2","00:14:08","433","159","Non quality blocked","Default","3186"
"90","1","6","97","2","00:14:57","175","49","Non quality blocked","Default","3188"
"32","68","211","227","2","00:14:08","486","80","Quality blocked","Slap","3189"
"198","12","19","163","2","00:14:57","453","78","Non quality blocked","Snap","3190"
"45","167","6","56","2","00:16:50","126","216","Quality blocked","Wrist","3191"
"73","23","22","159","2","00:14:10","108","186","Quality blocked","Default","3193"
"34","133","64","36","2","00:16:51","428","39","Non quality blocked","Default","3194"
"115","51","85","55","2","00:16:51","64","114","Quality blocked","Wrist","3195"
"78","98","28","213","2","00:12:01","149","210","Non quality blocked","Snap","3196"
"169","201","85","168","2","00:14:10","216","244","Non quality blocked","Wrist","3197"
"71","5","6","185","2","00:16:52","430","68","Non quality blocked","Slap","3198"
"84","26","211","224","2","00:16:52","219","32","Non quality blocked","Slap","3199"
"52","203","28","197","2","00:14:10","423","40","Non quality blocked","Wrist","3200"
"97","223","222","209","2","00:16:53","149","57","Non quality blocked","Default","3201"
"61","167","6","65","2","00:16:54","541","98","Non quality blocked","Wrist","3202"
"12","157","85","42","2","00:14:14","402","65","Non quality blocked","Slap","3203"
"63","57","222","222","2","00:16:54","179","159","Non quality blocked","Wrist","3204"
"7","74","70","52","2","00:14:15","439","240","Non quality blocked","Default","3205"
"62","217","238","229","2","00:16:54","164","140","Non quality blocked","Slap","3206"
"16","133","64","29","2","00:16:56","141","234","Non quality blocked","Default","3207"
"36","12","6","157","2","00:14:15","426","75","Non quality blocked","Default","3208"
"236","17","6","225","2","00:12:01","395","101","Non quality blocked","Snap","3209"
"90","86","155","43","2","00:16:56","416","145","Non quality blocked","Wrist","3210"
"253","221","222","254","2","00:14:15","197","160","Non quality blocked","Slap","3211"
"45","162","28","60","2","00:16:56","469","110","Quality blocked","Wrist","3212"
"9","246","6","228","2","00:12:01","189","233","Non quality blocked","Wrist","3213"
"32","185","19","99","2","00:14:16","426","75","Non quality blocked","Wrist","3214"
"24","220","222","233","2","00:16:58","193","159","Non quality blocked","Default","3215"
"229","118","6","112","2","00:14:16","413","63","Non quality blocked","Wrist","3216"
"68","23","123","90","2","00:14:17","416","78","Non quality blocked","Wrist","3217"
"38","71","64","61","2","00:16:59","111","111","Quality blocked","Wrist","3218"
"13","169","22","123","2","00:14:18","529","123","Quality blocked","Default","3219"
"31","223","222","188","2","00:16:59","447","177","Non quality blocked","Default","3220"
"58","16","6","65","2","00:14:20","477","240","Non quality blocked","Wrist","3221"
"101","2","19","52","2","00:17:01","113","111","Quality blocked","Default","3222"
"84","76","211","224","2","00:17:01","178","137","Non quality blocked","Wrist","3223"
"73","23","123","92","2","00:17:02","192","92","Non quality blocked","Default","3225"
"87","264","123","265","2","00:17:02","420","135","Non quality blocked","Wrist","3226"
"24","13","19","70","2","00:17:05","188","210","Non quality blocked","Default","3228"
"13","31","28","87","2","00:17:05","496","167","Quality blocked","Wrist","3229"
"15","129","22","96","2","00:17:05","429","191","Non quality blocked","Wrist","3230"
"50","110","6","65","2","00:17:06","541","184","Quality blocked","Wrist","3231"
"78","226","59","101","2","00:18:26","427","87","Non quality blocked","Wrist","3232"
"133","98","28","66","2","00:17:06","459","93","Quality blocked","Default","3233"
"71","231","228","135","2","00:17:06","164","80","Non quality blocked","Default","3234"
"24","65","64","63","2","00:18:27","411","237","Non quality blocked","Default","3235"
"71","194","123","100","2","00:17:07","464","128","Quality blocked","Default","3236"
"11","131","211","100","2","00:18:27","175","47","Non quality blocked","Default","3237"
"75","12","6","118","2","00:18:28","136","207","Quality blocked","Default","3239"
"37","79","123","51","2","00:18:29","417","163","Non quality blocked","Wrist","3241"
"24","74","64","111","2","00:17:10","443","94","Non quality blocked","Default","3242"
"11","30","85","168","2","00:18:29","216","123","Non quality blocked","Slap","3243"
"76","21","22","159","2","00:17:10","147","175","Non quality blocked","Default","3244"
"231","78","6","143","2","00:18:30","135","171","Quality blocked","Default","3245"
"11","99","85","55","2","00:17:11","139","123","Quality blocked","Wrist","3246"
"11","15","19","134","2","00:17:11","216","111","Non quality blocked","Slap","3248"
"198","23","123","156","2","00:17:12","135","101","Quality blocked","Wrist","3250"
"15","71","222","171","2","00:17:12","137","70","Non quality blocked","Wrist","3252"
"129","35","155","183","2","00:18:32","403","20","Non quality blocked","Wrist","3253"
"32","169","123","156","2","00:18:33","149","193","Non quality blocked","Wrist","3254"
"201","67","211","267","2","00:18:33","88","122","Quality blocked","Wrist","3255"
"31","71","64","67","2","00:12:02","129","89","Quality blocked","Wrist","3256"
"58","23","123","44","2","00:18:34","465","137","Quality blocked","Wrist","3258"
"42","99","85","170","2","00:17:13","491","117","Quality blocked","Wrist","3259"
"21","205","228","256","2","00:18:34","470","128","Quality blocked","Snap","3260"
"223","201","28","254","2","00:17:13","412","209","Non quality blocked","Wrist","3261"
"73","47","155","114","2","00:18:35","453","202","Non quality blocked","Slap","3262"
"36","11","59","211","2","00:18:35","501","141","Quality blocked","Snap","3263"
"47","31","28","60","2","00:12:03","398","75","Non quality blocked","Snap","3265"
"67","34","155","177","2","00:12:03","170","141","Non quality blocked","Wrist","3266"
"40","71","222","212","2","00:12:03","554","72","Non quality blocked","Default","3267"
"58","44","155","165","2","00:17:16","543","161","Quality blocked","Wrist","3270"
"167","40","228","148","2","00:18:37","477","89","Quality blocked","Default","3272"
"60","115","222","260","2","00:17:17","137","195","Quality blocked","Wrist","3273"
"84","62","222","199","2","00:18:38","124","209","Quality blocked","Wrist","3274"
"56","203","28","174","2","00:17:18","190","27","Non quality blocked","Wrist","3275"
"73","50","59","257","2","00:12:03","106","232","Non quality blocked","Wrist","3276"
"280","73","85","232","2","00:17:18","100","147","Quality blocked","Wrist","3277"
"161","131","64","66","2","00:17:19","109","124","Quality blocked","Default","3279"
"142","207","228","221","2","00:17:19","135","144","Quality blocked","Wrist","3280"
"169","110","6","123","2","00:12:04","195","113","Non quality blocked","Wrist","3281"
"4","21","123","208","2","00:18:39","399","186","Non quality blocked","Default","3282"
"223","199","28","254","2","00:12:04","400","166","Non quality blocked","Snap","3283"
"44","47","228","248","2","00:18:39","187","155","Non quality blocked","Wrist","3284"
"208","195","22","204","2","00:17:20","390","210","Non quality blocked","Wrist","3285"
"133","39","155","36","2","00:12:05","144","192","Quality blocked","Default","3286"
"32","11","59","231","2","00:17:22","447","289","Non quality blocked","Wrist","3287"
"147","240","222","260","2","00:12:05","159","144","Non quality blocked","Default","3288"
"198","38","155","110","2","00:17:24","110","11","Non quality blocked","Wrist","3289"
"188","203","85","175","2","00:17:24","206","273","Non quality blocked","Slap","3290"
"62","15","6","259","2","00:17:24","201","87","Non quality blocked","Wrist","3292"
"246","34","155","250","2","00:18:40","143","108","Quality blocked","Default","3293"
"71","23","22","206","2","00:17:25","171","185","Non quality blocked","Wrist","3294"
"23","52","222","181","2","00:18:42","171","143","Non quality blocked","Default","3295"
"167","221","222","219","2","00:17:25","390","249","Non quality blocked","Default","3296"
"23","71","64","88","2","00:12:08","89","113","Quality blocked","Wrist","3297"
"181","67","211","261","2","00:17:25","90","214","Quality blocked","Wrist","3298"
"230","23","22","117","2","00:17:26","218","130","Non quality blocked","Wrist","3300"
"12","244","211","218","2","00:12:08","418","53","Non quality blocked","Default","3301"
"313","108","222","235","2","00:17:26","121","70","Non quality blocked","Default","3302"
"23","51","28","247","2","00:18:43","479","218","Quality blocked","Wrist","3303"
"158","119","123","58","2","00:17:27","167","54","Non quality blocked","Wrist","3304"
"114","67","64","166","2","00:18:44","111","105","Quality blocked","Wrist","3305"
"161","149","155","120","2","00:17:27","422","200","Non quality blocked","Slap","3306"
"189","118","19","126","2","00:17:27","123","198","Quality blocked","Wrist","3307"
"317","78","6","255","2","00:18:44","405","237","Non quality blocked","Snap","3308"
"230","20","22","183","2","00:17:27","179","111","Non quality blocked","Default","3309"
"78","203","28","173","2","00:18:45","68","103","Non quality blocked","Wrist","3310"
"25","84","85","33","2","00:17:28","505","129","Quality blocked","Default","3311"
"223","13","6","185","2","00:17:28","465","121","Quality blocked","Default","3313"
"167","51","28","247","2","00:12:08","403","265","Non quality blocked","Default","3314"
"71","11","123","86","2","00:17:29","172","80","Non quality blocked","Default","3315"
"163","88","222","103","2","00:18:47","193","77","Non quality blocked","Wrist","3316"
"65","118","123","90","2","00:17:29","454","68","Non quality blocked","Wrist","3317"
"44","100","64","164","2","00:12:09","404","111","Non quality blocked","Default","3318"
"79","26","85","58","2","00:18:48","471","49","Non quality blocked","Wrist","3319"
"98","47","155","170","2","00:12:09","137","101","Quality blocked","Wrist","3320"
"53","47","155","165","2","00:18:48","532","89","Non quality blocked","Default","3321"
"20","99","85","168","2","00:18:48","39","214","Non quality blocked","Default","3323"
"49","75","59","211","2","00:17:30","525","204","Non quality blocked","Wrist","3324"
"118","157","85","33","2","00:17:31","410","88","Non quality blocked","Wrist","3326"
"79","87","155","107","2","00:17:31","86","109","Quality blocked","Default","3327"
"167","47","228","148","2","00:18:49","489","192","Quality blocked","Wrist","3328"
"220","2","6","127","2","00:17:31","115","142","Quality blocked","Default","3329"
"89","20","123","239","2","00:18:49","129","110","Quality blocked","Default","3330"
"71","201","28","254","2","00:12:09","402","160","Non quality blocked","Wrist","3331"
"67","34","155","177","2","00:17:31","148","85","Non quality blocked","Default","3332"
"62","15","6","259","2","00:17:31","165","131","Non quality blocked","Wrist","3333"
"210","20","123","142","2","00:18:50","103","165","Quality blocked","Default","3334"
"203","180","59","211","2","00:17:32","425","128","Non quality blocked","Wrist","3337"
"204","50","59","155","2","00:18:50","501","80","Quality blocked","Default","3338"
"37","84","28","60","2","00:18:51","478","191","Quality blocked","Wrist","3339"
"57","167","123","244","2","00:17:32","130","254","Non quality blocked","Default","3340"
"231","219","59","120","2","00:18:52","141","198","Quality blocked","Default","3341"
"226","110","186","101","2","00:17:34","176","221","Non quality blocked","Wrist","3342"
"47","194","193","124","2","00:18:52","422","214","Non quality blocked","Default","3343"
"114","118","6","173","2","00:17:34","403","208","Non quality blocked","Wrist","3344"
"109","23","22","50","2","00:12:10","429","132","Non quality blocked","Wrist","3345"
"223","167","22","233","2","00:18:52","438","126","Non quality blocked","Snap","3346"
"16","242","238","251","2","00:17:34","169","126","Non quality blocked","Default","3347"
"68","110","6","105","2","00:12:10","141","107","Quality blocked","Default","3348"
"36","183","6","259","2","00:12:10","213","270","Non quality blocked","Slap","3350"
"9","42","48","243","2","00:12:11","202","87","Non quality blocked","Default","3352"
"12","72","59","151","2","00:17:37","384","159","Non quality blocked","Default","3353"
"246","203","155","234","2","00:17:37","442","81","Non quality blocked","Wrist","3354"
"224","195","123","207","2","00:17:38","170","66","Non quality blocked","Default","3356"
"2","83","85","42","2","00:18:55","454","125","Non quality blocked","Wrist","3358"
"50","230","155","155","2","00:17:39","129","51","Non quality blocked","Default","3359"
"15","20","22","95","2","00:18:55","116","166","Quality blocked","Default","3360"
"71","89","211","178","2","00:17:39","188","144","Non quality blocked","Wrist","3361"
"167","149","6","225","2","00:17:40","453","115","Non quality blocked","Snap","3362"
"25","83","28","119","2","00:18:55","195","253","Non quality blocked","Slap","3363"
"180","192","123","109","2","00:17:43","140","24","Non quality blocked","Wrist","3364"
"167","116","85","163","2","00:18:55","189","108","Non quality blocked","Wrist","3365"
"73","62","59","129","2","00:17:43","489","206","Quality blocked","Default","3366"
"104","50","222","207","2","00:17:45","434","220","Non quality blocked","Wrist","3367"
"84","180","59","231","2","00:18:55","472","184","Quality blocked","Wrist","3368"
"15","118","22","97","2","00:17:46","507","192","Quality blocked","Wrist","3369"
"129","47","154","73","2","00:18:56","486","195","Quality blocked","Wrist","3370"
"81","133","64","30","2","00:17:47","487","103","Quality blocked","Default","3371"
"241","31","28","264","2","00:17:48","465","107","Quality blocked","Wrist","3372"
"34","2","6","157","2","00:18:56","504","103","Quality blocked","Default","3373"
"31","62","222","197","2","00:17:49","118","195","Quality blocked","Wrist","3374"
"167","149","6","225","2","00:17:52","463","153","Quality blocked","Snap","3376"
"196","169","123","156","2","00:18:57","92","180","Quality blocked","Wrist","3377"
"10","142","59","83","2","00:17:53","206","262","Non quality blocked","Default","3378"
"157","205","155","161","2","00:18:57","483","165","Quality blocked","Wrist","3379"
"44","196","28","141","2","00:17:53","145","95","Non quality blocked","Wrist","3380"
"89","131","228","242","2","00:17:53","477","53","Non quality blocked","Default","3381"
"185","66","64","184","2","00:18:57","202","78","Non quality blocked","Wrist","3382"
"73","251","228","248","2","00:17:53","159","151","Non quality blocked","Wrist","3383"
"20","68","64","84","2","00:18:58","472","92","Quality blocked","Default","3384"
"160","12","6","42","2","00:17:55","41","232","Non quality blocked","Wrist","3386"
"66","78","6","105","2","00:18:58","102","183","Quality blocked","Default","3387"
"2","26","28","87","2","00:17:55","410","78","Non quality blocked","Slap","3388"
"34","56","59","120","2","00:18:58","141","159","Quality blocked","Wrist","3389"
"58","230","155","155","2","00:17:55","107","129","Quality blocked","Default","3390"
"149","90","123","43","2","00:19:00","417","230","Non quality blocked","Wrist","3391"
"53","79","123","44","2","00:17:56","486","58","Non quality blocked","Wrist","3392"
"169","149","186","147","2","00:17:56","472","61","Non quality blocked","Default","3393"
"25","180","186","147","2","00:19:00","466","171","Quality blocked","Default","3394"
"169","62","222","208","2","00:17:56","149","184","Non quality blocked","Snap","3395"
"23","74","134","204","2","00:19:00","198","213","Non quality blocked","Wrist","3396"
"99","149","155","60","2","00:17:57","158","210","Non quality blocked","Wrist","3397"
"12","23","22","96","2","00:17:57","402","39","Non quality blocked","Wrist","3398"
"52","249","228","228","2","00:19:00","432","156","Non quality blocked","Wrist","3399"
"100","149","6","218","2","00:17:57","176","71","Non quality blocked","Wrist","3400"
"52","99","155","259","2","00:19:00","396","66","Non quality blocked","Wrist","3401"
"45","253","28","258","2","00:17:58","120","133","Quality blocked","Snap","3402"
"142","89","59","266","2","00:17:59","59","133","Quality blocked","Default","3403"
"51","11","22","31","2","00:18:00","153","43","Non quality blocked","Snap","3405"
"167","97","22","50","2","00:19:01","393","213","Non quality blocked","Wrist","3406"
"35","195","22","107","2","00:18:02","437","56","Non quality blocked","Wrist","3409"
"75","12","19","52","2","00:19:02","93","180","Quality blocked","Default","3410"
"63","71","59","122","2","00:18:02","135","186","Quality blocked","Default","3411"
"23","83","85","33","2","00:19:03","540","150","Quality blocked","Wrist","3412"
"75","203","85","138","2","00:18:02","489","287","Non quality blocked","Backhand","3413"
"86","230","155","150","2","00:18:02","460","136","Quality blocked","Default","3415"
"23","203","85","175","2","00:19:04","66","179","Quality blocked","Wrist","3416"
"17","99","28","173","2","00:18:02","71","61","Non quality blocked","Wrist","3417"
"20","27","85","33","2","00:19:05","531","117","Quality blocked","Backhand","3420"
"71","84","28","67","2","00:18:04","435","38","Non quality blocked","Default","3421"
"208","219","59","178","2","00:19:05","515","165","Quality blocked","Wrist","3422"
"167","74","64","45","2","00:18:05","396","191","Non quality blocked","Default","3423"
"67","31","28","154","2","00:19:06","477","193","Quality blocked","Wrist","3424"
"13","24","22","50","2","00:18:05","468","70","Non quality blocked","Snap","3425"
"69","105","123","92","2","00:18:05","172","222","Non quality blocked","Default","3426"
"74","83","28","66","2","00:19:07","443","137","Non quality blocked","Default","3427"
"167","253","28","262","2","00:18:05","222","177","Non quality blocked","Wrist","3428"
"196","44","228","146","2","00:18:06","112","90","Quality blocked","Wrist","3429"
"24","44","211","210","2","00:19:07","202","187","Non quality blocked","Wrist","3430"
"203","180","19","121","2","00:18:07","177","223","Non quality blocked","Wrist","3431"
"65","79","28","238","2","00:19:07","534","67","Non quality blocked","Backhand","3432"
"156","78","6","85","2","00:12:12","57","123","Quality blocked","Backhand","3433"
"37","191","193","124","2","00:18:07","487","177","Quality blocked","Default","3434"
"51","2","186","190","2","00:19:08","205","57","Non quality blocked","Wrist","3435"
"11","62","59","144","2","00:12:13","395","81","Non quality blocked","Default","3436"
"5","23","22","50","2","00:18:10","388","283","Non quality blocked","Default","3437"
"40","56","211","177","2","00:12:14","493","181","Quality blocked","Default","3438"
"104","71","64","111","2","00:18:10","474","135","Quality blocked","Default","3439"
"229","44","59","125","2","00:18:11","190","83","Non quality blocked","Snap","3440"
"98","47","155","170","2","00:12:15","57","45","Non quality blocked","Wrist","3441"
"75","79","123","86","2","00:18:12","102","156","Quality blocked","Default","3442"
"195","149","186","147","2","00:18:12","481","57","Non quality blocked","Default","3443"
"198","219","222","201","2","00:19:08","484","178","Quality blocked","Wrist","3444"
"15","62","222","185","2","00:18:12","107","189","Quality blocked","Default","3445"
"13","115","22","70","2","00:19:10","477","167","Quality blocked","Default","3446"
"180","25","123","109","2","00:19:10","120","63","Non quality blocked","Wrist","3447"
"83","76","64","174","2","00:18:13","396","247","Non quality blocked","Wrist","3448"
"196","25","22","216","2","00:19:10","189","87","Non quality blocked","Wrist","3449"
"25","65","134","204","2","00:18:13","210","159","Non quality blocked","Wrist","3450"
"90","99","85","55","2","00:19:11","81","97","Quality blocked","Wrist","3451"
"50","99","155","211","2","00:18:13","216","51","Non quality blocked","Wrist","3452"
"209","79","123","142","2","00:19:11","93","159","Quality blocked","Default","3453"
"34","50","59","53","2","00:18:14","149","230","Non quality blocked","Default","3454"
"169","149","186","147","2","00:18:14","477","46","Non quality blocked","Default","3455"
"44","196","28","141","2","00:18:15","89","108","Quality blocked","Wrist","3456"
"83","190","123","156","2","00:19:11","167","86","Non quality blocked","Wrist","3457"
"24","9","155","183","2","00:18:15","395","213","Non quality blocked","Default","3458"
"100","118","22","40","2","00:12:17","51","175","Quality blocked","Wrist","3459"
"246","101","222","237","2","00:19:11","387","268","Non quality blocked","Default","3461"
"21","128","64","63","2","00:18:17","432","106","Non quality blocked","Default","3462"
"89","104","123","153","2","00:12:17","531","97","Non quality blocked","Wrist","3463"
"34","115","193","124","2","00:19:12","485","99","Quality blocked","Snap","3464"
"42","189","22","262","2","00:12:17","449","222","Non quality blocked","Snap","3465"
"32","74","64","67","2","00:19:14","123","16","Non quality blocked","Wrist","3466"
"32","133","64","66","2","00:12:18","137","102","Quality blocked","Default","3468"
"97","100","64","88","2","00:12:18","147","114","Non quality blocked","Wrist","3469"
"206","99","85","170","2","00:19:14","499","94","Quality blocked","Wrist","3470"
"76","5","19","52","2","00:19:15","143","84","Quality blocked","Default","3471"
"169","72","222","249","2","00:19:15","387","102","Non quality blocked","Default","3473"
"39","52","222","103","2","00:18:21","164","98","Non quality blocked","Wrist","3474"
"230","38","222","165","2","00:18:21","87","154","Quality blocked","Default","3476"
"23","74","64","111","2","00:19:18","515","102","Quality blocked","Default","3477"
"32","167","22","262","2","00:18:21","561","235","Non quality blocked","Wrist","3478"
"180","57","222","185","2","00:18:22","147","63","Non quality blocked","Wrist","3479"
"129","4","59","144","2","00:19:59","387","117","Non quality blocked","Default","3480"
"115","68","64","159","2","00:19:19","448","134","Non quality blocked","Default","3481"
"42","18","6","56","2","00:18:24","81","42","Non quality blocked","Wrist","3482"
"111","84","28","85","2","00:18:24","558","234","Non quality blocked","Wrist","3483"
"1","5","28","213","2","00:19:20","122","193","Quality blocked","Snap","3484"
"24","65","64","153","2","00:19:59","209","261","Non quality blocked","Default","3486"
"58","99","28","197","2","00:18:25","490","220","Quality blocked","Wrist","3487"
"74","23","22","195","2","00:19:59","127","251","Non quality blocked","Default","3488"
"182","208","155","234","2","00:19:59","518","165","Quality blocked","Snap","3490"
"83","220","59","137","2","00:19:21","195","249","Non quality blocked","Wrist","3491"
"102","196","28","119","2","00:20:00","78","128","Quality blocked","Default","3495"
"13","21","22","70","2","00:19:22","434","210","Non quality blocked","Default","3496"
"73","78","6","45","3","00:02:07","106","174","Quality blocked","Default","3497"
"26","4","222","152","2","00:20:00","481","171","Quality blocked","Wrist","3498"
"2","67","64","105","3","00:02:07","424","84","Non quality blocked","Default","3499"
"21","38","154","73","2","00:19:23","535","201","Non quality blocked","Wrist","3500"
"185","26","28","121","3","00:02:07","429","242","Non quality blocked","Slap","3501"
"242","208","155","268","2","00:20:00","205","27","Non quality blocked","Default","3502"
"56","67","64","108","2","00:19:23","183","87","Non quality blocked","Default","3503"
"65","224","155","261","3","00:02:07","399","182","Non quality blocked","Wrist","3504"
"223","191","123","132","2","00:19:24","479","95","Quality blocked","Wrist","3505"
"47","192","22","117","3","00:00:06","207","169","Non quality blocked","Wrist","3506"
"11","62","59","59","3","00:00:08","539","255","Non quality blocked","Default","3507"
"75","203","85","138","3","00:00:10","483","140","Quality blocked","Wrist","3508"
"125","98","28","200","2","00:19:24","187","259","Non quality blocked","Wrist","3509"
"51","1","6","87","3","00:02:08","193","87","Non quality blocked","Slap","3515"
"104","76","64","203","3","00:00:17","141","44","Non quality blocked","Default","3516"
"110","118","22","96","3","00:02:08","457","76","Quality blocked","Default","3517"
"42","50","222","167","3","00:00:21","519","260","Non quality blocked","Default","3518"
"67","62","59","54","3","00:02:09","417","136","Non quality blocked","Snap","3519"
"195","229","155","107","3","00:02:09","75","208","Non quality blocked","Wrist","3520"
"12","71","64","29","3","00:00:23","127","220","Quality blocked","Default","3521"
"142","264","123","252","2","00:14:57","541","92","Non quality blocked","Wrist","3522"
"162","44","211","210","3","00:02:09","206","65","Non quality blocked","Default","3523"
"76","90","22","241","3","00:00:23","105","165","Quality blocked","Snap","3524"
"13","102","22","123","2","00:14:58","490","140","Quality blocked","Default","3526"
"58","87","228","212","3","00:02:10","111","40","Non quality blocked","Default","3527"
"198","68","64","154","2","00:14:58","111","264","Non quality blocked","Wrist","3528"
"30","2","6","85","3","00:02:11","46","193","Non quality blocked","Wrist","3530"
"220","11","123","160","2","00:14:58","141","153","Quality blocked","Default","3531"
"66","129","59","257","2","00:19:25","86","254","Non quality blocked","Wrist","3532"
"169","99","28","156","3","00:02:12","462","261","Non quality blocked","Wrist","3533"
"142","31","85","172","2","00:14:58","95","218","Quality blocked","Default","3534"
"224","52","6","259","2","00:19:25","195","116","Non quality blocked","Wrist","3535"
"32","67","64","174","3","00:02:12","460","225","Quality blocked","Slap","3536"
"11","30","85","149","2","00:19:26","435","271","Non quality blocked","Wrist","3537"
"71","183","6","237","3","00:02:12","151","245","Non quality blocked","Default","3538"
"71","50","64","226","3","00:00:24","400","87","Non quality blocked","Default","3539"
"68","83","28","30","3","00:02:13","172","175","Non quality blocked","Default","3540"
"224","11","59","211","2","00:19:26","413","183","Non quality blocked","Wrist","3541"
"56","23","22","31","2","00:15:00","186","219","Non quality blocked","Snap","3542"
"32","40","228","243","3","00:02:13","474","119","Quality blocked","Wrist","3543"
"72","26","85","222","2","00:19:26","441","82","Non quality blocked","Default","3544"
"198","97","6","246","3","00:02:13","459","143","Quality blocked","Slap","3545"
"196","128","64","138","2","00:15:00","87","75","Non quality blocked","Wrist","3546"
"167","192","22","134","3","00:02:14","381","169","Non quality blocked","Default","3547"
"56","191","123","136","2","00:15:01","381","141","Non quality blocked","Wrist","3548"
"11","58","222","209","3","00:02:15","170","101","Non quality blocked","Default","3549"
"72","232","64","108","2","00:15:02","69","95","Non quality blocked","Default","3551"
"253","249","228","214","2","00:15:02","195","207","Non quality blocked","Wrist","3552"
"236","245","228","256","3","00:02:15","413","142","Non quality blocked","Default","3554"
"53","44","155","71","2","00:19:27","522","249","Non quality blocked","Default","3555"
"87","9","28","258","3","00:02:16","128","172","Quality blocked","Snap","3556"
"21","1","6","97","2","00:15:03","120","212","Quality blocked","Wrist","3557"
"161","199","85","103","2","00:15:03","411","235","Non quality blocked","Slap","3558"
"229","51","28","146","2","00:19:27","392","79","Non quality blocked","Wrist","3559"
"51","192","123","149","2","00:15:03","206","69","Non quality blocked","Slap","3560"
"63","203","28","174","2","00:19:27","93","202","Quality blocked","Wrist","3561"
"56","87","155","128","3","00:02:17","457","73","Non quality blocked","Wrist","3562"
"16","99","155","250","2","00:15:04","95","223","Quality blocked","Default","3563"
"7","20","22","70","2","00:19:28","396","235","Non quality blocked","Default","3564"
"56","98","28","238","3","00:02:18","399","24","Non quality blocked","Wrist","3565"
"65","189","123","142","2","00:19:28","80","171","Quality blocked","Default","3567"
"196","190","123","252","3","00:02:19","449","247","Non quality blocked","Default","3568"
"20","198","85","175","2","00:19:28","153","79","Non quality blocked","Wrist","3569"
"58","73","64","72","2","00:15:05","471","172","Quality blocked","Default","3570"
"198","44","85","263","3","00:02:20","213","78","Non quality blocked","Snap","3571"
"63","51","28","154","3","00:00:25","476","81","Quality blocked","Wrist","3572"
"56","30","228","248","2","00:19:28","97","68","Non quality blocked","Wrist","3573"
"159","129","123","33","3","00:02:21","168","232","Non quality blocked","Wrist","3574"
"195","34","155","102","2","00:15:05","489","99","Quality blocked","Default","3575"
"34","79","123","51","3","00:02:22","474","93","Quality blocked","Wrist","3576"
"79","220","222","132","3","00:02:22","167","150","Non quality blocked","Wrist","3577"
"13","4","59","113","3","00:02:23","127","123","Quality blocked","Wrist","3579"
"12","98","28","173","3","00:02:23","207","222","Non quality blocked","Wrist","3580"
"68","11","64","263","2","00:19:30","399","261","Non quality blocked","Wrist","3582"
"205","187","121","102","3","00:02:24","86","107","Quality blocked","Default","3583"
"63","229","228","232","2","00:15:07","491","201","Quality blocked","Default","3584"
"83","75","64","30","2","00:19:31","398","153","Non quality blocked","Default","3585"
"98","169","123","119","3","00:02:24","499","204","Quality blocked","Default","3586"
"87","183","6","143","3","00:02:24","161","177","Non quality blocked","Default","3587"
"129","240","222","249","3","00:02:24","426","37","Non quality blocked","Default","3588"
"68","53","48","41","3","00:02:25","398","77","Non quality blocked","Slap","3589"
"125","129","123","63","2","00:19:33","147","246","Non quality blocked","Default","3590"
"87","131","64","104","3","00:02:25","400","250","Non quality blocked","Slap","3591"
"34","223","222","165","3","00:02:25","117","269","Non quality blocked","Wrist","3592"
"118","11","123","147","2","00:19:33","152","82","Non quality blocked","Default","3593"
"205","88","222","212","3","00:02:25","419","135","Non quality blocked","Default","3594"
"17","221","238","251","2","00:19:33","111","251","Non quality blocked","Default","3595"
"87","62","59","125","3","00:02:26","102","205","Quality blocked","Slap","3596"
"208","5","28","236","3","00:02:26","189","261","Non quality blocked","Slap","3597"
"78","26","28","173","2","00:19:34","97","212","Quality blocked","Slap","3598"
"138","169","22","131","3","00:02:27","154","193","Non quality blocked","Wrist","3600"
"207","253","28","214","2","00:19:34","399","28","Non quality blocked","Wrist","3601"
"5","44","228","157","3","00:00:25","148","225","Non quality blocked","Wrist","3602"
"161","50","59","49","2","00:15:09","87","183","Quality blocked","Wrist","3603"
"83","76","64","138","3","00:02:27","165","96","Non quality blocked","Wrist","3604"
"12","26","211","218","3","00:02:27","411","38","Non quality blocked","Default","3605"
"203","256","6","259","3","00:02:27","200","225","Non quality blocked","Wrist","3606"
"40","67","64","164","3","00:00:27","478","201","Quality blocked","Default","3607"
"26","208","64","166","3","00:02:28","156","164","Non quality blocked","Wrist","3608"
"76","196","155","245","3","00:00:27","119","103","Quality blocked","Wrist","3610"
"157","61","59","49","3","00:02:29","201","114","Non quality blocked","Wrist","3611"
"84","118","6","180","3","00:02:31","135","78","Quality blocked","Wrist","3613"
"157","167","19","121","2","00:19:35","107","217","Quality blocked","Wrist","3614"
"220","74","85","222","2","00:19:35","500","121","Quality blocked","Wrist","3615"
"25","47","155","186","2","00:15:09","106","96","Quality blocked","Default","3616"
"18","208","155","234","2","00:19:35","426","224","Non quality blocked","Wrist","3617"
"217","44","85","222","2","00:15:09","498","207","Quality blocked","Wrist","3618"
"249","167","22","256","2","00:15:10","105","182","Quality blocked","Wrist","3619"
"7","102","22","95","2","00:19:36","112","224","Quality blocked","Default","3620"
"25","66","211","100","2","00:19:36","159","152","Non quality blocked","Default","3622"
"98","8","19","99","2","00:15:11","524","176","Quality blocked","Wrist","3623"
"167","50","59","239","2","00:19:36","507","177","Quality blocked","Wrist","3624"
"169","57","222","209","2","00:15:11","181","261","Non quality blocked","Default","3627"
"44","116","123","51","3","00:02:32","399","249","Non quality blocked","Wrist","3628"
"189","83","28","262","2","00:15:11","81","83","Non quality blocked","Snap","3629"
"9","214","64","105","3","00:02:32","400","75","Non quality blocked","Default","3630"
"62","39","85","172","3","00:02:32","188","242","Non quality blocked","Default","3631"
"232","206","155","128","2","00:19:37","419","91","Non quality blocked","Default","3632"
"21","73","211","136","3","00:02:33","212","79","Non quality blocked","Slap","3633"
"73","116","123","63","3","00:00:28","139","66","Non quality blocked","Default","3634"
"72","39","28","199","3","00:02:33","404","134","Non quality blocked","Wrist","3635"
"58","196","28","137","3","00:00:28","509","147","Quality blocked","Wrist","3636"
"83","217","222","264","2","00:19:38","151","131","Non quality blocked","Wrist","3637"
"169","67","64","159","3","00:02:34","423","231","Non quality blocked","Default","3638"
"67","99","28","66","3","00:02:36","499","198","Quality blocked","Default","3639"
"129","286","222","215","2","00:15:14","462","137","Quality blocked","Default","3640"
"20","230","155","186","2","00:19:39","178","193","Non quality blocked","Default","3641"
"56","150","41","53","2","00:15:15","424","56","Non quality blocked","Default","3642"
"25","79","28","247","2","00:19:40","478","195","Quality blocked","Wrist","3643"
"196","47","228","221","3","00:00:28","170","70","Non quality blocked","Snap","3644"
"87","4","222","167","2","00:15:15","410","167","Non quality blocked","Default","3645"
"196","12","6","259","2","00:19:40","61","127","Quality blocked","Default","3646"
"157","118","6","180","3","00:02:36","121","34","Non quality blocked","Wrist","3647"
"159","74","64","30","2","00:15:16","469","150","Quality blocked","Default","3648"
"20","71","222","233","3","00:00:28","45","188","Non quality blocked","Default","3649"
"76","152","155","36","3","00:02:37","163","76","Non quality blocked","Default","3650"
"31","68","64","174","3","00:02:37","489","94","Quality blocked","Wrist","3652"
"4","118","22","38","3","00:02:39","433","260","Non quality blocked","Wrist","3653"
"68","35","155","36","2","00:15:19","103","98","Quality blocked","Default","3654"
"203","255","6","250","3","00:00:28","467","77","Quality blocked","Default","3655"
"78","83","28","87","2","00:19:41","427","39","Non quality blocked","Slap","3656"
"220","44","228","135","3","00:00:29","123","243","Non quality blocked","Default","3658"
"52","17","6","185","2","00:19:41","423","151","Non quality blocked","Default","3659"
"129","31","28","156","2","00:15:20","427","95","Non quality blocked","Snap","3660"
"76","78","6","145","3","00:00:32","115","129","Quality blocked","Default","3661"
"78","84","28","173","2","00:15:20","49","189","Non quality blocked","Slap","3662"
"12","88","59","34","3","00:00:35","182","51","Non quality blocked","Default","3663"
"13","196","28","180","2","00:15:20","531","238","Non quality blocked","Wrist","3664"
"205","169","64","217","3","00:00:35","118","132","Quality blocked","Snap","3665"
"35","126","64","36","2","00:19:42","420","83","Non quality blocked","Default","3666"
"87","189","22","256","2","00:15:20","194","65","Non quality blocked","Default","3667"
"36","90","123","51","2","00:19:42","531","116","Quality blocked","Wrist","3668"
"73","83","28","66","3","00:00:37","511","140","Quality blocked","Tip","3669"
"118","100","64","88","2","00:15:21","133","195","Quality blocked","Wrist","3670"
"56","47","228","248","2","00:15:21","138","103","Quality blocked","Wrist","3672"
"72","68","211","235","3","00:00:38","512","231","Non quality blocked","Wrist","3673"
"83","61","64","154","2","00:19:42","198","65","Non quality blocked","Snap","3674"
"198","8","186","190","2","00:15:23","158","53","Non quality blocked","Snap","3675"
"223","114","28","199","2","00:19:42","425","139","Non quality blocked","Wrist","3676"
"72","99","155","268","2","00:15:24","83","142","Quality blocked","Default","3678"
"67","203","85","116","3","00:00:40","175","65","Non quality blocked","Default","3680"
"223","34","228","167","2","00:19:44","189","230","Non quality blocked","Wrist","3681"
"50","87","41","39","2","00:15:25","190","268","Non quality blocked","Snap","3682"
"44","30","28","46","2","00:19:46","121","237","Non quality blocked","Default","3683"
"67","31","28","174","2","00:15:26","158","45","Non quality blocked","Slap","3684"
"38","180","64","226","2","00:15:28","464","59","Non quality blocked","Wrist","3685"
"229","203","28","141","2","00:15:29","179","140","Non quality blocked","Wrist","3686"
"63","84","28","154","3","00:00:40","471","133","Quality blocked","Wrist","3687"
"11","63","59","59","2","00:19:47","404","203","Non quality blocked","Slap","3688"
"18","108","59","65","3","00:00:41","93","69","Non quality blocked","Snap","3689"
"162","55","59","49","2","00:15:30","141","224","Quality blocked","Wrist","3690"
"198","53","59","176","3","00:00:41","66","155","Quality blocked","Backhand","3691"
"63","12","6","65","2","00:19:47","428","69","Non quality blocked","Wrist","3692"
"60","13","6","69","2","00:15:31","213","235","Non quality blocked","Snap","3693"
"11","201","85","168","2","00:19:47","179","69","Non quality blocked","Default","3694"
"24","47","155","124","2","00:15:31","212","151","Non quality blocked","Slap","3695"
"189","87","155","130","2","00:15:31","459","51","Non quality blocked","Snap","3696"
"39","24","22","131","2","00:19:48","97","142","Quality blocked","Tip","3697"
"196","23","123","175","2","00:19:48","402","159","Non quality blocked","Wrist","3698"
"76","104","123","111","2","00:15:32","121","137","Quality blocked","Default","3699"
"23","71","222","207","2","00:19:48","471","260","Non quality blocked","Wrist","3700"
"229","26","28","161","2","00:19:50","149","144","Non quality blocked","Slap","3701"
"83","101","222","264","2","00:19:50","191","152","Non quality blocked","Wrist","3702"
"56","104","22","159","2","00:15:32","193","243","Non quality blocked","Default","3703"
"67","231","155","114","2","00:19:51","519","171","Quality blocked","Slap","3704"
"76","189","22","169","2","00:15:34","471","161","Quality blocked","Default","3705"
"61","44","211","227","2","00:15:35","530","97","Non quality blocked","Wrist","3706"
"50","99","28","176","2","00:19:51","445","47","Non quality blocked","Wrist","3707"
"40","98","28","214","2","00:19:51","417","165","Non quality blocked","Wrist","3709"
"87","31","28","146","2","00:15:38","387","211","Non quality blocked","Slap","3710"
"221","129","59","215","2","00:19:51","84","142","Quality blocked","Default","3711"
"129","69","64","84","2","00:19:52","444","41","Non quality blocked","Default","3713"
"24","47","155","124","2","00:15:39","198","140","Non quality blocked","Default","3714"
"169","34","41","117","2","00:19:52","379","141","Non quality blocked","Wrist","3715"
"30","38","228","141","2","00:19:52","564","120","Non quality blocked","Wrist","3716"
"229","114","59","242","2","00:15:40","211","151","Non quality blocked","Default","3717"
"229","89","64","217","2","00:19:52","184","213","Non quality blocked","Wrist","3718"
"81","115","123","58","2","00:15:41","165","216","Non quality blocked","Default","3719"
"32","75","64","67","2","00:15:41","148","195","Non quality blocked","Wrist","3720"
"23","230","155","186","2","00:19:53","101","194","Quality blocked","Wrist","3722"
"207","206","155","128","2","00:15:42","397","56","Non quality blocked","Default","3723"
"98","5","186","190","2","00:19:53","82","45","Non quality blocked","Wrist","3724"
"180","39","28","173","2","00:15:43","165","18","Non quality blocked","Wrist","3725"
"12","97","22","123","2","00:15:44","495","85","Quality blocked","Wrist","3726"
"11","39","48","231","2","00:19:53","144","124","Non quality blocked","Default","3727"
"103","163","85","33","2","00:15:45","410","33","Non quality blocked","Wrist","3728"
"223","89","64","249","2","00:19:53","143","154","Quality blocked","Default","3729"
"196","76","211","261","2","00:19:53","191","196","Non quality blocked","Wrist","3730"
"236","149","6","230","2","00:15:45","207","96","Non quality blocked","Wrist","3731"
"100","84","28","30","2","00:19:54","101","143","Quality blocked","Default","3733"
"61","45","41","39","2","00:15:46","129","15","Non quality blocked","Snap","3734"
"126","40","155","36","2","00:15:47","105","53","Non quality blocked","Default","3735"
"79","245","228","214","2","00:15:48","146","283","Non quality blocked","Wrist","3736"
"76","2","6","145","2","00:15:49","150","142","Non quality blocked","Default","3737"
"61","38","155","120","2","00:15:51","448","125","Non quality blocked","Wrist","3739"
"23","76","211","210","2","00:15:51","206","112","Non quality blocked","Snap","3740"
"125","230","155","114","2","00:15:53","509","155","Quality blocked","Default","3742"
"129","181","155","211","2","00:15:53","206","185","Non quality blocked","Wrist","3743"
"187","126","211","100","2","00:15:54","188","89","Non quality blocked","Default","3745"
"32","185","19","99","2","00:15:55","483","99","Quality blocked","Slap","3746"
"60","156","85","103","2","00:15:58","399","63","Non quality blocked","Wrist","3747"
"78","44","155","143","2","00:15:58","531","112","Quality blocked","Default","3748"
"84","208","64","154","2","00:15:59","110","203","Quality blocked","Wrist","3749"
"51","50","59","231","2","00:16:00","501","245","Non quality blocked","Wrist","3750"
"51","229","228","243","2","00:16:00","507","257","Non quality blocked","Wrist","3751"
"16","223","222","171","2","00:16:01","75","202","Quality blocked","Snap","3753"
"83","61","64","154","2","00:16:02","158","75","Non quality blocked","Wrist","3754"
"210","67","211","261","2","00:16:02","182","114","Non quality blocked","Wrist","3755"
"163","62","59","49","2","00:16:03","194","41","Non quality blocked","Slap","3756"
"68","2","6","145","2","00:16:03","100","78","Quality blocked","Default","3757"
"99","37","155","110","2","00:16:04","210","149","Non quality blocked","Default","3758"
"217","196","28","152","2","00:16:04","80","164","Quality blocked","Wrist","3759"
"99","220","59","137","2","00:16:05","165","215","Non quality blocked","Wrist","3760"
"31","47","155","46","2","00:16:07","481","215","Quality blocked","Default","3763"
"115","203","85","149","2","00:16:07","497","75","Quality blocked","Wrist","3764"
"132","242","222","235","2","00:16:07","192","58","Non quality blocked","Default","3765"
"74","219","59","178","2","00:16:08","494","139","Quality blocked","Snap","3766"
"68","24","22","204","2","00:16:09","387","151","Non quality blocked","Wrist","3767"
"32","185","19","99","2","00:16:10","421","113","Non quality blocked","Snap","3768"
"89","15","6","133","2","00:16:11","427","101","Non quality blocked","Wrist","3769"
"21","84","85","175","2","00:16:12","91","123","Quality blocked","Wrist","3770"
"79","38","155","51","2","00:16:15","162","93","Non quality blocked","Slap","3773"
"180","62","222","162","2","00:16:15","423","70","Non quality blocked","Default","3774"
"24","223","222","233","2","00:16:17","173","156","Non quality blocked","Default","3776"
"4","264","123","247","2","00:16:17","196","213","Non quality blocked","Wrist","3777"
"156","72","64","30","2","00:16:20","428","98","Non quality blocked","Default","3778"
"167","60","59","34","2","00:16:20","148","64","Non quality blocked","Default","3779"
"52","192","22","206","2","00:16:21","130","80","Quality blocked","Wrist","3781"
"23","62","222","207","2","00:16:21","417","184","Non quality blocked","Wrist","3782"
"169","53","222","132","2","00:16:22","163","92","Non quality blocked","Wrist","3783"
"31","7","6","85","2","00:16:24","87","124","Quality blocked","Wrist","3784"
"76","83","28","66","2","00:16:25","414","170","Non quality blocked","Default","3785"
"167","74","211","118","2","00:16:25","415","160","Non quality blocked","Default","3786"
"13","182","6","259","2","00:16:25","126","217","Quality blocked","Wrist","3787"
"210","44","155","150","2","00:16:26","509","211","Quality blocked","Default","3789"
"68","201","85","166","2","00:16:26","389","162","Non quality blocked","Wrist","3790"
"198","67","211","116","3","00:04:01","469","130","Quality blocked","Default","3792"
"38","12","6","148","3","00:04:01","127","201","Quality blocked","Default","3793"
"42","219","59","120","3","00:04:02","68","186","Quality blocked","Wrist","3794"
"169","87","155","183","3","00:04:02","480","153","Quality blocked","Snap","3795"
"63","51","28","224","3","00:04:02","457","97","Quality blocked","Wrist","3796"
"9","100","85","232","3","00:04:03","135","34","Non quality blocked","Snap","3798"
"230","51","28","258","3","00:04:03","141","120","Quality blocked","Snap","3799"
"117","30","85","42","3","00:04:04","398","267","Non quality blocked","Wrist","3800"
"34","44","211","245","3","00:04:04","523","219","Non quality blocked","Default","3801"
"13","66","211","261","3","00:04:04","150","146","Non quality blocked","Snap","3802"
"32","65","211","267","3","00:04:04","159","17","Non quality blocked","Slap","3803"
"33","62","59","39","3","00:04:05","476","147","Quality blocked","Snap","3804"
"220","203","28","106","3","00:04:05","483","99","Quality blocked","Wrist","3805"
"11","209","64","159","3","00:04:06","533","123","Quality blocked","Default","3807"
"83","52","59","49","3","00:04:07","210","273","Non quality blocked","Wrist","3808"
"180","236","123","239","3","00:04:07","87","144","Quality blocked","Wrist","3809"
"24","57","222","132","3","00:04:09","153","160","Non quality blocked","Wrist","3810"
"67","49","6","145","3","00:04:09","236","139","Non quality blocked","Default","3811"
"63","84","28","154","3","00:04:09","531","91","Non quality blocked","Wrist","3812"
"271","24","123","247","3","00:04:10","52","181","Non quality blocked","Wrist","3813"
"125","90","123","86","3","00:04:11","106","155","Quality blocked","Default","3814"
"15","71","211","118","3","00:04:11","514","206","Quality blocked","Default","3815"
"39","24","22","131","3","00:04:12","123","113","Quality blocked","Wrist","3816"
"56","27","28","62","3","00:04:14","207","75","Non quality blocked","Snap","3817"
"30","180","6","173","3","00:04:14","543","149","Quality blocked","Wrist","3818"
"214","114","28","174","3","00:04:14","168","69","Non quality blocked","Wrist","3819"
"13","84","28","85","3","00:04:16","419","137","Non quality blocked","Wrist","3820"
"129","214","211","142","3","00:04:16","422","38","Non quality blocked","Default","3821"
"183","220","59","151","3","00:04:17","515","177","Quality blocked","Default","3823"
"4","317","211","227","3","00:04:17","463","157","Quality blocked","Backhand","3824"
"65","12","6","255","3","00:04:17","495","95","Quality blocked","Default","3825"
"264","63","211","241","3","00:04:18","440","222","Non quality blocked","Wrist","3826"
"149","208","155","259","3","00:04:18","497","133","Quality blocked","Wrist","3827"
"63","206","228","232","3","00:04:21","530","130","Quality blocked","Snap","3830"
"32","44","211","267","3","00:04:22","159","279","Non quality blocked","Snap","3831"
"15","99","155","234","3","00:04:23","457","239","Non quality blocked","Slap","3832"
"207","227","41","104","3","00:04:29","140","131","Quality blocked","Wrist","3834"
"23","74","64","159","3","00:04:29","436","255","Non quality blocked","Default","3835"
"102","82","28","156","3","00:04:30","482","242","Non quality blocked","Wrist","3837"
"264","65","211","241","3","00:04:30","420","207","Non quality blocked","Snap","3838"
"259","196","155","250","3","00:04:30","152","153","Non quality blocked","Snap","3839"
"65","2","19","52","3","00:04:32","88","241","Non quality blocked","Default","3841"
"25","47","155","186","3","00:04:33","130","145","Quality blocked","Wrist","3843"
"229","189","22","117","3","00:04:34","197","167","Non quality blocked","Wrist","3844"
"131","203","28","141","3","00:04:35","193","165","Non quality blocked","Wrist","3845"
"285","223","222","212","3","00:04:35","550","183","Non quality blocked","Default","3846"
"74","5","6","118","3","00:04:36","117","61","Non quality blocked","Default","3847"
"56","47","41","53","3","00:04:38","414","159","Non quality blocked","Default","3848"
"10","3","59","34","3","00:04:39","158","110","Non quality blocked","Default","3849"
"83","209","211","116","3","00:04:39","419","103","Non quality blocked","Default","3850"
"58","169","123","181","3","00:04:39","465","81","Quality blocked","Wrist","3851"
"191","65","211","136","3","00:04:40","138","78","Quality blocked","Wrist","3852"
"1","91","155","234","3","00:04:40","505","193","Quality blocked","Wrist","3853"
"221","78","6","185","3","00:04:42","501","205","Quality blocked","Wrist","3854"
"68","245","228","248","3","00:04:42","174","108","Non quality blocked","Slap","3855"
"88","42","155","71","3","00:04:45","85","245","Non quality blocked","Default","3858"
"104","180","19","126","3","00:04:45","99","123","Quality blocked","Snap","3859"
"68","230","155","128","3","00:04:45","509","96","Quality blocked","Default","3860"
"51","23","123","58","3","00:04:46","195","76","Non quality blocked","Wrist","3861"
"75","24","123","88","3","00:04:47","507","148","Quality blocked","Wrist","3862"
"192","167","123","239","3","00:04:48","65","195","Non quality blocked","Wrist","3863"
"183","56","64","184","3","00:04:49","212","271","Non quality blocked","Slap","3864"
"207","51","85","116","3","00:00:43","121","69","Non quality blocked","Default","3865"
"83","7","6","42","3","00:04:50","216","165","Non quality blocked","Wrist","3866"
"240","246","6","251","3","00:04:50","525","215","Non quality blocked","Default","3867"
"246","229","228","269","3","00:04:51","123","211","Quality blocked","Wrist","3868"
"167","220","222","171","3","00:00:44","201","234","Non quality blocked","Snap","3869"
"89","149","186","187","3","00:04:52","437","89","Non quality blocked","Default","3870"
"34","242","238","229","3","00:00:44","141","110","Quality blocked","Wrist","3871"
"2","26","211","245","3","00:04:52","459","223","Quality blocked","Slap","3872"
"246","247","22","230","3","00:00:44","383","215","Non quality blocked","Wrist","3873"
"199","169","123","156","3","00:04:54","86","191","Quality blocked","Wrist","3874"
"66","195","123","111","3","00:04:55","156","77","Non quality blocked","Default","3876"
"62","68","64","108","3","00:00:47","59","260","Non quality blocked","Default","3877"
"60","274","28","214","3","00:04:55","389","244","Non quality blocked","Wrist","3878"
"56","191","22","204","3","00:04:56","409","80","Non quality blocked","Wrist","3879"
"205","169","123","186","3","00:00:49","516","184","Quality blocked","Default","3883"
"63","196","28","154","3","00:04:57","501","87","Quality blocked","Wrist","3884"
"31","219","222","254","3","00:00:49","198","179","Non quality blocked","Slap","3885"
"114","24","123","156","3","00:04:57","131","160","Quality blocked","Wrist","3886"
"83","221","59","176","3","00:00:50","203","105","Non quality blocked","Wrist","3887"
"256","56","211","255","3","00:00:52","108","213","Quality blocked","Snap","3888"
"209","44","155","177","3","00:04:57","129","101","Quality blocked","Wrist","3889"
"76","11","22","40","3","00:00:53","486","270","Non quality blocked","Wrist","3890"
"223","50","59","215","3","00:04:57","188","215","Non quality blocked","Default","3891"
"203","24","22","216","3","00:04:57","146","158","Non quality blocked","Wrist","3892"
"52","11","59","220","3","00:00:54","159","235","Non quality blocked","Wrist","3893"
"15","188","22","230","3","00:04:57","486","140","Quality blocked","Wrist","3894"
"157","142","59","37","3","00:04:58","110","187","Quality blocked","Wrist","3895"
"129","161","222","132","3","00:04:58","166","232","Non quality blocked","Wrist","3896"
"12","229","228","269","3","00:04:59","197","129","Non quality blocked","Slap","3897"
"63","24","123","28","3","00:05:00","483","206","Quality blocked","Default","3898"
"24","44","154","73","3","00:05:00","412","93","Non quality blocked","Wrist","3899"
"60","207","64","108","3","00:05:00","178","70","Non quality blocked","Default","3900"
"79","67","211","227","3","00:05:00","410","39","Non quality blocked","Wrist","3901"
"31","2","6","85","3","00:05:02","165","90","Non quality blocked","Wrist","3903"
"78","30","28","190","3","00:00:55","441","123","Non quality blocked","Slap","3904"
"98","317","211","227","3","00:05:02","424","113","Non quality blocked","Slap","3905"
"35","188","22","262","3","00:00:55","506","225","Non quality blocked","Wrist","3906"
"13","230","228","148","3","00:00:56","456","45","Non quality blocked","Wrist","3907"
"9","76","85","248","3","00:05:02","444","225","Non quality blocked","Wrist","3908"
"50","87","228","242","3","00:00:56","515","170","Quality blocked","Default","3909"
"73","21","123","142","3","00:05:03","63","159","Quality blocked","Default","3910"
"224","118","6","185","3","00:05:03","471","239","Non quality blocked","Default","3912"
"1","62","59","34","3","00:00:57","114","105","Quality blocked","Default","3913"
"25","75","64","86","3","00:00:58","407","90","Non quality blocked","Default","3914"
"217","4","123","160","3","00:05:04","471","81","Quality blocked","Wrist","3915"
"13","230","228","221","3","00:00:58","126","231","Non quality blocked","Wrist","3916"
"138","232","64","138","3","00:05:07","114","202","Quality blocked","Wrist","3917"
"66","84","28","67","3","00:00:59","477","192","Quality blocked","Default","3918"
"42","67","64","150","3","00:01:00","66","239","Non quality blocked","Snap","3919"
"84","73","64","30","3","00:01:02","412","47","Non quality blocked","Default","3920"
"232","26","28","154","3","00:05:07","409","58","Non quality blocked","Wrist","3921"
"2","221","222","162","3","00:05:10","416","213","Non quality blocked","Default","3924"
"58","217","123","209","3","00:05:10","489","31","Non quality blocked","Default","3925"
"196","11","59","211","3","00:05:10","401","262","Non quality blocked","Wrist","3926"
"68","116","123","63","3","00:05:12","211","56","Non quality blocked","Default","3927"
"87","149","6","143","3","00:05:14","164","153","Non quality blocked","Default","3928"
"161","169","123","144","3","00:05:14","45","145","Quality blocked","Default","3929"
"78","71","64","29","3","00:05:15","197","172","Non quality blocked","Default","3930"
"84","210","64","138","3","00:05:15","191","244","Non quality blocked","Wrist","3931"
"71","81","28","66","3","00:05:16","417","73","Non quality blocked","Default","3932"
"66","60","59","72","3","00:05:16","134","249","Non quality blocked","Default","3933"
"200","56","222","103","3","00:05:16","192","244","Non quality blocked","Wrist","3934"
"190","38","155","107","3","00:05:17","121","132","Quality blocked","Wrist","3935"
"313","15","6","255","3","00:05:17","431","207","Non quality blocked","Default","3936"
"167","277","228","265","3","00:05:18","67","140","Quality blocked","Wrist","3937"
"167","183","6","225","3","00:05:19","405","192","Non quality blocked","Wrist","3938"
"11","12","6","97","3","00:05:21","173","137","Non quality blocked","Wrist","3939"
"61","133","64","54","3","00:05:22","198","57","Non quality blocked","Default","3940"
"12","24","123","109","3","00:05:23","207","105","Non quality blocked","Wrist","3941"
"114","44","155","170","3","00:05:23","129","217","Quality blocked","Wrist","3942"
"98","72","222","103","3","00:05:25","176","193","Non quality blocked","Wrist","3943"
"230","221","59","120","3","00:05:25","199","34","Non quality blocked","Wrist","3944"
"208","4","59","140","3","00:05:25","172","213","Non quality blocked","Slap","3945"
"44","100","64","150","3","00:05:25","179","183","Non quality blocked","Snap","3946"
"189","87","155","183","3","00:05:25","471","112","Quality blocked","Snap","3947"
"196","180","6","173","3","00:05:26","455","231","Non quality blocked","Wrist","3948"
"63","230","155","177","3","00:05:26","121","160","Quality blocked","Default","3949"
"40","57","59","39","3","00:05:27","414","129","Non quality blocked","Snap","3950"
"169","40","228","117","3","00:05:28","419","45","Non quality blocked","Wrist","3952"
"181","56","59","113","3","00:05:29","110","105","Quality blocked","Wrist","3953"
"61","44","211","227","3","00:05:29","445","94","Non quality blocked","Wrist","3954"
"53","5","6","83","3","00:05:31","393","53","Non quality blocked","Default","3955"
"24","149","155","107","3","00:05:31","106","45","Non quality blocked","Wrist","3956"
"68","138","28","158","3","00:05:31","275","148","Non quality blocked","Default","3957"
"23","71","222","181","3","00:05:32","62","150","Quality blocked","Snap","3958"
"101","161","28","66","3","00:05:34","404","223","Non quality blocked","Default","3959"
"78","11","22","97","3","00:05:34","458","227","Non quality blocked","Default","3960"
"24","13","19","126","3","00:05:34","180","235","Non quality blocked","Wrist","3961"
"25","66","64","169","3","00:05:34","190","142","Non quality blocked","Default","3962"
"68","2","19","52","3","00:05:35","180","96","Non quality blocked","Default","3963"
"71","8","6","162","3","00:05:36","165","98","Non quality blocked","Default","3965"
"79","125","222","132","3","00:05:37","177","100","Non quality blocked","Wrist","3966"
"210","203","85","166","3","00:05:37","487","99","Quality blocked","Wrist","3967"
"71","105","22","40","3","00:05:38","402","57","Non quality blocked","Wrist","3968"
"34","4","222","167","3","00:05:38","517","255","Non quality blocked","Default","3969"
"61","242","222","254","3","00:05:38","71","121","Quality blocked","Wrist","3970"
"63","230","155","177","3","00:05:39","113","178","Quality blocked","Wrist","3971"
"24","50","48","44","3","00:05:41","145","80","Non quality blocked","Wrist","3973"
"86","24","22","195","3","00:05:41","154","41","Non quality blocked","Default","3974"
"198","50","59","176","3","00:05:42","154","249","Non quality blocked","Wrist","3975"
"142","200","211","245","3","00:05:42","527","123","Quality blocked","Wrist","3976"
"66","24","123","100","3","00:05:44","448","212","Non quality blocked","Default","3977"
"99","74","64","67","3","00:05:45","213","282","Non quality blocked","Wrist","3978"
"92","7","6","95","3","00:05:45","415","222","Non quality blocked","Default","3979"
"32","2","6","85","3","00:05:46","42","177","Non quality blocked","Wrist","3981"
"87","99","28","146","3","00:05:46","507","111","Quality blocked","Wrist","3982"
"210","30","85","166","3","00:05:46","549","73","Non quality blocked","Wrist","3983"
"90","75","64","111","3","00:05:47","446","188","Non quality blocked","Default","3984"
"129","219","59","144","3","00:05:47","414","236","Non quality blocked","Default","3985"
"21","67","64","159","3","00:05:50","448","53","Non quality blocked","Default","3986"
"32","105","123","33","3","00:05:51","183","115","Non quality blocked","Wrist","3987"
"125","40","155","155","3","00:05:51","129","159","Quality blocked","Default","3988"
"35","12","6","32","3","00:05:52","465","187","Quality blocked","Default","3989"
"191","47","155","186","3","00:05:52","56","213","Non quality blocked","Default","3990"
"15","60","59","83","3","00:05:53","124","111","Quality blocked","Default","3991"
"169","62","222","207","3","00:05:53","491","204","Quality blocked","Wrist","3992"
"73","32","28","227","3","00:05:53","83","114","Quality blocked","Default","3993"
"56","220","59","122","3","00:05:54","159","206","Non quality blocked","Default","3994"
"36","67","64","150","3","00:05:54","97","195","Quality blocked","Snap","3995"
"114","24","22","131","3","00:05:57","99","99","Quality blocked","Wrist","3998"
"66","125","59","140","3","00:05:57","127","222","Quality blocked","Default","3999"
"189","67","64","153","3","00:05:57","112","156","Quality blocked","Wrist","4000"
"115","83","28","253","3","00:05:57","473","51","Non quality blocked","Wrist","4001"
"34","52","6","259","3","00:05:58","90","123","Quality blocked","Wrist","4002"
"57","74","64","72","3","00:06:00","508","223","Non quality blocked","Default","4003"
"83","2","19","121","3","00:06:00","209","284","Non quality blocked","Wrist","4005"
"38","16","6","56","3","00:02:40","141","75","Quality blocked","Wrist","4006"
"169","86","64","153","3","00:02:40","85","97","Quality blocked","Wrist","4007"
"2","35","228","179","3","00:06:00","513","87","Quality blocked","Wrist","4008"
"230","224","59","155","3","00:02:40","442","236","Non quality blocked","Default","4009"
"71","163","28","66","3","00:06:01","432","258","Non quality blocked","Default","4011"
"142","12","6","69","3","00:02:43","152","56","Non quality blocked","Snap","4012"
"51","223","222","188","3","00:06:01","429","230","Non quality blocked","Default","4013"
"142","79","123","132","3","00:02:44","501","86","Quality blocked","Wrist","4015"
"49","61","28","236","3","00:02:44","196","236","Non quality blocked","Slap","4016"
"49","223","59","151","3","00:02:45","489","79","Quality blocked","Default","4017"
"68","138","28","67","3","00:02:47","456","99","Quality blocked","Wrist","4018"
"229","89","59","242","3","00:02:48","173","222","Non quality blocked","Wrist","4019"
"44","223","222","167","3","00:06:03","430","135","Non quality blocked","Default","4023"
"58","24","123","207","3","00:02:49","206","258","Non quality blocked","Slap","4024"
"125","129","22","84","3","00:02:50","119","174","Quality blocked","Default","4025"
"142","51","28","176","3","00:02:50","487","117","Quality blocked","Tip","4027"
"2","201","48","99","3","00:06:05","148","73","Non quality blocked","Wrist","4028"
"84","50","59","37","3","00:06:06","201","245","Non quality blocked","Wrist","4031"
"83","62","59","49","3","00:02:53","207","68","Non quality blocked","Wrist","4032"
"101","51","28","176","3","00:02:53","545","123","Quality blocked","Wrist","4033"
"52","156","166","103","3","00:06:06","432","75","Non quality blocked","Wrist","4034"
"56","99","28","37","3","00:02:54","489","197","Quality blocked","Wrist","4035"
"198","42","155","161","3","00:06:06","542","142","Quality blocked","Wrist","4036"
"31","26","211","224","3","00:02:54","148","82","Non quality blocked","Wrist","4037"
"87","26","28","60","3","00:06:07","404","225","Non quality blocked","Wrist","4039"
"100","78","19","29","3","00:02:55","402","145","Non quality blocked","Default","4040"
"180","20","22","134","3","00:06:07","464","243","Non quality blocked","Wrist","4041"
"91","83","85","55","3","00:02:55","111","200","Quality blocked","Default","4042"
"11","101","64","63","3","00:02:55","417","126","Non quality blocked","Default","4043"
"246","2","155","259","3","00:06:07","468","185","Quality blocked","Default","4044"
"78","163","28","87","3","00:02:55","476","123","Quality blocked","Snap","4045"
"125","67","211","140","3","00:06:08","478","183","Quality blocked","Default","4046"
"199","74","64","174","3","00:02:55","486","209","Quality blocked","Wrist","4047"
"57","79","28","254","3","00:06:09","488","132","Quality blocked","Wrist","4048"
"21","101","64","63","3","00:02:56","420","172","Non quality blocked","Default","4049"
"83","67","211","116","3","00:06:10","430","201","Non quality blocked","Wrist","4050"
"84","205","155","110","3","00:02:57","200","282","Non quality blocked","Wrist","4052"
"56","2","6","133","3","00:06:10","507","105","Quality blocked","Wrist","4053"
"149","91","123","43","3","00:02:58","423","67","Non quality blocked","Default","4054"
"142","11","123","181","3","00:06:10","470","154","Quality blocked","Slap","4055"
"86","87","228","189","3","00:02:58","161","94","Non quality blocked","Default","4056"
"12","31","28","121","3","00:02:59","409","78","Non quality blocked","Slap","4057"
"264","52","6","225","3","00:06:11","462","220","Quality blocked","Snap","4058"
"189","196","28","131","3","00:02:59","466","243","Non quality blocked","Wrist","4059"
"102","84","85","55","3","00:06:12","82","227","Non quality blocked","Backhand","4060"
"313","246","6","255","3","00:02:59","483","69","Non quality blocked","Default","4061"
"83","26","85","238","3","00:06:12","209","145","Non quality blocked","Wrist","4062"
"10","148","41","48","3","00:03:00","207","251","Non quality blocked","Default","4063"
"62","25","123","207","3","00:03:00","197","103","Non quality blocked","Default","4064"
"195","180","59","239","3","00:06:12","484","160","Quality blocked","Wrist","4065"
"76","51","28","267","3","00:03:01","491","177","Quality blocked","Snap","4066"
"25","44","154","73","3","00:06:13","479","89","Quality blocked","Slap","4067"
"23","230","228","256","3","00:03:02","501","69","Non quality blocked","Default","4068"
"52","26","166","103","3","00:06:13","423","117","Non quality blocked","Wrist","4069"
"183","229","228","148","3","00:06:13","465","108","Quality blocked","Wrist","4070"
"74","26","28","66","3","00:06:14","399","141","Non quality blocked","Default","4072"
"99","149","41","35","3","00:03:04","129","63","Non quality blocked","Wrist","4073"
"11","60","48","44","3","00:06:15","184","153","Non quality blocked","Default","4074"
"8","79","22","38","3","00:03:05","489","131","Quality blocked","Wrist","4075"
"83","55","59","49","3","00:03:05","199","209","Non quality blocked","Wrist","4076"
"114","185","6","173","3","00:06:15","463","189","Quality blocked","Slap","4077"
"89","39","41","61","3","00:03:05","468","112","Quality blocked","Wrist","4078"
"51","4","59","106","3","00:03:05","157","104","Non quality blocked","Wrist","4079"
"20","86","64","153","3","00:03:06","159","89","Non quality blocked","Default","4081"
"185","33","228","179","3","00:03:06","395","21","Non quality blocked","Wrist","4082"
"12","272","28","213","3","00:03:06","153","57","Non quality blocked","Default","4083"
"169","83","28","253","3","00:03:06","468","84","Quality blocked","Wrist","4084"
"203","223","222","197","3","00:06:16","207","273","Non quality blocked","Wrist","4085"
"11","158","85","55","3","00:06:17","206","88","Non quality blocked","Wrist","4087"
"12","232","64","105","3","00:03:07","401","99","Non quality blocked","Default","4088"
"313","39","28","227","3","00:03:07","206","47","Non quality blocked","Wrist","4089"
"114","68","64","174","3","00:06:17","473","143","Quality blocked","Wrist","4090"
"73","87","155","36","3","00:03:08","81","193","Quality blocked","Default","4091"
"13","25","123","252","3","00:06:18","405","117","Non quality blocked","Wrist","4092"
"58","114","28","176","3","00:03:09","493","143","Quality blocked","Wrist","4093"
"169","210","64","169","3","00:03:10","207","203","Non quality blocked","Default","4094"
"78","31","28","182","3","00:06:19","166","184","Non quality blocked","Wrist","4095"
"63","5","28","267","3","00:03:12","545","240","Non quality blocked","Wrist","4096"
"42","20","22","262","3","00:06:19","545","172","Quality blocked","Snap","4097"
"11","58","59","59","3","00:03:13","462","108","Quality blocked","Default","4098"
"68","75","59","257","3","00:03:13","187","246","Non quality blocked","Slap","4100"
"11","30","85","55","3","00:03:14","159","105","Non quality blocked","Default","4102"
"167","44","228","148","3","00:06:21","414","57","Non quality blocked","Wrist","4103"
"24","60","222","191","3","00:03:14","524","112","Quality blocked","Wrist","4104"
"74","18","19","45","3","00:06:22","201","51","Non quality blocked","Default","4105"
"30","57","59","49","3","00:06:22","80","177","Quality blocked","Wrist","4107"
"8","50","222","127","3","00:03:15","465","129","Quality blocked","Default","4108"
"14","62","59","69","3","00:06:22","513","74","Non quality blocked","Snap","4109"
"39","68","211","227","3","00:06:22","537","166","Quality blocked","Wrist","4111"
"2","21","22","96","3","00:03:17","396","249","Non quality blocked","Default","4112"
"90","53","222","181","3","00:03:17","185","57","Non quality blocked","Wrist","4113"
"84","1","19","99","3","00:06:23","393","103","Non quality blocked","Wrist","4114"
"169","66","211","142","3","00:03:20","424","250","Non quality blocked","Default","4116"
"89","71","59","178","3","00:06:23","477","150","Quality blocked","Wrist","4117"
"181","191","22","216","3","00:06:23","117","114","Quality blocked","Wrist","4118"
"133","44","155","36","3","00:06:24","191","245","Non quality blocked","Default","4120"
"161","196","85","172","3","00:03:21","106","147","Quality blocked","Default","4121"
"90","83","85","33","3","00:03:22","501","116","Quality blocked","Wrist","4122"
"83","210","64","158","3","00:06:24","394","166","Non quality blocked","Default","4123"
"44","79","28","267","3","00:06:24","395","46","Non quality blocked","Snap","4124"
"90","131","64","92","3","00:06:26","399","216","Non quality blocked","Default","4125"
"102","99","85","149","3","00:06:27","510","199","Quality blocked","Wrist","4126"
"101","246","6","251","3","00:06:27","504","49","Non quality blocked","Default","4127"
"104","83","28","156","3","00:06:28","491","248","Non quality blocked","Wrist","4128"
"68","20","22","159","3","00:06:28","190","140","Non quality blocked","Default","4129"
"161","196","28","176","3","00:06:28","537","182","Quality blocked","Backhand","4130"
"84","101","64","66","3","00:03:22","184","244","Non quality blocked","Default","4131"
"75","26","211","257","3","00:06:28","521","140","Quality blocked","Wrist","4132"
"76","50","59","72","3","00:03:24","142","116","Quality blocked","Default","4133"
"188","40","228","256","3","00:03:24","481","153","Quality blocked","Slap","4134"
"79","38","155","130","3","00:06:30","465","205","Quality blocked","Wrist","4138"
"114","190","123","168","3","00:03:25","455","117","Non quality blocked","Default","4139"
"44","50","59","155","3","00:06:30","520","160","Quality blocked","Default","4140"
"16","51","28","89","3","00:03:28","137","120","Quality blocked","Default","4142"
"25","87","155","107","3","00:03:29","77","118","Quality blocked","Wrist","4143"
"224","196","28","176","3","00:06:30","447","217","Non quality blocked","Wrist","4145"
"83","23","123","58","3","00:03:31","209","20","Non quality blocked","Wrist","4146"
"61","97","123","203","3","00:03:31","479","63","Non quality blocked","Default","4147"
"204","11","64","217","3","00:03:31","93","142","Quality blocked","Snap","4149"
"83","61","59","49","3","00:06:31","78","267","Non quality blocked","Wrist","4150"
"71","23","22","219","3","00:03:31","210","85","Non quality blocked","Default","4151"
"67","98","85","138","3","00:06:31","400","244","Non quality blocked","Wrist","4153"
"136","12","6","65","3","00:03:32","504","92","Quality blocked","Wrist","4154"
"61","11","22","169","3","00:06:31","467","118","Quality blocked","Default","4155"
"74","31","28","267","3","00:03:33","398","90","Non quality blocked","Wrist","4156"
"44","57","59","155","3","00:06:32","528","159","Quality blocked","Default","4157"
"87","191","193","124","3","00:03:35","390","277","Non quality blocked","Default","4158"
"188","227","155","124","3","00:06:33","87","155","Quality blocked","Backhand","4159"
"83","66","64","158","3","00:06:33","472","156","Quality blocked","Default","4160"
"200","192","22","131","3","00:06:34","206","149","Non quality blocked","Wrist","4161"
"84","229","228","243","3","00:06:34","443","207","Non quality blocked","Wrist","4162"
"79","220","59","144","3","00:03:35","411","145","Non quality blocked","Default","4164"
"203","72","222","197","3","00:06:35","165","231","Non quality blocked","Snap","4165"
"182","56","211","218","3","00:03:35","458","242","Non quality blocked","Default","4166"
"108","100","211","235","3","00:06:35","405","110","Non quality blocked","Default","4167"
"56","199","28","174","3","00:03:36","206","42","Non quality blocked","Wrist","4168"
"131","152","154","61","3","00:06:36","465","187","Quality blocked","Default","4169"
"53","47","155","155","3","00:03:37","189","158","Non quality blocked","Default","4170"
"91","60","222","132","3","00:06:37","91","146","Quality blocked","Default","4171"
"31","12","186","190","3","00:03:38","139","234","Non quality blocked","Wrist","4172"
"67","157","28","224","3","00:03:38","436","255","Non quality blocked","Snap","4173"
"32","37","228","146","3","00:06:38","201","196","Non quality blocked","Wrist","4174"
"181","129","123","109","3","00:03:40","193","146","Non quality blocked","Wrist","4175"
"79","5","6","123","3","00:03:40","456","243","Non quality blocked","Wrist","4177"
"210","285","228","221","3","00:06:41","153","166","Non quality blocked","Wrist","4178"
"51","1","6","64","3","00:03:41","524","126","Quality blocked","Default","4179"
"99","283","228","221","3","00:03:41","105","173","Quality blocked","Wrist","4180"
"34","44","211","245","3","00:03:43","437","219","Non quality blocked","Slap","4182"
"138","86","211","116","3","00:03:44","438","63","Non quality blocked","Default","4185"
"26","253","28","227","3","00:06:42","207","108","Non quality blocked","Wrist","4186"
"198","23","123","119","3","00:03:47","448","75","Non quality blocked","Default","4188"
"285","74","85","232","3","00:06:42","111","176","Quality blocked","Default","4189"
"167","32","28","89","3","00:03:48","145","139","Non quality blocked","Default","4191"
"196","67","64","138","3","00:03:49","190","225","Non quality blocked","Wrist","4192"
"188","31","85","149","3","00:03:49","401","69","Non quality blocked","Wrist","4193"
"167","32","28","89","3","00:03:51","192","183","Non quality blocked","Default","4194"
"11","89","64","159","3","00:03:51","411","124","Non quality blocked","Default","4195"
"20","83","85","168","3","00:03:51","101","207","Quality blocked","Wrist","4196"
"175","84","28","87","3","00:03:53","493","51","Non quality blocked","Wrist","4197"
"21","114","85","168","3","00:03:53","188","197","Non quality blocked","Wrist","4198"
"12","36","228","148","3","00:03:54","452","34","Non quality blocked","Default","4199"
"9","163","85","42","3","00:03:55","410","104","Non quality blocked","Wrist","4200"
"60","35","41","53","3","00:03:55","465","232","Non quality blocked","Default","4201"
"168","52","59","49","3","00:03:56","164","74","Non quality blocked","Wrist","4202"
"71","40","155","155","3","00:03:57","184","243","Non quality blocked","Default","4203"
"316","79","28","238","3","00:03:57","421","151","Non quality blocked","Snap","4204"
"244","229","228","248","3","00:03:57","171","233","Non quality blocked","Wrist","4205"
"57","129","123","44","3","00:03:58","459","173","Quality blocked","Wrist","4206"
"210","230","228","221","3","00:03:58","145","228","Non quality blocked","Slap","4207"
"24","198","28","119","3","00:07:49","181","84","Non quality blocked","Wrist","4208"
"229","188","22","256","3","00:07:49","180","168","Non quality blocked","Wrist","4209"
"236","44","211","241","3","00:07:50","426","59","Non quality blocked","Wrist","4210"
"20","67","64","159","3","00:07:51","483","66","Non quality blocked","Default","4211"
"180","285","228","242","3","00:07:51","402","170","Non quality blocked","Default","4212"
"68","180","6","133","3","00:07:52","465","225","Quality blocked","Wrist","4215"
"9","23","22","256","3","00:07:52","195","163","Non quality blocked","Default","4216"
"47","101","64","61","3","00:07:54","208","72","Non quality blocked","Default","4217"
"32","190","123","247","3","00:07:54","90","170","Quality blocked","Snap","4218"
"83","221","222","254","3","00:07:55","186","96","Non quality blocked","Wrist","4219"
"56","133","64","72","3","00:07:56","468","51","Non quality blocked","Default","4221"
"68","125","59","122","3","00:07:56","192","57","Non quality blocked","Default","4222"
"210","203","28","174","3","00:07:56","52","237","Non quality blocked","Wrist","4223"
"229","86","211","177","3","00:07:56","443","158","Non quality blocked","Wrist","4224"
"89","62","59","178","3","00:07:56","407","78","Non quality blocked","Snap","4225"
"58","167","123","244","3","00:07:57","108","79","Quality blocked","Default","4226"
"25","101","64","90","3","00:07:58","111","261","Non quality blocked","Default","4227"
"83","88","222","254","3","00:07:58","153","75","Non quality blocked","Wrist","4228"
"21","49","6","98","3","00:07:59","436","217","Non quality blocked","Default","4229"
"76","205","155","128","3","00:08:00","412","142","Non quality blocked","Wrist","4230"
"71","269","22","233","3","00:08:01","459","19","Non quality blocked","Default","4231"
"16","21","22","70","3","00:08:02","511","174","Quality blocked","Default","4232"
"99","63","64","154","3","00:08:02","189","240","Non quality blocked","Snap","4233"
"236","44","211","241","3","00:08:05","426","87","Non quality blocked","Wrist","4234"
"105","148","155","43","3","00:08:06","124","83","Quality blocked","Wrist","4235"
"99","76","64","66","3","00:08:06","199","203","Non quality blocked","Snap","4236"
"90","61","59","31","3","00:08:07","407","242","Non quality blocked","Snap","4237"
"67","142","59","108","3","00:08:07","483","190","Quality blocked","Default","4238"
"84","23","123","58","3","00:08:08","117","279","Non quality blocked","Wrist","4239"
"90","44","211","210","3","00:08:12","100","70","Non quality blocked","Snap","4240"
"230","97","123","186","3","00:08:13","494","246","Non quality blocked","Default","4242"
"157","52","222","200","3","00:08:13","531","128","Quality blocked","Default","4243"
"97","76","134","204","3","00:08:13","132","235","Non quality blocked","Wrist","4244"
"90","36","228","117","3","00:08:16","410","211","Non quality blocked","Wrist","4245"
"7","23","22","50","3","00:08:18","423","148","Non quality blocked","Wrist","4247"
"202","244","211","224","3","00:08:19","206","105","Non quality blocked","Wrist","4249"
"36","255","41","234","3","00:08:19","81","148","Quality blocked","Tip","4250"
"25","207","134","100","3","00:08:20","161","98","Non quality blocked","Default","4251"
"204","183","6","179","3","00:08:20","128","162","Quality blocked","Wrist","4252"
"24","71","222","207","3","00:08:20","532","147","Quality blocked","Wrist","4253"
"89","99","85","166","3","00:08:21","422","219","Non quality blocked","Wrist","4254"
"83","149","6","180","3","00:08:22","211","58","Non quality blocked","Slap","4256"
"56","205","228","189","3","00:08:22","199","259","Non quality blocked","Default","4257"
"56","101","222","235","3","00:08:22","79","247","Non quality blocked","Wrist","4258"
"18","163","85","42","3","00:08:23","554","84","Non quality blocked","Wrist","4259"
"90","210","64","111","3","00:08:23","429","254","Non quality blocked","Default","4260"
"5","30","28","173","3","00:08:23","207","38","Non quality blocked","Wrist","4261"
"40","244","85","248","3","00:08:23","443","162","Non quality blocked","Wrist","4262"
"40","169","22","117","3","00:08:24","140","204","Quality blocked","Wrist","4263"
"274","232","6","213","3","00:08:24","484","153","Quality blocked","Snap","4264"
"129","200","85","263","3","00:08:24","191","261","Non quality blocked","Snap","4265"
"180","21","123","147","3","00:08:25","165","45","Non quality blocked","Default","4266"
"53","99","28","176","3","00:08:25","443","228","Non quality blocked","Wrist","4267"
"86","88","222","235","3","00:08:25","80","219","Non quality blocked","Default","4268"
"189","51","85","149","3","00:08:27","427","171","Non quality blocked","Wrist","4269"
"83","190","123","175","3","00:08:27","398","219","Non quality blocked","Slap","4270"
"161","99","28","176","3","00:08:27","500","192","Quality blocked","Wrist","4271"
"67","192","123","142","3","00:08:29","204","160","Non quality blocked","Default","4273"
"76","253","28","227","3","00:08:31","128","116","Quality blocked","Wrist","4274"
"31","23","22","262","3","00:08:34","469","128","Quality blocked","Snap","4276"
"27","52","59","49","3","00:08:36","124","142","Quality blocked","Wrist","4278"
"84","60","222","103","3","00:08:36","208","171","Non quality blocked","Wrist","4279"
"203","36","155","110","3","00:08:36","208","93","Non quality blocked","Wrist","4280"
"36","283","228","221","3","00:08:36","135","79","Quality blocked","Wrist","4281"
"13","79","123","94","3","00:08:38","123","195","Quality blocked","Default","4283"
"73","180","6","118","3","00:08:39","194","207","Non quality blocked","Default","4284"
"5","32","28","121","3","00:08:39","387","19","Non quality blocked","Wrist","4285"
"20","162","85","58","3","00:08:40","495","102","Quality blocked","Wrist","4287"
"129","100","64","40","3","00:08:41","155","199","Non quality blocked","Default","4288"
"317","60","228","248","3","00:08:42","117","161","Quality blocked","Wrist","4289"
"128","227","155","128","3","00:08:44","544","109","Non quality blocked","Default","4291"
"223","90","123","209","3","00:08:44","399","137","Non quality blocked","Default","4292"
"86","84","28","60","3","00:08:45","545","127","Quality blocked","Wrist","4293"
"100","156","28","66","3","00:08:45","536","140","Quality blocked","Default","4294"
"181","242","222","268","3","00:08:46","391","92","Non quality blocked","Default","4295"
"249","44","85","232","3","00:08:47","124","66","Non quality blocked","Snap","4297"
"181","23","22","123","3","00:08:48","523","156","Quality blocked","Default","4298"
"63","138","28","174","3","00:08:49","130","106","Quality blocked","Wrist","4299"
"66","79","123","63","3","00:08:50","111","239","Non quality blocked","Default","4300"
"200","5","19","121","3","00:08:50","126","13","Non quality blocked","Wrist","4301"
"83","71","211","116","3","00:08:51","450","118","Non quality blocked","Default","4302"
"56","25","123","115","3","00:08:52","455","154","Non quality blocked","Wrist","4303"
"84","192","123","156","3","00:08:52","213","187","Non quality blocked","Slap","4304"
"223","30","228","212","3","00:08:52","165","135","Non quality blocked","Default","4305"
"32","44","155","170","3","00:08:53","165","225","Non quality blocked","Wrist","4306"
"208","99","28","154","3","00:08:54","527","5","Non quality blocked","Wrist","4307"
"12","100","64","184","3","00:08:54","169","226","Non quality blocked","Wrist","4308"
"57","214","64","129","3","00:08:55","125","269","Non quality blocked","Default","4309"
"163","131","64","47","3","00:08:56","501","151","Quality blocked","Default","4310"
"221","24","123","209","3","00:08:56","430","140","Non quality blocked","Default","4311"
"203","42","155","161","3","00:08:57","474","161","Quality blocked","Wrist","4312"
"205","73","211","177","3","00:08:57","519","68","Non quality blocked","Default","4313"
"223","315","85","222","3","00:08:57","454","219","Non quality blocked","Snap","4314"
"11","62","59","31","3","00:09:00","433","250","Non quality blocked","Slap","4315"
"138","78","41","234","3","00:09:00","201","104","Non quality blocked","Wrist","4316"
"128","227","155","128","3","00:09:01","535","96","Non quality blocked","Default","4317"
"63","90","22","159","3","00:09:01","188","161","Non quality blocked","Default","4318"
"36","60","222","167","3","00:09:01","546","109","Non quality blocked","Wrist","4319"
"84","72","222","254","3","00:09:01","204","169","Non quality blocked","Wrist","4320"
"72","79","123","63","3","00:09:02","124","196","Quality blocked","Default","4322"
"83","71","211","116","3","00:09:03","469","153","Quality blocked","Default","4323"
"169","67","64","169","3","00:09:04","177","253","Non quality blocked","Default","4324"
"263","4","28","247","3","00:09:04","393","70","Non quality blocked","Wrist","4325"
"253","206","228","243","3","00:09:05","463","93","Quality blocked","Snap","4326"
"104","79","28","262","3","00:09:05","116","242","Non quality blocked","Wrist","4327"
"68","118","22","84","3","00:09:06","196","141","Non quality blocked","Default","4329"
"44","67","211","177","3","00:09:07","472","24","Non quality blocked","Wrist","4330"
"259","196","155","259","3","00:09:09","448","90","Non quality blocked","Default","4331"
"61","38","155","71","3","00:09:12","69","250","Non quality blocked","Default","4332"
"11","13","6","96","3","00:09:13","187","147","Non quality blocked","Wrist","4333"
"56","53","59","178","3","00:09:13","412","128","Non quality blocked","Wrist","4334"
"196","75","64","138","3","00:09:14","153","50","Non quality blocked","Wrist","4335"
"44","55","59","53","3","00:09:15","181","150","Non quality blocked","Default","4337"
"13","223","238","229","3","00:09:16","105","123","Quality blocked","Wrist","4339"
"56","230","155","128","3","00:09:17","467","46","Non quality blocked","Default","4341"
"5","23","22","50","3","00:09:18","410","156","Non quality blocked","Wrist","4342"
"203","189","123","119","3","00:09:18","382","78","Non quality blocked","Wrist","4343"
"205","220","59","155","3","00:09:19","413","227","Non quality blocked","Default","4344"
"57","201","85","188","3","00:09:19","65","193","Non quality blocked","Default","4345"
"74","13","6","118","3","00:09:20","171","186","Non quality blocked","Default","4346"
"44","101","59","135","3","00:09:20","414","143","Non quality blocked","Default","4347"
"159","61","59","37","3","00:09:22","188","51","Non quality blocked","Snap","4349"
"25","71","64","86","3","00:09:25","453","169","Non quality blocked","Default","4350"
"191","38","155","102","3","00:09:25","450","229","Non quality blocked","Default","4351"
"209","60","59","178","3","00:09:25","471","139","Quality blocked","Slap","4352"
"181","44","211","261","3","00:09:25","137","147","Quality blocked","Wrist","4353"
"185","230","155","143","3","00:09:26","460","118","Quality blocked","Default","4354"
"115","75","64","86","3","00:09:27","453","228","Non quality blocked","Default","4355"
"188","181","19","126","3","00:09:27","129","112","Quality blocked","Wrist","4356"
"224","87","228","240","3","00:09:28","171","145","Non quality blocked","Wrist","4357"
"25","99","85","33","3","00:09:29","471","63","Non quality blocked","Slap","4358"
"11","99","155","211","3","00:09:29","117","196","Quality blocked","Wrist","4359"
"98","74","211","116","3","00:09:30","440","147","Non quality blocked","Default","4360"
"100","11","22","159","3","00:09:31","141","210","Quality blocked","Default","4361"
"31","58","222","254","3","00:09:31","163","127","Non quality blocked","Wrist","4362"
"205","223","59","135","3","00:09:32","447","231","Non quality blocked","Default","4363"
"192","232","211","136","3","00:09:32","53","63","Non quality blocked","Wrist","4364"
"185","76","211","255","3","00:09:32","185","251","Non quality blocked","Slap","4365"
"12","51","59","34","3","00:09:33","208","114","Non quality blocked","Default","4366"
"169","34","155","107","3","00:09:33","140","153","Quality blocked","Wrist","4367"
"57","5","6","65","3","00:09:35","433","284","Non quality blocked","Wrist","4369"
"63","79","28","238","3","00:09:35","511","225","Non quality blocked","Wrist","4370"
"280","167","22","256","3","00:09:35","99","109","Quality blocked","Wrist","4371"
"53","87","155","71","3","00:09:36","54","249","Non quality blocked","Default","4373"
"30","87","155","60","3","00:09:37","114","94","Quality blocked","Wrist","4375"
"167","118","22","96","3","00:09:37","409","263","Non quality blocked","Default","4376"
"72","209","64","249","3","00:09:37","97","119","Quality blocked","Default","4377"
"12","40","155","143","3","00:09:42","428","154","Non quality blocked","Default","4378"
"180","40","228","179","3","00:09:42","451","266","Non quality blocked","Snap","4379"
"63","11","22","159","3","00:09:43","191","39","Non quality blocked","Default","4380"
"99","224","222","103","3","00:09:44","123","285","Non quality blocked","Wrist","4381"
"31","74","211","116","3","00:09:44","478","178","Quality blocked","Default","4382"
"9","68","64","29","3","00:09:45","104","220","Quality blocked","Default","4383"
"71","98","28","67","3","00:09:46","477","45","Non quality blocked","Wrist","4384"
"30","79","22","131","3","00:09:48","94","276","Non quality blocked","Wrist","4385"
"36","224","59","155","3","00:09:48","484","87","Quality blocked","Default","4386"
"12","51","59","34","3","00:09:50","198","125","Non quality blocked","Default","4387"
"23","57","222","209","3","00:09:50","92","170","Quality blocked","Wrist","4388"
"245","229","6","228","3","00:09:50","201","121","Non quality blocked","Wrist","4389"
"71","24","123","100","3","00:09:51","418","182","Non quality blocked","Default","4390"
"208","23","123","142","3","00:09:52","204","245","Non quality blocked","Default","4391"
"50","74","64","108","3","00:09:53","118","110","Quality blocked","Default","4392"
"23","7","6","96","3","00:01:03","155","227","Non quality blocked","Wrist","4393"
"87","32","28","146","3","00:09:56","477","148","Quality blocked","Wrist","4394"
"21","196","85","168","3","00:09:57","78","188","Quality blocked","Wrist","4395"
"118","23","123","147","3","00:09:59","120","190","Quality blocked","Default","4396"
"49","12","6","259","3","00:09:59","75","160","Quality blocked","Default","4397"
"229","74","64","104","3","00:01:03","418","206","Non quality blocked","Wrist","4399"
"40","196","28","110","3","00:01:03","470","270","Non quality blocked","Wrist","4400"
"104","99","28","131","3","00:01:03","428","195","Non quality blocked","Wrist","4401"
"60","74","211","140","3","00:01:04","412","119","Non quality blocked","Wrist","4402"
"129","65","211","142","3","00:01:05","393","98","Non quality blocked","Default","4403"
"61","206","155","120","3","00:10:00","432","152","Non quality blocked","Wrist","4404"
"253","189","22","262","3","00:01:06","404","39","Non quality blocked","Slap","4405"
"15","24","22","230","3","00:10:00","472","172","Quality blocked","Wrist","4406"
"21","84","85","58","3","00:01:07","398","120","Non quality blocked","Wrist","4407"
"49","246","6","259","3","00:10:00","66","153","Quality blocked","Default","4408"
"210","169","59","211","3","00:10:02","401","206","Non quality blocked","Wrist","4409"
"7","36","155","68","3","00:01:07","409","274","Non quality blocked","Default","4410"
"57","230","155","120","3","00:10:05","515","68","Non quality blocked","Wrist","4411"
"12","31","28","213","3","00:01:07","195","220","Non quality blocked","Default","4412"
"66","129","123","203","3","00:10:05","426","161","Non quality blocked","Default","4413"
"74","24","22","159","3","00:01:08","102","258","Non quality blocked","Default","4415"
"42","83","28","146","3","00:10:06","503","127","Quality blocked","Backhand","4416"
"83","190","22","131","3","00:10:07","153","96","Non quality blocked","Wrist","4417"
"180","189","22","134","3","00:01:09","422","237","Non quality blocked","Wrist","4418"
"58","167","6","162","3","00:10:07","57","179","Quality blocked","Default","4419"
"242","203","155","268","3","00:01:09","200","251","Non quality blocked","Default","4420"
"2","17","6","259","3","00:10:07","195","141","Non quality blocked","Default","4421"
"36","118","123","43","3","00:01:11","66","151","Quality blocked","Tip","4424"
"78","203","28","121","3","00:10:09","447","87","Non quality blocked","Wrist","4425"
"199","89","64","174","3","00:10:09","557","205","Non quality blocked","Wrist","4426"
"196","224","59","106","3","00:01:11","213","26","Non quality blocked","Wrist","4427"
"5","26","28","85","3","00:10:10","414","75","Non quality blocked","Wrist","4428"
"99","12","6","259","3","00:10:10","87","253","Non quality blocked","Wrist","4430"
"2","67","64","29","3","00:10:11","123","95","Quality blocked","Default","4431"
"205","129","22","183","3","00:01:12","148","81","Non quality blocked","Wrist","4432"
"200","33","155","110","3","00:10:12","217","157","Non quality blocked","Snap","4433"
"23","68","64","63","3","00:01:13","400","116","Non quality blocked","Default","4434"
"38","74","85","222","3","00:10:12","499","165","Quality blocked","Wrist","4435"
"61","79","22","204","3","00:10:13","474","194","Quality blocked","Wrist","4436"
"5","103","22","96","3","00:01:13","498","105","Quality blocked","Default","4437"
"11","133","64","86","3","00:10:15","478","134","Quality blocked","Default","4439"
"2","67","64","145","3","00:01:13","392","22","Non quality blocked","Default","4440"
"38","248","59","215","3","00:10:15","165","173","Non quality blocked","Default","4441"
"56","51","28","227","3","00:10:17","174","200","Non quality blocked","Wrist","4442"
"212","189","22","159","3","00:01:13","145","45","Non quality blocked","Default","4443"
"11","223","222","132","3","00:10:18","195","60","Non quality blocked","Wrist","4444"
"21","87","155","183","3","00:10:19","458","207","Quality blocked","Wrist","4446"
"83","68","85","238","3","00:01:14","201","207","Non quality blocked","Wrist","4447"
"210","50","59","211","3","00:10:19","442","93","Non quality blocked","Wrist","4448"
"79","201","28","131","3","00:01:16","414","148","Non quality blocked","Wrist","4449"
"205","44","85","232","3","00:01:16","189","98","Non quality blocked","Snap","4450"
"109","99","28","85","3","00:01:17","416","195","Non quality blocked","Wrist","4451"
"246","210","155","234","3","00:01:17","401","256","Non quality blocked","Wrist","4452"
"52","49","155","259","3","00:01:17","443","46","Non quality blocked","Wrist","4454"
"78","56","59","65","3","00:10:23","174","159","Non quality blocked","Default","4456"
"89","90","22","84","3","00:01:18","147","39","Non quality blocked","Default","4457"
"84","88","59","49","3","00:10:24","92","92","Quality blocked","Wrist","4458"
"63","49","6","105","3","00:10:24","87","155","Quality blocked","Default","4459"
"5","189","22","134","3","00:01:18","408","78","Non quality blocked","Wrist","4460"
"192","161","222","207","3","00:10:24","535","188","Quality blocked","Default","4461"
"44","209","134","189","3","00:01:19","506","161","Quality blocked","Default","4462"
"76","79","28","267","3","00:10:24","519","261","Non quality blocked","Wrist","4463"
"32","71","64","67","3","00:10:26","162","109","Non quality blocked","Wrist","4464"
"207","15","6","228","3","00:10:27","184","266","Non quality blocked","Snap","4466"
"5","23","22","97","3","00:01:20","463","187","Quality blocked","Wrist","4467"
"208","256","41","234","3","00:10:27","124","293","Non quality blocked","Wrist","4468"
"68","190","22","204","3","00:10:28","498","194","Quality blocked","Wrist","4469"
"208","118","59","211","3","00:01:20","397","45","Non quality blocked","Wrist","4470"
"100","5","28","224","3","00:01:20","507","213","Quality blocked","Wrist","4472"
"44","68","64","164","3","00:10:29","445","152","Non quality blocked","Default","4473"
"76","83","28","224","3","00:10:29","526","201","Non quality blocked","Wrist","4474"
"286","90","123","244","3","00:01:20","129","117","Quality blocked","Default","4475"
"63","35","28","267","3","00:10:29","407","37","Non quality blocked","Wrist","4476"
"52","156","28","37","3","00:01:21","407","94","Non quality blocked","Wrist","4478"
"65","203","28","154","3","00:01:21","474","207","Quality blocked","Wrist","4479"
"99","13","6","180","3","00:01:21","120","32","Non quality blocked","Wrist","4480"
"181","99","28","190","3","00:01:21","375","192","Non quality blocked","Wrist","4482"
"201","242","222","264","3","00:10:30","130","218","Quality blocked","Wrist","4483"
"196","221","59","106","3","00:10:31","168","89","Non quality blocked","Snap","4484"
"223","12","6","151","3","00:10:31","105","228","Non quality blocked","Default","4485"
"183","2","155","259","3","00:10:32","397","88","Non quality blocked","Default","4486"
"245","79","28","214","3","00:01:21","501","227","Non quality blocked","Wrist","4487"
"67","142","48","41","3","00:01:22","385","169","Non quality blocked","Slap","4488"
"35","5","6","56","3","00:01:23","177","58","Non quality blocked","Wrist","4489"
"20","73","211","241","3","00:01:25","495","118","Quality blocked","Wrist","4490"
"74","5","28","227","3","00:01:26","279","245","Non quality blocked","Default","4492"
"44","17","6","148","3","00:10:34","175","156","Non quality blocked","Default","4493"
"1","91","22","134","3","00:01:27","395","174","Non quality blocked","Wrist","4494"
"7","35","41","48","3","00:10:35","201","144","Non quality blocked","Default","4495"
"44","88","59","71","3","00:10:35","461","214","Quality blocked","Default","4496"
"251","246","6","269","3","00:01:27","431","82","Non quality blocked","Wrist","4497"
"98","36","228","141","3","00:10:35","412","109","Non quality blocked","Default","4498"
"128","67","64","166","3","00:10:36","121","198","Quality blocked","Wrist","4499"
"31","229","228","214","3","00:10:36","144","75","Non quality blocked","Slap","4500"
"32","68","64","30","3","00:10:39","444","187","Non quality blocked","Default","4501"
"90","26","85","168","3","00:10:39","143","61","Non quality blocked","Wrist","4502"
"90","89","64","203","3","00:10:39","213","56","Non quality blocked","Default","4503"
"44","83","28","224","3","00:10:39","396","221","Non quality blocked","Slap","4504"
"34","198","85","170","3","00:10:42","425","183","Non quality blocked","Wrist","4507"
"229","183","6","112","3","00:10:44","423","97","Non quality blocked","Wrist","4508"
"57","230","228","212","3","00:01:28","127","161","Quality blocked","Default","4510"
"56","101","64","41","3","00:10:45","141","88","Quality blocked","Wrist","4511"
"35","74","64","36","3","00:01:29","401","249","Non quality blocked","Default","4512"
"31","110","6","87","3","00:01:29","165","176","Non quality blocked","Snap","4514"
"33","97","121","102","3","00:10:47","187","150","Non quality blocked","Default","4515"
"205","62","222","165","3","00:01:29","93","123","Quality blocked","Snap","4516"
"210","39","28","174","3","00:01:29","165","111","Non quality blocked","Wrist","4517"
"51","2","6","180","3","00:01:29","144","20","Non quality blocked","Wrist","4518"
"39","24","22","131","3","00:10:47","71","81","Non quality blocked","Wrist","4519"
"84","74","64","158","3","00:01:30","486","265","Non quality blocked","Default","4520"
"84","76","64","67","3","00:10:48","155","115","Non quality blocked","Wrist","4521"
"227","24","123","130","3","00:01:31","51","176","Quality blocked","Backhand","4522"
"89","79","123","100","3","00:10:48","442","130","Non quality blocked","Default","4523"
"142","90","123","181","3","00:10:48","476","95","Quality blocked","Wrist","4524"
"38","5","6","139","3","00:01:31","422","67","Non quality blocked","Default","4525"
"196","206","228","240","3","00:10:48","211","185","Non quality blocked","Snap","4526"
"67","2","6","57","3","00:10:50","443","224","Non quality blocked","Default","4527"
"11","86","211","142","3","00:01:32","402","213","Non quality blocked","Default","4528"
"206","90","123","186","3","00:10:50","480","187","Quality blocked","Default","4529"
"5","191","123","247","3","00:10:50","191","227","Non quality blocked","Wrist","4531"
"25","88","48","44","3","00:01:34","165","259","Non quality blocked","Wrist","4532"
"118","44","228","179","3","00:10:51","518","191","Quality blocked","Wrist","4533"
"16","71","64","45","3","00:01:34","464","225","Quality blocked","Default","4534"
"38","78","6","237","3","00:10:51","157","235","Non quality blocked","Default","4535"
"241","79","28","254","3","00:01:34","399","242","Non quality blocked","Wrist","4536"
"36","98","85","170","3","00:10:52","431","98","Non quality blocked","Wrist","4537"
"97","196","155","250","3","00:01:35","77","206","Non quality blocked","Wrist","4538"
"245","180","59","223","3","00:10:52","501","187","Quality blocked","Wrist","4539"
"142","162","28","49","3","00:01:36","415","146","Non quality blocked","Wrist","4541"
"2","195","123","147","3","00:01:36","201","267","Non quality blocked","Default","4542"
"280","83","28","214","3","00:01:36","492","211","Quality blocked","Wrist","4543"
"205","26","85","232","3","00:01:36","167","138","Non quality blocked","Wrist","4544"
"149","244","211","218","3","00:01:38","447","201","Non quality blocked","Default","4546"
"253","73","85","238","3","00:01:38","122","153","Quality blocked","Wrist","4547"
"80","136","59","37","3","00:01:39","165","159","Non quality blocked","Wrist","4548"
"205","24","22","117","3","00:01:39","124","215","Quality blocked","Wrist","4549"
"245","44","85","232","3","00:01:39","69","171","Quality blocked","Wrist","4550"
"200","61","28","267","3","00:01:39","503","279","Non quality blocked","Wrist","4551"
"49","104","22","97","3","00:01:40","442","137","Non quality blocked","Default","4552"
"12","83","28","213","3","00:01:40","83","122","Quality blocked","Default","4553"
"60","229","228","135","3","00:01:42","100","129","Quality blocked","Default","4554"
"99","25","22","216","3","00:01:42","203","235","Non quality blocked","Wrist","4555"
"162","74","211","210","3","00:01:43","157","225","Non quality blocked","Wrist","4556"
"21","203","28","156","3","00:01:44","409","135","Non quality blocked","Wrist","4557"
"220","76","211","122","3","00:01:45","402","196","Non quality blocked","Wrist","4558"
"128","223","222","264","3","00:01:45","124","129","Quality blocked","Wrist","4559"
"65","84","28","30","3","00:01:46","125","238","Non quality blocked","Default","4561"
"62","5","6","185","3","00:01:46","405","239","Non quality blocked","Wrist","4562"
"86","4","59","108","3","00:01:47","439","117","Non quality blocked","Default","4563"
"205","21","22","117","3","00:01:47","92","201","Quality blocked","Wrist","4564"
"219","86","211","178","3","00:01:47","148","155","Non quality blocked","Wrist","4565"
"52","115","22","191","3","00:01:47","191","73","Non quality blocked","Wrist","4566"
"227","246","6","220","3","00:01:48","473","133","Quality blocked","Wrist","4567"
"72","98","28","254","3","00:01:49","417","214","Non quality blocked","Wrist","4568"
"89","12","19","52","3","00:01:50","123","225","Quality blocked","Default","4569"
"50","150","155","71","3","00:01:50","200","65","Non quality blocked","Default","4570"
"142","99","85","172","3","00:01:50","136","117","Quality blocked","Default","4571"
"149","67","211","218","3","00:01:51","476","163","Quality blocked","Default","4572"
"47","103","123","51","3","00:01:53","393","57","Non quality blocked","Slap","4573"
"5","245","228","243","3","00:01:53","501","213","Quality blocked","Snap","4574"
"156","118","123","58","3","00:01:54","122","145","Quality blocked","Wrist","4576"
"185","224","155","234","3","00:01:54","411","80","Non quality blocked","Wrist","4577"
"7","24","22","38","3","00:01:56","481","182","Quality blocked","Default","4580"
"189","203","85","149","3","00:01:57","473","214","Quality blocked","Wrist","4581"
"198","38","155","110","3","00:01:58","195","265","Non quality blocked","Wrist","4583"
"88","89","211","140","3","00:01:58","506","101","Quality blocked","Default","4584"
"196","67","64","158","3","00:02:00","487","185","Quality blocked","Default","4585"
"232","240","238","251","3","00:02:00","201","200","Non quality blocked","Default","4586"
"71","60","59","72","3","00:02:01","183","207","Non quality blocked","Default","4588"
"217","169","123","208","3","00:02:01","483","190","Quality blocked","Wrist","4589"
"39","62","59","137","3","00:02:02","96","162","Quality blocked","Wrist","4591"
"108","9","6","69","3","00:02:03","205","222","Non quality blocked","Snap","4592"
"72","202","166","103","3","00:02:03","422","207","Non quality blocked","Wrist","4593"
"231","221","59","125","3","00:02:03","102","140","Quality blocked","Snap","4594"
"102","2","186","147","3","00:02:03","454","236","Non quality blocked","Wrist","4595"
"71","39","28","137","3","00:02:04","423","20","Non quality blocked","Wrist","4596"
"35","196","28","161","3","00:02:04","57","186","Non quality blocked","Wrist","4597"
"203","65","64","138","3","00:02:05","207","153","Non quality blocked","Wrist","4599"
"98","195","123","168","3","00:02:05","452","249","Non quality blocked","Default","4600"
"5","83","28","180","3","00:02:06","500","85","Quality blocked","Wrist","4601"
"58","67","64","72","3","00:12:07","429","189","Non quality blocked","Default","4602"
"53","60","228","212","3","00:12:07","118","271","Non quality blocked","Default","4603"
"189","34","155","183","3","00:12:08","449","160","Non quality blocked","Wrist","4604"
"196","149","41","234","3","00:12:08","158","82","Non quality blocked","Wrist","4605"
"118","163","85","33","3","00:12:09","403","67","Non quality blocked","Slap","4606"
"205","189","123","265","3","00:12:10","391","161","Non quality blocked","Wrist","4607"
"83","205","228","258","3","00:12:11","512","194","Quality blocked","Snap","4608"
"44","84","28","224","3","00:12:13","396","263","Non quality blocked","Slap","4609"
"209","50","59","108","3","00:12:14","525","115","Quality blocked","Default","4610"
"63","79","28","224","3","00:12:15","507","105","Quality blocked","Wrist","4611"
"12","25","22","230","3","00:12:15","393","78","Non quality blocked","Slap","4612"
"115","207","228","242","3","00:12:15","457","242","Non quality blocked","Default","4613"
"75","229","155","114","3","00:12:18","488","155","Quality blocked","Snap","4614"
"13","53","222","171","3","00:12:18","199","84","Non quality blocked","Slap","4615"
"42","169","123","130","3","00:12:21","138","237","Non quality blocked","Wrist","4616"
"142","1","6","259","3","00:12:21","168","133","Non quality blocked","Wrist","4617"
"65","101","222","222","3","00:12:22","126","134","Quality blocked","Default","4618"
"191","5","19","126","3","00:12:23","72","81","Non quality blocked","Wrist","4619"
"79","183","19","126","3","00:12:25","165","167","Non quality blocked","Default","4621"
"98","169","123","175","3","00:12:27","522","201","Quality blocked","Snap","4623"
"68","285","228","232","3","00:12:27","399","129","Non quality blocked","Snap","4624"
"12","98","85","42","3","00:12:28","417","102","Non quality blocked","Wrist","4625"
"203","21","123","149","3","00:12:31","202","276","Non quality blocked","Wrist","4627"
"45","50","59","223","3","00:12:33","434","130","Non quality blocked","Wrist","4629"
"58","87","155","71","3","00:12:34","141","258","Non quality blocked","Default","4630"
"11","9","155","183","3","00:12:35","416","224","Non quality blocked","Snap","4632"
"76","21","22","195","3","00:12:36","165","114","Non quality blocked","Default","4633"
"182","20","22","230","3","00:12:36","393","266","Non quality blocked","Wrist","4634"
"84","68","85","238","3","00:12:36","84","144","Quality blocked","Wrist","4635"
"33","162","28","35","3","00:12:37","123","216","Quality blocked","Wrist","4636"
"223","132","211","235","3","00:12:37","462","90","Quality blocked","Wrist","4637"
"38","207","64","104","3","00:12:38","472","146","Quality blocked","Wrist","4638"
"227","61","64","128","3","00:12:38","467","31","Non quality blocked","Default","4639"
"89","32","85","138","3","00:12:38","398","69","Non quality blocked","Wrist","4640"
"89","79","123","88","3","00:12:39","496","128","Quality blocked","Wrist","4641"
"47","316","85","248","3","00:12:39","377","137","Non quality blocked","Wrist","4642"
"114","118","6","173","3","00:12:43","493","258","Non quality blocked","Wrist","4643"
"245","188","22","256","3","00:12:43","159","135","Non quality blocked","Snap","4644"
"259","229","228","269","3","00:12:43","116","176","Quality blocked","Wrist","4645"
"227","51","28","110","3","00:12:44","460","225","Quality blocked","Wrist","4646"
"44","191","123","210","3","00:12:44","383","128","Non quality blocked","Slap","4647"
"78","99","28","85","3","00:12:45","458","221","Quality blocked","Wrist","4649"
"89","129","123","92","3","00:12:45","101","222","Quality blocked","Default","4650"
"73","72","59","122","3","00:12:46","173","222","Non quality blocked","Wrist","4651"
"149","98","28","60","3","00:12:47","413","47","Non quality blocked","Snap","4652"
"125","162","28","66","3","00:12:49","453","121","Non quality blocked","Default","4653"
"11","16","6","97","3","00:12:49","144","179","Non quality blocked","Wrist","4654"
"5","75","211","118","3","00:12:49","437","240","Non quality blocked","Default","4655"
"180","76","64","133","3","00:12:49","197","99","Non quality blocked","Wrist","4656"
"117","25","22","70","3","00:12:50","507","107","Quality blocked","Default","4657"
"56","39","28","174","3","00:12:50","188","69","Non quality blocked","Wrist","4658"
"58","2","6","65","3","00:12:51","447","212","Non quality blocked","Wrist","4659"
"103","87","154","73","3","00:12:51","471","131","Quality blocked","Wrist","4660"
"272","63","211","227","3","00:12:51","440","58","Non quality blocked","Wrist","4661"
"15","47","228","269","3","00:12:51","106","177","Quality blocked","Wrist","4662"
"73","1","6","105","3","00:12:52","75","205","Non quality blocked","Default","4664"
"11","149","155","107","3","00:12:52","124","139","Quality blocked","Wrist","4665"
"204","90","22","117","3","00:12:52","110","212","Quality blocked","Wrist","4666"
"49","68","70","52","3","00:12:53","507","172","Quality blocked","Default","4668"
"68","229","228","232","3","00:12:54","472","264","Non quality blocked","Snap","4669"
"11","181","6","109","3","00:12:55","389","192","Non quality blocked","Wrist","4670"
"52","30","28","152","3","00:12:55","151","225","Non quality blocked","Wrist","4671"
"203","75","64","166","3","00:12:55","208","272","Non quality blocked","Wrist","4672"
"53","90","22","31","3","00:12:56","156","138","Non quality blocked","Snap","4674"
"30","7","6","42","3","00:12:56","140","146","Quality blocked","Tip","4675"
"210","223","59","140","3","00:12:56","129","130","Quality blocked","Default","4676"
"203","205","155","110","3","00:12:57","176","258","Non quality blocked","Wrist","4677"
"102","68","64","40","3","00:13:00","77","81","Non quality blocked","Default","4679"
"253","285","228","258","3","00:13:01","500","116","Quality blocked","Snap","4680"
"67","220","59","122","3","00:13:02","200","81","Non quality blocked","Wrist","4682"
"56","219","59","129","3","00:13:02","401","69","Non quality blocked","Default","4683"
"32","150","155","46","3","00:13:03","480","76","Quality blocked","Default","4684"
"169","220","222","181","3","00:13:03","189","263","Non quality blocked","Wrist","4685"
"219","52","6","237","3","00:13:03","184","278","Non quality blocked","Default","4686"
"167","68","70","52","3","00:13:04","419","225","Non quality blocked","Default","4687"
"63","31","28","37","3","00:13:05","501","112","Quality blocked","Wrist","4688"
"56","189","22","241","3","00:13:05","190","233","Non quality blocked","Wrist","4689"
"118","83","28","264","3","00:13:05","439","41","Non quality blocked","Wrist","4690"
"157","11","59","253","3","00:13:06","194","178","Non quality blocked","Wrist","4691"
"52","36","155","234","3","00:13:07","425","22","Non quality blocked","Default","4692"
"200","79","28","238","3","00:13:08","415","293","Non quality blocked","Wrist","4693"
"199","167","22","262","3","00:13:09","522","115","Quality blocked","Wrist","4694"
"100","129","64","263","3","00:13:09","523","124","Quality blocked","Backhand","4695"
"79","73","211","142","3","00:13:10","382","160","Non quality blocked","Default","4696"
"62","23","123","44","3","00:13:11","399","110","Non quality blocked","Wrist","4697"
"71","227","155","114","3","00:13:11","448","131","Non quality blocked","Slap","4698"
"31","12","186","190","3","00:13:12","113","203","Quality blocked","Wrist","4700"
"72","78","186","101","3","00:13:15","66","224","Non quality blocked","Wrist","4701"
"63","87","41","104","3","00:13:15","87","132","Quality blocked","Wrist","4702"
"205","12","6","179","3","00:13:15","143","85","Quality blocked","Wrist","4703"
"32","36","155","60","3","00:13:17","197","118","Non quality blocked","Slap","4705"
"169","57","222","208","3","00:13:17","146","226","Non quality blocked","Default","4706"
"56","189","22","241","3","00:13:18","159","178","Non quality blocked","Wrist","4707"
"78","89","59","220","3","00:13:19","167","130","Non quality blocked","Wrist","4708"
"219","132","211","235","3","00:13:19","455","102","Non quality blocked","Wrist","4709"
"223","208","211","178","3","00:13:21","195","266","Non quality blocked","Slap","4711"
"36","90","22","183","3","00:13:21","114","157","Quality blocked","Wrist","4712"
"98","87","228","243","3","00:13:22","459","202","Quality blocked","Default","4714"
"200","208","155","261","3","00:13:23","438","224","Non quality blocked","Wrist","4715"
"161","51","28","106","3","00:13:24","478","219","Quality blocked","Wrist","4717"
"157","163","41","35","3","00:13:25","501","243","Non quality blocked","Wrist","4719"
"183","57","222","185","3","00:13:25","69","218","Non quality blocked","Wrist","4720"
"50","196","28","199","3","00:13:25","399","256","Non quality blocked","Wrist","4721"
"198","1","19","121","3","00:13:26","179","183","Non quality blocked","Wrist","4723"
"84","232","6","213","3","00:13:26","462","245","Non quality blocked","Slap","4724"
"50","129","22","31","3","00:13:27","126","142","Quality blocked","Backhand","4725"
"42","203","85","170","3","00:13:27","456","86","Quality blocked","Wrist","4726"
"246","89","59","220","3","00:13:28","111","244","Non quality blocked","Wrist","4727"
"161","129","123","132","3","00:13:29","468","169","Quality blocked","Wrist","4728"
"83","224","59","176","3","00:13:29","96","138","Quality blocked","Wrist","4729"
"79","220","222","208","3","00:13:32","132","259","Non quality blocked","Default","4732"
"137","7","6","34","3","00:13:33","485","165","Quality blocked","Default","4734"
"91","81","85","58","3","00:13:33","407","181","Non quality blocked","Wrist","4735"
"68","50","59","72","3","00:13:34","208","225","Non quality blocked","Default","4736"
"198","34","155","161","3","00:13:34","483","133","Quality blocked","Wrist","4737"
"196","71","222","201","3","00:13:35","423","46","Non quality blocked","Default","4738"
"89","219","222","215","3","00:13:35","503","126","Quality blocked","Default","4739"
"63","190","22","241","3","00:13:35","177","102","Non quality blocked","Wrist","4740"
"90","142","222","115","3","00:13:36","150","73","Non quality blocked","Wrist","4742"
"60","169","123","181","3","00:13:36","495","210","Quality blocked","Wrist","4743"
"201","2","19","121","3","00:13:37","129","180","Quality blocked","Snap","4745"
"44","65","134","189","3","00:13:37","401","150","Non quality blocked","Default","4746"
"71","24","22","191","3","00:13:37","213","63","Non quality blocked","Wrist","4747"
"21","56","64","159","3","00:13:38","521","231","Non quality blocked","Default","4748"
"167","52","222","185","3","00:13:38","165","235","Non quality blocked","Wrist","4749"
"56","131","64","41","3","00:13:39","195","254","Non quality blocked","Snap","4750"
"246","114","59","220","3","00:13:39","198","178","Non quality blocked","Wrist","4751"
"203","71","238","229","3","00:13:39","207","165","Non quality blocked","Wrist","4752"
"68","189","22","241","3","00:13:39","169","94","Non quality blocked","Wrist","4753"
"23","9","6","38","3","00:13:40","51","30","Non quality blocked","Wrist","4754"
"87","27","6","157","3","00:13:41","414","210","Non quality blocked","Default","4755"
"71","31","28","264","3","00:13:42","405","96","Non quality blocked","Wrist","4756"
"68","90","123","203","3","00:13:43","396","261","Non quality blocked","Default","4758"
"118","69","64","40","3","00:13:45","170","195","Non quality blocked","Wrist","4759"
"74","203","28","154","3","00:13:45","410","213","Non quality blocked","Wrist","4760"
"11","199","28","156","3","00:13:47","399","171","Non quality blocked","Slap","4762"
"88","203","28","200","3","00:13:47","159","170","Non quality blocked","Wrist","4763"
"53","169","123","209","3","00:13:47","453","227","Non quality blocked","Default","4764"
"11","60","228","242","3","00:13:49","391","160","Non quality blocked","Default","4765"
"242","191","22","219","3","00:13:50","156","228","Non quality blocked","Default","4766"
"87","189","123","130","3","00:13:51","151","39","Non quality blocked","Wrist","4767"
"90","36","154","73","3","00:13:52","426","129","Non quality blocked","Slap","4768"
"223","42","228","167","3","00:13:52","183","93","Non quality blocked","Wrist","4769"
"88","183","6","113","3","00:13:54","426","113","Non quality blocked","Wrist","4770"
"192","38","222","226","3","00:13:54","75","110","Quality blocked","Wrist","4771"
"57","99","28","176","3","00:13:55","410","240","Non quality blocked","Wrist","4772"
"34","53","59","120","3","00:13:56","87","140","Quality blocked","Wrist","4773"
"52","199","28","137","3","00:13:56","410","262","Non quality blocked","Wrist","4774"
"129","67","64","90","3","00:13:57","61","249","Non quality blocked","Wrist","4775"
"78","44","228","179","3","00:13:58","508","149","Quality blocked","Wrist","4776"
"204","214","64","128","3","00:13:59","201","219","Non quality blocked","Wrist","4778"
"115","125","222","132","3","00:14:00","151","100","Non quality blocked","Wrist","4780"
"4","66","211","140","3","00:14:00","468","134","Quality blocked","Default","4781"
"45","129","64","217","3","00:14:00","150","136","Non quality blocked","Slap","4782"
"128","46","154","61","3","00:14:01","513","147","Quality blocked","Default","4783"
"63","242","222","222","3","00:14:01","95","193","Quality blocked","Wrist","4784"
"192","224","222","132","3","00:14:04","128","104","Quality blocked","Wrist","4786"
"74","200","28","174","3","00:14:05","185","267","Non quality blocked","Wrist","4787"
"13","129","22","134","3","00:14:06","503","65","Non quality blocked","Wrist","4788"
"37","111","6","32","3","00:14:07","427","95","Non quality blocked","Default","4789"
"231","196","28","110","3","00:14:07","520","188","Quality blocked","Wrist","4790"
"62","99","28","137","3","00:14:07","450","51","Non quality blocked","Wrist","4791"
"32","67","64","154","3","00:14:07","162","54","Non quality blocked","Wrist","4792"
"209","283","228","217","3","00:14:07","507","131","Quality blocked","Snap","4793"
"212","79","123","100","3","00:14:08","525","182","Quality blocked","Default","4794"
"158","90","123","33","3","00:14:09","75","196","Quality blocked","Wrist","4796"
"31","62","59","172","3","00:14:09","501","90","Quality blocked","Default","4797"
"52","189","123","209","3","00:14:10","398","243","Non quality blocked","Default","4798"
"220","65","211","178","3","00:14:11","121","227","Quality blocked","Snap","4800"
"83","183","19","121","3","00:14:12","210","188","Non quality blocked","Wrist","4801"
"71","65","211","140","3","00:14:12","511","152","Quality blocked","Default","4802"
"100","62","59","72","3","00:14:13","62","207","Non quality blocked","Default","4803"
"47","78","6","112","3","00:14:15","424","209","Non quality blocked","Wrist","4805"
"11","67","134","204","3","00:14:17","211","75","Non quality blocked","Wrist","4807"
"100","99","85","47","3","00:14:18","143","9","Non quality blocked","Default","4809"
"104","50","222","207","3","00:14:19","482","56","Non quality blocked","Wrist","4810"
"67","32","28","67","3","00:14:21","400","225","Non quality blocked","Wrist","4811"
"2","86","64","145","3","00:14:21","412","29","Non quality blocked","Default","4812"
"196","104","123","168","3","00:14:21","473","81","Quality blocked","Slap","4813"
"167","97","123","147","3","00:14:22","209","41","Non quality blocked","Wrist","4815"
"242","199","28","264","3","00:14:22","403","141","Non quality blocked","Wrist","4816"
"89","11","22","159","3","00:14:23","161","246","Non quality blocked","Default","4817"
"205","183","6","228","3","00:14:24","144","75","Quality blocked","Wrist","4818"
"20","87","155","183","3","00:14:25","465","210","Quality blocked","Wrist","4819"
"208","285","228","221","3","00:14:26","214","284","Non quality blocked","Wrist","4820"
"10","58","59","69","3","00:14:29","388","115","Non quality blocked","Slap","4821"
"169","86","211","136","3","00:14:30","195","145","Non quality blocked","Wrist","4822"
"167","196","155","216","3","00:14:30","435","201","Non quality blocked","Wrist","4823"
"21","7","6","97","3","00:14:31","152","110","Non quality blocked","Slap","4824"
"108","16","186","101","3","00:14:31","206","267","Non quality blocked","Wrist","4825"
"196","50","222","200","3","00:14:32","477","69","Non quality blocked","Default","4827"
"11","133","64","63","3","00:14:33","409","219","Non quality blocked","Default","4829"
"131","24","123","92","3","00:14:34","125","53","Non quality blocked","Default","4830"
"150","23","22","73","3","00:14:35","219","46","Non quality blocked","Wrist","4831"
"24","51","28","247","3","00:14:35","405","40","Non quality blocked","Wrist","4832"
"116","35","155","43","3","00:14:36","183","82","Non quality blocked","Wrist","4833"
"25","67","64","86","3","00:14:36","434","69","Non quality blocked","Default","4834"
"31","149","41","35","3","00:14:37","491","165","Quality blocked","Backhand","4836"
"44","2","6","68","3","00:14:38","197","44","Non quality blocked","Default","4838"
"21","42","155","186","3","00:14:39","100","141","Quality blocked","Wrist","4839"
"253","249","228","243","3","00:14:39","415","48","Non quality blocked","Wrist","4840"
"78","116","22","95","3","00:14:40","136","207","Quality blocked","Default","4841"
"75","88","59","108","3","00:14:40","498","137","Quality blocked","Default","4842"
"56","183","6","145","3","00:14:40","204","128","Non quality blocked","Default","4843"
"60","68","211","178","3","00:14:40","93","163","Quality blocked","Default","4844"
"7","126","64","45","3","00:14:41","391","219","Non quality blocked","Default","4845"
"32","71","64","66","3","00:14:41","89","89","Quality blocked","Default","4846"
"84","50","59","176","3","00:14:42","209","259","Non quality blocked","Wrist","4848"
"24","98","28","119","3","00:14:44","170","264","Non quality blocked","Wrist","4849"
"68","60","228","248","3","00:14:45","157","74","Non quality blocked","Wrist","4852"
"11","67","64","86","3","00:14:46","435","114","Non quality blocked","Default","4853"
"23","209","64","111","3","00:14:46","426","117","Non quality blocked","Default","4854"
"21","47","155","43","3","00:14:49","452","178","Non quality blocked","Default","4855"
"58","99","28","62","3","00:14:51","208","174","Non quality blocked","Snap","4857"
"52","84","28","201","3","00:14:51","146","94","Non quality blocked","Default","4858"
"17","2","155","259","3","00:14:51","456","171","Non quality blocked","Backhand","4859"
"203","76","211","261","3","00:14:51","196","250","Non quality blocked","Wrist","4860"
"31","11","22","131","3","00:14:53","154","220","Non quality blocked","Wrist","4862"
"83","87","41","35","3","00:14:54","423","187","Non quality blocked","Wrist","4863"
"200","53","59","176","3","00:14:54","204","117","Non quality blocked","Slap","4864"
"17","90","123","94","3","00:14:55","132","184","Quality blocked","Default","4865"
"65","138","155","245","3","00:14:55","96","216","Quality blocked","Wrist","4866"
"76","36","155","36","2","00:19:54","141","260","Non quality blocked","Default","4869"
"21","12","6","50","2","00:19:54","141","144","Quality blocked","Wrist","4870"
"68","118","123","63","2","00:19:54","196","95","Non quality blocked","Default","4871"
"188","100","211","210","2","00:19:54","211","236","Non quality blocked","Wrist","4872"
"32","13","19","99","2","00:19:55","456","42","Non quality blocked","Wrist","4875"
"220","208","211","178","2","00:19:55","198","110","Non quality blocked","Snap","4876"
"63","84","28","49","2","00:19:56","464","222","Quality blocked","Wrist","4877"
"11","32","85","55","2","00:19:57","165","141","Non quality blocked","Wrist","4878"
"196","68","64","138","2","00:19:57","187","51","Non quality blocked","Snap","4879"
"203","63","64","174","2","00:19:57","394","37","Non quality blocked","Wrist","4880"
"62","203","28","197","2","00:19:57","404","170","Non quality blocked","Wrist","4881"
"223","203","28","199","2","00:19:57","506","162","Quality blocked","Wrist","4882"
"11","223","222","226","2","00:19:57","139","207","Quality blocked","Wrist","4883"
"230","23","22","256","2","00:19:57","213","172","Non quality blocked","Slap","4884"
"62","67","64","72","2","00:19:58","513","78","Non quality blocked","Default","4886"
"44","128","28","227","2","00:19:58","145","284","Non quality blocked","Wrist","4887"
"196","74","64","138","2","00:19:59","57","79","Non quality blocked","Wrist","4888"
"56","247","22","241","3","00:16:08","183","241","Non quality blocked","Wrist","4889"
"89","180","6","145","3","00:16:09","170","153","Non quality blocked","Default","4890"
"58","229","155","155","3","00:16:09","118","245","Non quality blocked","Default","4891"
"84","244","85","238","3","00:16:10","209","284","Non quality blocked","Default","4892"
"84","189","123","175","3","00:16:14","459","132","Quality blocked","Wrist","4894"
"161","67","211","178","3","00:16:14","114","147","Quality blocked","Wrist","4895"
"138","131","64","67","3","00:16:15","165","184","Non quality blocked","Wrist","4896"
"204","71","64","114","3","00:16:15","133","46","Non quality blocked","Default","4897"
"49","99","28","37","3","00:16:19","445","213","Non quality blocked","Wrist","4898"
"30","167","6","87","3","00:16:19","59","209","Non quality blocked","Wrist","4899"
"67","104","123","196","3","00:16:19","203","123","Non quality blocked","Default","4900"
"32","169","59","253","3","00:16:19","53","124","Quality blocked","Backhand","4901"
"163","66","64","67","3","00:16:20","225","161","Non quality blocked","Wrist","4902"
"242","191","22","233","3","00:16:21","427","36","Non quality blocked","Default","4903"
"47","316","85","248","3","00:16:21","390","182","Non quality blocked","Wrist","4904"
"66","115","123","86","3","00:16:23","130","121","Quality blocked","Default","4906"
"183","203","28","190","3","00:16:27","473","149","Quality blocked","Wrist","4908"
"227","230","228","217","3","00:16:27","475","171","Quality blocked","Wrist","4909"
"11","42","48","231","3","00:16:30","186","37","Non quality blocked","Wrist","4910"
"88","51","166","103","3","00:16:31","463","218","Quality blocked","Wrist","4911"
"163","129","22","55","3","00:16:32","512","148","Quality blocked","Wrist","4912"
"56","20","22","241","3","00:16:34","198","78","Non quality blocked","Wrist","4913"
"247","79","28","247","3","00:16:34","469","135","Quality blocked","Wrist","4914"
"80","5","6","42","3","00:16:36","81","109","Quality blocked","Wrist","4915"
"11","131","64","84","3","00:16:37","393","152","Non quality blocked","Default","4917"
"189","227","155","183","3","00:16:37","445","99","Non quality blocked","Wrist","4918"
"230","63","64","164","3","00:16:38","394","119","Non quality blocked","Default","4919"
"32","1","6","64","3","00:16:40","469","102","Quality blocked","Default","4920"
"230","61","64","150","3","00:16:40","174","93","Non quality blocked","Snap","4921"
"32","53","59","172","3","00:16:40","458","193","Quality blocked","Default","4922"
"58","38","228","125","3","00:16:41","501","170","Quality blocked","Default","4923"
"12","21","22","70","3","00:16:43","412","177","Non quality blocked","Default","4925"
"49","34","155","68","3","00:16:44","507","131","Quality blocked","Default","4927"
"125","67","64","129","3","00:16:45","107","268","Non quality blocked","Default","4928"
"223","30","28","199","3","00:16:45","513","14","Non quality blocked","Wrist","4929"
"242","100","85","222","3","00:16:45","479","93","Quality blocked","Wrist","4930"
"180","74","64","105","3","00:16:46","470","228","Non quality blocked","Default","4931"
"18","83","28","173","3","00:16:46","127","149","Quality blocked","Snap","4932"
"207","317","85","248","3","00:16:46","439","91","Non quality blocked","Wrist","4933"
"68","149","6","255","3","00:16:46","402","187","Non quality blocked","Snap","4934"
"285","98","28","258","3","00:16:46","67","167","Quality blocked","Snap","4935"
"23","131","64","84","3","00:16:48","545","196","Non quality blocked","Default","4936"
"15","207","64","133","3","00:16:48","216","135","Non quality blocked","Slap","4937"
"76","20","22","195","3","00:16:51","74","206","Non quality blocked","Default","4938"
"56","13","6","83","3","00:16:52","393","81","Non quality blocked","Default","4939"
"88","56","211","122","3","00:16:52","456","81","Quality blocked","Default","4940"
"63","180","6","105","3","00:16:53","127","144","Quality blocked","Default","4941"
"256","89","59","246","3","00:16:53","61","217","Non quality blocked","Backhand","4942"
"30","44","85","248","3","00:16:53","472","243","Non quality blocked","Default","4943"
"129","27","85","55","3","00:16:54","194","93","Non quality blocked","Wrist","4944"
"67","31","85","166","3","00:16:54","408","249","Non quality blocked","Wrist","4945"
"138","47","155","170","3","00:16:54","191","144","Non quality blocked","Wrist","4946"
"12","11","22","50","3","00:16:55","483","170","Quality blocked","Wrist","4949"
"42","73","64","128","3","00:16:55","177","203","Non quality blocked","Default","4950"
"40","129","123","186","3","00:16:55","443","101","Non quality blocked","Default","4951"
"53","12","6","113","3","00:16:56","523","234","Non quality blocked","Wrist","4953"
"65","31","28","227","3","00:16:56","202","178","Non quality blocked","Wrist","4954"
"58","32","28","62","3","00:16:57","180","105","Non quality blocked","Snap","4955"
"191","221","222","208","3","00:16:57","170","91","Non quality blocked","Default","4956"
"99","35","155","110","3","00:16:58","197","211","Non quality blocked","Wrist","4957"
"167","114","28","121","3","00:16:58","399","238","Non quality blocked","Wrist","4958"
"129","61","59","59","3","00:16:59","431","278","Non quality blocked","Default","4959"
"192","205","228","117","3","00:16:59","402","95","Non quality blocked","Wrist","4960"
"26","84","28","224","3","00:16:59","443","100","Non quality blocked","Snap","4961"
"16","39","155","56","3","00:17:00","453","226","Non quality blocked","Wrist","4962"
"169","38","222","215","3","00:17:00","412","155","Non quality blocked","Default","4963"
"142","84","28","37","3","00:17:01","470","175","Quality blocked","Wrist","4965"
"5","11","22","70","3","00:17:03","390","76","Non quality blocked","Default","4966"
"2","201","28","121","3","00:17:04","388","75","Non quality blocked","Wrist","4968"
"76","129","123","153","3","00:17:05","465","150","Quality blocked","Default","4970"
"167","104","22","134","3","00:17:07","387","275","Non quality blocked","Default","4972"
"60","61","28","214","3","00:17:08","381","34","Non quality blocked","Backhand","4973"
"89","87","228","242","3","00:17:08","465","82","Quality blocked","Default","4974"
"65","162","28","66","3","00:17:09","486","99","Quality blocked","Default","4976"
"40","11","123","51","3","00:17:10","497","119","Quality blocked","Wrist","4977"
"147","67","64","61","3","00:17:10","67","198","Non quality blocked","Wrist","4978"
"169","50","222","115","3","00:17:10","253","249","Non quality blocked","Wrist","4979"
"242","277","228","212","3","00:17:11","183","153","Non quality blocked","Default","4980"
"63","11","22","169","3","00:17:12","440","267","Non quality blocked","Default","4981"
"11","189","123","239","3","00:17:13","131","170","Quality blocked","Default","4982"
"16","118","123","94","3","00:17:15","146","205","Non quality blocked","Default","4983"
"188","149","155","124","3","00:17:15","215","105","Non quality blocked","Slap","4984"
"210","60","228","221","3","00:17:15","142","195","Quality blocked","Wrist","4985"
"12","195","123","225","3","00:17:15","94","187","Quality blocked","Snap","4986"
"44","83","28","60","3","00:17:16","442","174","Non quality blocked","Wrist","4987"
"24","75","64","63","3","00:17:16","476","245","Non quality blocked","Default","4988"
"196","246","41","234","3","00:17:16","204","55","Non quality blocked","Wrist","4989"
"210","129","59","266","3","00:17:16","131","186","Quality blocked","Wrist","4990"
"73","84","85","166","3","00:17:17","461","231","Non quality blocked","Wrist","4991"
"129","74","134","204","3","00:17:17","159","228","Non quality blocked","Wrist","4992"
"69","99","28","30","3","00:17:19","155","209","Non quality blocked","Default","4994"
"167","84","28","121","3","00:17:19","534","230","Non quality blocked","Wrist","4995"
"68","198","85","138","3","00:17:21","421","179","Non quality blocked","Wrist","4996"
"84","104","123","156","3","00:17:22","205","240","Non quality blocked","Wrist","4998"
"12","138","28","85","3","00:17:23","399","159","Non quality blocked","Wrist","4999"
"7","138","28","87","3","00:17:23","404","225","Non quality blocked","Wrist","5000"
"56","205","228","189","3","00:17:23","191","247","Non quality blocked","Default","5001"
"188","114","59","239","3","00:17:24","399","168","Non quality blocked","Wrist","5002"
"75","68","85","263","3","00:17:24","111","192","Quality blocked","Wrist","5003"
"196","227","155","110","3","00:17:26","113","216","Quality blocked","Wrist","5006"
"223","26","28","197","3","00:17:26","406","70","Non quality blocked","Snap","5007"
"13","205","228","221","3","00:17:27","123","228","Quality blocked","Default","5008"
"110","62","222","171","3","00:17:28","118","121","Quality blocked","Wrist","5009"
"169","73","64","196","3","00:17:28","468","114","Quality blocked","Default","5010"
"198","192","123","156","3","00:17:29","177","227","Non quality blocked","Wrist","5012"
"63","11","22","169","3","00:17:29","464","237","Non quality blocked","Default","5013"
"51","244","211","227","3","00:17:30","386","275","Non quality blocked","Wrist","5014"
"57","207","228","212","3","00:17:31","45","245","Non quality blocked","Default","5015"
"12","196","155","259","3","00:17:31","488","52","Non quality blocked","Default","5016"
"17","98","28","85","3","00:17:33","499","81","Quality blocked","Wrist","5020"
"138","7","6","87","3","00:17:34","191","242","Non quality blocked","Slap","5021"
"31","12","19","99","3","00:17:36","424","232","Non quality blocked","Slap","5023"
"169","32","28","119","3","00:17:36","160","264","Non quality blocked","Wrist","5024"
"203","76","211","245","3","00:17:36","418","55","Non quality blocked","Default","5025"
"60","30","166","103","3","00:17:37","418","115","Non quality blocked","Wrist","5026"
"84","34","155","161","3","00:17:37","501","140","Quality blocked","Slap","5027"
"84","13","6","64","3","00:17:38","438","45","Non quality blocked","Default","5029"
"78","71","238","251","3","00:17:38","114","243","Non quality blocked","Default","5030"
"56","39","85","172","3","00:17:39","124","232","Non quality blocked","Default","5031"
"100","52","6","218","3","00:17:39","153","88","Non quality blocked","Wrist","5032"
"189","51","28","247","3","00:17:39","504","207","Quality blocked","Snap","5033"
"84","34","155","161","3","00:17:42","498","173","Quality blocked","Wrist","5036"
"210","47","228","221","3","00:17:44","92","216","Quality blocked","Wrist","5037"
"104","56","59","31","3","00:17:45","473","202","Quality blocked","Snap","5038"
"83","206","155","170","3","00:17:45","147","237","Non quality blocked","Wrist","5039"
"44","1","6","68","3","00:17:47","105","88","Quality blocked","Default","5040"
"83","67","64","67","3","00:17:49","209","83","Non quality blocked","Wrist","5041"
"116","195","123","168","3","00:17:50","393","88","Non quality blocked","Wrist","5042"
"1","50","59","220","3","00:17:50","89","172","Quality blocked","Snap","5043"
"185","52","222","127","3","00:17:51","495","220","Quality blocked","Default","5044"
"84","24","123","149","3","00:17:52","201","98","Non quality blocked","Wrist","5045"
"198","99","155","211","3","00:17:52","201","177","Non quality blocked","Default","5046"
"71","230","228","135","3","00:17:53","98","249","Non quality blocked","Default","5047"
"73","83","28","224","3","00:17:53","528","78","Non quality blocked","Wrist","5048"
"83","118","123","58","3","00:06:43","193","59","Non quality blocked","Wrist","5049"
"38","84","28","60","3","00:17:55","476","69","Non quality blocked","Wrist","5050"
"83","208","64","154","3","00:17:55","104","48","Non quality blocked","Wrist","5051"
"79","30","85","58","3","00:17:56","417","105","Non quality blocked","Wrist","5052"
"11","12","186","147","3","00:17:56","417","195","Non quality blocked","Default","5054"
"99","67","64","174","3","00:06:44","525","94","Non quality blocked","Wrist","5055"
"13","317","211","261","3","00:17:57","124","79","Quality blocked","Wrist","5056"
"196","68","211","261","3","00:06:44","183","252","Non quality blocked","Slap","5057"
"11","38","222","215","3","00:17:59","507","126","Quality blocked","Default","5058"
"185","86","211","218","3","00:06:45","421","84","Non quality blocked","Wrist","5059"
"229","97","123","130","3","00:18:00","172","163","Non quality blocked","Slap","5060"
"285","68","85","232","3","00:06:45","216","111","Non quality blocked","Backhand","5061"
"63","253","28","224","3","00:18:01","401","278","Non quality blocked","Slap","5062"
"23","126","64","40","3","00:06:46","93","167","Quality blocked","Wrist","5063"
"11","98","48","231","3","00:18:01","207","127","Non quality blocked","Wrist","5064"
"32","40","228","258","3","00:06:46","525","146","Quality blocked","Snap","5065"
"208","58","222","268","3","00:18:01","386","36","Non quality blocked","Default","5066"
"5","63","211","267","3","00:06:46","213","206","Non quality blocked","Wrist","5067"
"245","90","123","265","3","00:18:02","411","125","Non quality blocked","Wrist","5068"
"219","20","22","233","3","00:06:47","497","159","Quality blocked","Default","5069"
"31","132","85","238","3","00:06:47","128","93","Quality blocked","Wrist","5071"
"2","71","222","185","3","00:18:04","192","220","Non quality blocked","Default","5072"
"110","30","85","42","3","00:06:48","479","286","Non quality blocked","Wrist","5073"
"75","9","19","52","3","00:06:48","135","176","Quality blocked","Default","5074"
"67","118","123","63","3","00:06:49","182","63","Non quality blocked","Default","5076"
"205","57","59","135","3","00:06:50","428","209","Non quality blocked","Default","5078"
"12","223","238","251","3","00:18:06","117","211","Quality blocked","Default","5079"
"25","51","59","31","3","00:06:51","458","61","Non quality blocked","Snap","5080"
"32","75","64","30","3","00:18:07","533","213","Non quality blocked","Default","5081"
"62","75","64","129","3","00:06:51","188","271","Non quality blocked","Default","5082"
"56","31","28","106","3","00:18:07","390","48","Non quality blocked","Wrist","5083"
"98","20","123","33","3","00:06:52","193","129","Non quality blocked","Snap","5084"
"32","67","211","116","3","00:06:52","495","46","Non quality blocked","Default","5086"
"75","11","123","111","3","00:18:08","94","259","Non quality blocked","Default","5087"
"12","86","64","145","3","00:06:52","403","63","Non quality blocked","Wrist","5088"
"203","24","123","149","3","00:18:10","204","165","Non quality blocked","Wrist","5089"
"229","269","123","265","3","00:18:10","398","260","Non quality blocked","Wrist","5090"
"313","83","28","224","3","00:18:11","530","63","Non quality blocked","Wrist","5091"
"20","68","64","84","3","00:18:12","471","163","Quality blocked","Default","5093"
"169","58","222","215","3","00:18:12","379","108","Non quality blocked","Default","5094"
"87","76","64","61","3","00:18:13","174","79","Non quality blocked","Default","5095"
"30","76","64","174","3","00:18:13","458","167","Quality blocked","Wrist","5096"
"57","73","85","222","3","00:18:13","516","187","Quality blocked","Wrist","5097"
"215","167","186","101","3","00:18:14","141","177","Quality blocked","Wrist","5098"
"227","128","211","177","3","00:18:14","400","113","Non quality blocked","Default","5099"
"44","246","6","255","3","00:18:14","462","230","Non quality blocked","Slap","5100"
"52","83","28","37","3","00:18:15","388","59","Non quality blocked","Wrist","5101"
"83","97","6","213","3","00:18:15","453","84","Non quality blocked","Snap","5102"
"99","12","6","64","3","00:18:17","442","134","Non quality blocked","Default","5103"
"34","24","22","117","3","00:18:17","147","63","Non quality blocked","Wrist","5104"
"63","162","28","49","3","00:18:19","482","151","Quality blocked","Default","5106"
"68","61","28","224","3","00:18:19","476","59","Non quality blocked","Wrist","5107"
"72","208","155","268","3","00:18:19","197","212","Non quality blocked","Default","5108"
"4","196","28","137","3","00:18:20","470","25","Non quality blocked","Wrist","5110"
"35","52","59","155","3","00:18:20","494","135","Quality blocked","Default","5111"
"223","2","19","171","3","00:18:20","530","137","Quality blocked","Wrist","5112"
"285","269","123","265","3","00:18:20","421","140","Non quality blocked","Wrist","5113"
"58","84","28","49","3","00:18:21","509","167","Quality blocked","Backhand","5114"
"71","11","193","100","3","00:18:21","378","152","Non quality blocked","Default","5115"
"73","83","85","116","3","00:18:21","177","171","Non quality blocked","Wrist","5116"
"230","219","59","125","3","00:18:22","67","88","Non quality blocked","Default","5117"
"253","247","123","247","3","00:18:22","189","252","Non quality blocked","Snap","5118"
"180","71","211","118","3","00:18:26","453","80","Non quality blocked","Default","5120"
"76","31","85","138","3","00:18:26","463","124","Quality blocked","Tip","5121"
"62","63","211","178","3","00:18:26","529","191","Quality blocked","Wrist","5122"
"24","12","186","147","3","00:18:29","399","132","Non quality blocked","Default","5124"
"169","286","222","249","3","00:18:31","398","176","Non quality blocked","Default","5128"
"62","12","6","34","3","00:18:32","405","199","Non quality blocked","Default","5129"
"32","23","123","149","3","00:18:32","177","245","Non quality blocked","Wrist","5130"
"11","116","85","168","3","00:18:32","198","94","Non quality blocked","Wrist","5131"
"60","34","155","71","3","00:18:33","449","38","Non quality blocked","Default","5132"
"35","189","123","130","3","00:18:33","135","182","Quality blocked","Wrist","5133"
"67","90","123","86","3","00:18:34","185","125","Non quality blocked","Default","5134"
"79","98","28","119","3","00:18:34","161","104","Non quality blocked","Wrist","5135"
"83","280","228","243","3","00:18:34","445","156","Non quality blocked","Slap","5136"
"224","12","6","250","3","00:18:34","493","96","Quality blocked","Slap","5137"
"63","99","155","261","3","00:18:34","516","245","Non quality blocked","Snap","5138"
"87","168","28","60","3","00:18:35","395","263","Non quality blocked","Wrist","5140"
"230","56","64","128","3","00:18:36","195","188","Non quality blocked","Default","5141"
"205","12","6","228","3","00:18:36","165","112","Non quality blocked","Wrist","5142"
"35","20","123","43","3","00:18:39","192","178","Non quality blocked","Wrist","5144"
"35","118","6","148","3","00:18:39","184","49","Non quality blocked","Wrist","5145"
"25","74","64","195","3","00:18:40","510","201","Quality blocked","Default","5146"
"44","49","155","245","3","00:18:41","177","249","Non quality blocked","Default","5147"
"181","255","6","259","3","00:18:41","117","205","Quality blocked","Default","5148"
"72","79","28","264","3","00:18:41","496","76","Quality blocked","Wrist","5149"
"167","73","64","145","3","00:18:43","420","201","Non quality blocked","Default","5150"
"68","195","22","169","3","00:18:43","446","81","Non quality blocked","Default","5151"
"67","83","28","174","3","00:18:43","193","112","Non quality blocked","Wrist","5152"
"90","147","228","256","3","00:18:44","427","221","Non quality blocked","Wrist","5154"
"11","7","6","98","3","00:10:53","497","209","Quality blocked","Default","5156"
"32","229","228","258","3","00:18:45","395","263","Non quality blocked","Snap","5157"
"40","83","28","214","3","00:18:47","537","124","Quality blocked","Wrist","5158"
"181","38","238","229","3","00:10:53","207","141","Non quality blocked","Wrist","5159"
"65","60","59","140","3","00:18:48","420","40","Non quality blocked","Default","5160"
"84","198","59","231","3","00:10:53","495","259","Non quality blocked","Wrist","5161"
"11","205","155","107","3","00:18:49","160","71","Non quality blocked","Wrist","5162"
"13","99","28","121","3","00:10:54","549","257","Non quality blocked","Wrist","5163"
"56","230","155","128","3","00:10:54","453","65","Non quality blocked","Wrist","5164"
"78","203","85","163","3","00:10:55","129","193","Quality blocked","Wrist","5165"
"83","62","222","200","3","00:10:55","417","225","Non quality blocked","Wrist","5166"
"190","62","222","207","3","00:10:55","512","155","Quality blocked","Wrist","5167"
"118","223","59","151","3","00:18:49","424","27","Non quality blocked","Default","5168"
"71","24","123","208","3","00:10:55","455","99","Non quality blocked","Wrist","5169"
"207","65","85","232","3","00:10:55","144","177","Quality blocked","Wrist","5170"
"89","61","48","231","3","00:18:49","181","261","Non quality blocked","Wrist","5171"
"83","76","64","67","3","00:10:56","155","238","Non quality blocked","Wrist","5172"
"246","88","238","251","3","00:18:49","125","94","Quality blocked","Default","5173"
"244","17","6","218","3","00:10:56","182","186","Non quality blocked","Default","5174"
"98","68","64","67","3","00:18:50","112","141","Quality blocked","Wrist","5175"
"12","67","211","255","3","00:10:56","167","261","Non quality blocked","Snap","5176"
"24","66","211","210","3","00:18:50","198","257","Non quality blocked","Wrist","5177"
"16","62","222","171","3","00:10:57","107","161","Quality blocked","Wrist","5178"
"203","52","6","250","3","00:18:50","470","183","Quality blocked","Default","5179"
"61","11","123","196","3","00:10:59","157","211","Non quality blocked","Default","5180"
"24","66","64","40","3","00:11:00","141","196","Quality blocked","Default","5181"
"229","62","59","155","3","00:11:00","432","236","Non quality blocked","Default","5183"
"12","57","59","83","3","00:18:51","179","221","Non quality blocked","Default","5184"
"185","79","28","213","3","00:11:00","122","177","Quality blocked","Default","5185"
"11","110","19","70","3","00:18:52","173","96","Non quality blocked","Default","5186"
"32","79","123","119","3","00:11:01","548","215","Non quality blocked","Wrist","5187"
"161","196","85","172","3","00:18:52","105","240","Non quality blocked","Default","5188"
"60","138","28","176","3","00:18:52","417","248","Non quality blocked","Wrist","5189"
"60","183","6","228","3","00:18:52","141","237","Non quality blocked","Wrist","5190"
"34","24","123","43","3","00:18:53","189","105","Non quality blocked","Wrist","5192"
"71","230","228","212","3","00:18:53","214","93","Non quality blocked","Default","5193"
"86","100","64","61","3","00:18:55","108","128","Quality blocked","Wrist","5195"
"114","224","59","106","3","00:18:55","121","127","Quality blocked","Snap","5196"
"7","30","28","85","3","00:18:56","395","180","Non quality blocked","Snap","5197"
"229","90","121","102","3","00:18:56","155","182","Non quality blocked","Default","5198"
"220","169","123","209","3","00:18:56","466","95","Quality blocked","Default","5199"
"313","183","6","218","3","00:18:56","140","219","Quality blocked","Wrist","5200"
"68","2","19","45","3","00:18:57","197","225","Non quality blocked","Default","5201"
"26","167","6","89","3","00:18:57","474","134","Quality blocked","Default","5202"
"36","223","59","120","3","00:18:57","62","126","Quality blocked","Wrist","5203"
"189","83","28","156","3","00:18:57","477","142","Quality blocked","Wrist","5204"
"203","38","238","229","3","00:18:58","83","204","Quality blocked","Wrist","5206"
"149","181","155","259","3","00:18:58","472","167","Quality blocked","Default","5207"
"105","62","48","44","3","00:19:01","146","132","Non quality blocked","Default","5208"
"21","74","64","195","3","00:19:02","450","246","Non quality blocked","Default","5209"
"63","30","228","248","3","00:19:02","124","232","Non quality blocked","Default","5210"
"35","30","28","141","3","00:19:03","198","153","Non quality blocked","Slap","5212"
"249","79","28","214","3","00:19:03","406","33","Non quality blocked","Wrist","5213"
"104","1","6","97","3","00:19:04","62","197","Non quality blocked","Backhand","5214"
"35","18","6","148","3","00:19:04","200","278","Non quality blocked","Default","5215"
"82","58","222","188","3","00:19:04","394","108","Non quality blocked","Default","5216"
"185","24","123","126","3","00:19:05","423","208","Non quality blocked","Slap","5218"
"68","205","155","114","3","00:19:06","453","208","Non quality blocked","Default","5219"
"99","60","59","137","3","00:19:06","78","235","Non quality blocked","Wrist","5220"
"161","32","28","199","3","00:19:06","457","104","Quality blocked","Wrist","5221"
"115","71","64","90","3","00:19:07","128","231","Non quality blocked","Slap","5222"
"203","65","64","166","3","00:19:07","193","230","Non quality blocked","Wrist","5223"
"31","1","6","87","3","00:19:08","177","212","Non quality blocked","Wrist","5225"
"25","205","155","107","3","00:19:09","134","184","Quality blocked","Wrist","5227"
"11","5","19","70","3","00:19:12","146","177","Non quality blocked","Default","5230"
"44","73","64","164","3","00:19:12","453","271","Non quality blocked","Default","5231"
"205","84","28","214","3","00:19:12","531","30","Non quality blocked","Slap","5232"
"161","13","6","113","3","00:19:14","447","75","Non quality blocked","Slap","5233"
"13","101","222","185","3","00:19:14","170","254","Non quality blocked","Wrist","5234"
"88","169","64","226","3","00:19:14","439","90","Non quality blocked","Wrist","5235"
"67","30","228","248","3","00:19:14","170","120","Non quality blocked","Wrist","5236"
"26","229","228","141","3","00:19:15","513","196","Quality blocked","Wrist","5237"
"5","227","155","143","3","00:19:16","403","73","Non quality blocked","Default","5238"
"25","71","64","40","3","00:19:17","113","186","Quality blocked","Wrist","5239"
"89","138","28","158","3","00:19:17","141","236","Non quality blocked","Default","5240"
"161","196","28","199","3","00:19:17","531","235","Non quality blocked","Wrist","5241"
"32","205","228","243","3","00:19:17","503","89","Quality blocked","Snap","5242"
"24","89","64","195","3","00:19:18","408","142","Non quality blocked","Default","5243"
"11","26","85","33","3","00:19:19","424","75","Non quality blocked","Wrist","5244"
"67","24","123","92","3","00:19:19","158","105","Non quality blocked","Default","5245"
"229","42","28","214","3","00:19:19","382","179","Non quality blocked","Slap","5246"
"87","39","28","258","3","00:19:19","109","158","Quality blocked","Snap","5247"
"9","71","64","45","3","00:19:20","471","139","Quality blocked","Default","5248"
"24","161","222","207","3","00:19:20","393","143","Non quality blocked","Default","5249"
"58","138","155","268","3","00:19:21","179","99","Non quality blocked","Default","5250"
"24","67","64","40","3","00:19:22","163","35","Non quality blocked","Slap","5251"
"60","199","166","103","3","00:19:23","397","249","Non quality blocked","Wrist","5253"
"63","15","6","255","3","00:19:23","429","71","Non quality blocked","Snap","5254"
"11","78","6","94","3","00:19:25","441","189","Non quality blocked","Default","5255"
"62","181","6","113","3","00:19:26","453","137","Non quality blocked","Wrist","5256"
"58","30","228","212","3","00:19:26","205","163","Non quality blocked","Default","5257"
"16","181","155","259","3","00:19:26","501","190","Quality blocked","Default","5258"
"149","62","155","234","3","00:19:27","258","114","Non quality blocked","Wrist","5260"
"44","108","222","235","3","00:19:27","151","182","Non quality blocked","Wrist","5261"
"11","31","85","33","3","00:19:28","413","132","Non quality blocked","Slap","5263"
"169","74","64","195","3","00:19:28","447","111","Non quality blocked","Default","5264"
"44","149","6","255","3","00:19:29","419","249","Non quality blocked","Default","5266"
"63","163","28","37","3","00:19:30","413","142","Non quality blocked","Wrist","5267"
"160","50","59","49","3","00:19:30","34","180","Non quality blocked","Default","5268"
"224","198","28","106","3","00:19:30","492","233","Non quality blocked","Snap","5269"
"114","223","222","197","3","00:19:30","217","24","Non quality blocked","Wrist","5270"
"84","73","85","238","3","00:19:30","208","282","Non quality blocked","Snap","5271"
"16","219","238","251","3","00:19:30","163","205","Non quality blocked","Default","5272"
"129","53","222","115","3","00:19:31","190","262","Non quality blocked","Wrist","5273"
"38","189","22","183","3","00:19:32","201","80","Non quality blocked","Wrist","5274"
"60","17","6","228","3","00:19:33","208","236","Non quality blocked","Wrist","5275"
"83","5","6","87","3","00:19:34","198","243","Non quality blocked","Wrist","5276"
"230","12","6","148","3","00:19:34","152","54","Non quality blocked","Default","5277"
"25","223","222","207","3","00:19:34","490","70","Non quality blocked","Wrist","5278"
"210","78","6","250","3","00:19:35","437","213","Non quality blocked","Snap","5280"
"229","205","222","260","3","00:19:35","147","185","Non quality blocked","Wrist","5281"
"12","191","22","134","3","00:19:37","387","63","Non quality blocked","Wrist","5282"
"42","195","22","183","3","00:19:37","78","140","Quality blocked","Default","5283"
"34","3","59","71","3","00:19:38","119","31","Non quality blocked","Default","5284"
"42","195","22","183","3","00:19:38","105","155","Quality blocked","Wrist","5285"
"44","50","59","39","3","00:19:39","495","124","Quality blocked","Snap","5286"
"78","196","28","121","3","00:19:39","476","107","Quality blocked","Wrist","5287"
"242","209","59","215","3","00:19:39","213","167","Non quality blocked","Default","5288"
"189","79","28","262","3","00:19:39","147","39","Non quality blocked","Wrist","5289"
"97","74","64","84","3","00:19:40","495","139","Quality blocked","Default","5290"
"201","25","123","119","3","00:19:40","477","237","Non quality blocked","Default","5291"
"58","32","28","254","3","00:19:40","421","237","Non quality blocked","Slap","5292"
"167","192","123","126","3","00:19:41","387","245","Non quality blocked","Slap","5295"
"207","195","22","183","3","00:19:41","151","197","Non quality blocked","Default","5296"
"63","23","123","203","3","00:19:41","471","244","Non quality blocked","Default","5297"
"11","89","64","86","3","00:19:42","398","237","Non quality blocked","Default","5298"
"65","223","59","140","3","00:19:42","157","89","Non quality blocked","Wrist","5299"
"161","1","6","113","3","00:19:43","501","200","Quality blocked","Wrist","5300"
"83","24","123","175","3","00:19:43","410","145","Non quality blocked","Wrist","5301"
"247","224","155","216","3","00:19:43","464","112","Quality blocked","Wrist","5302"
"185","84","28","121","3","00:19:44","453","101","Non quality blocked","Wrist","5304"
"104","50","48","44","3","00:19:45","194","105","Non quality blocked","Default","5305"
"42","2","6","68","3","00:19:45","171","247","Non quality blocked","Default","5306"
"181","52","6","250","3","00:19:45","536","197","Non quality blocked","Default","5307"
"44","57","59","125","3","00:19:46","141","144","Quality blocked","Default","5309"
"32","44","155","170","3","00:19:46","159","246","Non quality blocked","Wrist","5310"
"152","115","22","73","3","00:19:47","126","182","Quality blocked","Wrist","5311"
"32","15","6","85","3","00:19:47","160","136","Non quality blocked","Wrist","5312"
"196","67","64","166","3","00:19:47","208","190","Non quality blocked","Wrist","5313"
"169","285","228","217","3","00:19:47","443","51","Non quality blocked","Wrist","5314"
"58","5","6","34","3","00:19:48","477","98","Quality blocked","Default","5315"
"13","23","123","109","3","00:19:50","177","175","Non quality blocked","Slap","5316"
"44","31","28","141","3","00:19:50","180","63","Non quality blocked","Default","5317"
"11","81","85","33","3","00:19:51","399","146","Non quality blocked","Slap","5318"
"63","230","228","189","3","00:19:51","151","33","Non quality blocked","Default","5319"
"98","38","222","264","3","00:19:51","122","225","Quality blocked","Tip","5320"
"79","10","6","50","3","00:19:52","168","219","Non quality blocked","Slap","5322"
"11","81","85","33","3","00:19:53","402","267","Non quality blocked","Wrist","5323"
"205","61","64","128","3","00:19:54","158","207","Non quality blocked","Default","5324"
"67","23","123","203","3","00:19:54","392","142","Non quality blocked","Default","5325"
"42","229","228","258","3","00:19:54","513","151","Quality blocked","Snap","5326"
"25","31","85","33","3","00:19:55","393","237","Non quality blocked","Wrist","5329"
"78","67","70","52","3","00:19:55","495","129","Quality blocked","Default","5330"
"84","220","222","103","3","00:19:55","168","252","Non quality blocked","Wrist","5331"
"169","76","64","153","3","00:19:55","135","189","Quality blocked","Wrist","5332"
"31","50","222","197","3","00:19:55","111","17","Non quality blocked","Wrist","5333"
"21","11","59","239","3","00:19:56","506","159","Quality blocked","Slap","5334"
"196","183","6","259","3","00:19:56","180","182","Non quality blocked","Default","5335"
"209","33","155","128","3","00:19:57","144","45","Non quality blocked","Default","5336"
"34","89","211","177","3","00:19:57","445","105","Non quality blocked","Default","5337"
"102","114","85","175","3","00:06:52","153","156","Non quality blocked","Wrist","5339"
"167","52","222","127","3","00:06:53","427","120","Non quality blocked","Default","5340"
"138","232","64","158","3","00:06:54","433","83","Non quality blocked","Default","5341"
"196","230","228","221","3","00:06:54","109","132","Quality blocked","Wrist","5342"
"196","44","155","161","3","00:06:55","471","188","Quality blocked","Wrist","5343"
"56","44","155","177","3","00:06:55","195","111","Non quality blocked","Wrist","5344"
"220","185","6","251","3","00:06:55","494","261","Non quality blocked","Default","5345"
"88","209","211","140","3","00:06:56","441","129","Non quality blocked","Slap","5346"
"36","223","59","155","3","00:06:56","484","165","Quality blocked","Default","5347"
"38","60","222","167","3","00:06:56","519","71","Non quality blocked","Wrist","5348"
"188","157","85","168","3","00:06:56","193","83","Non quality blocked","Wrist","5349"
"76","195","22","204","3","00:06:56","435","85","Non quality blocked","Wrist","5350"
"2","72","59","101","3","00:06:58","409","23","Non quality blocked","Slap","5351"
"169","204","155","124","3","00:06:58","197","241","Non quality blocked","Wrist","5352"
"129","30","85","175","3","00:06:58","160","270","Non quality blocked","Wrist","5353"
"13","60","228","221","3","00:06:58","66","172","Quality blocked","Wrist","5354"
"89","5","19","52","3","00:06:59","138","234","Non quality blocked","Default","5355"
"32","67","211","116","3","00:06:59","488","63","Non quality blocked","Default","5356"
"99","88","59","106","3","00:07:00","211","156","Non quality blocked","Wrist","5357"
"102","83","85","175","3","00:07:01","163","108","Non quality blocked","Wrist","5358"
"115","223","59","160","3","00:07:02","513","207","Quality blocked","Default","5359"
"99","232","64","158","3","00:07:03","486","89","Quality blocked","Default","5361"
"47","52","59","39","3","00:07:04","503","16","Non quality blocked","Snap","5362"
"185","26","28","121","3","00:07:04","471","236","Non quality blocked","Wrist","5363"
"190","75","211","136","3","00:07:04","153","60","Non quality blocked","Snap","5364"
"205","44","85","232","3","00:07:04","167","77","Non quality blocked","Snap","5365"
"196","183","41","234","3","00:07:04","183","67","Non quality blocked","Wrist","5366"
"209","11","22","204","3","00:07:08","508","87","Quality blocked","Wrist","5368"
"11","191","123","239","3","00:07:08","123","236","Non quality blocked","Wrist","5369"
"89","31","28","253","3","00:07:08","479","219","Quality blocked","Wrist","5370"
"138","185","6","259","3","00:07:08","131","82","Quality blocked","Snap","5371"
"99","13","6","180","3","00:07:09","174","250","Non quality blocked","Wrist","5372"
"16","47","228","148","3","00:07:10","421","179","Non quality blocked","Default","5373"
"11","259","6","246","3","00:07:10","459","220","Quality blocked","Wrist","5374"
"286","4","28","254","3","00:07:10","469","179","Quality blocked","Snap","5375"
"210","129","123","100","3","00:07:11","500","143","Quality blocked","Default","5376"
"44","11","64","263","3","00:07:11","556","93","Non quality blocked","Wrist","5377"
"161","74","64","30","3","00:07:12","477","162","Quality blocked","Default","5378"
"56","37","155","71","3","00:07:12","469","255","Non quality blocked","Default","5379"
"11","1","6","109","3","00:07:12","434","225","Non quality blocked","Wrist","5380"
"78","87","228","228","3","00:07:12","438","88","Non quality blocked","Snap","5381"
"196","50","59","266","3","00:07:13","65","117","Quality blocked","Wrist","5383"
"11","83","85","33","3","00:07:14","398","57","Non quality blocked","Wrist","5384"
"100","34","155","36","3","00:07:14","115","92","Quality blocked","Default","5385"
"8","82","28","190","3","00:07:14","405","232","Non quality blocked","Wrist","5386"
"62","149","6","151","3","00:07:16","203","57","Non quality blocked","Default","5387"
"10","125","64","45","3","00:07:20","477","33","Non quality blocked","Default","5388"
"210","68","211","245","3","00:07:20","542","103","Non quality blocked","Wrist","5389"
"24","156","85","149","3","00:07:21","387","55","Non quality blocked","Snap","5390"
"230","86","134","189","3","00:07:21","392","129","Non quality blocked","Default","5391"
"35","208","64","150","3","00:07:23","110","91","Quality blocked","Snap","5392"
"24","114","85","168","3","00:07:23","193","249","Non quality blocked","Wrist","5393"
"20","205","155","183","3","00:07:23","448","135","Non quality blocked","Wrist","5394"
"11","47","154","73","3","00:07:24","467","228","Non quality blocked","Wrist","5395"
"12","161","59","113","3","00:07:24","178","196","Non quality blocked","Wrist","5396"
"67","90","22","195","3","00:07:24","103","184","Quality blocked","Default","5397"
"11","78","6","246","3","00:07:24","486","232","Non quality blocked","Wrist","5398"
"205","203","28","146","3","00:07:25","463","59","Non quality blocked","Snap","5400"
"129","138","85","175","3","00:07:27","114","219","Quality blocked","Default","5402"
"206","74","64","114","3","00:07:28","64","122","Quality blocked","Wrist","5403"
"11","78","6","246","3","00:07:28","539","184","Quality blocked","Wrist","5404"
"183","51","28","180","3","00:07:31","449","105","Non quality blocked","Wrist","5405"
"40","5","48","243","3","00:07:32","134","218","Quality blocked","Default","5406"
"201","242","222","254","3","00:07:32","142","237","Non quality blocked","Snap","5407"
"10","133","64","45","3","00:07:33","519","55","Non quality blocked","Default","5408"
"12","98","28","182","3","00:07:33","192","146","Non quality blocked","Snap","5409"
"280","180","64","217","3","00:07:34","170","218","Non quality blocked","Default","5410"
"5","61","59","34","3","00:07:35","205","65","Non quality blocked","Default","5411"
"67","181","6","105","3","00:07:35","189","107","Non quality blocked","Default","5412"
"13","4","59","113","3","00:07:35","99","169","Quality blocked","Slap","5413"
"220","24","123","115","3","00:07:35","489","178","Quality blocked","Wrist","5414"
"169","272","48","231","3","00:07:35","113","163","Quality blocked","Wrist","5415"
"20","62","222","191","3","00:07:37","489","171","Quality blocked","Wrist","5416"
"232","9","228","228","3","00:07:37","415","154","Non quality blocked","Wrist","5417"
"84","44","85","238","3","00:07:38","201","59","Non quality blocked","Slap","5418"
"50","30","28","176","3","00:07:40","397","140","Non quality blocked","Wrist","5419"
"62","220","123","160","3","00:07:41","514","106","Quality blocked","Wrist","5420"
"62","24","22","206","3","00:07:41","214","153","Non quality blocked","Wrist","5421"
"38","285","228","212","3","00:07:41","210","275","Non quality blocked","Default","5422"
"118","99","155","268","3","00:07:42","199","219","Non quality blocked","Default","5423"
"50","87","155","165","3","00:07:43","536","155","Quality blocked","Default","5425"
"91","39","154","73","3","00:07:44","479","164","Quality blocked","Wrist","5426"
"183","83","28","173","3","00:07:44","157","255","Non quality blocked","Wrist","5427"
"65","198","85","166","3","00:07:45","508","87","Quality blocked","Backhand","5428"
"31","167","123","247","3","00:07:45","171","239","Non quality blocked","Wrist","5429"
"76","83","85","166","3","00:07:46","521","96","Quality blocked","Wrist","5430"
"68","10","19","45","3","00:07:47","155","124","Non quality blocked","Default","5431"
"79","162","85","55","3","00:07:47","215","146","Non quality blocked","Default","5432"
"220","129","123","209","3","00:07:47","498","47","Non quality blocked","Default","5433"
"32","209","64","158","3","00:07:48","465","50","Non quality blocked","Default","5434"
"31","52","222","199","OT2","00:04:26","119","88","Quality blocked","Wrist","5435"
"58","83","28","199","OT2","00:04:54","514","166","Quality blocked","Wrist","5436"
"161","199","28","199","OT2","00:05:00","513","153","Quality blocked","Wrist","5437"
"25","57","222","208","OT2","00:05:15","111","52","Non quality blocked","Default","5438"
"32","2","6","87","OT2","00:05:38","110","114","Quality blocked","Snap","5439"
"129","224","222","208","OT2","00:06:23","196","223","Non quality blocked","Default","5440"
"62","32","28","199","OT2","00:07:46","407","159","Non quality blocked","Wrist","5441"
"88","83","28","199","OT2","00:08:12","452","220","Non quality blocked","Wrist","5442"
"31","5","6","87","OT2","00:10:28","156","223","Non quality blocked","Wrist","5443"
"7","168","28","87","OT2","00:11:03","420","245","Non quality blocked","Wrist","5444"
"51","5","6","87","OT2","00:11:51","194","112","Non quality blocked","Slap","5445"
"10","156","28","87","OT2","00:12:43","400","33","Non quality blocked","Wrist","5446"
"203","62","222","199","OT2","00:12:44","195","279","Non quality blocked","Wrist","5447"
"8","24","22","97","OT2","00:13:01","446","185","Non quality blocked","Default","5448"
"31","7","6","87","OT2","00:13:07","164","252","Non quality blocked","Wrist","5449"
"223","196","28","199","OT2","00:13:11","457","60","Non quality blocked","Wrist","5450"
"4","84","28","199","OT2","00:14:00","425","260","Non quality blocked","Wrist","5451"
"17","24","22","97","OT2","00:14:10","462","231","Non quality blocked","Default","5452"
"78","83","28","87","OT2","00:14:16","509","97","Quality blocked","Wrist","5453"
"52","99","28","199","OT2","00:14:25","432","231","Non quality blocked","Wrist","5454"
"57","84","28","199","OT2","00:14:54","497","247","Non quality blocked","Wrist","5455"
"79","219","222","208","OT2","00:14:55","218","258","Non quality blocked","Default","5456"
"220","90","123","208","OT2","00:15:17","478","157","Quality blocked","Default","5457"
"53","90","123","208","OT2","00:15:35","441","243","Non quality blocked","Default","5458"
"161","129","123","208","OT2","00:16:19","556","215","Non quality blocked","Default","5459"
"32","5","6","87","OT2","00:16:43","96","216","Quality blocked","Wrist","5460"
"84","72","222","199","OT2","00:17:40","207","254","Non quality blocked","Wrist","5461"
"20","220","222","208","OT2","00:17:54","156","75","Non quality blocked","Default","5462"
"99","2","6","87","OT2","00:19:05","193","175","Non quality blocked","Wrist","5463"
"109","83","28","87","OT2","00:19:20","457","96","Quality blocked","Wrist","5464"
"50","84","28","199","OT2","00:19:35","408","36","Non quality blocked","Wrist","5465"
"196","52","222","199","OT3","00:01:42","189","39","Non quality blocked","Slap","5466"
"83","53","222","199","OT3","00:02:11","211","73","Non quality blocked","Wrist","5467"
"25","219","222","208","OT3","00:03:02","159","235","Non quality blocked","Wrist","5468"
"83","7","6","87","OT3","00:03:10","187","58","Non quality blocked","Wrist","5469"
"11","161","222","208","OT3","00:03:11","152","69","Non quality blocked","Default","5470"
"169","52","222","208","OT3","00:04:51","136","173","Quality blocked","Wrist","5471"
"169","217","222","208","OT3","00:04:55","144","152","Quality blocked","Default","5472"
"138","2","6","87","OT3","00:05:40","70","115","Quality blocked","Backhand","5473"
"99","13","6","87","OT3","00:05:48","105","199","Quality blocked","Wrist","5474"
"34","198","85","170","3","00:11:01","507","249","Non quality blocked","Wrist","5475"
"11","50","222","208","OT3","00:06:12","123","198","Quality blocked","Wrist","5476"
"223","39","28","199","OT3","00:06:37","434","239","Non quality blocked","Wrist","5478"
"13","60","59","65","3","00:11:02","69","93","Non quality blocked","Wrist","5479"
"84","17","6","87","OT3","00:06:45","189","226","Non quality blocked","Wrist","5480"
"125","51","28","199","3","00:11:02","499","81","Quality blocked","Wrist","5481"
"129","180","19","134","3","00:11:04","201","254","Non quality blocked","Wrist","5482"
"82","210","64","158","3","00:11:05","64","163","Quality blocked","Default","5483"
"210","182","6","259","3","00:11:05","130","155","Quality blocked","Default","5484"
"115","81","85","33","3","00:11:06","543","129","Quality blocked","Snap","5485"
"196","24","22","131","3","00:11:06","204","165","Non quality blocked","Wrist","5486"
"60","83","28","214","3","00:11:08","390","105","Non quality blocked","Slap","5487"
"129","240","222","249","3","00:11:08","401","153","Non quality blocked","Default","5488"
"32","2","6","87","OT3","00:07:03","128","231","Non quality blocked","Wrist","5489"
"104","47","155","43","3","00:11:09","433","117","Non quality blocked","Default","5490"
"52","16","6","185","3","00:11:09","411","54","Non quality blocked","Wrist","5491"
"50","157","28","199","OT3","00:09:56","393","220","Non quality blocked","Slap","5492"
"56","23","22","241","3","00:11:09","171","219","Non quality blocked","Wrist","5493"
"83","101","222","199","OT3","00:10:09","186","159","Non quality blocked","Wrist","5494"
"185","210","64","133","3","00:11:10","195","87","Non quality blocked","Wrist","5495"
"60","156","28","37","3","00:11:11","399","225","Non quality blocked","Wrist","5496"
"78","138","28","87","OT3","00:10:21","511","180","Quality blocked","Wrist","5497"
"65","196","28","174","3","00:11:11","112","118","Quality blocked","Tip","5498"
"15","51","28","87","OT3","00:10:41","442","105","Non quality blocked","Wrist","5499"
"221","129","123","207","3","00:11:13","174","208","Non quality blocked","Wrist","5500"
"84","25","22","55","3","00:11:15","405","96","Non quality blocked","Wrist","5501"
"219","99","28","199","OT3","00:10:50","398","22","Non quality blocked","Wrist","5502"
"5","23","123","247","3","00:11:15","207","271","Non quality blocked","Wrist","5503"
"167","83","28","87","OT3","00:11:02","420","239","Non quality blocked","Wrist","5504"
"128","62","222","199","OT3","00:12:25","133","69","Non quality blocked","Default","5505"
"219","99","28","199","OT3","00:12:38","440","39","Non quality blocked","Wrist","5506"
"98","71","222","199","OT3","00:12:46","117","86","Quality blocked","Wrist","5507"
"51","62","222","199","OT3","00:15:16","196","192","Non quality blocked","Wrist","5508"
"168","71","64","47","3","00:11:16","480","92","Quality blocked","Default","5509"
"51","88","222","199","OT3","00:15:25","101","15","Non quality blocked","Slap","5510"
"47","26","28","60","3","00:11:16","401","21","Non quality blocked","Wrist","5511"
"31","4","222","199","OT3","00:16:10","139","119","Quality blocked","Wrist","5512"
"11","73","64","196","3","00:11:16","391","241","Non quality blocked","Default","5513"
"84","52","222","199","OT3","00:16:56","87","206","Quality blocked","Wrist","5514"
"17","244","211","218","3","00:11:16","425","141","Non quality blocked","Wrist","5515"
"88","203","28","199","OT3","00:18:24","457","139","Quality blocked","Slap","5516"
"220","196","28","199","OT4","00:00:48","450","93","Non quality blocked","Wrist","5517"
"196","101","222","199","OT4","00:03:44","205","43","Non quality blocked","Wrist","5519"
"185","30","228","228","3","00:11:17","398","21","Non quality blocked","Wrist","5520"
"4","84","28","199","OT4","00:04:09","514","86","Non quality blocked","Wrist","5521"
"190","47","155","124","3","00:11:18","126","49","Non quality blocked","Wrist","5522"
"50","30","28","199","OT4","00:06:08","422","161","Non quality blocked","Wrist","5523"
"223","26","28","199","OT4","00:07:21","380","142","Non quality blocked","Wrist","5524"
"219","114","28","199","OT4","00:08:45","411","86","Non quality blocked","Wrist","5525"
"223","98","28","199","OT4","00:11:42","409","115","Non quality blocked","Wrist","5526"
"89","205","228","189","3","00:11:18","113","219","Quality blocked","Default","5527"
"50","198","28","199","OT4","00:12:01","439","243","Non quality blocked","Wrist","5528"
"98","5","6","180","3","00:11:22","137","231","Non quality blocked","Wrist","5529"
"198","50","222","199","OT4","00:13:50","102","207","Quality blocked","Wrist","5530"
"181","203","28","190","3","00:11:26","449","227","Non quality blocked","Snap","5531"
"67","129","22","169","3","00:11:27","477","178","Quality blocked","Default","5532"
"32","220","222","199","OT4","00:13:57","177","93","Non quality blocked","Wrist","5533"
"32","71","222","199","OT4","00:14:22","192","142","Non quality blocked","Wrist","5535"
"24","99","28","119","3","00:11:28","183","221","Non quality blocked","Wrist","5537"
"116","81","85","33","3","00:11:29","525","161","Quality blocked","Tip","5539"
"31","189","22","262","3","00:11:32","474","129","Quality blocked","Snap","5541"
"83","61","59","49","3","00:11:33","199","128","Non quality blocked","Slap","5542"
"68","129","64","263","3","00:11:35","400","169","Non quality blocked","Default","5543"
"32","11","123","149","3","00:11:37","181","254","Non quality blocked","Wrist","5544"
"181","220","59","101","3","00:11:38","501","186","Quality blocked","Wrist","5546"
"87","99","85","170","3","00:11:39","499","225","Quality blocked","Wrist","5547"
"188","116","28","131","3","00:11:40","453","93","Non quality blocked","Wrist","5548"
"34","12","6","179","3","00:11:40","74","110","Quality blocked","Wrist","5549"
"7","104","22","50","3","00:11:41","141","201","Quality blocked","Default","5550"
"88","83","28","137","3","00:11:41","473","128","Quality blocked","Wrist","5551"
"198","62","222","197","3","00:11:41","124","153","Quality blocked","Snap","5552"
"219","227","64","226","3","00:11:42","387","82","Non quality blocked","Wrist","5553"
"208","23","22","204","3","00:11:44","403","165","Non quality blocked","Wrist","5554"
"60","74","64","54","3","00:11:46","203","250","Non quality blocked","Snap","5557"
"245","212","6","228","3","00:11:47","168","63","Non quality blocked","Wrist","5558"
"31","1","6","85","3","00:11:48","94","171","Quality blocked","Wrist","5560"
"24","13","6","98","3","00:11:48","393","144","Non quality blocked","Default","5561"
"78","87","228","148","3","00:11:48","463","26","Non quality blocked","Default","5562"
"259","5","28","213","3","00:11:48","155","177","Non quality blocked","Wrist","5563"
"44","30","85","170","3","00:11:49","408","230","Non quality blocked","Wrist","5564"
"196","190","22","216","3","00:11:49","206","175","Non quality blocked","Wrist","5565"
"205","62","59","125","3","00:11:50","57","102","Non quality blocked","Wrist","5566"
"60","83","28","214","3","00:11:52","384","160","Non quality blocked","Wrist","5567"
"8","99","85","163","3","00:11:53","165","77","Non quality blocked","Wrist","5569"
"24","84","28","262","3","00:11:53","210","269","Non quality blocked","Wrist","5570"
"229","99","28","110","3","00:11:54","403","283","Non quality blocked","Wrist","5571"
"13","51","59","83","3","00:11:55","121","213","Quality blocked","Default","5572"
"32","2","6","180","3","00:11:55","126","199","Quality blocked","Wrist","5573"
"203","97","41","234","3","00:11:55","141","241","Non quality blocked","Wrist","5574"
"51","5","6","87","3","00:11:56","199","5","Non quality blocked","Wrist","5575"
"11","83","85","149","3","00:11:56","520","240","Non quality blocked","Wrist","5576"
"188","219","222","233","3","00:11:56","190","241","Non quality blocked","Default","5577"
"230","99","28","161","3","00:11:57","146","110","Non quality blocked","Wrist","5578"
"30","12","6","87","3","00:11:58","114","106","Quality blocked","Wrist","5579"
"49","203","28","121","3","00:11:58","464","243","Non quality blocked","Wrist","5580"
"13","118","22","97","3","00:11:59","529","68","Non quality blocked","Default","5581"
"2","223","222","185","3","00:11:59","68","169","Quality blocked","Default","5582"
"71","149","6","237","3","00:11:59","200","214","Non quality blocked","Default","5583"
"24","101","64","84","3","00:12:00","403","35","Non quality blocked","Default","5584"
"63","99","28","174","3","00:12:00","125","160","Quality blocked","Wrist","5585"
"195","198","59","239","3","00:12:00","473","139","Quality blocked","Snap","5586"
"50","51","28","62","3","00:12:02","162","71","Non quality blocked","Snap","5589"
"83","2","19","99","3","00:12:02","420","250","Non quality blocked","Wrist","5590"
"209","169","22","195","3","00:12:02","110","84","Quality blocked","Default","5591"
"90","99","28","119","3","00:12:04","188","99","Non quality blocked","Default","5592"
"61","2","6","145","3","00:12:04","107","153","Quality blocked","Default","5593"
"75","50","59","122","3","00:12:06","77","167","Quality blocked","Default","5594"
"180","204","228","148","3","00:12:06","450","241","Non quality blocked","Default","5595"
"31","208","64","166","3","00:12:06","171","170","Non quality blocked","Wrist","5596"
"83","78","19","163","3","00:19:58","436","172","Non quality blocked","Wrist","5597"
"196","183","6","259","3","00:19:58","179","165","Non quality blocked","Default","5598"
"20","57","222","132","3","00:19:59","168","260","Non quality blocked","Wrist","5601"
"36","31","28","141","3","00:19:59","207","143","Non quality blocked","Slap","5602"
"25","84","28","156","3","00:19:59","422","249","Non quality blocked","Slap","5603"
"158","1","6","42","3","00:20:00","62","185","Quality blocked","Wrist","5604"
"195","227","155","107","3","00:20:00","91","143","Quality blocked","Default","5605"
"247","224","155","216","3","00:20:00","471","69","Non quality blocked","Wrist","5606"
"58","227","64","226","3","00:20:00","550","179","Non quality blocked","Wrist","5607"
"31","78","6","180","OT1","00:00:14","94","177","Quality blocked","Backhand","5609"
"65","21","123","142","OT1","00:00:15","70","189","Quality blocked","Default","5610"
"34","73","64","36","OT1","00:00:20","495","114","Quality blocked","Default","5611"
"32","189","123","156","OT1","00:00:25","153","79","Non quality blocked","Slap","5612"
"31","24","123","247","OT1","00:00:31","138","147","Quality blocked","Snap","5613"
"24","65","134","204","OT1","00:00:42","192","206","Non quality blocked","Wrist","5615"
"7","98","28","87","OT1","00:00:51","405","223","Non quality blocked","Wrist","5616"
"24","75","64","90","OT1","00:00:53","215","273","Non quality blocked","Wrist","5617"
"78","84","28","85","OT1","00:00:56","502","121","Quality blocked","Wrist","5618"
"39","183","186","190","OT1","00:00:58","107","93","Quality blocked","Wrist","5619"
"21","88","48","44","OT1","00:00:59","142","188","Quality blocked","Slap","5620"
"78","62","59","65","OT1","00:00:59","130","230","Non quality blocked","Wrist","5621"
"32","76","64","138","OT1","00:01:08","141","113","Quality blocked","Slap","5622"
"30","115","123","156","OT1","00:01:08","113","188","Quality blocked","Snap","5623"
"89","115","22","84","3","00:14:57","164","161","Non quality blocked","Default","5624"
"50","20","123","208","OT1","00:01:10","396","182","Non quality blocked","Default","5625"
"44","13","155","245","OT1","00:01:11","126","89","Quality blocked","Slap","5626"
"31","191","123","247","OT1","00:01:13","141","118","Quality blocked","Wrist","5627"
"142","8","186","101","3","00:14:57","211","144","Non quality blocked","Wrist","5628"
"65","24","123","90","OT1","00:01:15","471","268","Non quality blocked","Default","5629"
"21","36","155","186","3","00:14:57","84","185","Quality blocked","Wrist","5630"
"57","316","211","235","OT1","00:01:17","461","111","Quality blocked","Wrist","5631"
"253","63","85","238","3","00:14:57","204","123","Non quality blocked","Slap","5632"
"11","231","155","130","OT1","00:01:24","464","109","Quality blocked","Slap","5633"
"118","50","48","44","3","00:14:58","38","135","Non quality blocked","Default","5634"
"25","68","211","142","OT1","00:01:26","519","180","Quality blocked","Default","5635"
"36","67","64","114","3","00:14:58","69","108","Quality blocked","Slap","5636"
"192","50","222","208","OT1","00:01:28","147","262","Non quality blocked","Wrist","5637"
"21","100","211","142","3","00:14:58","423","207","Non quality blocked","Default","5638"
"236","210","155","216","3","00:15:00","413","141","Non quality blocked","Wrist","5641"
"104","44","155","130","3","00:15:02","504","82","Quality blocked","Wrist","5643"
"83","67","211","267","3","00:15:03","213","49","Non quality blocked","Snap","5645"
"72","79","22","206","OT1","00:01:56","98","56","Non quality blocked","Wrist","5646"
"12","99","85","42","3","00:15:05","378","80","Non quality blocked","Wrist","5647"
"25","65","64","159","OT1","00:01:59","431","203","Non quality blocked","Default","5648"
"15","168","28","85","3","00:15:05","401","31","Non quality blocked","Slap","5649"
"31","65","64","166","3","00:15:06","63","157","Quality blocked","Wrist","5650"
"84","180","6","180","OT1","00:02:06","190","114","Non quality blocked","Wrist","5651"
"11","72","59","144","3","00:15:07","411","157","Non quality blocked","Default","5652"
"13","30","28","85","OT1","00:02:17","406","82","Non quality blocked","Wrist","5653"
"102","203","85","149","3","00:15:07","493","95","Quality blocked","Wrist","5654"
"90","138","85","58","3","00:15:08","394","261","Non quality blocked","Wrist","5655"
"57","24","123","44","OT1","00:02:20","539","241","Non quality blocked","Default","5656"
"32","90","22","55","OT1","00:02:20","463","197","Quality blocked","Default","5657"
"16","62","59","113","3","00:15:08","80","225","Non quality blocked","Wrist","5658"
"52","83","28","199","OT1","00:02:20","404","160","Non quality blocked","Wrist","5659"
"205","118","64","217","3","00:15:09","143","151","Quality blocked","Snap","5660"
"24","221","222","206","OT1","00:02:24","440","164","Non quality blocked","Wrist","5661"
"76","90","22","159","3","00:15:10","135","141","Quality blocked","Default","5662"
"25","12","6","97","OT1","00:02:30","88","224","Non quality blocked","Default","5663"
"189","125","222","208","OT1","00:02:49","136","48","Non quality blocked","Slap","5664"
"32","12","6","180","OT1","00:02:56","192","99","Non quality blocked","Wrist","5665"
"51","109","6","87","OT1","00:02:58","117","79","Quality blocked","Wrist","5666"
"53","13","6","69","OT1","00:02:59","169","74","Non quality blocked","Snap","5667"
"24","44","155","130","OT1","00:03:01","489","87","Quality blocked","Wrist","5668"
"191","50","222","208","OT1","00:03:05","101","101","Quality blocked","Backhand","5669"
"196","317","211","245","OT1","00:03:05","490","207","Quality blocked","Wrist","5670"
"189","274","28","247","OT1","00:03:08","435","162","Non quality blocked","Slap","5671"
"181","115","123","126","OT1","00:03:12","465","120","Quality blocked","Wrist","5673"
"224","114","28","106","OT1","00:03:13","413","180","Non quality blocked","Wrist","5674"
"73","196","85","138","OT1","00:03:15","466","97","Quality blocked","Wrist","5675"
"142","18","6","259","OT1","00:03:20","42","128","Non quality blocked","Wrist","5676"
"142","63","211","245","OT1","00:03:21","413","208","Non quality blocked","Wrist","5677"
"196","78","6","259","OT1","00:03:22","177","244","Non quality blocked","Default","5678"
"11","73","64","90","OT1","00:03:34","160","63","Non quality blocked","Wrist","5679"
"32","12","6","173","OT1","00:03:36","501","199","Quality blocked","Wrist","5680"
"169","32","28","156","OT1","00:03:38","392","93","Non quality blocked","Wrist","5681"
"83","90","22","55","OT1","00:03:40","476","39","Non quality blocked","Default","5682"
"203","185","186","190","OT1","00:03:40","116","87","Quality blocked","Wrist","5683"
"31","167","6","87","OT1","00:03:45","129","198","Quality blocked","Wrist","5684"
"56","30","85","138","OT1","00:03:46","456","88","Non quality blocked","Wrist","5685"
"36","71","64","36","OT1","00:03:48","473","99","Quality blocked","Default","5686"
"53","24","123","208","OT1","00:03:48","453","218","Non quality blocked","Default","5687"
"61","56","211","227","OT1","00:03:50","496","148","Quality blocked","Wrist","5688"
"32","8","19","163","OT1","00:03:59","437","101","Non quality blocked","Snap","5689"
"63","21","123","44","OT1","00:04:00","495","183","Quality blocked","Default","5690"
"15","79","22","97","OT1","00:04:06","500","94","Quality blocked","Wrist","5691"
"286","15","6","251","OT1","00:04:14","489","206","Quality blocked","Default","5692"
"31","68","211","227","OT1","00:04:18","477","145","Quality blocked","Snap","5693"
"31","74","211","227","OT1","00:04:25","474","160","Quality blocked","Slap","5694"
"58","78","6","251","OT1","00:04:25","465","104","Quality blocked","Default","5695"
"75","44","228","189","OT1","00:04:28","129","147","Quality blocked","Default","5696"
"42","73","211","227","OT1","00:04:29","555","116","Non quality blocked","Wrist","5697"
"32","13","6","85","OT1","00:04:31","149","229","Non quality blocked","Snap","5698"
"169","100","134","204","OT1","00:04:33","173","163","Non quality blocked","Wrist","5699"
"31","78","6","180","OT1","00:04:39","171","99","Non quality blocked","Wrist","5700"
"84","21","22","55","OT1","00:04:52","452","57","Non quality blocked","Snap","5701"
"167","98","28","173","OT1","00:04:54","165","80","Non quality blocked","Default","5702"
"78","31","28","173","OT1","00:04:59","153","72","Non quality blocked","Wrist","5703"
"12","168","28","85","OT1","00:05:00","485","201","Quality blocked","Wrist","5704"
"72","192","123","208","OT1","00:05:16","465","70","Non quality blocked","Default","5705"
"52","190","123","208","OT1","00:05:29","407","147","Non quality blocked","Wrist","5706"
"71","11","123","208","OT1","00:05:41","391","115","Non quality blocked","Default","5707"
"7","138","28","85","OT1","00:05:48","403","49","Non quality blocked","Wrist","5708"
"223","51","28","199","OT1","00:05:49","433","243","Non quality blocked","Slap","5709"
"167","30","28","87","OT1","00:05:51","449","280","Non quality blocked","Wrist","5710"
"57","115","123","207","OT1","00:05:57","198","165","Non quality blocked","Wrist","5711"
"5","31","28","87","OT1","00:06:17","421","59","Non quality blocked","Wrist","5712"
"223","201","28","199","OT1","00:06:20","404","128","Non quality blocked","Wrist","5713"
"25","57","222","207","OT1","00:06:42","469","75","Quality blocked","Wrist","5714"
"31","5","6","87","OT1","00:06:43","159","69","Non quality blocked","Slap","5715"
"57","51","28","199","OT1","00:06:48","417","231","Non quality blocked","Wrist","5716"
"52","23","123","209","OT1","00:06:50","417","204","Non quality blocked","Wrist","5717"
"58","24","123","208","OT1","00:06:55","483","81","Quality blocked","Default","5718"
"69","103","123","90","OT1","00:07:11","462","63","Non quality blocked","Wrist","5719"
"129","73","134","204","OT1","00:07:30","110","190","Quality blocked","Wrist","5720"
"129","100","134","204","OT1","00:07:44","163","60","Non quality blocked","Wrist","5721"
"72","79","123","207","OT1","00:07:44","137","27","Non quality blocked","Default","5722"
"58","83","28","199","OT1","00:07:48","556","118","Non quality blocked","Wrist","5723"
"224","189","123","209","OT1","00:08:00","430","188","Non quality blocked","Wrist","5724"
"75","79","123","90","OT1","00:08:06","507","176","Quality blocked","Default","5725"
"13","118","22","97","OT1","00:08:11","404","155","Non quality blocked","Wrist","5726"
"15","98","28","85","OT1","00:08:13","463","159","Quality blocked","Wrist","5727"
"71","79","123","209","OT1","00:08:13","527","97","Non quality blocked","Snap","5728"
"51","13","6","87","OT1","00:08:32","192","128","Non quality blocked","Slap","5729"
"83","5","6","87","OT1","00:10:05","192","188","Non quality blocked","Slap","5730"
"7","168","28","85","OT1","00:10:16","391","272","Non quality blocked","Wrist","5731"
"72","11","123","208","OT1","00:10:16","465","261","Non quality blocked","Default","5732"
"32","13","6","87","OT1","00:10:18","129","201","Quality blocked","Slap","5733"
"169","4","222","208","OT1","00:10:57","146","231","Non quality blocked","Wrist","5734"
"99","1","6","87","OT1","00:11:34","206","248","Non quality blocked","Snap","5735"
"32","223","222","199","OT1","00:11:40","121","195","Quality blocked","Wrist","5736"
"31","1","6","85","OT1","00:12:11","134","136","Quality blocked","Wrist","5737"
"118","75","64","90","OT1","00:12:22","193","226","Non quality blocked","Default","5738"
"62","21","123","208","OT1","00:12:42","401","41","Non quality blocked","Default","5739"
"24","17","6","97","OT1","00:12:43","209","239","Non quality blocked","Default","5740"
"4","83","28","199","OT1","00:12:47","452","105","Non quality blocked","Wrist","5741"
"62","83","28","199","OT1","00:13:00","387","87","Non quality blocked","Wrist","5742"
"168","2","6","85","OT1","00:13:05","191","233","Non quality blocked","Snap","5743"
"169","58","222","208","OT1","00:13:10","121","218","Quality blocked","Wrist","5744"
"168","2","6","85","OT1","00:13:35","195","200","Non quality blocked","Wrist","5745"
"104","8","6","97","OT1","00:14:26","149","103","Non quality blocked","Default","5746"
"98","5","6","87","OT1","00:14:47","68","78","Non quality blocked","Wrist","5747"
"13","24","22","97","OT1","00:15:32","487","201","Quality blocked","Slap","5748"
"32","50","222","199","OT1","00:15:33","108","226","Quality blocked","Slap","5749"
"24","89","64","90","OT1","00:17:34","206","213","Non quality blocked","Wrist","5750"
"24","53","222","208","OT1","00:17:37","159","95","Non quality blocked","Wrist","5751"
"84","50","222","199","OT1","00:18:12","207","246","Non quality blocked","Wrist","5752"
"67","114","123","90","OT1","00:18:38","399","153","Non quality blocked","Wrist","5753"
"115","71","222","208","OT1","00:18:44","56","66","Non quality blocked","Wrist","5754"
"83","13","6","87","OT1","00:19:11","81","222","Non quality blocked","Slap","5755"
"83","13","6","87","OT1","00:19:18","146","254","Non quality blocked","Slap","5756"
"84","13","6","87","OT1","00:19:28","189","222","Non quality blocked","Wrist","5757"
"220","83","28","199","OT1","00:19:46","534","35","Non quality blocked","Wrist","5758"
"189","50","222","208","OT1","00:19:48","153","71","Non quality blocked","Wrist","5759"
"223","114","28","199","OT1","00:19:54","420","163","Non quality blocked","Wrist","5760"
"104","5","6","97","OT2","00:00:32","118","167","Quality blocked","Wrist","5761"
"20","12","6","97","OT2","00:01:18","213","89","Non quality blocked","Wrist","5762"
"167","83","28","87","OT2","00:01:34","405","189","Non quality blocked","Wrist","5763"
"7","30","28","87","OT2","00:02:10","387","94","Non quality blocked","Slap","5764"
"131","11","123","90","OT2","00:02:49","390","257","Non quality blocked","Wrist","5765"
"223","196","28","199","OT2","00:02:50","423","75","Non quality blocked","Wrist","5766"
"167","31","28","87","OT2","00:02:58","403","220","Non quality blocked","Wrist","5767"
"32","5","6","87","OT2","00:03:24","180","93","Non quality blocked","Wrist","5768"
"50","39","28","199","OT2","00:03:41","406","126","Non quality blocked","Wrist","5769"
"31","223","222","199","OT2","00:04:12","105","181","Quality blocked","Backhand","5770"
"56","38","155","164","3","00:15:10","173","213","Non quality blocked","Default","5771"
"203","11","123","168","3","00:15:10","381","95","Non quality blocked","Wrist","5772"
"32","206","155","170","3","00:15:11","166","85","Non quality blocked","Wrist","5773"
"24","180","6","123","3","00:15:12","166","244","Non quality blocked","Wrist","5775"
"58","78","6","151","3","00:15:13","159","231","Non quality blocked","Default","5776"
"71","97","6","251","3","00:15:14","412","245","Non quality blocked","Default","5778"
"49","223","222","185","3","00:15:15","142","58","Non quality blocked","Wrist","5780"
"32","24","123","156","3","00:15:16","93","195","Quality blocked","Snap","5781"
"91","230","228","117","3","00:15:17","449","240","Non quality blocked","Slap","5782"
"32","52","59","37","3","00:15:19","152","164","Non quality blocked","Wrist","5783"
"74","38","154","61","3","00:15:19","387","122","Non quality blocked","Slap","5784"
"189","116","85","175","3","00:15:19","136","88","Quality blocked","Wrist","5785"
"34","50","59","211","3","00:15:19","477","104","Quality blocked","Snap","5786"
"227","51","28","146","3","00:15:20","531","198","Non quality blocked","Wrist","5787"
"199","9","228","243","3","00:15:21","490","98","Quality blocked","Wrist","5789"
"164","87","41","35","3","00:15:22","504","158","Quality blocked","Wrist","5790"
"104","67","64","86","3","00:15:22","499","154","Quality blocked","Default","5791"
"53","167","6","151","3","00:15:22","117","86","Quality blocked","Default","5792"
"71","89","64","249","3","00:15:22","106","117","Quality blocked","Default","5793"
"44","75","64","128","3","00:15:23","193","64","Non quality blocked","Default","5795"
"188","98","28","131","3","00:15:23","403","83","Non quality blocked","Slap","5796"
"42","79","123","186","3","00:15:23","527","206","Non quality blocked","Default","5797"
"47","83","28","161","3","00:15:25","105","170","Quality blocked","Slap","5798"
"73","53","59","72","3","00:15:26","147","183","Non quality blocked","Default","5799"
"180","212","6","220","3","00:15:26","401","207","Non quality blocked","Snap","5800"
"11","219","59","144","3","00:15:27","393","158","Non quality blocked","Default","5802"
"30","219","222","103","3","00:15:28","112","215","Quality blocked","Wrist","5803"
"13","24","22","50","3","00:15:29","435","234","Non quality blocked","Wrist","5805"
"87","25","123","186","3","00:15:29","471","116","Quality blocked","Default","5806"
"285","149","6","228","3","00:15:29","173","127","Non quality blocked","Snap","5807"
"210","12","186","187","3","00:15:31","471","222","Quality blocked","Default","5808"
"56","241","222","222","3","00:15:31","185","245","Non quality blocked","Wrist","5809"
"44","140","64","263","3","00:15:31","452","12","Non quality blocked","Wrist","5810"
"87","71","64","114","3","00:15:33","81","139","Quality blocked","Default","5811"
"34","99","28","110","3","00:15:35","544","191","Non quality blocked","Wrist","5814"
"110","230","155","139","3","00:15:35","115","243","Non quality blocked","Default","5815"
"71","50","59","215","3","00:15:35","192","79","Non quality blocked","Default","5816"
"18","209","59","246","3","00:15:37","171","210","Non quality blocked","Wrist","5817"
"38","32","28","60","3","00:15:40","549","155","Quality blocked","Wrist","5818"
"32","30","228","258","3","00:15:40","539","166","Quality blocked","Tip","5819"
"100","56","59","72","3","00:15:41","237","160","Non quality blocked","Default","5820"
"49","11","123","109","3","00:15:41","165","159","Non quality blocked","Wrist","5821"
"26","180","19","121","3","00:15:42","209","93","Non quality blocked","Wrist","5824"
"21","60","222","181","3","00:15:42","156","69","Non quality blocked","Snap","5825"
"35","55","59","71","3","00:15:43","387","141","Non quality blocked","Default","5826"
"83","90","123","168","3","00:15:44","480","213","Quality blocked","Snap","5827"
"52","167","22","230","3","00:15:44","421","70","Non quality blocked","Default","5828"
"203","50","59","266","3","00:15:45","141","189","Quality blocked","Wrist","5829"
"198","24","123","239","3","00:15:46","100","128","Quality blocked","Wrist","5830"
"12","23","22","50","3","00:15:47","482","159","Quality blocked","Wrist","5831"
"89","180","6","145","3","00:15:47","116","201","Quality blocked","Default","5832"
"12","71","222","127","3","00:15:48","451","168","Non quality blocked","Default","5833"
"98","169","22","131","3","00:15:48","43","80","Non quality blocked","Wrist","5834"
"138","230","228","146","3","00:15:48","94","209","Quality blocked","Wrist","5835"
"169","220","222","208","3","00:15:51","201","257","Non quality blocked","Default","5836"
"198","223","222","249","3","00:15:51","513","152","Quality blocked","Default","5837"
"87","212","64","164","3","00:15:52","414","251","Non quality blocked","Default","5839"
"53","44","211","235","3","00:15:52","424","227","Non quality blocked","Wrist","5840"
"87","25","22","256","3","00:15:52","194","267","Non quality blocked","Slap","5841"
"185","30","28","173","3","00:15:53","197","33","Non quality blocked","Snap","5842"
"31","16","186","190","3","00:15:53","146","209","Non quality blocked","Wrist","5843"
"78","118","22","96","3","00:15:54","453","244","Non quality blocked","Default","5844"
"71","74","211","140","3","00:15:54","429","194","Non quality blocked","Wrist","5845"
"63","24","123","210","3","00:15:54","432","56","Non quality blocked","Wrist","5846"
"68","195","22","241","3","00:15:55","201","122","Non quality blocked","Wrist","5847"
"11","40","228","242","3","00:15:55","405","152","Non quality blocked","Default","5848"
"87","221","59","125","3","00:15:56","70","99","Non quality blocked","Wrist","5849"
"79","224","59","144","3","00:15:57","393","175","Non quality blocked","Default","5850"
"25","5","28","262","3","00:15:57","171","195","Non quality blocked","Wrist","5851"
"20","196","85","149","3","00:15:58","483","163","Quality blocked","Wrist","5852"
"4","192","123","209","3","00:15:58","466","147","Quality blocked","Default","5853"
"13","50","59","266","3","00:15:58","84","128","Quality blocked","Wrist","5854"
"203","17","6","250","3","00:15:59","414","69","Non quality blocked","Snap","5855"
"30","62","222","197","3","00:16:01","117","221","Quality blocked","Wrist","5856"
"245","188","22","256","3","00:16:01","213","139","Non quality blocked","Wrist","5857"
"115","2","6","97","3","00:16:03","125","215","Quality blocked","Wrist","5858"
"68","203","85","138","3","00:16:04","411","264","Non quality blocked","Wrist","5859"
"274","229","228","214","3","00:16:04","327","146","Non quality blocked","Wrist","5860"
"49","99","28","49","3","00:16:05","423","261","Non quality blocked","Wrist","5861"
"161","67","211","178","3","00:16:05","109","78","Quality blocked","Slap","5862"
"58","203","28","137","3","00:16:06","459","248","Non quality blocked","Wrist","5863"
"183","207","64","133","3","00:16:07","148","98","Non quality blocked","Wrist","5864"
"47","84","28","60","3","00:16:08","409","70","Non quality blocked","Slap","5865"
"220","167","123","270","1","00:02:23","509","218","Non quality blocked","Snap","8576"
"104","310","64","270","1","00:04:55","180","139","Non quality blocked","Wrist","8577"
"24","50","64","270","1","00:09:47","176","252","Non quality blocked","Wrist","8578"
"21","169","64","270","1","00:18:45","165","100","Non quality blocked","Slap","8579"
"161","264","123","270","2","00:03:16","435","203","Non quality blocked","Wrist","8580"
"11","23","123","270","2","00:03:48","381","165","Non quality blocked","Wrist","8581"
"236","227","64","270","2","00:08:56","121","15","Non quality blocked","Wrist","8582"
"23","310","64","270","2","00:09:01","141","98","Quality blocked","Wrist","8583"
"25","50","64","270","2","00:09:24","225","164","Non quality blocked","Wrist","8584"
"11","23","123","270","2","00:13:40","378","124","Non quality blocked","Wrist","8585"
"90","227","64","270","2","00:15:53","208","18","Non quality blocked","Wrist","8586"
"23","305","64","270","2","00:17:30","77","191","Quality blocked","Wrist","8587"
"21","129","64","270","2","00:18:48","79","27","Non quality blocked","Wrist","8588"
"11","236","123","270","3","00:04:42","485","170","Quality blocked","Snap","8589"
"189","75","64","270","3","00:07:42","113","178","Quality blocked","Wrist","8590"
"23","180","64","270","3","00:12:34","119","206","Quality blocked","Wrist","8591"
"11","247","123","270","3","00:13:42","466","183","Quality blocked","Wrist","8592"
"198","24","123","270","3","00:17:28","513","251","Non quality blocked","Wrist","8593"
"89","90","123","270","3","00:18:19","450","111","Non quality blocked","Wrist","8594"
"20","209","0","270","3","00:18:49","215","165","Non quality blocked","Wrist","8595"
"84","249","228","271","1","00:03:53","440","79","Non quality blocked","Wrist","8596"
"245","253","28","271","1","00:11:23","100","69","Non quality blocked","Wrist","8597"
"84","249","228","271","1","00:12:15","417","57","Non quality blocked","Wrist","8598"
"51","205","228","271","2","00:02:42","417","253","Non quality blocked","Wrist","8599"
"84","47","282","271","2","00:09:58","405","49","Non quality blocked","Wrist","8600"
"272","87","282","271","2","00:10:21","445","97","Non quality blocked","Snap","8601"
"79","205","282","271","2","00:18:02","499","211","Quality blocked","Wrist","8602"
"30","61","28","271","3","00:00:46","140","222","Quality blocked","Default","8603"
"42","30","282","271","3","00:01:36","410","149","Non quality blocked","Slap","8604"
"47","61","28","271","3","00:05:07","151","61","Non quality blocked","Default","8605"
"245","51","28","271","3","00:06:04","93","167","Quality blocked","Wrist","8606"
"229","79","28","271","3","00:09:59","64","132","Quality blocked","Snap","8607"
"207","84","28","271","3","00:12:01","189","241","Non quality blocked","Wrist","8608"
"79","245","282","271","3","00:13:59","410","201","Non quality blocked","Snap","8609"
"229","51","28","271","3","00:18:04","197","144","Non quality blocked","Wrist","8610"
"74","293","250","272","1","00:05:19","412","42","Non quality blocked","Wrist","8611"
"76","196","250","272","1","00:05:45","477","207","Quality blocked","Wrist","8612"
"63","196","250","272","1","00:06:28","510","147","Quality blocked","Wrist","8613"
"86","2","250","272","1","00:07:28","495","184","Quality blocked","Wrist","8614"
"67","237","250","272","1","00:08:40","457","189","Quality blocked","Wrist","8615"
"34","56","211","272","1","00:09:13","135","94","Quality blocked","Default","8616"
"68","142","250","272","1","00:09:36","393","162","Non quality blocked","Wrist","8617"
"66","49","250","272","1","00:09:40","461","177","Quality blocked","Wrist","8618"
"224","200","211","272","1","00:14:17","191","173","Non quality blocked","Wrist","8619"
"91","44","211","272","1","00:15:44","93","194","Quality blocked","Wrist","8620"
"142","200","211","272","1","00:16:36","139","77","Quality blocked","Wrist","8621"
"196","66","211","272","2","00:03:23","195","37","Non quality blocked","Wrist","8622"
"44","49","250","272","2","00:04:24","398","51","Non quality blocked","Default","8623"
"196","74","211","272","2","00:05:04","178","37","Non quality blocked","Wrist","8624"
"49","316","211","272","2","00:08:07","51","171","Quality blocked","Wrist","8625"
"66","203","250","272","2","00:09:46","525","207","Non quality blocked","Wrist","8626"
"68","49","250","272","2","00:10:27","409","140","Non quality blocked","Slap","8627"
"76","62","250","272","2","00:12:12","475","197","Quality blocked","Wrist","8628"
"73","196","250","272","2","00:13:52","488","67","Non quality blocked","Default","8629"
"63","203","250","272","2","00:15:19","468","137","Quality blocked","Wrist","8630"
"210","313","211","272","2","00:19:54","148","39","Non quality blocked","Wrist","8631"
"210","67","211","272","3","00:00:37","81","103","Quality blocked","Wrist","8632"
"196","44","211","272","3","00:03:47","155","225","Non quality blocked","Wrist","8633"
"65","203","250","272","3","00:04:31","453","251","Non quality blocked","Wrist","8634"
"317","142","250","272","3","00:06:28","379","143","Non quality blocked","Default","8635"
"138","74","211","272","3","00:12:55","115","97","Quality blocked","Wrist","8636"
"68","210","250","272","3","00:13:35","463","162","Quality blocked","Wrist","8637"
"210","316","211","272","3","00:14:10","183","144","Non quality blocked","Wrist","8638"
"196","68","211","272","3","00:18:37","215","62","Non quality blocked","Wrist","8639"
"208","66","211","272","3","00:18:54","163","197","Non quality blocked","Wrist","8640"
"97","242","222","273","1","00:01:43","381","234","Non quality blocked","Default","8641"
"246","223","222","273","1","00:10:19","422","260","Non quality blocked","Default","8642"
"219","212","6","273","1","00:19:40","201","19","Non quality blocked","Default","8643"
"53","183","6","273","2","00:05:28","209","244","Non quality blocked","Default","8644"
"243","240","222","273","2","00:05:40","426","227","Non quality blocked","Default","8645"
"12","72","222","273","2","00:08:09","404","37","Non quality blocked","Default","8646"
"72","149","6","273","2","00:19:24","172","62","Non quality blocked","Default","8647"
"246","101","222","273","3","00:13:01","403","129","Non quality blocked","Default","8648"
"12","115","222","273","OT1","00:00:35","520","44","Non quality blocked","Default","8649"
"223","12","6","273","OT1","00:03:11","138","26","Non quality blocked","Default","8650"
"274","236","22","274","1","00:12:01","87","89","Quality blocked","Wrist","8651"
"253","104","22","274","2","00:00:48","142","189","Quality blocked","Wrist","8652"
"31","25","22","274","2","00:01:23","186","69","Non quality blocked","Wrist","8653"
"264","39","28","274","2","00:04:23","382","134","Non quality blocked","Wrist","8654"
"25","51","28","274","2","00:04:24","463","221","Quality blocked","Wrist","8655"
"84","90","22","274","2","00:06:05","181","46","Non quality blocked","Slap","8656"
"79","23","22","274","2","00:11:14","214","262","Non quality blocked","Snap","8657"
"272","23","22","274","2","00:11:20","125","73","Non quality blocked","Snap","8658"
"42","189","22","274","2","00:11:53","99","9","Non quality blocked","Snap","8659"
"167","84","28","274","2","00:13:31","397","199","Non quality blocked","Wrist","8660"
"167","79","28","274","2","00:19:57","381","98","Non quality blocked","Slap","8661"
"21","39","28","274","3","00:05:39","409","168","Non quality blocked","Wrist","8662"
"37","98","28","274","3","00:07:24","443","128","Non quality blocked","Wrist","8663"
"199","190","22","274","3","00:07:51","87","132","Quality blocked","Default","8664"
"42","167","22","274","3","00:08:39","191","269","Non quality blocked","Wrist","8665"
"189","98","28","274","3","00:13:23","409","100","Non quality blocked","Snap","8666"
"128","263","22","274","3","00:17:31","55","195","Non quality blocked","Backhand","8667"
"67","50","59","275","1","00:02:19","476","133","Quality blocked","Wrist","8668"
"310","26","211","275","1","00:02:47","210","260","Non quality blocked","Wrist","8669"
"200","239","59","275","1","00:04:05","400","248","Non quality blocked","Wrist","8670"
"75","67","211","275","1","00:04:45","163","189","Non quality blocked","Wrist","8671"
"68","0","59","275","1","00:05:04","387","198","Non quality blocked","Wrist","8672"
"66","50","59","275","1","00:08:42","417","153","Non quality blocked","Default","8673"
"310","74","211","275","1","00:10:26","207","230","Non quality blocked","Default","8674"
"198","76","211","275","1","00:11:38","183","234","Non quality blocked","Wrist","8675"
"220","66","211","275","1","00:13:31","172","163","Non quality blocked","Wrist","8676"
"68","252","59","275","1","00:16:00","396","215","Non quality blocked","Wrist","8677"
"200","180","59","275","1","00:17:01","393","241","Non quality blocked","Wrist","8678"
"305","100","211","275","1","00:17:43","184","249","Non quality blocked","Wrist","8679"
"50","74","211","275","1","00:18:28","214","51","Non quality blocked","Wrist","8680"
"161","74","211","275","2","00:00:51","160","91","Non quality blocked","Default","8681"
"56","220","59","275","2","00:01:10","543","29","Non quality blocked","Wrist","8682"
"200","75","59","275","2","00:01:21","404","248","Non quality blocked","Default","8683"
"66","221","59","275","2","00:04:20","453","114","Non quality blocked","Wrist","8684"
"315","114","59","275","2","00:06:38","423","59","Non quality blocked","Wrist","8685"
"11","86","211","275","2","00:09:10","196","97","Non quality blocked","Default","8686"
"114","65","211","275","2","00:10:37","129","201","Quality blocked","Wrist","8687"
"11","313","211","275","2","00:12:33","206","115","Non quality blocked","Wrist","8688"
"161","44","211","275","2","00:16:12","161","114","Non quality blocked","Wrist","8689"
"11","67","211","275","2","00:16:14","126","78","Quality blocked","Wrist","8690"
"11","317","211","275","2","00:16:45","177","65","Non quality blocked","Wrist","8691"
"180","74","211","275","2","00:19:00","167","250","Non quality blocked","Wrist","8692"
"89","76","211","275","3","00:03:27","172","229","Non quality blocked","Wrist","8693"
"11","76","211","275","3","00:03:30","152","159","Non quality blocked","Slap","8694"
"161","100","211","275","3","00:06:41","117","262","Non quality blocked","Wrist","8695"
"50","65","211","275","3","00:08:12","177","120","Non quality blocked","Wrist","8696"
"316","129","59","275","3","00:08:27","441","59","Non quality blocked","Wrist","8697"
"73","50","59","275","3","00:10:08","490","189","Quality blocked","Wrist","8698"
"161","86","211","275","3","00:13:11","152","96","Non quality blocked","Slap","8699"
"44","75","59","275","3","00:15:20","405","127","Non quality blocked","Wrist","8700"
"26","198","59","275","3","00:18:07","495","151","Quality blocked","Wrist","8701"
"11","76","211","275","3","00:19:40","202","103","Non quality blocked","Wrist","8702"
"200","39","48","276","1","00:04:06","203","31","Non quality blocked","Default","8703"
"84","68","211","276","1","00:05:25","429","145","Non quality blocked","Wrist","8704"
"86","128","48","276","1","00:09:43","138","55","Non quality blocked","Default","8705"
"201","56","211","276","1","00:12:08","529","183","Quality blocked","Backhand","8706"
"42","67","211","276","1","00:16:07","535","105","Non quality blocked","Wrist","8707"
"67","5","48","276","2","00:00:38","165","178","Non quality blocked","Default","8708"
"68","32","48","276","2","00:01:44","180","127","Non quality blocked","Wrist","8709"
"5","74","211","276","2","00:02:36","410","91","Non quality blocked","Wrist","8710"
"51","315","211","276","2","00:02:55","402","142","Non quality blocked","Wrist","8711"
"63","51","48","276","2","00:04:49","141","199","Quality blocked","Wrist","8712"
"63","39","48","276","2","00:06:12","138","162","Quality blocked","Default","8713"
"32","313","211","276","2","00:17:36","446","221","Non quality blocked","Slap","8714"
"84","73","211","276","2","00:19:01","389","183","Non quality blocked","Wrist","8715"
"271","317","211","276","3","00:02:07","463","223","Quality blocked","Wrist","8716"
"79","44","211","276","3","00:03:20","475","282","Non quality blocked","Wrist","8717"
"67","61","48","276","3","00:04:56","147","227","Non quality blocked","Snap","8718"
"5","73","211","276","3","00:13:36","401","116","Non quality blocked","Wrist","8719"
"253","73","211","276","3","00:19:58","467","34","Non quality blocked","Wrist","8720"
"196","58","222","277","1","00:01:10","395","136","Non quality blocked","Default","8721"
"118","196","250","277","1","00:11:11","201","237","Non quality blocked","Default","8722"
"224","242","222","277","1","00:13:41","405","241","Non quality blocked","Default","8723"
"53","62","250","277","1","00:15:24","113","130","Quality blocked","Default","8724"
"58","62","250","277","1","00:16:25","61","233","Non quality blocked","Default","8725"
"223","49","250","277","2","00:08:11","213","151","Non quality blocked","Default","8726"
"88","91","250","277","2","00:08:41","195","207","Non quality blocked","Default","8727"
"223","62","250","277","2","00:17:25","68","166","Quality blocked","Default","8728"
"210","223","222","277","3","00:00:54","507","233","Non quality blocked","Default","8729"
"36","286","222","277","3","00:06:38","525","98","Quality blocked","Default","8730"
"58","36","250","277","3","00:09:57","160","75","Non quality blocked","Default","8731"
"36","223","222","277","3","00:19:07","433","37","Non quality blocked","Default","8732"
"46","206","228","278","1","00:02:26","443","194","Non quality blocked","Wrist","8733"
"182","47","228","278","1","00:05:08","477","243","Non quality blocked","Wrist","8734"
"229","15","6","278","1","00:08:44","174","172","Non quality blocked","Wrist","8735"
"87","183","6","278","1","00:09:31","163","175","Non quality blocked","Wrist","8736"
"78","87","228","278","1","00:10:13","443","108","Non quality blocked","Wrist","8737"
"46","204","228","278","1","00:10:35","505","223","Quality blocked","Wrist","8738"
"249","259","6","278","1","00:11:51","137","104","Quality blocked","Wrist","8739"
"15","87","228","278","1","00:14:43","439","90","Non quality blocked","Wrist","8740"
"246","40","228","278","1","00:14:52","484","160","Quality blocked","Wrist","8741"
"246","280","228","278","1","00:17:46","409","74","Non quality blocked","Wrist","8742"
"40","12","6","278","2","00:00:10","117","71","Quality blocked","Wrist","8743"
"15","251","228","278","2","00:03:24","537","68","Non quality blocked","Wrist","8744"
"183","60","228","278","2","00:04:55","477","117","Quality blocked","Wrist","8745"
"255","230","228","278","2","00:05:50","425","255","Non quality blocked","Wrist","8746"
"280","185","6","278","2","00:06:21","158","129","Non quality blocked","Wrist","8747"
"47","16","6","278","2","00:06:42","143","233","Non quality blocked","Wrist","8748"
"229","17","6","278","2","00:09:51","171","96","Non quality blocked","Wrist","8749"
"229","255","6","278","2","00:10:46","433","164","Non quality blocked","Wrist","8750"
"12","87","228","278","2","00:15:05","463","176","Quality blocked","Wrist","8751"
"78","230","228","278","2","00:15:50","500","113","Quality blocked","Wrist","8752"
"78","47","228","278","2","00:18:42","429","212","Non quality blocked","Wrist","8753"
"255","30","228","278","2","00:18:46","150","81","Non quality blocked","Wrist","8754"
"255","205","228","278","2","00:18:56","446","88","Non quality blocked","Wrist","8755"
"87","8","6","278","2","00:19:34","93","156","Quality blocked","Wrist","8756"
"78","229","228","278","3","00:02:43","504","59","Non quality blocked","Wrist","8757"
"246","30","228","278","3","00:02:56","457","99","Quality blocked","Snap","8758"
"246","47","228","278","3","00:03:44","405","105","Non quality blocked","Wrist","8759"
"246","205","228","278","3","00:06:20","393","174","Non quality blocked","Wrist","8760"
"245","242","222","279","1","00:03:28","153","153","Non quality blocked","Wrist","8761"
"280","71","222","279","1","00:16:38","141","64","Non quality blocked","Slap","8762"
"289","245","228","279","2","00:11:26","388","255","Non quality blocked","Default","8763"
"289","245","228","279","2","00:11:49","415","249","Non quality blocked","Default","8764"
"115","229","228","279","2","00:13:02","526","125","Quality blocked","Wrist","8765"
"88","230","228","279","2","00:14:00","424","95","Non quality blocked","Default","8766"
"58","60","228","279","2","00:14:28","443","212","Non quality blocked","Snap","8767"
"223","230","228","279","2","00:16:05","407","46","Non quality blocked","Snap","8768"
"118","205","228","279","3","00:03:18","410","60","Non quality blocked","Default","8769"
"245","242","222","279","3","00:10:44","159","69","Non quality blocked","Slap","8770"
"245","223","222","279","3","00:14:21","147","106","Quality blocked","Snap","8771"
"230","223","222","279","3","00:17:04","141","92","Quality blocked","Wrist","8772"
"191","63","211","280","1","00:03:02","89","130","Quality blocked","Wrist","8773"
"100","247","123","280","1","00:04:33","143","125","Quality blocked","Wrist","8774"
"90","244","211","280","1","00:08:03","536","262","Non quality blocked","Default","8775"
"24","44","211","280","1","00:16:34","503","134","Quality blocked","Default","8776"
"67","25","123","280","1","00:19:11","92","83","Quality blocked","Wrist","8777"
"67","264","123","280","2","00:02:25","123","176","Quality blocked","Wrist","8778"
"317","236","123","280","2","00:05:40","63","180","Quality blocked","Wrist","8779"
"21","200","211","280","2","00:09:40","463","104","Quality blocked","Wrist","8780"
"162","116","211","280","2","00:11:41","399","193","Non quality blocked","Wrist","8781"
"316","102","123","280","2","00:12:39","197","196","Non quality blocked","Wrist","8782"
"65","167","123","280","2","00:12:40","201","16","Non quality blocked","Wrist","8783"
"67","90","123","280","2","00:14:25","77","122","Quality blocked","Wrist","8784"
"200","104","123","280","2","00:15:38","109","95","Quality blocked","Slap","8785"
"73","264","123","280","2","00:16:00","64","153","Quality blocked","Snap","8786"
"23","68","211","280","3","00:01:20","521","85","Non quality blocked","Wrist","8787"
"167","68","211","280","3","00:01:35","410","276","Non quality blocked","Slap","8788"
"90","86","211","280","3","00:03:24","459","114","Quality blocked","Wrist","8789"
"191","200","211","280","3","00:07:51","515","98","Quality blocked","Wrist","8790"
"63","236","123","280","3","00:17:03","173","134","Non quality blocked","Wrist","8791"
"56","25","123","280","3","00:18:02","180","244","Non quality blocked","Wrist","8792"
"63","167","123","280","3","00:18:11","123","171","Quality blocked","Wrist","8793"
"63","190","123","280","3","00:18:29","200","195","Non quality blocked","Wrist","8794"
"236","26","211","280","OT1","00:01:35","429","153","Non quality blocked","Wrist","8795"
"232","11","64","281","1","00:07:15","472","65","Non quality blocked","Slap","8796"
"12","114","64","281","1","00:10:37","486","63","Non quality blocked","Wrist","8797"
"220","149","6","281","1","00:10:49","67","165","Quality blocked","Wrist","8798"
"209","232","6","281","1","00:12:01","178","11","Non quality blocked","Wrist","8799"
"50","212","6","281","1","00:12:03","167","115","Non quality blocked","Wrist","8800"
"129","246","6","281","1","00:13:35","185","239","Non quality blocked","Wrist","8801"
"11","1","6","281","1","00:15:17","184","85","Non quality blocked","Wrist","8802"
"161","255","6","281","1","00:15:50","192","221","Non quality blocked","Wrist","8803"
"89","246","6","281","1","00:16:32","192","127","Non quality blocked","Wrist","8804"
"129","78","6","281","1","00:18:14","181","221","Non quality blocked","Slap","8805"
"185","75","64","281","1","00:18:30","384","122","Non quality blocked","Default","8806"
"259","169","64","281","1","00:19:48","490","38","Non quality blocked","Default","8807"
"12","169","64","281","1","00:19:50","405","51","Non quality blocked","Default","8808"
"239","232","6","281","2","00:02:45","41","275","Non quality blocked","Wrist","8809"
"89","17","6","281","2","00:03:28","105","137","Quality blocked","Default","8810"
"169","246","6","281","2","00:04:04","214","285","Non quality blocked","Snap","8811"
"243","169","64","281","2","00:06:25","511","261","Non quality blocked","Default","8812"
"11","232","6","281","2","00:13:45","212","161","Non quality blocked","Wrist","8813"
"75","259","6","281","2","00:14:02","199","271","Non quality blocked","Wrist","8814"
"252","97","6","281","2","00:15:49","185","237","Non quality blocked","Wrist","8815"
"243","227","64","281","2","00:17:12","514","166","Quality blocked","Default","8816"
"8","227","64","281","2","00:17:14","496","164","Quality blocked","Default","8817"
"243","227","64","281","2","00:17:31","441","198","Non quality blocked","Default","8818"
"183","180","64","281","2","00:17:38","424","163","Non quality blocked","Wrist","8819"
"255","180","64","281","2","00:18:30","404","269","Non quality blocked","Wrist","8820"
"259","180","64","281","3","00:02:00","431","204","Non quality blocked","Wrist","8821"
"169","1","6","281","3","00:02:26","212","259","Non quality blocked","Default","8822"
"149","180","64","281","3","00:04:20","474","288","Non quality blocked","Wrist","8823"
"149","305","64","281","3","00:04:39","477","83","Quality blocked","Wrist","8824"
"12","114","64","281","3","00:11:27","398","139","Non quality blocked","Wrist","8825"
"16","129","64","281","3","00:15:34","514","92","Quality blocked","Default","8826"
"16","50","64","281","3","00:17:08","519","56","Non quality blocked","Wrist","8827"
"39","101","222","282","1","00:02:24","482","167","Quality blocked","Default","8828"
"72","79","48","282","1","00:03:51","178","157","Non quality blocked","Default","8829"
"289","51","48","282","1","00:05:51","185","87","Non quality blocked","Default","8830"
"72","83","48","282","1","00:07:16","94","117","Quality blocked","Default","8831"
"88","32","48","282","2","00:04:30","59","176","Quality blocked","Default","8832"
"88","61","48","282","2","00:04:42","64","143","Quality blocked","Default","8833"
"58","79","48","282","3","00:00:43","156","100","Non quality blocked","Default","8834"
"115","274","48","282","3","00:04:48","105","112","Quality blocked","Default","8835"
"115","253","48","282","3","00:05:14","97","123","Quality blocked","Default","8836"
"88","253","48","282","3","00:05:45","136","134","Quality blocked","Default","8837"
"289","5","48","282","3","00:07:26","120","31","Non quality blocked","Default","8838"
"128","57","222","282","3","00:10:00","418","82","Non quality blocked","Default","8839"
"61","219","222","282","3","00:12:02","523","146","Quality blocked","Default","8840"
"201","58","222","282","3","00:15:02","513","199","Quality blocked","Default","8841"
"223","79","48","282","3","00:16:22","115","219","Quality blocked","Default","8842"
"115","5","48","282","3","00:18:47","117","152","Quality blocked","Default","8843"
"16","208","155","283","1","00:02:00","549","172","Quality blocked","Backhand","8844"
"49","232","41","283","1","00:06:16","105","75","Quality blocked","Default","8845"
"17","34","155","283","1","00:07:16","483","150","Quality blocked","Wrist","8846"
"99","243","41","283","1","00:13:48","147","59","Non quality blocked","Wrist","8847"
"203","17","41","283","1","00:18:21","184","242","Non quality blocked","Wrist","8848"
"196","149","41","283","1","00:18:40","166","40","Non quality blocked","Wrist","8849"
"203","12","41","283","2","00:00:48","82","111","Quality blocked","Wrist","8850"
"2","243","41","283","2","00:02:34","187","164","Non quality blocked","Slap","8851"
"99","1","41","283","2","00:02:43","184","259","Non quality blocked","Wrist","8852"
"16","210","155","283","2","00:04:20","468","205","Quality blocked","Wrist","8853"
"149","62","155","283","2","00:05:46","508","179","Quality blocked","Wrist","8854"
"49","255","41","283","2","00:08:14","137","90","Quality blocked","Wrist","8855"
"62","12","41","283","2","00:08:54","78","153","Quality blocked","Default","8856"
"62","185","41","283","2","00:09:17","213","127","Non quality blocked","Wrist","8857"
"1","49","155","283","2","00:11:41","453","73","Non quality blocked","Default","8858"
"78","62","155","283","2","00:13:28","520","122","Quality blocked","Wrist","8859"
"12","62","155","283","2","00:13:35","442","75","Non quality blocked","Wrist","8860"
"15","62","155","283","2","00:13:54","492","132","Quality blocked","Wrist","8861"
"203","12","41","283","2","00:16:43","174","150","Non quality blocked","Wrist","8862"
"182","99","155","283","2","00:18:19","458","277","Non quality blocked","Wrist","8863"
"16","196","155","283","2","00:19:03","424","81","Non quality blocked","Wrist","8864"
"182","196","155","283","2","00:19:24","412","163","Non quality blocked","Slap","8865"
"12","291","155","283","2","00:19:37","439","160","Non quality blocked","Slap","8866"
"34","149","41","283","3","00:02:31","63","117","Quality blocked","Wrist","8867"
"203","246","41","283","3","00:02:52","179","256","Non quality blocked","Wrist","8868"
"16","203","155","283","3","00:03:15","475","273","Non quality blocked","Wrist","8869"
"185","91","155","283","3","00:04:02","405","75","Non quality blocked","Wrist","8870"
"149","2","155","283","3","00:04:29","455","129","Non quality blocked","Wrist","8871"
"210","182","41","283","3","00:05:45","172","229","Non quality blocked","Wrist","8872"
"210","15","41","283","3","00:09:35","90","132","Quality blocked","Tip","8873"
"138","149","41","283","3","00:10:45","57","221","Non quality blocked","Wrist","8874"
"246","62","155","283","3","00:14:14","399","174","Non quality blocked","Slap","8875"
"246","62","155","283","3","00:14:31","455","108","Non quality blocked","Wrist","8876"
"12","49","155","283","3","00:14:37","396","168","Non quality blocked","Default","8877"
"16","2","155","283","3","00:16:55","382","44","Non quality blocked","Wrist","8878"
"185","36","155","283","3","00:17:21","391","76","Non quality blocked","Wrist","8879"
"16","36","155","283","3","00:17:32","435","95","Non quality blocked","Wrist","8880"
"203","8","41","283","3","00:18:29","207","246","Non quality blocked","Wrist","8881"
"12","34","155","283","3","00:19:27","441","133","Non quality blocked","Wrist","8882"
"36","78","41","283","3","00:19:40","144","46","Non quality blocked","Wrist","8883"
"246","36","155","283","3","00:19:54","422","147","Non quality blocked","Slap","8884"
"236","62","155","284","1","00:02:01","78","138","Quality blocked","Wrist","8885"
"49","25","123","284","1","00:05:01","467","98","Quality blocked","Default","8886"
"25","208","155","284","1","00:08:23","132","98","Quality blocked","Wrist","8887"
"210","24","123","284","1","00:10:26","480","215","Quality blocked","Snap","8888"
"208","190","123","284","1","00:10:44","418","74","Non quality blocked","Wrist","8889"
"167","196","155","284","1","00:13:59","168","225","Non quality blocked","Wrist","8890"
"62","167","123","284","2","00:01:35","474","175","Quality blocked","Wrist","8891"
"90","293","155","284","2","00:03:14","203","63","Non quality blocked","Wrist","8892"
"90","196","155","284","2","00:06:55","217","63","Non quality blocked","Default","8893"
"162","138","155","284","2","00:08:19","201","59","Non quality blocked","Wrist","8894"
"269","138","155","284","2","00:12:25","72","201","Non quality blocked","Snap","8895"
"188","291","155","284","2","00:14:15","217","133","Non quality blocked","Snap","8896"
"188","2","155","284","2","00:14:22","106","147","Quality blocked","Wrist","8897"
"23","203","155","284","2","00:15:16","216","123","Non quality blocked","Slap","8898"
"2","191","123","284","3","00:01:11","383","63","Non quality blocked","Default","8899"
"236","2","155","284","3","00:02:30","185","88","Non quality blocked","Wrist","8900"
"236","294","155","284","3","00:09:43","159","112","Non quality blocked","Wrist","8901"
"196","167","123","284","3","00:17:06","443","93","Non quality blocked","Wrist","8902"
"34","23","123","284","3","00:18:28","438","245","Non quality blocked","Wrist","8903"
"295","162","123","284","3","00:19:42","504","58","Non quality blocked","Wrist","8904"
"75","242","222","285","1","00:01:10","108","214","Quality blocked","Wrist","8905"
"289","180","64","285","1","00:02:00","405","267","Non quality blocked","Wrist","8906"
"75","53","222","285","1","00:06:57","58","93","Non quality blocked","Wrist","8907"
"161","71","222","285","1","00:07:08","135","118","Quality blocked","Default","8908"
"11","38","222","285","1","00:07:22","135","73","Non quality blocked","Slap","8909"
"50","192","222","285","1","00:09:50","195","162","Non quality blocked","Wrist","8910"
"305","72","222","285","1","00:10:34","171","145","Non quality blocked","Default","8911"
"169","53","222","285","1","00:11:50","211","263","Non quality blocked","Wrist","8912"
"252","53","222","285","1","00:12:55","201","170","Non quality blocked","Slap","8913"
"223","227","64","285","1","00:14:35","402","57","Non quality blocked","Wrist","8914"
"53","129","64","285","1","00:15:15","483","191","Quality blocked","Default","8915"
"75","57","222","285","1","00:15:38","153","203","Non quality blocked","Wrist","8916"
"223","161","64","285","2","00:05:38","446","181","Non quality blocked","Wrist","8917"
"11","217","222","285","2","00:07:51","162","165","Non quality blocked","Default","8918"
"220","289","222","285","2","00:12:09","165","201","Non quality blocked","Snap","8919"
"305","241","222","285","2","00:15:35","206","37","Non quality blocked","Wrist","8920"
"72","180","64","285","2","00:16:41","405","277","Non quality blocked","Wrist","8921"
"75","71","222","285","2","00:18:38","114","123","Quality blocked","Wrist","8922"
"305","118","222","285","3","00:02:04","168","154","Non quality blocked","Wrist","8923"
"11","217","222","285","3","00:02:51","219","158","Non quality blocked","Wrist","8924"
"11","289","222","285","3","00:09:05","45","117","Non quality blocked","Wrist","8925"
"38","114","64","285","3","00:13:31","426","79","Non quality blocked","Wrist","8926"
"88","75","64","285","3","00:15:51","498","98","Quality blocked","Snap","8927"
"58","11","64","285","3","00:18:43","389","74","Non quality blocked","Snap","8928"
"72","129","64","285","3","00:19:58","503","9","Non quality blocked","Default","8929"
"57","50","64","285","OT1","00:01:49","480","171","Quality blocked","Wrist","8930"
"182","51","28","286","1","00:03:51","399","284","Non quality blocked","Wrist","8931"
"1","5","28","286","1","00:05:50","530","223","Non quality blocked","Wrist","8932"
"246","271","28","286","1","00:06:09","502","189","Quality blocked","Wrist","8933"
"46","35","28","286","1","00:06:41","436","190","Non quality blocked","Wrist","8934"
"243","271","28","286","1","00:06:47","461","94","Quality blocked","Backhand","8935"
"255","157","28","286","1","00:08:16","407","219","Non quality blocked","Wrist","8936"
"15","61","28","286","1","00:08:47","391","85","Non quality blocked","Wrist","8937"
"15","61","28","286","1","00:08:56","458","216","Quality blocked","Wrist","8938"
"98","12","6","286","1","00:09:14","158","15","Non quality blocked","Snap","8939"
"4","12","6","286","1","00:09:36","98","295","Non quality blocked","Wrist","8940"
"98","182","6","286","1","00:11:05","181","99","Non quality blocked","Wrist","8941"
"46","274","28","286","1","00:12:36","419","37","Non quality blocked","Wrist","8942"
"51","149","6","286","1","00:13:25","81","32","Non quality blocked","Wrist","8943"
"61","78","6","286","1","00:15:06","51","232","Non quality blocked","Wrist","8944"
"8","79","28","286","1","00:15:29","483","231","Non quality blocked","Wrist","8945"
"42","149","6","286","1","00:20:00","146","44","Non quality blocked","Wrist","8946"
"42","78","6","286","2","00:00:17","106","163","Quality blocked","Tip","8947"
"232","98","28","286","2","00:01:34","411","37","Non quality blocked","Wrist","8948"
"232","271","28","286","2","00:01:50","431","31","Non quality blocked","Wrist","8949"
"259","51","28","286","2","00:03:54","449","76","Non quality blocked","Wrist","8950"
"46","5","28","286","2","00:05:42","490","228","Non quality blocked","Wrist","8951"
"246","4","28","286","2","00:07:18","397","236","Non quality blocked","Wrist","8952"
"12","39","28","286","2","00:11:39","401","65","Non quality blocked","Wrist","8953"
"157","243","6","286","3","00:14:44","203","129","Non quality blocked","Slap","8954"
"255","253","28","286","3","00:14:55","418","247","Non quality blocked","Wrist","8955"
"12","5","28","286","3","00:15:41","441","72","Non quality blocked","Wrist","8956"
"78","51","28","286","3","00:16:43","483","82","Quality blocked","Wrist","8957"
"15","51","28","286","3","00:16:54","482","81","Quality blocked","Wrist","8958"
"15","42","28","286","3","00:17:00","499","81","Quality blocked","Wrist","8959"
"246","98","28","286","3","00:17:17","431","96","Non quality blocked","Backhand","8960"
"183","84","28","286","3","00:19:04","508","96","Quality blocked","Wrist","8961"
"78","84","28","286","3","00:19:26","484","159","Quality blocked","Tip","8962"
"73","203","250","287","1","00:01:03","142","104","Quality blocked","Slap","8963"
"26","203","250","287","1","00:07:15","117","127","Quality blocked","Default","8964"
"66","36","250","287","1","00:08:27","119","87","Quality blocked","Default","8965"
"76","203","250","287","1","00:15:01","175","213","Non quality blocked","Slap","8966"
"56","62","250","287","1","00:16:05","191","82","Non quality blocked","Default","8967"
"196","68","211","287","1","00:18:02","435","275","Non quality blocked","Default","8968"
"210","68","211","287","1","00:18:15","446","111","Non quality blocked","Wrist","8969"
"65","34","250","287","2","00:00:08","434","186","Non quality blocked","Wrist","8970"
"36","74","211","287","2","00:15:02","443","92","Non quality blocked","Default","8971"
"203","100","211","287","2","00:15:23","422","76","Non quality blocked","Default","8972"
"2","74","211","287","2","00:15:35","409","62","Non quality blocked","Default","8973"
"208","76","211","287","2","00:18:35","428","83","Non quality blocked","Default","8974"
"203","76","211","287","2","00:19:04","435","139","Non quality blocked","Slap","8975"
"65","2","250","287","3","00:02:21","140","206","Quality blocked","Wrist","8976"
"100","99","250","287","3","00:03:16","149","229","Non quality blocked","Wrist","8977"
"76","49","250","287","3","00:03:53","81","166","Quality blocked","Snap","8978"
"200","36","250","287","3","00:11:08","197","51","Non quality blocked","Slap","8979"
"313","203","250","287","3","00:11:25","189","183","Non quality blocked","Wrist","8980"
"203","74","211","287","3","00:18:30","425","55","Non quality blocked","Wrist","8981"
"62","74","211","287","3","00:19:08","423","224","Non quality blocked","Default","8982"
"224","65","211","287","3","00:19:45","513","172","Quality blocked","Default","8983"
"244","62","0","287","3","00:19:49","51","156","Quality blocked","Default","8984"
"23","87","228","288","1","00:13:23","55","100","Non quality blocked","Wrist","8985"
"21","205","228","288","1","00:16:46","199","147","Non quality blocked","Slap","8986"
"269","245","228","288","1","00:17:45","165","103","Non quality blocked","Wrist","8987"
"205","167","22","288","2","00:04:03","518","201","Quality blocked","Default","8988"
"45","269","22","288","2","00:05:07","511","63","Non quality blocked","Wrist","8989"
"245","90","22","288","2","00:05:28","508","72","Non quality blocked","Wrist","8990"
"25","204","228","288","2","00:07:31","82","99","Quality blocked","Snap","8991"
"205","236","22","288","2","00:16:36","417","46","Non quality blocked","Wrist","8992"
"205","264","22","288","2","00:17:13","417","77","Non quality blocked","Wrist","8993"
"249","24","22","288","3","00:06:30","437","251","Non quality blocked","Wrist","8994"
"249","188","22","288","3","00:07:02","390","85","Non quality blocked","Wrist","8995"
"8","68","211","289","1","00:00:54","110","161","Quality blocked","Default","8996"
"68","8","6","289","1","00:05:05","404","222","Non quality blocked","Snap","8997"
"182","244","211","289","1","00:06:46","165","93","Non quality blocked","Snap","8998"
"67","185","6","289","1","00:08:54","516","211","Non quality blocked","Snap","8999"
"68","212","6","289","1","00:10:18","402","159","Non quality blocked","Default","9000"
"12","26","211","289","2","00:06:59","170","229","Non quality blocked","Slap","9001"
"246","67","211","289","2","00:09:43","198","147","Non quality blocked","Slap","9002"
"76","246","6","289","2","00:10:19","457","164","Quality blocked","Wrist","9003"
"56","12","6","289","2","00:13:58","411","218","Non quality blocked","Default","9004"
"183","65","211","289","3","00:00:47","119","157","Quality blocked","Snap","9005"
"182","66","211","289","3","00:01:27","185","99","Non quality blocked","Snap","9006"
"246","44","211","289","3","00:02:48","114","95","Quality blocked","Snap","9007"
"76","12","6","289","3","00:06:34","481","190","Quality blocked","Default","9008"
"78","44","211","289","3","00:10:28","83","191","Quality blocked","Snap","9009"
"66","182","6","289","3","00:12:26","445","137","Non quality blocked","Snap","9010"
"12","65","211","289","3","00:15:26","202","149","Non quality blocked","Snap","9011"
"12","26","211","289","3","00:19:28","160","69","Non quality blocked","Slap","9012"
"115","247","123","290","1","00:01:26","472","118","Quality blocked","Wrist","9013"
"242","191","123","290","1","00:03:26","437","182","Non quality blocked","Wrist","9014"
"223","24","123","290","1","00:04:34","444","233","Non quality blocked","Wrist","9015"
"57","23","123","290","1","00:09:18","396","251","Non quality blocked","Wrist","9016"
"71","24","123","290","1","00:09:31","405","282","Non quality blocked","Wrist","9017"
"37","118","290","290","1","00:16:11","147","98","Non quality blocked","Wrist","9018"
"223","190","123","290","1","00:16:43","381","288","Non quality blocked","Snap","9019"
"240","24","123","290","1","00:17:52","467","223","Quality blocked","Wrist","9020"
"88","167","123","290","2","00:01:04","509","109","Quality blocked","Wrist","9021"
"189","38","290","290","2","00:02:01","133","54","Non quality blocked","Wrist","9022"
"269","38","290","290","2","00:08:27","147","44","Non quality blocked","Snap","9023"
"242","269","123","290","2","00:12:00","410","224","Non quality blocked","Wrist","9024"
"38","189","123","290","2","00:13:08","411","210","Non quality blocked","Snap","9025"
"21","289","290","290","2","00:19:54","135","194","Quality blocked","Wrist","9026"
"24","58","290","290","3","00:00:15","168","211","Non quality blocked","Wrist","9027"
"24","286","290","290","3","00:00:56","198","249","Non quality blocked","Wrist","9028"
"101","269","123","290","3","00:01:45","439","66","Non quality blocked","Wrist","9029"
"223","269","123","290","3","00:02:04","510","201","Quality blocked","Wrist","9030"
"242","264","123","290","3","00:03:24","410","83","Non quality blocked","Snap","9031"
"269","101","290","290","3","00:05:07","117","113","Quality blocked","Wrist","9032"
"57","37","123","290","3","00:07:04","459","143","Quality blocked","Wrist","9033"
"38","194","123","290","3","00:07:12","433","235","Non quality blocked","Snap","9034"
"223","236","123","290","3","00:09:20","435","27","Non quality blocked","Wrist","9035"
"38","167","123","290","3","00:12:01","423","66","Non quality blocked","Wrist","9036"
"188","57","290","290","3","00:13:21","139","185","Quality blocked","Wrist","9037"
"264","58","290","290","3","00:13:32","143","219","Quality blocked","Snap","9038"
"71","194","123","290","3","00:14:32","471","164","Quality blocked","Snap","9039"
"245","75","64","291","1","00:00:11","537","182","Quality blocked","Wrist","9040"
"305","30","228","291","1","00:02:20","201","33","Non quality blocked","Snap","9041"
"205","11","64","291","1","00:05:21","425","96","Non quality blocked","Wrist","9042"
"245","169","64","291","1","00:05:32","475","197","Quality blocked","Wrist","9043"
"11","249","228","291","1","00:11:03","191","261","Non quality blocked","Slap","9044"
"221","245","228","291","1","00:13:41","137","13","Non quality blocked","Wrist","9045"
"87","180","64","291","1","00:17:13","395","157","Non quality blocked","Wrist","9046"
"283","180","64","291","1","00:17:24","545","105","Non quality blocked","Default","9047"
"87","89","64","291","1","00:17:33","393","267","Non quality blocked","Default","9048"
"169","249","228","291","1","00:18:47","173","67","Non quality blocked","Default","9049"
"114","207","228","291","1","00:19:09","98","249","Non quality blocked","Default","9050"
"11","230","228","291","1","00:19:19","147","69","Non quality blocked","Default","9051"
"229","305","64","291","2","00:03:08","393","281","Non quality blocked","Default","9052"
"45","50","64","291","2","00:05:56","485","131","Quality blocked","Wrist","9053"
"89","283","228","291","2","00:08:04","104","92","Quality blocked","Wrist","9054"
"198","87","228","291","2","00:16:25","103","231","Non quality blocked","Wrist","9055"
"129","245","228","291","2","00:16:40","189","70","Non quality blocked","Wrist","9056"
"239","47","228","291","2","00:17:29","209","29","Non quality blocked","Wrist","9057"
"40","252","64","291","2","00:17:40","417","200","Non quality blocked","Wrist","9058"
"60","75","64","291","2","00:18:53","417","64","Non quality blocked","Wrist","9059"
"221","230","228","291","2","00:19:42","177","195","Non quality blocked","Default","9060"
"161","60","228","291","3","00:01:53","154","59","Non quality blocked","Wrist","9061"
"283","11","64","291","3","00:04:05","409","72","Non quality blocked","Wrist","9062"
"207","114","64","291","3","00:04:26","407","129","Non quality blocked","Wrist","9063"
"245","75","64","291","3","00:04:42","463","268","Non quality blocked","Wrist","9064"
"47","252","64","291","3","00:09:31","475","127","Quality blocked","Backhand","9065"
"229","209","64","291","3","00:10:21","417","34","Non quality blocked","Wrist","9066"
"47","227","64","291","3","00:11:47","391","27","Non quality blocked","Snap","9067"
"47","11","64","291","3","00:12:23","494","21","Non quality blocked","Wrist","9068"
"277","169","64","291","3","00:12:31","540","129","Quality blocked","Wrist","9069"
"87","227","64","291","3","00:13:15","425","207","Non quality blocked","Wrist","9070"
"249","50","64","291","3","00:13:24","474","78","Quality blocked","Wrist","9071"
"30","161","64","291","3","00:14:16","387","130","Non quality blocked","Wrist","9072"
"209","230","228","291","3","00:14:55","138","161","Quality blocked","Wrist","9073"
"30","227","64","291","3","00:18:44","431","176","Non quality blocked","Default","9074"
"61","17","250","292","1","00:03:51","141","70","Non quality blocked","Wrist","9075"
"4","196","250","292","1","00:03:54","197","137","Non quality blocked","Wrist","9076"
"98","208","250","292","1","00:06:29","82","213","Non quality blocked","Wrist","9077"
"61","99","250","292","1","00:06:36","145","130","Non quality blocked","Wrist","9078"
"34","79","28","292","1","00:07:22","495","108","Quality blocked","Wrist","9079"
"196","32","28","292","1","00:07:26","496","164","Quality blocked","Wrist","9080"
"210","5","28","292","1","00:08:48","498","219","Quality blocked","Backhand","9081"
"274","208","250","292","1","00:10:10","112","234","Non quality blocked","Wrist","9082"
"84","237","250","292","1","00:10:20","144","126","Non quality blocked","Wrist","9083"
"196","271","28","292","1","00:11:48","403","267","Non quality blocked","Snap","9084"
"98","203","250","292","1","00:13:38","131","123","Quality blocked","Wrist","9085"
"196","32","28","292","1","00:15:36","401","141","Non quality blocked","Slap","9086"
"42","203","250","292","2","00:04:09","109","197","Quality blocked","Wrist","9087"
"34","5","28","292","2","00:05:04","469","200","Quality blocked","Wrist","9088"
"51","291","250","292","2","00:09:37","216","87","Non quality blocked","Slap","9089"
"32","203","250","292","2","00:10:44","117","46","Non quality blocked","Wrist","9090"
"196","42","28","292","2","00:16:41","406","117","Non quality blocked","Wrist","9091"
"208","4","28","292","3","00:03:14","523","104","Quality blocked","Wrist","9092"
"142","253","28","292","3","00:10:08","503","241","Non quality blocked","Wrist","9093"
"210","272","28","292","3","00:10:32","501","225","Quality blocked","Wrist","9094"
"210","32","28","292","3","00:11:52","509","100","Quality blocked","Wrist","9095"
"2","199","28","292","3","00:12:52","480","161","Quality blocked","Wrist","9096"
"272","99","250","292","3","00:17:25","101","234","Non quality blocked","Default","9097"
"61","99","250","292","3","00:17:31","143","31","Non quality blocked","Wrist","9098"
"196","51","0","292","3","00:19:03","454","108","Non quality blocked","Wrist","9099"
"32","62","0","292","3","00:19:25","142","196","Quality blocked","Default","9100"
"191","114","64","293","1","00:01:17","391","33","Non quality blocked","Wrist","9101"
"169","191","123","293","1","00:07:02","139","209","Quality blocked","Wrist","9102"
"191","169","64","293","1","00:10:25","388","183","Non quality blocked","Wrist","9103"
"269","180","64","293","1","00:11:10","465","101","Quality blocked","Wrist","9104"
"236","239","64","293","1","00:12:09","471","267","Non quality blocked","Wrist","9105"
"21","180","64","293","1","00:16:41","456","240","Non quality blocked","Wrist","9106"
"89","23","123","293","2","00:00:37","195","164","Non quality blocked","Wrist","9107"
"305","104","123","293","2","00:02:42","210","50","Non quality blocked","Wrist","9108"
"189","11","64","293","2","00:06:30","508","101","Quality blocked","Backhand","9109"
"11","102","123","293","2","00:09:06","191","75","Non quality blocked","Default","9110"
"75","236","123","293","2","00:09:08","121","267","Non quality blocked","Wrist","9111"
"11","23","123","293","2","00:12:17","109","41","Non quality blocked","Slap","9112"
"11","102","123","293","2","00:16:16","178","87","Non quality blocked","Wrist","9113"
"114","263","123","293","2","00:16:29","191","19","Non quality blocked","Wrist","9114"
"24","50","64","293","2","00:17:08","403","45","Non quality blocked","Wrist","9115"
"167","227","64","293","2","00:19:20","438","139","Non quality blocked","Wrist","9116"
"252","190","123","293","3","00:01:35","189","129","Non quality blocked","Wrist","9117"
"198","236","123","293","3","00:02:07","194","110","Non quality blocked","Wrist","9118"
"227","167","123","293","3","00:06:13","109","182","Quality blocked","Backhand","9119"
"161","21","123","293","3","00:11:31","122","141","Quality blocked","Wrist","9120"
"269","169","64","293","3","00:12:51","513","103","Quality blocked","Wrist","9121"
"252","190","123","293","3","00:14:36","153","184","Non quality blocked","Wrist","9122"
"89","23","123","293","3","00:17:35","148","230","Non quality blocked","Wrist","9123"
"2","246","6","294","1","00:05:03","431","125","Non quality blocked","Snap","9124"
"142","246","6","294","1","00:19:45","435","198","Non quality blocked","Snap","9125"
"196","8","6","294","2","00:00:18","402","245","Non quality blocked","Slap","9126"
"183","99","155","294","2","00:02:39","141","168","Quality blocked","Wrist","9127"
"246","210","155","294","2","00:04:51","183","145","Non quality blocked","Slap","9128"
"255","17","155","294","2","00:05:40","176","101","Non quality blocked","Default","9129"
"246","210","155","294","2","00:13:31","167","147","Non quality blocked","Default","9130"
"246","62","155","294","2","00:15:41","169","75","Non quality blocked","Default","9131"
"246","196","155","294","3","00:16:22","138","231","Non quality blocked","Default","9132"
"259","203","155","294","3","00:17:25","115","63","Non quality blocked","Wrist","9133"
"42","242","222","295","1","00:05:20","488","52","Non quality blocked","Wrist","9134"
"242","271","28","295","1","00:07:14","180","81","Non quality blocked","Default","9135"
"72","79","28","295","1","00:09:22","118","135","Quality blocked","Snap","9136"
"242","271","28","295","1","00:12:49","117","51","Non quality blocked","Default","9137"
"201","118","222","295","2","00:02:43","502","120","Quality blocked","Wrist","9138"
"51","38","222","295","2","00:04:43","401","223","Non quality blocked","Wrist","9139"
"253","0","222","295","2","00:08:45","388","117","Non quality blocked","Default","9140"
"42","71","222","295","2","00:09:38","402","169","Non quality blocked","Slap","9141"
"84","72","222","295","2","00:13:57","386","81","Non quality blocked","Snap","9142"
"53","51","28","295","2","00:19:21","82","111","Quality blocked","Default","9143"
"72","199","28","295","2","00:19:36","108","200","Quality blocked","Snap","9144"
"84","58","222","295","2","00:19:59","476","106","Quality blocked","Wrist","9145"
"42","223","222","295","3","00:03:06","527","139","Quality blocked","Backhand","9146"
"286","4","28","295","3","00:09:15","181","244","Non quality blocked","Default","9147"
"223","272","28","295","3","00:10:05","212","273","Non quality blocked","Wrist","9148"
"84","72","222","295","3","00:14:50","479","63","Non quality blocked","Slap","9149"
"71","51","28","295","3","00:15:28","158","215","Non quality blocked","Slap","9150"
"58","79","28","295","3","00:19:22","112","223","Quality blocked","Wrist","9151"
"242","32","28","295","3","00:19:43","212","154","Non quality blocked","Wrist","9152"
"252","15","6","296","1","00:12:39","397","153","Non quality blocked","Wrist","9153"
"255","180","64","296","1","00:17:44","192","55","Non quality blocked","Snap","9154"
"243","129","64","296","2","00:09:56","147","108","Non quality blocked","Snap","9155"
"161","15","6","296","2","00:11:15","453","181","Non quality blocked","Default","9156"
"169","15","6","296","2","00:11:46","402","160","Non quality blocked","Snap","9157"
"75","246","6","296","3","00:00:48","518","235","Non quality blocked","Default","9158"
"12","11","64","296","3","00:03:05","138","226","Quality blocked","Wrist","9159"
"169","185","6","296","3","00:05:54","495","69","Non quality blocked","Snap","9160"
"75","8","6","296","3","00:09:33","475","224","Quality blocked","Snap","9161"
"183","11","64","296","3","00:11:27","123","118","Quality blocked","Wrist","9162"
"11","12","6","296","3","00:11:45","418","242","Non quality blocked","Wrist","9163"
"253","269","123","297","1","00:02:05","433","129","Non quality blocked","Wrist","9164"
"24","79","28","297","1","00:07:53","167","219","Non quality blocked","Wrist","9165"
"90","32","28","297","1","00:11:26","201","93","Non quality blocked","Wrist","9166"
"35","189","123","297","1","00:13:03","389","219","Non quality blocked","Wrist","9167"
"188","84","28","297","1","00:15:47","161","222","Non quality blocked","Default","9168"
"84","21","123","297","2","00:00:32","443","73","Non quality blocked","Wrist","9169"
"190","79","28","297","2","00:04:34","122","85","Quality blocked","Wrist","9170"
"90","253","28","297","2","00:06:16","169","82","Non quality blocked","Wrist","9171"
"253","23","123","297","2","00:07:54","417","91","Non quality blocked","Wrist","9172"
"90","157","28","297","2","00:10:34","214","81","Non quality blocked","Wrist","9173"
"199","167","123","297","2","00:11:32","491","123","Quality blocked","Wrist","9174"
"236","128","28","297","2","00:12:07","212","76","Non quality blocked","Wrist","9175"
"201","264","123","297","2","00:15:19","502","189","Quality blocked","Wrist","9176"
"264","271","28","297","3","00:02:41","193","236","Non quality blocked","Wrist","9177"
"128","167","123","297","3","00:03:43","470","167","Quality blocked","Slap","9178"
"35","24","123","297","3","00:08:33","459","208","Quality blocked","Wrist","9179"
"60","203","155","298","1","00:01:37","402","42","Non quality blocked","Default","9180"
"30","142","155","298","1","00:04:41","440","54","Non quality blocked","Default","9181"
"230","17","155","298","1","00:18:18","429","148","Non quality blocked","Wrist","9182"
"156","30","228","298","2","00:04:27","169","198","Non quality blocked","Wrist","9183"
"196","116","228","298","2","00:12:22","191","128","Non quality blocked","Wrist","9184"
"277","17","155","298","2","00:18:01","443","191","Non quality blocked","Wrist","9185"
"196","280","228","298","3","00:01:55","77","53","Non quality blocked","Default","9186"
"30","62","155","298","3","00:09:36","483","198","Quality blocked","Default","9187"
"230","17","155","298","3","00:12:59","460","195","Quality blocked","Wrist","9188"
"99","283","228","298","3","00:13:35","150","243","Non quality blocked","Wrist","9189"
"87","2","155","298","3","00:14:44","409","225","Non quality blocked","Wrist","9190"
"30","34","155","298","3","00:15:14","432","116","Non quality blocked","Wrist","9191"
"280","196","155","298","3","00:16:54","468","150","Quality blocked","Wrist","9192"
"205","208","155","298","3","00:18:04","446","241","Non quality blocked","Wrist","9193"
"65","8","6","299","1","00:06:02","134","106","Quality blocked","Wrist","9194"
"246","76","85","299","1","00:09:58","416","94","Non quality blocked","Wrist","9195"
"66","185","6","299","1","00:14:24","91","165","Quality blocked","Wrist","9196"
"185","67","85","299","1","00:16:18","388","167","Non quality blocked","Wrist","9197"
"212","67","85","299","1","00:16:26","474","139","Quality blocked","Slap","9198"
"182","244","85","299","1","00:17:16","451","224","Non quality blocked","Wrist","9199"
"8","54","85","299","1","00:17:17","435","137","Non quality blocked","Snap","9200"
"185","100","85","299","1","00:18:35","443","80","Non quality blocked","Wrist","9201"
"36","68","85","299","1","00:19:06","417","145","Non quality blocked","Slap","9202"
"63","255","6","299","2","00:04:09","168","213","Non quality blocked","Wrist","9203"
"36","44","85","299","2","00:05:14","452","151","Non quality blocked","Default","9204"
"246","73","85","299","2","00:08:07","436","259","Non quality blocked","Wrist","9205"
"185","100","85","299","2","00:08:56","399","48","Non quality blocked","Wrist","9206"
"183","66","85","299","2","00:12:52","506","161","Quality blocked","Wrist","9207"
"67","1","6","299","2","00:19:16","196","169","Non quality blocked","Default","9208"
"16","67","85","299","3","00:02:39","439","183","Non quality blocked","Wrist","9209"
"68","243","6","299","3","00:03:58","213","128","Non quality blocked","Snap","9210"
"44","255","6","299","3","00:05:27","191","197","Non quality blocked","Wrist","9211"
"232","26","85","299","3","00:17:39","404","54","Non quality blocked","Snap","9212"
"316","18","6","299","3","00:18:25","173","134","Non quality blocked","Wrist","9213"
"206","32","28","300","1","00:00:31","540","175","Quality blocked","Wrist","9214"
"229","272","28","300","1","00:01:09","420","87","Non quality blocked","Wrist","9215"
"39","230","228","300","1","00:03:08","142","210","Quality blocked","Wrist","9216"
"229","4","28","300","1","00:04:18","405","118","Non quality blocked","Snap","9217"
"61","87","228","300","1","00:04:44","135","159","Quality blocked","Snap","9218"
"285","253","28","300","1","00:07:28","457","117","Quality blocked","Wrist","9219"
"229","39","28","300","1","00:08:15","408","267","Non quality blocked","Wrist","9220"
"87","128","28","300","1","00:15:40","443","81","Non quality blocked","Slap","9221"
"79","87","228","300","1","00:18:49","161","215","Non quality blocked","Snap","9222"
"84","280","228","300","2","00:04:50","205","261","Non quality blocked","Wrist","9223"
"84","30","228","300","2","00:05:43","187","271","Non quality blocked","Wrist","9224"
"273","230","228","300","2","00:05:47","129","63","Non quality blocked","Wrist","9225"
"47","272","28","300","2","00:07:54","386","153","Non quality blocked","Wrist","9226"
"272","87","228","300","2","00:08:40","81","170","Quality blocked","Default","9227"
"42","249","228","300","2","00:09:32","83","89","Non quality blocked","Wrist","9228"
"205","271","28","300","2","00:12:00","461","148","Quality blocked","Wrist","9229"
"87","4","28","300","2","00:12:18","520","165","Quality blocked","Wrist","9230"
"39","47","228","300","2","00:16:20","133","202","Quality blocked","Wrist","9231"
"253","206","228","300","3","00:08:46","189","204","Non quality blocked","Wrist","9232"
"5","205","228","300","3","00:10:29","194","250","Non quality blocked","Wrist","9233"
"271","205","228","300","3","00:11:01","161","234","Non quality blocked","Wrist","9234"
"79","205","228","300","3","00:13:29","187","267","Non quality blocked","Wrist","9235"
"40","201","28","300","3","00:14:52","564","124","Non quality blocked","Wrist","9236"
"128","249","228","300","3","00:18:18","174","63","Non quality blocked","Wrist","9237"
"209","200","85","301","1","00:07:55","457","136","Quality blocked","Wrist","9238"
"11","74","85","301","1","00:09:18","497","54","Non quality blocked","Slap","9239"
"89","74","85","301","1","00:11:26","468","171","Quality blocked","Snap","9240"
"244","227","59","301","1","00:13:05","100","63","Non quality blocked","Wrist","9241"
"227","56","85","301","1","00:18:13","486","231","Non quality blocked","Wrist","9242"
"65","50","59","301","1","00:18:55","125","77","Quality blocked","Wrist","9243"
"68","129","59","301","2","00:03:21","113","57","Non quality blocked","Wrist","9244"
"11","44","85","301","2","00:04:41","531","225","Non quality blocked","Wrist","9245"
"161","44","85","301","2","00:05:10","513","81","Non quality blocked","Wrist","9246"
"11","313","85","301","2","00:08:45","395","161","Non quality blocked","Wrist","9247"
"305","66","85","301","2","00:10:52","411","175","Non quality blocked","Wrist","9248"
"89","68","85","301","2","00:11:26","398","134","Non quality blocked","Wrist","9249"
"11","244","85","301","2","00:13:23","395","129","Non quality blocked","Wrist","9250"
"73","227","59","301","2","00:16:28","101","82","Quality blocked","Wrist","9251"
"63","227","59","301","2","00:16:32","100","141","Quality blocked","Wrist","9252"
"11","317","85","301","2","00:17:09","407","236","Non quality blocked","Wrist","9253"
"161","26","85","301","2","00:18:16","425","79","Non quality blocked","Default","9254"
"161","44","85","301","2","00:18:24","435","225","Non quality blocked","Wrist","9255"
"73","169","59","301","3","00:01:19","93","135","Quality blocked","Default","9256"
"11","73","85","301","3","00:03:42","422","201","Non quality blocked","Default","9257"
"100","89","59","301","3","00:04:16","161","115","Non quality blocked","Wrist","9258"
"67","89","59","301","3","00:04:30","125","22","Non quality blocked","Slap","9259"
"50","66","85","301","3","00:05:35","489","207","Quality blocked","Wrist","9260"
"89","67","85","301","3","00:07:55","447","153","Non quality blocked","Wrist","9261"
"100","169","59","301","3","00:16:24","131","120","Quality blocked","Wrist","9262"
"63","11","59","301","3","00:19:09","60","231","Non quality blocked","Wrist","9263"
"63","11","59","301","3","00:19:51","107","159","Quality blocked","Wrist","9264"
"12","23","22","302","1","00:07:19","388","202","Non quality blocked","Slap","9265"
"185","167","22","302","1","00:07:52","483","75","Quality blocked","Default","9266"
"21","185","262","302","2","00:05:41","96","28","Non quality blocked","Wrist","9267"
"236","15","262","302","2","00:07:24","198","26","Non quality blocked","Wrist","9268"
"232","102","22","302","2","00:09:48","390","224","Non quality blocked","Wrist","9269"
"212","188","22","302","2","00:11:54","448","197","Non quality blocked","Snap","9270"
"246","24","22","302","2","00:17:01","399","280","Non quality blocked","Wrist","9271"
"191","185","262","302","3","00:01:57","135","71","Non quality blocked","Wrist","9272"
"162","183","262","302","3","00:02:48","115","233","Non quality blocked","Wrist","9273"
"188","15","262","302","3","00:03:31","195","270","Non quality blocked","Wrist","9274"
"12","190","22","302","3","00:08:21","399","245","Non quality blocked","Slap","9275"
"12","23","22","302","3","00:08:36","434","203","Non quality blocked","Wrist","9276"
"12","23","22","302","3","00:08:42","432","142","Non quality blocked","Wrist","9277"
"182","21","22","302","3","00:09:16","383","242","Non quality blocked","Wrist","9278"
"8","21","22","302","3","00:10:14","422","75","Non quality blocked","Snap","9279"
"15","24","22","302","3","00:11:28","495","230","Non quality blocked","Slap","9280"
"188","246","262","302","3","00:14:36","74","224","Non quality blocked","Wrist","9281"
"167","16","262","302","3","00:16:10","195","37","Non quality blocked","Wrist","9282"
"236","1","262","302","3","00:18:57","206","73","Non quality blocked","Wrist","9283"
"25","183","262","302","3","00:19:54","176","64","Non quality blocked","Slap","9284"
"294","240","222","303","1","00:01:20","160","65","Non quality blocked","Wrist","9285"
"99","217","222","303","1","00:02:22","139","215","Quality blocked","Default","9286"
"142","242","222","303","1","00:05:11","113","214","Quality blocked","Default","9287"
"289","2","155","303","1","00:09:07","385","141","Non quality blocked","Slap","9288"
"13","88","222","303","1","00:11:43","63","176","Quality blocked","Wrist","9289"
"53","99","155","303","1","00:13:49","410","106","Non quality blocked","Wrist","9290"
"58","208","155","303","1","00:15:36","428","81","Non quality blocked","Slap","9291"
"58","2","155","303","1","00:16:12","403","93","Non quality blocked","Wrist","9292"
"53","2","155","303","1","00:16:15","505","121","Quality blocked","Backhand","9293"
"13","289","222","303","1","00:18:38","145","124","Non quality blocked","Default","9294"
"224","71","222","303","1","00:18:40","149","168","Non quality blocked","Default","9295"
"142","72","222","303","2","00:03:44","160","218","Non quality blocked","Wrist","9296"
"294","240","222","303","2","00:06:01","205","53","Non quality blocked","Wrist","9297"
"224","219","222","303","2","00:07:16","196","129","Non quality blocked","Wrist","9298"
"223","224","155","303","2","00:07:58","393","162","Non quality blocked","Wrist","9299"
"2","192","222","303","2","00:11:13","135","133","Quality blocked","Wrist","9300"
"240","62","155","303","2","00:15:04","460","249","Non quality blocked","Wrist","9301"
"72","203","155","303","2","00:19:26","457","247","Non quality blocked","Wrist","9302"
"224","72","222","303","3","00:01:32","123","152","Quality blocked","Wrist","9303"
"292","71","222","303","3","00:12:09","178","46","Non quality blocked","Wrist","9304"
"99","241","222","303","3","00:12:44","161","252","Non quality blocked","Wrist","9305"
"99","240","222","303","3","00:13:20","188","216","Non quality blocked","Wrist","9306"
"196","71","222","303","3","00:15:41","198","75","Non quality blocked","Wrist","9307"
"17","219","222","303","3","00:17:37","99","207","Quality blocked","Wrist","9308"
"203","286","222","303","3","00:19:02","124","209","Quality blocked","Wrist","9309"
"280","23","123","304","1","00:03:40","469","108","Quality blocked","Default","9310"
"205","236","123","304","1","00:08:00","158","82","Non quality blocked","Wrist","9311"
"230","269","123","304","1","00:08:51","65","90","Non quality blocked","Wrist","9312"
"207","264","123","304","1","00:09:17","44","112","Non quality blocked","Tip","9313"
"87","190","123","304","1","00:12:10","101","75","Quality blocked","Wrist","9314"
"60","249","282","304","2","00:01:16","437","114","Non quality blocked","Wrist","9315"
"21","30","282","304","2","00:03:19","445","141","Non quality blocked","Wrist","9316"
"264","277","282","304","2","00:04:55","409","159","Non quality blocked","Wrist","9317"
"37","207","282","304","2","00:05:56","500","165","Quality blocked","Wrist","9318"
"20","207","282","304","2","00:06:13","472","71","Non quality blocked","Wrist","9319"
"25","207","282","304","2","00:06:23","503","76","Quality blocked","Wrist","9320"
"247","230","282","304","2","00:10:36","509","118","Quality blocked","Wrist","9321"
"60","230","282","304","2","00:10:49","501","106","Quality blocked","Wrist","9322"
"23","205","282","304","2","00:12:22","483","114","Quality blocked","Wrist","9323"
"206","167","123","304","2","00:14:26","173","175","Non quality blocked","Snap","9324"
"205","102","123","304","2","00:15:39","147","185","Non quality blocked","Wrist","9325"
"285","188","123","304","2","00:16:36","169","224","Non quality blocked","Default","9326"
"205","24","123","304","2","00:17:51","177","201","Non quality blocked","Wrist","9327"
"206","191","123","304","3","00:01:57","100","150","Quality blocked","Snap","9328"
"247","87","282","304","3","00:08:03","466","183","Quality blocked","Wrist","9329"
"283","191","123","304","3","00:09:09","190","196","Non quality blocked","Wrist","9330"
"229","269","123","304","3","00:12:32","199","167","Non quality blocked","Wrist","9331"
"230","24","123","304","3","00:12:46","111","111","Quality blocked","Wrist","9332"
"249","60","123","304","3","00:13:52","159","183","Non quality blocked","Snap","9333"
"229","236","123","304","3","00:15:16","199","118","Non quality blocked","Wrist","9334"
"87","25","123","304","3","00:19:22","187","83","Non quality blocked","Wrist","9335"
"20","47","282","304","3","00:19:46","471","135","Quality blocked","Wrist","9336"
"87","23","123","304","OT1","00:03:22","72","200","Non quality blocked","Snap","9337"
"305","83","28","305","1","00:01:59","345","149","Non quality blocked","Wrist","9338"
"169","35","28","305","1","00:06:55","447","34","Non quality blocked","Wrist","9339"
"253","209","59","305","1","00:13:47","210","69","Non quality blocked","Wrist","9340"
"79","169","59","305","1","00:14:42","202","273","Non quality blocked","Wrist","9341"
"84","239","59","305","1","00:16:23","202","249","Non quality blocked","Wrist","9342"
"75","4","28","305","1","00:17:03","410","43","Non quality blocked","Wrist","9343"
"32","89","59","305","1","00:17:59","117","223","Quality blocked","Slap","9344"
"274","11","59","305","1","00:18:12","111","38","Non quality blocked","Wrist","9345"
"89","5","28","305","1","00:19:49","456","216","Quality blocked","Wrist","9346"
"84","220","59","305","2","00:04:17","204","141","Non quality blocked","Wrist","9347"
"11","5","28","305","2","00:06:02","420","39","Non quality blocked","Wrist","9348"
"209","272","28","305","2","00:07:03","411","77","Non quality blocked","Wrist","9349"
"5","11","59","305","2","00:08:39","151","261","Non quality blocked","Wrist","9350"
"253","89","59","305","2","00:11:08","421","195","Non quality blocked","Wrist","9351"
"114","4","28","305","2","00:13:09","440","226","Non quality blocked","Wrist","9352"
"75","83","28","305","2","00:14:38","509","140","Quality blocked","Backhand","9353"
"272","129","59","305","2","00:16:07","183","52","Non quality blocked","Slap","9354"
"61","50","59","305","2","00:16:52","134","70","Non quality blocked","Wrist","9355"
"75","51","28","305","2","00:19:37","519","28","Non quality blocked","Wrist","9356"
"114","42","28","305","3","00:02:35","398","105","Non quality blocked","Wrist","9357"
"253","180","59","305","3","00:02:38","183","134","Non quality blocked","Wrist","9358"
"4","50","59","305","3","00:04:32","172","279","Non quality blocked","Wrist","9359"
"129","35","28","305","3","00:04:50","383","138","Non quality blocked","Slap","9360"
"239","79","28","305","3","00:06:26","442","146","Non quality blocked","Wrist","9361"
"161","4","28","305","3","00:07:38","442","164","Non quality blocked","Wrist","9362"
"32","227","59","305","3","00:08:16","213","203","Non quality blocked","Wrist","9363"
"305","253","28","305","3","00:11:42","393","247","Non quality blocked","Snap","9364"
"89","84","28","305","3","00:15:05","472","238","Non quality blocked","Snap","9365"
"169","4","28","305","3","00:17:57","408","37","Non quality blocked","Snap","9366"
"75","5","28","305","3","00:19:42","447","192","Non quality blocked","Wrist","9367"
"71","65","211","306","1","00:01:24","161","201","Non quality blocked","Wrist","9368"
"44","286","222","306","1","00:02:40","406","115","Non quality blocked","Wrist","9369"
"65","289","222","306","1","00:07:15","448","83","Non quality blocked","Default","9370"
"63","286","222","306","1","00:09:23","471","74","Quality blocked","Wrist","9371"
"118","313","211","306","1","00:11:53","190","137","Non quality blocked","Wrist","9372"
"76","289","222","306","1","00:19:48","403","208","Non quality blocked","Wrist","9373"
"63","71","222","306","2","00:06:43","483","180","Quality blocked","Wrist","9374"
"223","68","211","306","2","00:08:32","147","259","Non quality blocked","Wrist","9375"
"67","58","222","306","2","00:09:07","399","241","Non quality blocked","Wrist","9376"
"63","118","222","306","2","00:13:00","527","104","Quality blocked","Wrist","9377"
"289","317","211","306","2","00:14:44","205","92","Non quality blocked","Slap","9378"
"76","223","222","306","2","00:16:11","534","91","Non quality blocked","Wrist","9379"
"100","118","222","306","3","00:01:51","478","248","Non quality blocked","Wrist","9380"
"118","26","211","306","3","00:04:10","207","220","Non quality blocked","Wrist","9381"
"53","76","211","306","3","00:04:36","106","114","Quality blocked","Wrist","9382"
"242","200","211","306","3","00:04:41","135","101","Quality blocked","Wrist","9383"
"68","71","222","306","3","00:06:07","519","247","Non quality blocked","Wrist","9384"
"44","242","222","306","3","00:08:56","401","81","Non quality blocked","Wrist","9385"
"217","200","211","306","3","00:13:47","201","118","Non quality blocked","Wrist","9386"
"192","56","211","306","3","00:13:57","95","216","Quality blocked","Wrist","9387"
"241","76","211","306","3","00:18:44","204","63","Non quality blocked","Wrist","9388"
"72","44","211","306","3","00:19:05","104","62","Non quality blocked","Wrist","9389"
"57","56","211","306","3","00:19:50","190","86","Non quality blocked","Wrist","9390"
"188","227","59","307","1","00:05:05","194","258","Non quality blocked","Wrist","9391"
"190","227","59","307","1","00:05:59","117","161","Quality blocked","Wrist","9392"
"264","220","59","307","1","00:07:42","222","93","Non quality blocked","Wrist","9393"
"24","169","59","307","1","00:08:20","128","231","Non quality blocked","Wrist","9394"
"23","75","59","307","1","00:08:39","124","231","Non quality blocked","Wrist","9395"
"198","167","22","307","1","00:10:32","411","149","Non quality blocked","Wrist","9396"
"23","305","59","307","1","00:14:13","139","21","Non quality blocked","Default","9397"
"75","23","22","307","1","00:14:35","490","152","Quality blocked","Wrist","9398"
"11","23","22","307","1","00:17:25","412","211","Non quality blocked","Wrist","9399"
"167","227","59","307","1","00:19:25","213","28","Non quality blocked","Wrist","9400"
"75","236","22","307","2","00:11:39","415","69","Non quality blocked","Wrist","9401"
"161","23","22","307","2","00:15:15","489","209","Quality blocked","Wrist","9402"
"167","89","59","307","2","00:16:52","201","99","Non quality blocked","Wrist","9403"
"126","305","59","307","3","00:06:17","138","115","Quality blocked","Wrist","9404"
"236","252","59","307","3","00:09:04","201","39","Non quality blocked","Wrist","9405"
"236","180","59","307","3","00:09:06","208","61","Non quality blocked","Wrist","9406"
"236","227","59","307","3","00:13:40","158","123","Non quality blocked","Wrist","9407"
"25","129","59","307","3","00:14:21","182","75","Non quality blocked","Wrist","9408"
"11","188","22","307","3","00:15:11","422","89","Non quality blocked","Wrist","9409"
"129","269","22","307","3","00:17:36","393","141","Non quality blocked","Wrist","9410"
"11","191","22","307","3","00:18:22","468","231","Non quality blocked","Wrist","9411"
"208","204","228","308","1","00:02:35","393","46","Non quality blocked","Default","9412"
"208","30","228","308","1","00:03:50","413","82","Non quality blocked","Default","9413"
"34","229","228","308","1","00:06:40","423","147","Non quality blocked","Default","9414"
"13","47","228","308","1","00:14:42","513","226","Non quality blocked","Default","9415"
"280","2","155","308","1","00:15:26","66","225","Non quality blocked","Default","9416"
"280","2","155","308","1","00:16:34","41","117","Non quality blocked","Default","9417"
"224","230","228","308","2","00:00:06","390","237","Non quality blocked","Default","9418"
"224","230","228","308","2","00:00:11","408","211","Non quality blocked","Default","9419"
"17","47","228","308","2","00:01:31","503","171","Quality blocked","Default","9420"
"62","230","228","308","2","00:02:45","451","102","Non quality blocked","Default","9421"
"47","99","155","308","2","00:10:00","177","46","Non quality blocked","Default","9422"
"249","196","155","308","2","00:11:34","127","29","Non quality blocked","Default","9423"
"47","203","155","308","2","00:12:02","209","106","Non quality blocked","Default","9424"
"229","203","155","308","2","00:12:23","105","187","Quality blocked","Default","9425"
"40","203","155","308","2","00:12:38","81","202","Quality blocked","Snap","9426"
"40","2","155","308","2","00:12:43","125","214","Quality blocked","Default","9427"
"208","230","228","308","2","00:13:07","397","205","Non quality blocked","Default","9428"
"203","206","228","308","2","00:17:20","386","180","Non quality blocked","Default","9429"
"2","206","228","308","2","00:17:43","414","171","Non quality blocked","Default","9430"
"249","2","155","308","2","00:18:20","132","130","Quality blocked","Default","9431"
"277","13","155","308","3","00:03:50","200","212","Non quality blocked","Default","9432"
"249","2","155","308","3","00:05:01","197","142","Non quality blocked","Default","9433"
"207","210","155","308","3","00:11:16","141","191","Quality blocked","Default","9434"
"280","210","155","308","OT1","00:00:12","117","115","Quality blocked","Default","9435"
"34","205","228","308","OT1","00:00:18","454","225","Non quality blocked","Default","9436"
"205","13","155","308","OT1","00:03:55","114","179","Quality blocked","Default","9437"
"138","35","28","309","1","00:02:29","409","85","Non quality blocked","Wrist","9438"
"210","83","28","309","1","00:04:26","482","213","Quality blocked","Snap","9439"
"208","39","28","309","1","00:08:56","435","119","Non quality blocked","Wrist","9440"
"5","292","250","309","1","00:10:27","192","232","Non quality blocked","Wrist","9441"
"5","138","250","309","1","00:13:02","176","98","Non quality blocked","Wrist","9442"
"196","79","28","309","1","00:14:22","421","240","Non quality blocked","Slap","9443"
"84","138","250","309","1","00:17:10","189","249","Non quality blocked","Wrist","9444"
"99","128","28","309","1","00:19:57","447","64","Non quality blocked","Wrist","9445"
"32","62","250","309","2","00:07:11","176","57","Non quality blocked","Wrist","9446"
"272","294","250","309","2","00:09:29","55","183","Non quality blocked","Wrist","9447"
"272","17","250","309","2","00:09:33","194","123","Non quality blocked","Snap","9448"
"203","35","28","309","2","00:10:45","411","58","Non quality blocked","Wrist","9449"
"84","208","250","309","2","00:12:15","273","261","Non quality blocked","Wrist","9450"
"196","199","28","309","2","00:17:18","411","256","Non quality blocked","Wrist","9451"
"83","99","250","309","2","00:18:37","60","57","Non quality blocked","Wrist","9452"
"208","128","28","309","3","00:02:04","395","36","Non quality blocked","Wrist","9453"
"61","294","250","309","3","00:03:12","208","255","Non quality blocked","Wrist","9454"
"208","61","28","309","3","00:05:06","407","252","Non quality blocked","Snap","9455"
"274","62","250","309","3","00:06:05","213","112","Non quality blocked","Wrist","9456"
"320","293","250","309","3","00:10:29","193","216","Non quality blocked","Snap","9457"
"17","79","28","309","3","00:13:23","529","97","Non quality blocked","Wrist","9458"
"83","224","250","309","3","00:15:03","187","86","Non quality blocked","Wrist","9459"
"62","32","28","309","3","00:15:46","393","63","Non quality blocked","Wrist","9460"
"62","61","28","309","3","00:16:19","466","112","Quality blocked","Wrist","9461"
"294","35","28","309","3","00:17:00","442","196","Non quality blocked","Wrist","9462"
"199","294","250","309","3","00:17:26","96","154","Quality blocked","Wrist","9463"
"224","5","28","309","3","00:19:40","460","258","Non quality blocked","Wrist","9464"
"182","161","59","310","1","00:02:31","402","245","Non quality blocked","Wrist","9465"
"75","254","6","310","1","00:03:43","109","192","Quality blocked","Backhand","9466"
"36","114","59","310","1","00:08:05","554","109","Non quality blocked","Default","9467"
"221","246","6","310","1","00:08:34","166","38","Non quality blocked","Default","9468"
"255","248","59","310","1","00:10:27","396","33","Non quality blocked","Default","9469"
"254","180","59","310","1","00:15:41","407","43","Non quality blocked","Default","9470"
"239","246","6","310","1","00:15:57","98","212","Quality blocked","Default","9471"
"243","180","59","310","1","00:19:59","484","177","Quality blocked","Default","9472"
"169","12","6","310","2","00:04:30","177","258","Non quality blocked","Default","9473"
"255","198","59","310","2","00:05:08","450","242","Non quality blocked","Default","9474"
"305","182","6","310","2","00:07:27","164","193","Non quality blocked","Wrist","9475"
"209","182","6","310","2","00:07:50","104","90","Quality blocked","Wrist","9476"
"209","8","6","310","2","00:08:15","137","233","Non quality blocked","Default","9477"
"239","246","6","310","2","00:09:57","157","246","Non quality blocked","Default","9478"
"50","149","6","310","2","00:10:04","114","130","Quality blocked","Default","9479"
"89","246","6","310","2","00:10:13","175","243","Non quality blocked","Default","9480"
"305","36","6","310","2","00:13:18","169","77","Non quality blocked","Wrist","9481"
"246","114","64","310","3","00:02:41","417","29","Non quality blocked","Wrist","9482"
"89","182","6","310","3","00:07:57","147","68","Non quality blocked","Slap","9483"
"227","246","6","310","3","00:08:29","113","201","Quality blocked","Wrist","9484"
"239","255","6","310","3","00:11:47","214","53","Non quality blocked","Wrist","9485"
"114","12","6","310","3","00:17:08","195","186","Non quality blocked","Wrist","9486"
"289","203","155","311","1","00:03:42","209","72","Non quality blocked","Default","9487"
"219","293","155","311","1","00:09:49","170","70","Non quality blocked","Default","9488"
"53","34","155","311","1","00:10:25","153","228","Non quality blocked","Default","9489"
"196","242","222","311","2","00:00:26","396","198","Non quality blocked","Default","9490"
"72","62","155","311","2","00:02:48","153","185","Non quality blocked","Default","9491"
"71","138","155","311","2","00:03:17","151","71","Non quality blocked","Default","9492"
"242","17","155","311","2","00:04:07","177","222","Non quality blocked","Default","9493"
"53","142","155","311","2","00:15:40","183","63","Non quality blocked","Default","9494"
"101","138","155","311","2","00:17:10","99","127","Quality blocked","Default","9495"
"224","289","222","311","2","00:17:58","488","61","Non quality blocked","Default","9496"
"208","101","222","311","3","00:04:54","396","82","Non quality blocked","Default","9497"
"57","224","155","311","3","00:05:20","141","145","Quality blocked","Default","9498"
"203","289","222","311","3","00:18:05","388","134","Non quality blocked","Default","9499"
"87","25","123","312","1","00:04:01","493","218","Quality blocked","Default","9500"
"24","205","228","312","1","00:12:53","181","231","Non quality blocked","Default","9501"
"229","102","123","312","1","00:18:36","400","193","Non quality blocked","Default","9502"
"205","25","123","312","1","00:19:21","447","179","Non quality blocked","Default","9503"
"87","167","123","312","1","00:19:58","481","67","Non quality blocked","Default","9504"
"47","167","123","312","2","00:00:29","431","25","Non quality blocked","Default","9505"
"21","229","228","312","2","00:08:18","124","196","Quality blocked","Default","9506"
"40","102","123","312","2","00:08:40","540","114","Quality blocked","Default","9507"
"230","190","123","312","2","00:10:17","445","227","Non quality blocked","Default","9508"
"189","87","228","312","2","00:10:55","148","169","Non quality blocked","Default","9509"
"87","24","123","312","2","00:15:39","439","198","Non quality blocked","Default","9510"
"205","236","123","312","2","00:18:58","549","110","Non quality blocked","Default","9511"
"264","30","228","312","3","00:00:59","196","62","Non quality blocked","Default","9512"
"87","24","123","312","3","00:08:01","481","227","Non quality blocked","Default","9513"
"24","229","228","312","3","00:15:17","152","64","Non quality blocked","Default","9514"
"229","188","123","312","3","00:16:24","430","159","Non quality blocked","Default","9515"
"115","68","211","313","1","00:05:31","445","106","Non quality blocked","Wrist","9516"
"316","223","222","313","1","00:09:24","117","51","Non quality blocked","Wrist","9517"
"53","56","211","313","1","00:10:22","438","186","Non quality blocked","Snap","9518"
"115","200","211","313","1","00:16:44","485","267","Non quality blocked","Wrist","9519"
"118","65","211","313","1","00:18:46","411","51","Non quality blocked","Snap","9520"
"65","223","222","313","2","00:06:50","93","129","Quality blocked","Snap","9521"
"72","26","211","313","2","00:10:19","503","92","Quality blocked","Wrist","9522"
"56","71","222","313","2","00:10:26","115","90","Quality blocked","Wrist","9523"
"63","101","222","313","2","00:11:11","141","188","Quality blocked","Wrist","9524"
"65","242","222","313","2","00:11:39","150","181","Non quality blocked","Wrist","9525"
"56","286","222","313","2","00:16:53","147","203","Non quality blocked","Snap","9526"
"242","316","211","313","3","00:03:00","435","233","Non quality blocked","Wrist","9527"
"223","44","211","313","3","00:15:22","490","101","Quality blocked","Wrist","10480"
"66","242","222","313","3","00:17:18","157","206","Non quality blocked","Wrist","10481"
"255","272","28","314","1","00:07:11","183","170","Non quality blocked","Slap","10482"
"271","8","6","314","1","00:08:13","480","209","Quality blocked","Snap","10483"
"15","201","28","314","1","00:11:06","151","151","Non quality blocked","Slap","10484"
"12","201","28","314","1","00:11:19","138","153","Quality blocked","Snap","10485"
"201","185","6","314","1","00:14:43","456","142","Non quality blocked","Snap","10486"
"182","39","28","314","1","00:17:37","164","39","Non quality blocked","Snap","10487"
"35","246","6","314","2","00:05:09","470","266","Non quality blocked","Wrist","10488"
"149","51","28","314","2","00:05:18","144","165","Non quality blocked","Wrist","10489"
"253","36","6","314","2","00:05:53","453","152","Non quality blocked","Snap","10490"
"39","15","6","314","2","00:13:14","413","237","Non quality blocked","Slap","10491"
"246","84","28","314","2","00:15:05","165","87","Non quality blocked","Wrist","10492"
"201","12","6","314","2","00:17:27","472","237","Non quality blocked","Snap","10493"
"5","12","6","314","3","00:01:54","402","35","Non quality blocked","Wrist","10494"
"79","8","6","314","3","00:09:14","388","33","Non quality blocked","Wrist","10495"
"149","32","28","314","3","00:13:37","171","108","Non quality blocked","Slap","10496"
"246","61","28","314","3","00:18:13","153","93","Non quality blocked","Wrist","10497"
"224","252","59","315","1","00:02:59","485","237","Non quality blocked","Default","13408"
"210","180","59","315","1","00:03:40","454","99","Non quality blocked","Wrist","13409"
"11","138","155","315","1","00:04:32","200","125","Non quality blocked","Wrist","13410"
"196","220","59","315","1","00:04:59","437","254","Non quality blocked","Wrist","13411"
"291","114","59","315","1","00:05:04","429","89","Non quality blocked","Snap","13412"
"203","209","59","315","1","00:06:49","474","77","Quality blocked","Wrist","13413"
"210","50","59","315","1","00:06:52","550","122","Non quality blocked","Default","13414"
"156","305","59","315","1","00:07:38","481","189","Quality blocked","Wrist","13415"
"220","203","155","315","1","00:10:49","135","195","Quality blocked","Wrist","13416"
"169","203","155","315","1","00:10:54","199","253","Non quality blocked","Snap","13417"
"208","209","59","315","1","00:16:21","393","75","Non quality blocked","Wrist","13418"
"89","2","155","315","1","00:18:20","163","117","Non quality blocked","Slap","13419"
"11","208","155","315","2","00:03:07","181","132","Non quality blocked","Wrist","13420"
"11","210","155","315","2","00:05:05","161","100","Non quality blocked","Wrist","13421"
"13","75","59","315","2","00:05:26","444","156","Non quality blocked","Wrist","13422"
"75","62","134","315","2","00:12:02","146","90","Non quality blocked","Wrist","13423"
"129","203","134","315","2","00:12:58","189","262","Non quality blocked","Wrist","13424"
"13","129","59","315","2","00:13:40","444","205","Non quality blocked","Wrist","13425"
"34","129","59","315","2","00:15:00","460","240","Non quality blocked","Wrist","13426"
"62","11","59","315","2","00:16:39","456","71","Non quality blocked","Default","13427"
"11","13","134","315","2","00:16:40","132","185","Quality blocked","Wrist","13428"
"305","34","134","315","2","00:17:44","138","105","Quality blocked","Wrist","13429"
"208","180","59","315","2","00:18:32","415","129","Non quality blocked","Wrist","13430"
"210","169","59","315","2","00:19:35","485","83","Quality blocked","Wrist","13431"
"156","129","59","315","3","00:00:32","458","69","Non quality blocked","Wrist","13432"
"203","220","59","315","3","00:01:06","393","96","Non quality blocked","Wrist","13433"
"224","169","59","315","3","00:03:09","498","151","Quality blocked","Wrist","13434"
"138","180","59","315","3","00:04:39","442","214","Non quality blocked","Wrist","13435"
"210","180","59","315","3","00:04:56","463","213","Quality blocked","Wrist","13436"
"239","2","134","315","3","00:06:25","135","159","Quality blocked","Wrist","13437"
"161","210","134","315","3","00:06:59","160","210","Non quality blocked","Slap","13438"
"224","180","59","315","3","00:09:59","441","128","Non quality blocked","Wrist","13439"
"208","180","59","315","3","00:10:12","491","218","Quality blocked","Wrist","13440"
"210","50","59","315","3","00:12:48","416","22","Non quality blocked","Wrist","13441"
"198","99","134","315","3","00:13:49","133","214","Quality blocked","Wrist","13442"
"208","11","59","315","3","00:14:48","402","54","Non quality blocked","Wrist","13443"
"210","50","59","315","3","00:16:00","396","243","Non quality blocked","Wrist","13444"
"11","34","134","315","3","00:16:30","183","153","Non quality blocked","Slap","13445"
"13","169","59","315","3","00:17:54","506","117","Quality blocked","Wrist","13446"
"34","169","59","315","3","00:19:04","489","213","Quality blocked","Wrist","13447"
"67","251","228","316","1","00:06:41","534","171","Quality blocked","Wrist","14458"
"44","230","228","316","1","00:14:33","395","66","Non quality blocked","Wrist","14459"
"104","200","211","316","1","00:16:10","171","221","Non quality blocked","Default","14460"
"56","207","228","316","2","00:01:48","471","267","Non quality blocked","Slap","14461"
"67","205","228","316","2","00:06:34","493","206","Quality blocked","Wrist","14462"
"283","316","211","316","2","00:11:02","146","192","Non quality blocked","Default","14463"
"56","204","228","316","2","00:12:52","398","81","Non quality blocked","Default","14464"
"316","229","228","316","2","00:13:05","466","79","Quality blocked","Wrist","14465"
"76","285","228","316","2","00:13:57","422","226","Non quality blocked","Wrist","14466"
"63","283","228","316","2","00:15:36","475","90","Quality blocked","Wrist","14467"
"67","204","228","316","2","00:15:52","410","93","Non quality blocked","Default","14468"
"76","230","228","316","2","00:17:48","505","89","Quality blocked","Wrist","14469"
"67","229","228","316","3","00:01:05","446","174","Non quality blocked","Backhand","14470"
"230","65","211","316","3","00:01:45","158","136","Non quality blocked","Default","14471"
"65","230","228","316","3","00:04:38","409","263","Non quality blocked","Wrist","14472"
"280","73","211","316","3","00:06:51","111","180","Quality blocked","Wrist","14473"
"63","207","228","316","3","00:10:35","468","214","Quality blocked","Wrist","14474"
"63","283","228","316","3","00:17:46","515","72","Non quality blocked","Wrist","14475"
"56","205","228","316","3","00:18:43","418","78","Non quality blocked","Wrist","14476"
"229","100","0","316","3","00:19:09","149","126","Non quality blocked","Wrist","14477"
"191","97","6","317","1","00:00:26","462","166","Quality blocked","Snap","14478"
"255","263","22","317","1","00:10:52","193","69","Non quality blocked","Wrist","14479"
"20","182","6","317","1","00:11:48","496","223","Quality blocked","Snap","14480"
"264","36","6","317","1","00:12:32","404","143","Non quality blocked","Snap","14481"
"23","246","6","317","1","00:13:10","500","240","Non quality blocked","Wrist","14482"
"236","185","6","317","2","00:00:31","393","241","Non quality blocked","Wrist","14483"
"246","60","22","317","2","00:03:14","124","70","Non quality blocked","Wrist","14484"
"246","102","22","317","2","00:03:24","135","59","Non quality blocked","Snap","14485"
"8","188","22","317","2","00:05:07","173","76","Non quality blocked","Wrist","14486"
"15","60","22","317","2","00:06:38","65","158","Quality blocked","Wrist","14487"
"149","167","22","317","2","00:12:29","76","160","Quality blocked","Backhand","14488"
"167","15","6","317","2","00:13:26","473","156","Quality blocked","Snap","14489"
"97","236","22","317","2","00:17:56","57","76","Non quality blocked","Wrist","14490"
"36","60","22","317","3","00:06:06","149","223","Non quality blocked","Wrist","14491"
"236","149","6","317","3","00:09:34","497","249","Non quality blocked","Snap","14492"
"255","247","22","317","3","00:10:28","197","39","Non quality blocked","Wrist","14493"
"182","20","22","317","3","00:13:26","185","167","Non quality blocked","Wrist","14494"
"236","246","6","317","3","00:19:41","411","239","Non quality blocked","Wrist","14495"
"236","149","6","317","3","00:19:58","410","194","Non quality blocked","Wrist","14496"
"84","18","41","318","1","00:02:31","213","276","Non quality blocked","Wrist","16595"
"83","183","41","318","1","00:09:09","213","71","Non quality blocked","Wrist","16596"
"246","272","28","318","1","00:14:49","384","279","Non quality blocked","Wrist","16597"
"1","83","28","318","2","00:03:07","447","216","Non quality blocked","Slap","16598"
"253","97","41","318","2","00:05:55","217","252","Non quality blocked","Wrist","16599"
"8","271","28","318","2","00:07:57","455","69","Non quality blocked","Snap","16600"
"83","149","41","318","2","00:08:39","154","95","Non quality blocked","Snap","16601"
"35","1","41","318","2","00:11:30","150","204","Non quality blocked","Snap","16602"
"15","61","28","318","2","00:12:32","402","31","Non quality blocked","Snap","16603"
"42","183","41","318","2","00:14:25","134","129","Quality blocked","Snap","16604"
"246","201","28","318","2","00:16:30","410","117","Non quality blocked","Wrist","16605"
"35","232","41","318","2","00:17:45","207","32","Non quality blocked","Wrist","16606"
"12","83","28","318","2","00:18:07","518","102","Quality blocked","Backhand","16607"
"183","253","28","318","2","00:19:34","465","153","Quality blocked","Snap","16608"
"232","39","28","318","2","00:19:53","352","16","Non quality blocked","Slap","16609"
"84","8","41","318","3","00:02:15","190","267","Non quality blocked","Wrist","16610"
"12","271","28","318","3","00:04:22","495","89","Quality blocked","Wrist","16611"
"149","83","28","318","3","00:04:23","488","103","Quality blocked","Snap","16612"
"253","97","41","318","3","00:05:16","197","240","Non quality blocked","Wrist","16613"
"61","246","41","318","3","00:06:16","160","111","Non quality blocked","Wrist","16614"
"12","32","28","318","3","00:13:10","404","214","Non quality blocked","Wrist","16615"
"15","4","28","318","3","00:13:49","442","210","Non quality blocked","Snap","16616"
"32","246","41","318","3","00:15:28","203","258","Non quality blocked","Wrist","16617"
"230","241","222","319","1","00:00:39","382","278","Non quality blocked","Default","17690"
"219","285","228","319","1","00:01:33","178","52","Non quality blocked","Default","17691"
"71","47","228","319","1","00:09:44","166","162","Non quality blocked","Default","17692"
"40","71","222","319","1","00:11:25","413","147","Non quality blocked","Default","17693"
"207","72","222","319","1","00:12:05","391","99","Non quality blocked","Default","17694"
"280","71","222","319","1","00:13:40","412","51","Non quality blocked","Default","17695"
"229","57","222","319","1","00:14:12","401","99","Non quality blocked","Default","17696"
"40","289","222","319","1","00:19:31","472","254","Non quality blocked","Default","17697"
"289","40","228","319","2","00:03:54","197","106","Non quality blocked","Default","17698"
"285","240","222","319","2","00:05:01","392","237","Non quality blocked","Default","17699"
"229","71","222","319","2","00:07:43","477","74","Quality blocked","Default","17700"
"240","229","228","319","2","00:11:09","190","39","Non quality blocked","Default","17701"
"241","230","228","319","2","00:11:39","183","211","Non quality blocked","Default","17702"
"289","277","228","319","2","00:14:26","197","32","Non quality blocked","Default","17703"
"104","57","222","319","2","00:16:12","537","83","Non quality blocked","Default","17704"
"88","230","228","319","2","00:17:26","185","165","Non quality blocked","Default","17705"
"58","87","228","319","2","00:18:58","199","47","Non quality blocked","Default","17706"
"88","230","228","319","2","00:19:39","189","211","Non quality blocked","Default","17707"
"40","207","222","319","3","00:10:47","548","177","Quality blocked","Default","17708"
"223","277","228","319","3","00:12:47","185","60","Non quality blocked","Default","17709"
"203","169","59","320","1","00:00:40","169","235","Non quality blocked","Wrist","17710"
"198","34","134","320","1","00:03:31","453","203","Non quality blocked","Wrist","17711"
"252","196","134","320","1","00:05:40","396","263","Non quality blocked","Wrist","17712"
"89","2","134","320","1","00:06:58","453","116","Non quality blocked","Wrist","17713"
"252","2","134","320","1","00:09:02","487","190","Quality blocked","Wrist","17714"
"203","75","59","320","1","00:09:27","207","241","Non quality blocked","Wrist","17715"
"224","180","59","320","1","00:11:23","165","74","Non quality blocked","Wrist","17716"
"11","2","134","320","1","00:12:39","459","275","Non quality blocked","Wrist","17717"
"221","293","134","320","1","00:16:55","166","142","Non quality blocked","Wrist","17718"
"114","203","134","320","2","00:01:56","434","260","Non quality blocked","Default","17719"
"198","62","134","320","2","00:03:13","407","196","Non quality blocked","Wrist","17720"
"13","129","59","320","2","00:04:00","117","96","Quality blocked","Wrist","17721"
"50","142","134","320","2","00:06:09","442","265","Non quality blocked","Wrist","17722"
"161","196","134","320","2","00:07:01","501","146","Quality blocked","Wrist","17723"
"161","2","134","320","2","00:09:12","504","99","Quality blocked","Wrist","17724"
"2","169","59","320","2","00:12:24","198","34","Non quality blocked","Wrist","17725"
"294","252","59","320","2","00:14:48","200","77","Non quality blocked","Wrist","17726"
"221","293","134","320","2","00:16:54","189","127","Non quality blocked","Wrist","17727"
"13","169","59","320","2","00:18:58","74","149","Quality blocked","Tip","17728"
"114","62","134","320","3","00:02:27","499","227","Quality blocked","Wrist","17729"
"11","34","134","320","3","00:04:02","394","248","Non quality blocked","Wrist","17730"
"11","210","134","320","3","00:04:18","438","247","Non quality blocked","Wrist","17731"
"208","220","59","320","3","00:07:33","126","286","Non quality blocked","Default","17732"
"210","220","59","320","3","00:07:41","198","100","Non quality blocked","Wrist","17733"
"62","221","59","320","3","00:08:06","169","183","Non quality blocked","Default","17734"
"89","208","134","320","3","00:09:28","447","207","Non quality blocked","Wrist","17735"
"196","252","59","320","3","00:10:05","161","137","Non quality blocked","Slap","17736"
"13","129","59","320","3","00:10:49","151","131","Non quality blocked","Wrist","17737"
"13","129","59","320","3","00:10:52","136","139","Quality blocked","Wrist","17738"
"208","11","59","320","3","00:16:40","141","281","Non quality blocked","Default","17739"
"252","2","134","320","3","00:17:05","480","163","Quality blocked","Default","17740"
"11","203","134","320","3","00:18:52","435","100","Non quality blocked","Slap","17741"
"169","34","134","320","3","00:18:54","408","80","Non quality blocked","Default","17742"
"198","13","134","320","3","00:19:19","453","90","Non quality blocked","Wrist","17743"
"100","236","123","321","1","00:02:32","159","90","Non quality blocked","Default","18870"
"23","68","211","321","1","00:03:29","109","97","Quality blocked","Snap","18871"
"65","24","123","321","1","00:05:14","506","198","Quality blocked","Wrist","18872"
"191","44","211","321","1","00:08:24","183","93","Non quality blocked","Wrist","18873"
"44","60","123","321","1","00:17:58","474","59","Non quality blocked","Wrist","18874"
"236","317","211","321","1","00:18:37","209","142","Non quality blocked","Wrist","18875"
"102","316","211","321","2","00:02:25","167","77","Non quality blocked","Wrist","18876"
"264","76","211","321","2","00:02:53","183","60","Non quality blocked","Wrist","18877"
"317","191","123","321","2","00:05:20","474","41","Non quality blocked","Snap","18878"
"189","26","211","321","2","00:06:04","147","152","Non quality blocked","Wrist","18879"
"189","26","211","321","2","00:08:28","118","87","Quality blocked","Wrist","18880"
"264","100","211","321","2","00:09:16","195","217","Non quality blocked","Wrist","18881"
"68","23","123","321","2","00:10:56","399","249","Non quality blocked","Snap","18882"
"24","65","211","321","2","00:12:42","171","227","Non quality blocked","Wrist","18883"
"189","44","211","321","3","00:00:28","153","79","Non quality blocked","Wrist","18884"
"236","73","211","321","3","00:00:35","199","210","Non quality blocked","Wrist","18885"
"21","73","211","321","3","00:03:57","141","15","Non quality blocked","Wrist","18886"
"313","236","123","321","3","00:09:19","483","174","Quality blocked","Wrist","18887"
"90","66","211","321","3","00:11:10","212","18","Non quality blocked","Slap","18888"
"90","63","211","321","3","00:14:11","187","62","Non quality blocked","Wrist","18889"
"68","247","123","321","3","00:17:06","453","140","Non quality blocked","Wrist","18890"
"24","73","211","321","3","00:19:35","183","71","Non quality blocked","Default","18891"
"207","316","211","322","1","00:04:50","454","75","Non quality blocked","Default","21188"
"100","206","228","322","1","00:05:09","116","123","Quality blocked","Default","21189"
"205","73","211","322","2","00:00:38","531","192","Quality blocked","Default","21190"
"63","229","228","322","2","00:01:15","168","178","Non quality blocked","Default","21191"
"207","76","211","322","2","00:03:56","435","45","Non quality blocked","Default","21192"
"67","207","228","322","2","00:04:50","87","81","Non quality blocked","Wrist","21193"
"205","63","211","322","2","00:08:18","403","202","Non quality blocked","Default","21194"
"230","26","211","322","2","00:13:24","386","255","Non quality blocked","Default","21195"
"67","116","228","322","2","00:18:01","128","112","Quality blocked","Wrist","21196"
"76","285","228","322","3","00:08:01","115","82","Quality blocked","Wrist","21197"
"66","229","228","322","3","00:11:00","131","256","Non quality blocked","Wrist","21198"
"313","285","228","322","3","00:14:12","163","113","Non quality blocked","Wrist","21199"
"44","30","228","322","3","00:17:03","115","237","Non quality blocked","Default","21200"
"169","61","48","323","1","00:01:29","209","277","Non quality blocked","Wrist","21201"
"89","201","48","323","1","00:03:19","163","184","Non quality blocked","Snap","21202"
"169","84","48","323","1","00:03:48","158","239","Non quality blocked","Slap","21203"
"42","180","64","323","1","00:05:55","453","125","Non quality blocked","Snap","21204"
"79","89","64","323","1","00:06:04","393","259","Non quality blocked","Wrist","21205"
"114","51","48","323","1","00:06:55","93","285","Non quality blocked","Wrist","21206"
"169","32","48","323","1","00:07:35","155","224","Non quality blocked","Snap","21207"
"50","199","48","323","1","00:10:17","206","43","Non quality blocked","Default","21208"
"83","11","64","323","1","00:13:13","398","213","Non quality blocked","Default","21209"
"83","11","64","323","1","00:13:20","392","205","Non quality blocked","Default","21210"
"32","89","64","323","1","00:14:30","417","188","Non quality blocked","Wrist","21211"
"11","128","48","323","1","00:15:32","204","237","Non quality blocked","Slap","21212"
"253","220","64","323","1","00:16:54","431","162","Non quality blocked","Wrist","21213"
"84","180","64","323","1","00:17:07","405","247","Non quality blocked","Slap","21214"
"75","79","48","323","1","00:17:30","144","129","Quality blocked","Wrist","21215"
"161","39","48","323","2","00:00:47","183","189","Non quality blocked","Wrist","21216"
"11","79","48","323","2","00:01:01","205","37","Non quality blocked","Wrist","21217"
"272","11","64","323","2","00:01:50","486","41","Non quality blocked","Slap","21218"
"220","4","48","323","2","00:03:01","201","231","Non quality blocked","Wrist","21219"
"161","79","48","323","2","00:03:53","72","102","Quality blocked","Default","21220"
"253","11","64","323","2","00:04:42","405","103","Non quality blocked","Slap","21221"
"84","89","64","323","2","00:05:46","389","247","Non quality blocked","Wrist","21222"
"75","128","48","323","2","00:07:49","134","98","Quality blocked","Wrist","21223"
"11","128","48","323","2","00:10:47","202","263","Non quality blocked","Default","21224"
"5","89","64","323","2","00:11:45","412","62","Non quality blocked","Wrist","21225"
"5","114","64","323","2","00:11:58","419","103","Non quality blocked","Default","21226"
"50","42","48","323","2","00:12:48","205","123","Non quality blocked","Wrist","21227"
"11","51","48","323","2","00:13:25","160","252","Non quality blocked","Wrist","21228"
"274","198","64","323","2","00:16:37","534","146","Quality blocked","Tip","21229"
"51","198","64","323","2","00:16:45","384","287","Non quality blocked","Slap","21230"
"301","271","48","323","2","00:18:51","55","157","Quality blocked","Backhand","21231"
"129","128","48","323","2","00:19:19","99","249","Non quality blocked","Snap","21232"
"252","83","48","323","2","00:19:52","58","172","Quality blocked","Wrist","21233"
"114","84","48","323","3","00:02:57","58","211","Non quality blocked","Wrist","21234"
"169","51","48","323","3","00:06:48","129","209","Quality blocked","Default","21235"
"11","35","48","323","3","00:06:57","159","79","Non quality blocked","Default","21236"
"198","51","48","323","3","00:07:00","42","206","Non quality blocked","Default","21237"
"198","51","48","323","3","00:07:10","74","199","Quality blocked","Default","21238"
"201","180","64","323","3","00:07:59","481","129","Quality blocked","Tip","21239"
"310","274","48","323","3","00:08:30","207","135","Non quality blocked","Default","21240"
"35","220","64","323","3","00:11:28","395","246","Non quality blocked","Wrist","21241"
"51","221","64","323","3","00:11:43","550","275","Non quality blocked","Slap","21242"
"169","79","0","323","3","00:12:57","107","240","Non quality blocked","Default","21243"
"61","169","64","323","3","00:13:10","404","149","Non quality blocked","Default","21244"
"42","50","64","323","3","00:14:45","481","85","Quality blocked","Wrist","21245"
"199","129","64","323","3","00:16:42","465","197","Quality blocked","Wrist","21246"
"79","50","64","323","3","00:16:52","399","134","Non quality blocked","Wrist","21247"
"89","79","0","323","3","00:17:00","160","200","Non quality blocked","Wrist","21248"
"42","50","64","323","3","00:19:14","422","152","Non quality blocked","Wrist","21249"
"42","50","64","323","3","00:19:17","502","78","Quality blocked","Default","21250"
"4","114","64","323","3","00:19:24","463","156","Quality blocked","Slap","21251"
"4","114","64","323","3","00:19:29","405","97","Non quality blocked","Default","21252"
"128","50","64","323","3","00:19:46","489","50","Non quality blocked","Slap","21253"
"15","241","222","324","1","00:01:06","108","151","Quality blocked","Wrist","22468"
"182","53","222","324","1","00:11:27","163","50","Non quality blocked","Wrist","22469"
"223","149","6","324","1","00:16:57","424","227","Non quality blocked","Wrist","22470"
"259","71","222","324","2","00:00:58","202","231","Non quality blocked","Default","22471"
"118","246","6","324","2","00:06:45","396","122","Non quality blocked","Default","22472"
"12","115","222","324","2","00:07:23","200","222","Non quality blocked","Wrist","22473"
"255","88","222","324","2","00:07:49","197","115","Non quality blocked","Wrist","22474"
"58","246","6","324","2","00:09:39","447","171","Non quality blocked","Wrist","22475"
"72","15","6","324","2","00:13:27","405","160","Non quality blocked","Wrist","22476"
"183","118","222","324","2","00:17:38","159","126","Non quality blocked","Wrist","22477"
"12","118","222","324","2","00:18:06","200","201","Non quality blocked","Wrist","22478"
"16","58","222","324","2","00:19:53","201","77","Non quality blocked","Wrist","22479"
"241","97","6","324","3","00:03:59","414","174","Non quality blocked","Wrist","22480"
"219","149","6","324","3","00:09:08","410","240","Non quality blocked","Wrist","22481"
"36","242","222","324","3","00:12:36","58","201","Non quality blocked","Wrist","22482"
"71","36","6","324","3","00:15:35","399","272","Non quality blocked","Wrist","22483"
"58","246","6","324","OT1","00:03:10","451","147","Non quality blocked","Default","22484"
"210","167","22","325","1","00:03:33","70","180","Quality blocked","Backhand","22485"
"210","167","22","325","1","00:03:55","63","168","Quality blocked","Wrist","22486"
"203","269","22","325","1","00:06:19","142","203","Quality blocked","Wrist","22487"
"21","138","250","325","1","00:11:26","532","171","Quality blocked","Wrist","22488"
"49","191","22","325","1","00:11:58","72","124","Quality blocked","Backhand","22489"
"13","60","22","325","1","00:12:51","137","244","Non quality blocked","Wrist","22490"
"203","189","22","325","1","00:14:06","124","194","Quality blocked","Wrist","22491"
"210","264","22","325","1","00:14:07","149","23","Non quality blocked","Default","22492"
"236","62","250","325","1","00:17:10","453","155","Non quality blocked","Wrist","22493"
"2","264","22","325","1","00:17:30","164","123","Non quality blocked","Wrist","22494"
"49","236","22","325","1","00:18:45","135","152","Quality blocked","Wrist","22495"
"188","138","250","325","1","00:19:41","401","13","Non quality blocked","Snap","22496"
"20","294","250","325","2","00:01:39","514","143","Quality blocked","Wrist","22497"
"34","264","22","325","2","00:03:01","145","92","Non quality blocked","Wrist","22498"
"20","34","250","325","2","00:03:52","542","180","Quality blocked","Default","22499"
"188","156","250","325","2","00:09:15","451","159","Non quality blocked","Wrist","22500"
"21","99","250","325","2","00:09:28","463","95","Quality blocked","Wrist","22501"
"21","99","250","325","2","00:09:29","521","148","Quality blocked","Wrist","22502"
"167","138","250","325","2","00:09:45","387","272","Non quality blocked","Default","22503"
"294","20","22","325","2","00:10:19","179","46","Non quality blocked","Snap","22504"
"263","294","250","325","2","00:11:10","451","131","Non quality blocked","Wrist","22505"
"264","34","250","325","2","00:12:18","405","140","Non quality blocked","Wrist","22506"
"188","156","250","325","2","00:14:26","399","63","Non quality blocked","Wrist","22507"
"25","203","250","325","2","00:19:17","489","116","Quality blocked","Slap","22508"
"224","24","22","325","3","00:04:52","164","88","Non quality blocked","Wrist","22509"
"263","203","250","325","3","00:06:02","408","78","Non quality blocked","Default","22510"
"236","142","250","325","3","00:09:58","402","203","Non quality blocked","Wrist","22511"
"60","203","250","325","3","00:15:36","437","266","Non quality blocked","Wrist","22512"
"34","188","22","325","3","00:16:36","133","75","Quality blocked","Wrist","22513"
"208","190","22","325","3","00:16:46","129","229","Non quality blocked","Default","22514"
"196","191","22","325","3","00:16:56","161","127","Non quality blocked","Wrist","22515"
"21","13","250","325","3","00:19:13","422","94","Non quality blocked","Slap","22516"
"34","320","28","326","1","00:00:05","147","85","Non quality blocked","Wrist","26306"
"203","42","28","326","1","00:01:26","195","143","Non quality blocked","Wrist","26307"
"298","4","28","326","1","00:01:44","183","91","Non quality blocked","Wrist","26308"
"210","35","28","326","1","00:03:34","162","179","Non quality blocked","Wrist","26309"
"224","320","28","326","1","00:09:25","194","184","Non quality blocked","Wrist","26310"
"83","138","155","326","1","00:10:25","402","157","Non quality blocked","Wrist","26311"
"83","294","155","326","1","00:10:26","429","139","Non quality blocked","Wrist","26312"
"83","138","155","326","1","00:11:13","400","75","Non quality blocked","Wrist","26313"
"4","203","155","326","1","00:11:33","392","160","Non quality blocked","Wrist","26314"
"79","291","155","326","1","00:13:35","387","153","Non quality blocked","Wrist","26315"
"13","84","28","326","1","00:17:40","129","86","Quality blocked","Wrist","26316"
"253","293","155","326","2","00:03:05","405","150","Non quality blocked","Wrist","26317"
"4","196","155","326","2","00:05:58","469","101","Quality blocked","Wrist","26318"
"62","320","28","326","2","00:09:59","198","54","Non quality blocked","Wrist","26319"
"98","62","155","326","2","00:11:52","466","164","Quality blocked","Slap","26320"
"272","294","155","326","2","00:12:19","527","179","Quality blocked","Wrist","26321"
"32","210","155","326","2","00:16:05","442","213","Non quality blocked","Wrist","26322"
"274","2","155","326","2","00:18:03","445","217","Non quality blocked","Wrist","26323"
"79","17","155","326","2","00:19:10","419","147","Non quality blocked","Wrist","26324"
"62","61","28","326","2","00:19:37","213","43","Non quality blocked","Wrist","26325"
"196","79","28","326","3","00:07:19","421","194","Non quality blocked","Wrist","26326"
"156","79","28","326","3","00:08:58","553","187","Non quality blocked","Backhand","26327"
"2","320","28","326","3","00:11:00","403","208","Non quality blocked","Wrist","26328"
"42","196","155","326","3","00:12:22","197","185","Non quality blocked","Wrist","26329"
"201","138","155","326","3","00:13:33","208","268","Non quality blocked","Wrist","26330"
"84","138","155","326","3","00:13:44","171","154","Non quality blocked","Wrist","26331"
"13","83","28","326","3","00:16:05","443","257","Non quality blocked","Wrist","26332"
"98","17","155","326","3","00:18:45","187","73","Non quality blocked","Wrist","26333"
"84","293","155","326","3","00:18:53","204","232","Non quality blocked","Wrist","26334"
"34","98","28","326","OT1","00:03:49","147","142","Non quality blocked","Wrist","26335"
"236","129","59","327","1","00:00:58","393","271","Non quality blocked","Wrist","26336"
"236","161","59","327","1","00:01:21","431","280","Non quality blocked","Wrist","26337"
"247","129","59","327","1","00:01:50","420","230","Non quality blocked","Wrist","26338"
"102","89","59","327","1","00:03:10","544","175","Quality blocked","Wrist","26339"
"236","180","59","327","1","00:06:09","395","175","Non quality blocked","Wrist","26340"
"236","248","59","327","1","00:06:15","387","279","Non quality blocked","Wrist","26341"
"25","11","59","327","1","00:07:35","487","190","Quality blocked","Wrist","26342"
"264","50","59","327","1","00:08:10","453","205","Non quality blocked","Wrist","26343"
"11","188","166","327","1","00:10:06","203","134","Non quality blocked","Wrist","26344"
"23","50","59","327","1","00:10:39","447","92","Non quality blocked","Backhand","26345"
"11","23","166","327","1","00:12:48","169","129","Non quality blocked","Wrist","26346"
"20","50","59","327","1","00:15:50","508","55","Non quality blocked","Wrist","26347"
"11","24","166","327","2","00:01:45","122","25","Non quality blocked","Wrist","26348"
"180","191","166","327","2","00:02:12","170","212","Non quality blocked","Slap","26349"
"189","11","59","327","2","00:04:04","484","245","Non quality blocked","Wrist","26350"
"180","20","166","327","2","00:04:36","209","112","Non quality blocked","Wrist","26351"
"191","221","59","327","2","00:04:55","486","79","Quality blocked","Wrist","26352"
"191","321","59","327","2","00:05:15","471","60","Non quality blocked","Wrist","26353"
"161","24","166","327","2","00:06:05","125","288","Non quality blocked","Wrist","26354"
"209","24","166","327","2","00:06:29","58","179","Quality blocked","Wrist","26355"
"169","189","166","327","2","00:07:05","216","281","Non quality blocked","Wrist","26356"
"89","188","166","327","2","00:16:49","129","125","Quality blocked","Wrist","26357"
"310","90","166","327","2","00:18:45","128","80","Quality blocked","Default","26358"
"252","24","166","327","3","00:00:11","46","29","Non quality blocked","Wrist","26359"
"236","220","59","327","3","00:01:19","487","201","Quality blocked","Wrist","26360"
"24","75","59","327","3","00:04:08","473","92","Quality blocked","Wrist","26361"
"129","90","166","327","3","00:06:54","175","260","Non quality blocked","Wrist","26362"
"25","114","59","327","3","00:10:47","456","83","Non quality blocked","Wrist","26363"
"126","129","59","327","3","00:11:57","468","197","Quality blocked","Wrist","26364"
"90","169","59","327","3","00:17:31","512","227","Non quality blocked","Default","26365"
"75","24","166","327","3","00:18:29","164","292","Non quality blocked","Snap","26366"
"75","21","166","327","OT1","00:00:18","142","99","Quality blocked","Wrist","26367"
"99","301","59","211","1","00:09:40","401","178","Non quality blocked","Snap","66058"
"142","310","59","211","1","00:13:37","442","132","Non quality blocked","Wrist","66061"
"306","71","222","215","1","00:11:07","457","99","Quality blocked","Default","66165"
"306","219","222","215","2","00:15:55","453","57","Non quality blocked","Default","66173"
"20","294","155","216","1","00:17:03","475","89","Quality blocked","Default","66195"
"229","301","64","217","2","00:05:41","180","171","Non quality blocked","Snap","66226"
"255","301","59","220","2","00:04:28","180","57","Non quality blocked","Wrist","66272"
"252","182","6","220","2","00:09:06","389","260","Non quality blocked","Wrist","66274"
"16","301","59","220","3","00:10:28","109","171","Quality blocked","Wrist","66279"
"204","294","250","221","1","00:02:16","445","69","Non quality blocked","Wrist","66285"
"294","60","228","221","1","00:04:13","55","201","Non quality blocked","Wrist","66287"
"204","196","250","221","1","00:04:53","477","197","Quality blocked","Wrist","66289"
"245","49","250","221","1","00:17:05","433","107","Non quality blocked","Wrist","66294"
"230","208","250","221","2","00:06:06","549","118","Non quality blocked","Wrist","66301"
"285","208","250","221","2","00:06:22","539","176","Quality blocked","Wrist","66302"
"205","36","250","221","2","00:07:58","484","80","Quality blocked","Wrist","66303"
"294","229","228","221","2","00:15:22","97","153","Quality blocked","Default","66304"
"205","138","250","221","2","00:18:04","523","46","Non quality blocked","Default","66306"
"245","99","250","221","2","00:18:06","539","183","Quality blocked","Wrist","66307"
"295","280","228","221","2","00:18:47","159","213","Non quality blocked","Wrist","66308"
"9","224","250","221","2","00:19:48","501","156","Quality blocked","Backhand","66309"
"280","2","250","221","3","00:08:13","526","118","Quality blocked","Backhand","66317"
"245","99","250","221","3","00:15:24","489","171","Quality blocked","Wrist","66320"
"206","0","59","223","1","00:02:49","386","243","Non quality blocked","Default","66350"
"207","301","59","223","2","00:08:12","404","114","Non quality blocked","Default","66356"
"252","47","228","223","3","00:02:41","165","165","Non quality blocked","Wrist","66360"
"252","38","222","226","3","00:07:55","126","79","Quality blocked","Wrist","66424"
"219","310","64","226","3","00:08:41","422","80","Non quality blocked","Wrist","66425"
"221","196","250","229","1","00:00:22","434","117","Non quality blocked","Wrist","66501"
"108","181","250","229","1","00:01:16","444","152","Non quality blocked","Wrist","66502"
"38","237","250","229","1","00:03:20","449","116","Non quality blocked","Wrist","66503"
"58","91","250","229","1","00:03:44","463","231","Non quality blocked","Default","66504"
"220","224","250","229","1","00:05:23","400","93","Non quality blocked","Snap","66505"
"219","224","250","229","1","00:10:21","385","71","Non quality blocked","Wrist","66509"
"239","210","250","229","1","00:13:38","422","237","Non quality blocked","Wrist","66510"
"241","62","250","229","1","00:13:58","502","167","Quality blocked","Wrist","66511"
"101","99","250","229","1","00:16:54","445","232","Non quality blocked","Wrist","66512"
"219","2","250","229","1","00:17:15","438","70","Non quality blocked","Wrist","66513"
"220","99","250","229","2","00:01:46","467","71","Non quality blocked","Wrist","66516"
"58","196","250","229","2","00:08:15","433","110","Non quality blocked","Wrist","66517"
"88","36","250","229","2","00:09:44","437","129","Non quality blocked","Wrist","66518"
"108","181","250","229","2","00:10:04","431","186","Non quality blocked","Wrist","66519"
"239","196","250","229","2","00:18:56","495","111","Quality blocked","Wrist","66523"
"295","242","238","229","2","00:19:13","174","145","Non quality blocked","Wrist","66524"
"242","34","250","229","3","00:02:00","397","160","Non quality blocked","Slap","66526"
"58","2","250","229","3","00:05:22","444","117","Non quality blocked","Snap","66527"
"291","38","238","229","3","00:05:43","179","232","Non quality blocked","Wrist","66528"
"88","196","250","229","3","00:06:59","513","118","Quality blocked","Wrist","66529"
"221","2","250","229","3","00:08:40","505","183","Quality blocked","Snap","66530"
"239","138","250","229","3","00:11:28","553","116","Non quality blocked","Wrist","66533"
"239","99","250","229","3","00:17:08","414","208","Non quality blocked","Wrist","66535"
"239","99","250","229","3","00:17:17","457","145","Quality blocked","Wrist","66536"
"241","237","250","229","3","00:19:49","395","266","Non quality blocked","Wrist","66538"
"310","98","48","231","1","00:10:37","119","229","Non quality blocked","Wrist","66557"
"306","83","48","231","2","00:04:12","108","199","Quality blocked","Wrist","66565"
"61","301","59","231","2","00:14:21","405","251","Non quality blocked","Default","66570"
"246","237","155","234","1","00:13:26","386","127","Non quality blocked","Wrist","66641"
"13","0","41","234","3","00:12:16","197","45","Non quality blocked","Default","66668"
"272","99","250","236","1","00:01:39","441","75","Non quality blocked","Default","66695"
"253","99","250","236","1","00:06:44","533","66","Non quality blocked","Wrist","66697"
"98","203","250","236","1","00:16:42","465","62","Non quality blocked","Tip","66703"
"61","49","250","236","1","00:18:06","496","147","Quality blocked","Wrist","66704"
"5","91","250","236","1","00:18:14","528","124","Quality blocked","Wrist","66705"
"79","49","250","236","1","00:18:42","481","120","Quality blocked","Wrist","66706"
"79","224","250","236","2","00:01:22","435","53","Non quality blocked","Wrist","66708"
"84","36","250","236","2","00:01:28","397","192","Non quality blocked","Wrist","66709"
"253","138","250","236","2","00:02:44","423","54","Non quality blocked","Wrist","66711"
"4","99","250","236","2","00:03:52","514","143","Quality blocked","Backhand","66712"
"5","2","250","236","2","00:03:59","425","65","Non quality blocked","Wrist","66713"
"83","138","250","236","2","00:04:25","438","251","Non quality blocked","Wrist","66714"
"31","13","250","236","2","00:05:08","390","24","Non quality blocked","Wrist","66715"
"61","62","250","236","2","00:10:19","500","47","Non quality blocked","Wrist","66716"
"42","49","250","236","2","00:16:29","442","99","Non quality blocked","Wrist","66717"
"98","196","250","236","2","00:17:08","525","140","Quality blocked","Slap","66718"
"32","203","250","236","2","00:18:26","528","145","Quality blocked","Default","66719"
"31","203","250","236","2","00:19:03","505","94","Quality blocked","Wrist","66720"
"61","62","250","236","3","00:04:52","539","179","Quality blocked","Backhand","66723"
"32","210","250","236","3","00:08:50","449","119","Non quality blocked","Wrist","66724"
"51","2","250","236","3","00:13:41","405","245","Non quality blocked","Snap","66725"
"253","138","250","236","3","00:14:29","433","69","Non quality blocked","Snap","66726"
"31","196","250","236","3","00:15:11","512","89","Quality blocked","Wrist","66727"
"98","208","250","236","3","00:16:24","529","141","Quality blocked","Wrist","66728"
"274","138","250","236","3","00:17:05","483","242","Non quality blocked","Wrist","66729"
"31","196","250","236","3","00:17:46","435","163","Non quality blocked","Wrist","66730"
"42","138","250","236","3","00:18:08","456","67","Non quality blocked","Wrist","66731"
"252","195","123","239","2","00:19:08","152","223","Non quality blocked","Wrist","66795"
"188","301","59","239","2","00:19:44","424","35","Non quality blocked","Snap","66797"
"247","301","59","239","3","00:03:29","483","157","Quality blocked","Default","66798"
"245","99","250","240","1","00:01:50","501","104","Quality blocked","Default","66808"
"47","203","250","240","1","00:07:31","503","99","Quality blocked","Wrist","66810"
"30","203","250","240","1","00:13:22","444","185","Non quality blocked","Slap","66811"
"205","99","250","240","2","00:01:30","129","237","Non quality blocked","Default","66812"
"207","142","250","240","2","00:02:51","429","52","Non quality blocked","Snap","66813"
"40","196","250","240","2","00:08:17","143","158","Quality blocked","Default","66814"
"229","196","250","240","2","00:12:11","117","157","Quality blocked","Default","66817"
"87","196","250","240","2","00:15:32","105","194","Quality blocked","Wrist","66818"
"40","203","250","240","2","00:18:45","525","103","Quality blocked","Wrist","66819"
"87","210","250","240","3","00:05:40","193","61","Non quality blocked","Snap","66820"
"229","203","250","240","3","00:15:37","190","201","Non quality blocked","Wrist","66823"
"249","306","59","242","1","00:03:20","130","172","Quality blocked","Default","66847"
"252","230","228","242","1","00:09:07","426","205","Non quality blocked","Default","66850"
"252","229","228","242","3","00:18:10","489","54","Non quality blocked","Default","66870"
"208","0","211","245","1","00:07:45","495","93","Quality blocked","Wrist","66913"
"56","0","155","245","1","00:09:02","145","222","Non quality blocked","Wrist","66914"
"68","294","155","245","3","00:09:14","164","103","Non quality blocked","Wrist","66936"
"306","149","6","246","2","00:12:23","474","64","Non quality blocked","Wrist","66958"
"252","255","6","246","3","00:03:10","470","220","Quality blocked","Wrist","66961"
"246","252","59","246","3","00:18:53","84","89","Quality blocked","Wrist","66967"
"301","289","222","249","2","00:06:02","525","187","Quality blocked","Default","67048"
"252","219","222","249","2","00:15:42","495","115","Quality blocked","Default","67050"
"71","252","64","249","2","00:18:47","103","46","Non quality blocked","Default","67051"
"305","220","222","249","3","00:19:47","422","266","Non quality blocked","Default","67061"
"78","294","155","250","3","00:02:36","96","185","Quality blocked","Wrist","67078"
"236","138","250","252","1","00:05:24","195","123","Non quality blocked","Wrist","67111"
"264","295","250","252","2","00:16:20","216","106","Non quality blocked","Slap","67122"
"237","23","123","252","2","00:17:48","482","155","Quality blocked","Wrist","67123"
"162","49","250","252","3","00:05:12","177","247","Non quality blocked","Wrist","67125"
"188","91","250","252","3","00:06:03","154","225","Non quality blocked","Wrist","67126"
"167","196","250","252","3","00:09:45","205","95","Non quality blocked","Wrist","67128"
"23","237","250","252","3","00:10:58","124","248","Non quality blocked","Wrist","67129"
"189","2","250","252","3","00:16:34","128","91","Quality blocked","Wrist","67130"
"167","294","250","252","3","00:18:32","105","211","Quality blocked","Wrist","67131"
"269","294","250","252","3","00:18:49","114","213","Quality blocked","Wrist","67132"
"236","2","250","252","3","00:19:58","201","101","Non quality blocked","Wrist","67133"
"252","39","28","253","2","00:18:49","455","131","Non quality blocked","Wrist","67152"
"305","51","28","253","3","00:10:26","401","251","Non quality blocked","Wrist","67156"
"316","305","59","257","1","00:02:02","89","111","Quality blocked","Wrist","67240"
"56","305","59","257","1","00:07:07","118","185","Quality blocked","Wrist","67242"
"63","252","59","257","3","00:00:44","90","184","Quality blocked","Default","67257"
"305","244","211","257","3","00:08:51","396","277","Non quality blocked","Wrist","67260"
"42","0","228","258","1","00:03:46","525","216","Non quality blocked","Default","67261"
"237","246","6","259","2","00:08:45","53","105","Non quality blocked","Wrist","67298"
"63","294","155","261","1","00:13:15","453","117","Non quality blocked","Wrist","67357"
"294","76","211","261","2","00:12:43","204","20","Non quality blocked","Wrist","67364"
"100","294","155","261","2","00:13:49","508","147","Quality blocked","Default","67367"
"244","294","155","261","2","00:14:12","537","160","Quality blocked","Backhand","67368"
"200","294","155","261","3","00:13:32","401","228","Non quality blocked","Slap","67377"
"294","316","211","261","3","00:13:51","187","178","Non quality blocked","Wrist","67378"
"316","294","155","261","3","00:17:44","422","104","Non quality blocked","Wrist","67380"
"56","310","64","263","1","00:06:42","527","20","Non quality blocked","Wrist","67418"
"56","305","64","263","2","00:09:10","513","68","Non quality blocked","Wrist","67432"
"63","305","64","263","2","00:14:39","498","129","Quality blocked","Wrist","67438"
"310","74","85","263","3","00:14:32","197","258","Non quality blocked","Wrist","67445"
"142","305","59","266","2","00:06:34","169","160","Non quality blocked","Wrist","67486"
"252","196","250","266","2","00:08:20","460","181","Quality blocked","Wrist","67488"
"209","2","250","266","2","00:08:56","511","120","Quality blocked","Default","67489"
"305","142","250","266","2","00:09:26","412","238","Non quality blocked","Wrist","67490"
"11","2","250","266","2","00:16:30","513","155","Quality blocked","Wrist","67493"
"75","2","250","266","2","00:16:40","559","168","Non quality blocked","Default","67494"
"223","294","155","268","2","00:16:14","111","231","Non quality blocked","Default","67534"
"38","36","6","338","1","00:01:28","416","193","Non quality blocked","Slap","68880"
"78","71","222","338","1","00:19:26","189","135","Non quality blocked","Slap","68881"
"246","242","222","338","2","00:00:20","168","195","Non quality blocked","Wrist","68882"
"71","256","6","338","2","00:03:39","425","70","Non quality blocked","Slap","68883"
"12","88","222","338","2","00:08:05","164","84","Non quality blocked","Wrist","68884"
"223","78","6","338","2","00:14:50","423","26","Non quality blocked","Wrist","68885"
"115","256","6","338","2","00:16:28","440","168","Non quality blocked","Wrist","68886"
"223","15","6","338","2","00:17:52","390","61","Non quality blocked","Wrist","68887"
"241","255","6","338","3","00:00:45","407","128","Non quality blocked","Wrist","68888"
"241","259","6","338","3","00:01:28","445","233","Non quality blocked","Snap","68889"
"71","149","6","338","3","00:02:47","418","137","Non quality blocked","Wrist","68890"
"246","101","222","338","3","00:07:33","195","170","Non quality blocked","Snap","68891"
"192","182","6","338","3","00:09:06","471","81","Quality blocked","Default","68892"
"12","53","222","338","3","00:19:13","270","269","Non quality blocked","Default","68893"
"246","58","222","339","1","00:08:18","177","153","Non quality blocked","Default","68894"
"57","246","6","339","1","00:11:03","530","88","Non quality blocked","Default","68895"
"243","289","222","339","1","00:14:01","133","199","Quality blocked","Wrist","68896"
"115","254","6","339","1","00:16:38","440","249","Non quality blocked","Default","68897"
"12","72","222","339","1","00:18:53","81","202","Quality blocked","Wrist","68898"
"72","246","6","339","2","00:01:14","396","149","Non quality blocked","Wrist","68899"
"182","223","222","339","2","00:02:58","195","220","Non quality blocked","Wrist","68900"
"12","217","222","339","2","00:04:58","174","217","Non quality blocked","Slap","68901"
"246","71","222","339","2","00:05:15","154","110","Non quality blocked","Wrist","68902"
"223","255","6","339","2","00:09:04","470","233","Non quality blocked","Snap","68903"
"223","183","6","339","2","00:09:22","403","117","Non quality blocked","Slap","68904"
"242","18","6","339","2","00:13:39","492","63","Non quality blocked","Wrist","68905"
"72","214","6","339","2","00:14:16","460","51","Non quality blocked","Default","68906"
"12","58","222","339","3","00:03:30","182","256","Non quality blocked","Wrist","68907"
"15","71","222","339","3","00:08:59","157","240","Non quality blocked","Wrist","68908"
"243","289","222","339","3","00:11:31","133","158","Quality blocked","Wrist","68909"
"214","192","222","339","3","00:12:31","188","90","Non quality blocked","Wrist","68910"
"223","1","6","339","3","00:14:35","408","57","Non quality blocked","Slap","68911"
"16","223","222","339","3","00:17:35","169","187","Non quality blocked","Slap","68912"
"246","223","222","339","3","00:18:02","203","153","Non quality blocked","Wrist","68913"
"253","24","123","340","1","00:04:24","78","264","Non quality blocked","Wrist","68914"
"98","24","123","340","1","00:05:17","188","137","Non quality blocked","Wrist","68915"
"264","39","28","340","1","00:07:05","407","238","Non quality blocked","Wrist","68916"
"39","24","123","340","1","00:09:34","153","71","Non quality blocked","Wrist","68917"
"31","23","123","340","1","00:10:03","69","225","Non quality blocked","Wrist","68918"
"84","167","123","340","1","00:11:39","97","279","Non quality blocked","Wrist","68919"
"79","126","123","340","1","00:14:09","195","38","Non quality blocked","Wrist","68920"
"51","126","123","340","1","00:14:50","206","90","Non quality blocked","Wrist","68921"
"236","253","28","340","1","00:15:21","466","49","Non quality blocked","Snap","68922"
"84","25","123","340","1","00:19:09","213","277","Non quality blocked","Snap","68923"
"21","79","28","340","1","00:19:38","473","279","Non quality blocked","Snap","68924"
"31","189","123","340","1","00:19:52","208","39","Non quality blocked","Snap","68925"
"188","98","28","340","2","00:01:18","381","87","Non quality blocked","Default","68926"
"32","167","123","340","2","00:03:58","131","47","Non quality blocked","Wrist","68927"
"42","167","123","340","2","00:04:13","103","48","Non quality blocked","Wrist","68928"
"247","79","28","340","2","00:04:46","501","149","Quality blocked","Wrist","68929"
"24","61","28","340","2","00:05:33","381","213","Non quality blocked","Slap","68930"
"23","79","28","340","2","00:06:48","513","68","Non quality blocked","Snap","68931"
"21","83","28","340","2","00:07:06","428","180","Non quality blocked","Wrist","68932"
"188","61","28","340","2","00:08:17","428","50","Non quality blocked","Wrist","68933"
"37","253","28","340","2","00:10:32","465","218","Quality blocked","Snap","68934"
"189","51","28","340","2","00:10:53","562","99","Non quality blocked","Default","68935"
"247","5","28","340","2","00:15:25","515","162","Quality blocked","Wrist","68936"
"21","201","28","340","2","00:16:24","471","207","Quality blocked","Snap","68937"
"31","23","123","340","3","00:01:47","203","206","Non quality blocked","Slap","68938"
"61","167","123","340","3","00:03:59","45","132","Quality blocked","Wrist","68939"
"201","188","123","340","3","00:07:06","118","155","Quality blocked","Wrist","68940"
"42","21","123","340","3","00:11:01","81","127","Quality blocked","Backhand","68941"
"84","21","123","340","3","00:11:24","212","239","Non quality blocked","Wrist","68942"
"4","236","123","340","3","00:13:07","201","270","Non quality blocked","Wrist","68943"
"167","199","28","340","3","00:18:25","391","264","Non quality blocked","Snap","68944"
"236","42","28","340","3","00:19:24","389","185","Non quality blocked","Snap","68945"
"274","24","123","340","OT1","00:02:32","165","170","Non quality blocked","Snap","68946"
"25","84","28","341","1","00:00:55","470","237","Non quality blocked","Wrist","68947"
"5","191","123","341","1","00:05:43","212","278","Non quality blocked","Wrist","68948"
"84","25","123","341","1","00:06:07","184","267","Non quality blocked","Default","68949"
"23","51","28","341","1","00:09:08","514","104","Quality blocked","Wrist","68950"
"79","167","123","341","1","00:11:00","165","117","Non quality blocked","Slap","68951"
"83","126","123","341","1","00:12:33","197","63","Non quality blocked","Slap","68952"
"5","188","123","341","1","00:12:53","160","126","Non quality blocked","Wrist","68953"
"253","24","123","341","1","00:14:07","183","251","Non quality blocked","Snap","68954"
"21","253","28","341","1","00:14:27","428","280","Non quality blocked","Wrist","68955"
"32","191","123","341","1","00:17:28","150","194","Non quality blocked","Wrist","68956"
"21","79","28","341","2","00:00:58","471","151","Quality blocked","Wrist","68957"
"60","98","28","341","2","00:01:30","502","109","Quality blocked","Wrist","68958"
"25","253","28","341","2","00:02:49","458","175","Quality blocked","Wrist","68959"
"21","31","28","341","2","00:04:24","495","220","Quality blocked","Wrist","68960"
"32","191","123","341","2","00:09:04","95","252","Non quality blocked","Snap","68961"
"37","5","28","341","2","00:11:07","477","103","Quality blocked","Wrist","68962"
"32","188","123","341","2","00:12:21","180","116","Non quality blocked","Slap","68963"
"84","25","123","341","2","00:14:10","99","223","Quality blocked","Wrist","68964"
"21","42","28","341","2","00:16:07","527","211","Non quality blocked","Wrist","68965"
"264","79","28","341","2","00:17:10","467","163","Quality blocked","Wrist","68966"
"4","167","123","341","2","00:19:44","149","275","Non quality blocked","Wrist","68967"
"128","188","123","341","2","00:19:52","149","160","Non quality blocked","Wrist","68968"
"157","24","123","341","3","00:06:09","120","148","Quality blocked","Wrist","68969"
"42","24","123","341","3","00:07:02","122","147","Quality blocked","Tip","68970"
"236","157","28","341","3","00:08:58","465","244","Non quality blocked","Wrist","68971"
"21","83","28","341","3","00:09:28","485","86","Quality blocked","Wrist","68972"
"24","253","28","341","3","00:09:46","496","229","Non quality blocked","Wrist","68973"
"60","98","28","341","3","00:12:59","393","135","Non quality blocked","Wrist","68974"
"24","84","28","341","3","00:13:58","390","95","Non quality blocked","Wrist","68975"
"253","191","123","341","3","00:14:34","207","271","Non quality blocked","Wrist","68976"
"201","236","123","341","3","00:15:11","149","158","Non quality blocked","Wrist","68977"
"167","253","28","341","3","00:18:00","420","273","Non quality blocked","Wrist","68978"
"51","23","123","341","OT1","00:02:01","207","201","Non quality blocked","Slap","68979"
"84","25","123","341","OT1","00:02:40","198","260","Non quality blocked","Wrist","68980"
"32","236","123","341","OT1","00:02:45","144","232","Non quality blocked","Wrist","68981"
"32","23","123","341","OT1","00:03:24","204","21","Non quality blocked","Wrist","68982"
"253","24","123","341","OT1","00:03:51","219","251","Non quality blocked","Wrist","68983"
"35","23","123","341","OT1","00:06:26","108","225","Quality blocked","Wrist","68984"
"32","24","123","341","OT1","00:08:08","102","225","Quality blocked","Wrist","68985"
"84","247","123","341","OT1","00:14:34","189","231","Non quality blocked","Wrist","68986"
"21","84","28","341","OT1","00:16:07","445","161","Non quality blocked","Wrist","68987"
"21","5","28","341","OT1","00:19:27","520","187","Quality blocked","Wrist","68988"
"264","201","28","341","OT2","00:01:59","399","270","Non quality blocked","Slap","68989"
"79","20","123","341","OT2","00:02:45","201","102","Non quality blocked","Wrist","68990"
"247","83","28","341","OT2","00:03:57","488","95","Quality blocked","Snap","68991"
"21","83","28","341","OT2","00:13:39","511","246","Non quality blocked","Wrist","68992"
"188","83","28","341","OT2","00:13:49","503","92","Quality blocked","Wrist","68993"
"32","24","123","341","OT2","00:17:11","168","158","Non quality blocked","Wrist","68994"
"83","263","123","341","OT2","00:18:29","194","115","Non quality blocked","Wrist","68995"
"167","42","28","342","1","00:00:23","111","112","Quality blocked","Wrist","68996"
"236","61","28","342","1","00:03:53","213","65","Non quality blocked","Wrist","68997"
"79","236","123","342","1","00:15:33","393","253","Non quality blocked","Snap","68998"
"42","24","123","342","1","00:16:54","442","93","Non quality blocked","Default","68999"
"188","98","28","342","2","00:01:22","210","179","Non quality blocked","Wrist","69000"
"201","60","123","342","2","00:02:24","496","141","Quality blocked","Wrist","69001"
"83","60","123","342","2","00:08:00","474","196","Quality blocked","Wrist","69002"
"4","102","123","342","2","00:10:22","528","105","Quality blocked","Wrist","69003"
"126","5","28","342","2","00:12:34","119","97","Quality blocked","Wrist","69004"
"42","190","123","342","2","00:14:41","539","107","Non quality blocked","Wrist","69005"
"167","31","28","342","2","00:15:16","53","112","Non quality blocked","Backhand","69006"
"21","128","28","342","2","00:16:11","192","77","Non quality blocked","Wrist","69007"
"25","51","28","342","2","00:19:38","167","214","Non quality blocked","Wrist","69008"
"247","253","28","342","2","00:20:00","123","195","Quality blocked","Wrist","69009"
"84","25","123","342","3","00:00:55","427","230","Non quality blocked","Slap","69010"
"83","189","123","342","3","00:01:45","423","139","Non quality blocked","Snap","69011"
"60","39","28","342","3","00:05:30","155","197","Non quality blocked","Wrist","69012"
"264","35","28","342","3","00:11:48","132","235","Non quality blocked","Wrist","69013"
"236","201","28","342","3","00:12:23","162","125","Non quality blocked","Wrist","69014"
"236","31","28","342","3","00:12:35","213","147","Non quality blocked","Slap","69015"
"201","167","123","342","3","00:12:54","413","90","Non quality blocked","Wrist","69016"
"188","128","28","342","3","00:15:43","161","250","Non quality blocked","Wrist","69017"
"167","42","28","342","3","00:16:57","161","71","Non quality blocked","Wrist","69018"
"236","51","28","342","3","00:17:32","141","150","Quality blocked","Wrist","69019"
"24","83","28","342","3","00:18:32","135","244","Non quality blocked","Wrist","69020"
"236","79","28","342","3","00:18:40","198","72","Non quality blocked","Wrist","69021"
"72","255","6","343","1","00:01:09","192","219","Non quality blocked","Default","69022"
"255","53","222","343","1","00:06:14","421","34","Non quality blocked","Default","69023"
"259","38","222","343","1","00:09:52","471","167","Quality blocked","Default","69024"
"15","242","222","343","1","00:17:07","500","129","Quality blocked","Default","69025"
"71","246","6","343","1","00:18:19","208","111","Non quality blocked","Default","69026"
"212","289","222","343","2","00:03:48","488","117","Quality blocked","Default","69027"
"185","192","222","343","2","00:05:40","393","35","Non quality blocked","Default","69028"
"255","53","222","343","2","00:11:06","448","225","Non quality blocked","Default","69029"
"15","115","222","343","2","00:11:31","540","219","Non quality blocked","Default","69030"
"246","101","222","343","2","00:19:33","437","245","Non quality blocked","Default","69031"
"289","246","6","343","3","00:04:29","146","27","Non quality blocked","Default","69032"
"71","149","6","343","3","00:06:34","203","33","Non quality blocked","Default","69033"
"243","289","222","343","3","00:14:42","495","126","Quality blocked","Default","69034"
"72","185","6","343","3","00:15:47","141","225","Quality blocked","Default","69035"
"255","289","222","343","3","00:18:40","438","207","Non quality blocked","Default","69036"
"246","53","222","344","1","00:02:48","405","255","Non quality blocked","Default","69037"
"256","219","222","344","1","00:03:57","507","32","Non quality blocked","Default","69038"
"57","15","6","344","1","00:08:13","151","25","Non quality blocked","Default","69039"
"101","185","6","344","1","00:11:49","182","122","Non quality blocked","Default","69040"
"78","223","222","344","1","00:16:46","495","43","Non quality blocked","Default","69041"
"118","183","6","344","2","00:02:00","192","241","Non quality blocked","Default","69042"
"256","38","222","344","2","00:05:01","428","251","Non quality blocked","Default","69043"
"36","242","222","344","2","00:05:55","456","71","Non quality blocked","Default","69044"
"182","241","222","344","2","00:15:12","459","285","Non quality blocked","Default","69045"
"12","101","222","344","3","00:00:41","395","207","Non quality blocked","Default","69046"
"12","101","222","344","3","00:03:22","412","209","Non quality blocked","Default","69047"
"12","223","222","344","3","00:05:23","400","102","Non quality blocked","Default","69048"
"71","259","6","344","3","00:06:08","207","42","Non quality blocked","Default","69049"
"242","36","6","344","3","00:09:43","201","21","Non quality blocked","Default","69050"
"259","219","222","344","3","00:17:53","508","99","Quality blocked","Default","69051"
"71","36","6","344","OT1","00:08:30","189","30","Non quality blocked","Default","69052"
"15","118","222","344","OT1","00:15:07","390","58","Non quality blocked","Default","69053"
"12","57","222","344","OT1","00:15:42","408","235","Non quality blocked","Default","69054"
"201","264","123","345","1","00:07:40","496","184","Quality blocked","Snap","69055"
"24","79","28","345","1","00:09:46","141","209","Quality blocked","Wrist","69056"
"31","60","123","345","1","00:10:09","442","81","Non quality blocked","Default","69057"
"25","84","28","345","1","00:18:38","110","158","Quality blocked","Wrist","69058"
"24","5","28","345","2","00:06:13","87","109","Quality blocked","Snap","69059"
"84","247","123","345","2","00:08:25","430","57","Non quality blocked","Wrist","69060"
"98","24","123","345","2","00:18:43","411","153","Non quality blocked","Wrist","69061"
"4","24","123","345","3","00:01:48","488","242","Non quality blocked","Wrist","69062"
"61","188","123","345","3","00:03:14","457","221","Quality blocked","Wrist","69063"
"37","4","28","345","3","00:06:25","165","137","Non quality blocked","Wrist","69064"
"21","199","28","345","3","00:07:18","147","153","Non quality blocked","Wrist","69065"
"79","189","123","345","3","00:12:51","396","227","Non quality blocked","Wrist","69066"
"84","191","123","345","3","00:12:55","434","79","Non quality blocked","Wrist","69067"
"236","32","28","345","3","00:13:21","190","212","Non quality blocked","Wrist","69068"
"4","189","123","345","3","00:15:43","442","32","Non quality blocked","Wrist","69069"
"32","24","123","345","3","00:17:19","440","258","Non quality blocked","Snap","69070"
"83","126","123","345","3","00:18:05","436","111","Non quality blocked","Slap","69071"
"188","32","28","347","1","00:00:29","389","149","Non quality blocked","Wrist","69072"
"39","167","123","347","1","00:05:45","174","65","Non quality blocked","Wrist","69073"
"253","167","123","347","1","00:08:56","205","218","Non quality blocked","Wrist","69074"
"253","191","123","347","1","00:10:31","216","133","Non quality blocked","Slap","69075"
"60","274","28","347","1","00:16:21","385","213","Non quality blocked","Snap","69076"
"247","253","28","347","1","00:17:33","496","241","Non quality blocked","Wrist","69077"
"236","31","28","347","1","00:19:10","387","84","Non quality blocked","Snap","69078"
"189","61","28","347","1","00:19:59","524","170","Quality blocked","Backhand","69079"
"42","24","123","347","2","00:07:03","68","33","Non quality blocked","Wrist","69080"
"20","39","28","347","2","00:09:06","527","110","Quality blocked","Tip","69081"
"102","253","28","347","2","00:09:41","531","58","Non quality blocked","Snap","69082"
"25","83","28","347","2","00:16:11","453","179","Non quality blocked","Snap","69083"
"188","128","28","347","2","00:16:29","382","95","Non quality blocked","Snap","69084"
"60","5","28","347","2","00:18:34","391","91","Non quality blocked","Wrist","69085"
"61","236","123","347","3","00:01:21","172","243","Non quality blocked","Backhand","69086"
"60","199","28","347","3","00:04:11","387","255","Non quality blocked","Snap","69087"
"236","98","28","347","3","00:04:34","459","56","Non quality blocked","Wrist","69088"
"24","32","28","347","3","00:05:11","386","257","Non quality blocked","Snap","69089"
"84","25","123","347","3","00:06:07","218","247","Non quality blocked","Snap","69090"
"24","42","28","347","3","00:10:11","439","10","Non quality blocked","Wrist","69091"
"167","128","28","347","3","00:10:19","390","279","Non quality blocked","Snap","69092"
"60","98","28","347","3","00:14:32","386","192","Non quality blocked","Wrist","69093"
"167","5","28","347","3","00:17:39","389","244","Non quality blocked","Snap","69094"
"24","31","28","347","3","00:18:33","443","85","Non quality blocked","Wrist","69095"
"236","253","28","347","3","00:19:20","385","147","Non quality blocked","Snap","69096"
"236","83","28","347","3","00:19:48","387","143","Non quality blocked","Snap","69097"
"242","199","28","348","1","00:05:47","198","87","Non quality blocked","Default","69098"
"98","219","222","348","1","00:08:08","438","98","Non quality blocked","Default","69099"
"4","241","222","348","1","00:09:11","391","213","Non quality blocked","Default","69100"
"42","88","222","348","1","00:13:15","497","80","Quality blocked","Default","69101"
"84","223","222","348","1","00:14:48","403","162","Non quality blocked","Default","69102"
"32","240","222","348","1","00:15:54","417","203","Non quality blocked","Default","69103"
"84","57","222","348","1","00:17:31","486","219","Quality blocked","Default","69104"
"71","31","28","348","1","00:19:15","193","135","Non quality blocked","Default","69105"
"223","79","28","348","2","00:02:12","185","156","Non quality blocked","Default","69106"
"157","242","222","348","2","00:12:24","472","230","Non quality blocked","Default","69107"
"128","118","222","348","2","00:13:38","513","234","Non quality blocked","Default","69108"
"31","71","222","348","2","00:14:53","507","195","Quality blocked","Default","69109"
"88","98","28","348","2","00:16:07","184","159","Non quality blocked","Default","69110"
"219","32","28","348","2","00:16:52","201","248","Non quality blocked","Default","69111"
"88","79","28","348","3","00:00:48","86","127","Quality blocked","Default","69112"
"242","5","28","348","3","00:04:24","127","261","Non quality blocked","Default","69113"
"241","51","28","348","3","00:04:40","86","241","Non quality blocked","Default","69114"
"31","71","222","348","3","00:05:38","474","168","Quality blocked","Default","69115"
"253","217","222","348","3","00:05:54","419","81","Non quality blocked","Default","69116"
"38","39","28","348","3","00:08:03","189","42","Non quality blocked","Default","69117"
"38","32","28","348","3","00:16:27","198","243","Non quality blocked","Default","69118"
"57","83","28","348","3","00:17:56","136","165","Quality blocked","Default","69119"
"83","286","222","348","3","00:19:39","389","146","Non quality blocked","Default","69120"
"128","88","222","349","1","00:01:47","446","129","Non quality blocked","Default","69121"
"79","88","222","349","1","00:01:58","413","89","Non quality blocked","Default","69122"
"57","79","28","349","1","00:03:26","105","195","Quality blocked","Default","69123"
"79","88","222","349","1","00:05:10","415","240","Non quality blocked","Default","69124"
"219","32","28","349","1","00:06:56","205","27","Non quality blocked","Default","69125"
"57","83","28","349","1","00:15:34","201","237","Non quality blocked","Default","69126"
"242","201","28","349","1","00:19:17","211","30","Non quality blocked","Default","69127"
"253","118","222","349","2","00:01:32","425","131","Non quality blocked","Default","69128"
"240","320","28","349","2","00:06:18","99","108","Quality blocked","Default","69129"
"240","98","28","349","2","00:06:48","179","51","Non quality blocked","Default","69130"
"240","98","28","349","2","00:07:02","132","58","Non quality blocked","Default","69131"
"223","61","28","349","2","00:07:07","191","147","Non quality blocked","Default","69132"
"71","32","28","349","2","00:07:45","194","189","Non quality blocked","Default","69133"
"83","241","222","349","2","00:15:40","441","257","Non quality blocked","Default","69134"
"241","61","28","349","2","00:17:16","173","147","Non quality blocked","Default","69135"
"32","242","222","349","2","00:19:25","448","273","Non quality blocked","Default","69136"
"242","157","28","349","3","00:02:16","207","59","Non quality blocked","Default","69137"
"58","98","28","349","3","00:04:21","164","129","Non quality blocked","Default","69138"
"240","42","28","349","3","00:08:34","213","153","Non quality blocked","Default","69139"
"320","71","0","349","3","00:18:55","518","61","Non quality blocked","Default","69140"
"128","219","0","349","3","00:19:07","505","165","Quality blocked","Default","69141"
"241","83","28","349","3","00:19:37","193","171","Non quality blocked","Default","69142"
"72","253","28","350","1","00:04:43","459","241","Non quality blocked","Snap","69143"
"223","84","28","350","1","00:05:57","402","133","Non quality blocked","Wrist","69144"
"219","42","28","350","1","00:08:28","402","196","Non quality blocked","Wrist","69145"
"58","253","28","350","1","00:11:17","453","165","Non quality blocked","Snap","69146"
"51","241","222","350","1","00:15:15","208","200","Non quality blocked","Wrist","69147"
"289","61","28","350","1","00:16:27","387","263","Non quality blocked","Wrist","69148"
"72","320","28","350","1","00:17:32","462","237","Non quality blocked","Wrist","69149"
"242","31","28","350","1","00:19:20","427","231","Non quality blocked","Wrist","69150"
"286","83","28","350","1","00:19:25","474","159","Quality blocked","Wrist","69151"
"57","5","28","350","2","00:02:50","516","63","Non quality blocked","Wrist","69152"
"32","289","222","350","2","00:04:51","63","68","Non quality blocked","Wrist","69153"
"79","101","222","350","2","00:05:36","187","220","Non quality blocked","Wrist","69154"
"72","83","28","350","2","00:06:30","484","106","Quality blocked","Wrist","69155"
"5","289","222","350","2","00:07:45","154","45","Non quality blocked","Wrist","69156"
"88","79","28","350","2","00:11:47","445","168","Non quality blocked","Wrist","69157"
"71","39","28","350","2","00:13:44","402","127","Non quality blocked","Snap","69158"
"83","57","222","350","2","00:16:19","172","25","Non quality blocked","Wrist","69159"
"32","71","222","350","2","00:18:18","171","219","Non quality blocked","Wrist","69160"
"31","192","222","350","3","00:01:32","162","99","Non quality blocked","Snap","69161"
"58","79","28","350","3","00:02:45","436","166","Non quality blocked","Wrist","69162"
"128","118","222","350","3","00:03:10","105","102","Quality blocked","Wrist","69163"
"83","72","222","350","3","00:03:25","140","144","Quality blocked","Wrist","69164"
"286","320","28","350","3","00:04:58","428","236","Non quality blocked","Wrist","69165"
"241","79","28","350","3","00:08:20","465","241","Non quality blocked","Snap","69166"
"71","83","28","350","3","00:09:52","520","197","Quality blocked","Wrist","69167"
"71","199","28","350","3","00:09:55","399","239","Non quality blocked","Slap","69168"
"31","223","222","350","3","00:13:15","192","261","Non quality blocked","Wrist","69169"
"253","286","222","350","3","00:19:30","149","221","Non quality blocked","Wrist","69170"
"71","51","28","350","OT1","00:00:55","407","149","Non quality blocked","Default","69171"
"118","128","28","350","OT1","00:01:25","451","161","Non quality blocked","Wrist","69172"
"32","223","222","350","OT1","00:02:12","155","79","Non quality blocked","Wrist","69173"
"98","38","222","351","1","00:01:02","176","130","Non quality blocked","Wrist","69174"
"38","274","28","351","1","00:03:09","383","39","Non quality blocked","Wrist","69175"
"84","57","222","351","1","00:04:56","198","274","Non quality blocked","Snap","69176"
"286","79","28","351","1","00:08:01","487","218","Quality blocked","Snap","69177"
"51","58","222","351","1","00:09:03","73","218","Non quality blocked","Wrist","69178"
"88","5","28","351","1","00:12:13","440","243","Non quality blocked","Slap","69179"
"240","32","28","351","1","00:12:20","393","141","Non quality blocked","Snap","69180"
"72","128","28","351","1","00:13:05","395","158","Non quality blocked","Wrist","69181"
"240","253","28","351","1","00:13:40","441","210","Non quality blocked","Snap","69182"
"253","88","222","351","1","00:19:32","123","275","Non quality blocked","Wrist","69183"
"53","253","28","351","2","00:06:41","454","51","Non quality blocked","Wrist","69184"
"223","61","28","351","2","00:09:47","410","14","Non quality blocked","Wrist","69185"
"58","320","28","351","2","00:09:52","515","216","Non quality blocked","Snap","69186"
"84","286","222","351","2","00:11:32","213","242","Non quality blocked","Snap","69187"
"79","53","222","351","2","00:11:38","220","84","Non quality blocked","Snap","69188"
"79","38","222","351","2","00:14:19","202","237","Non quality blocked","Wrist","69189"
"253","58","222","351","2","00:16:59","185","178","Non quality blocked","Wrist","69190"
"286","253","28","351","2","00:17:49","420","230","Non quality blocked","Wrist","69191"
"217","83","28","351","3","00:04:01","513","117","Quality blocked","Snap","69192"
"223","79","28","351","3","00:08:11","405","275","Non quality blocked","Wrist","69193"
"223","31","28","351","3","00:12:14","392","165","Non quality blocked","Wrist","69194"
"79","240","222","351","3","00:13:50","213","81","Non quality blocked","Slap","69195"
"61","286","222","351","3","00:16:30","201","273","Non quality blocked","Snap","69196"
"241","61","28","351","OT1","00:00:54","389","56","Non quality blocked","Wrist","69197"
"38","199","28","351","OT1","00:01:02","393","137","Non quality blocked","Snap","69198"
"79","53","222","351","OT1","00:02:25","111","84","Quality blocked","Snap","69199"
"98","38","222","351","OT1","00:03:30","129","145","Quality blocked","Wrist","69200"
"71","253","28","351","OT1","00:07:55","405","239","Non quality blocked","Snap","69201"
"118","199","28","351","OT1","00:08:33","519","39","Non quality blocked","Default","69202"
"242","199","28","351","OT1","00:11:02","393","20","Non quality blocked","Snap","69203"
"37","0","59","120","3","00:19:35","33","201","Non quality blocked","Wrist","70457"
"110","0","123","147","1","00:14:22","138","82","Quality blocked","Default","71052"
"32","0","155","161","1","00:14:44","158","88","Non quality blocked","Wrist","71363"
"230","31","28","192","1","00:03:17","134","111","Quality blocked","Wrist","72105"
"207","39","28","192","1","00:07:15","119","138","Quality blocked","Wrist","72106"
"230","51","28","192","1","00:10:37","70","114","Quality blocked","Default","72107"
"203","34","41","192","1","00:12:33","489","172","Quality blocked","Default","72108"
"196","44","41","192","1","00:14:00","497","223","Quality blocked","Wrist","72109"
"84","47","41","192","1","00:15:11","512","207","Quality blocked","Wrist","72110"
"44","201","28","192","1","00:17:06","96","153","Quality blocked","Snap","72111"
"98","42","41","192","2","00:10:53","530","113","Quality blocked","Default","72112"
"207","196","28","192","2","00:15:36","95","184","Quality blocked","Default","72113"
"44","51","28","192","2","00:19:00","105","125","Quality blocked","Default","72114"
"87","83","28","192","3","00:06:04","80","107","Quality blocked","Wrist","72115"
"196","230","41","192","3","00:07:08","509","146","Quality blocked","Wrist","72116"
"32","230","41","192","3","00:09:52","523","159","Quality blocked","Snap","72117"
"44","201","28","192","3","00:11:23","63","132","Quality blocked","Slap","72118"
"44","201","28","192","3","00:12:35","62","126","Quality blocked","Default","72119"
"98","47","41","192","3","00:13:15","491","145","Quality blocked","Wrist","72120"
"206","84","28","192","3","00:15:37","78","146","Quality blocked","Wrist","72121"
"230","196","28","192","3","00:16:24","53","121","Non quality blocked","Wrist","72122"
"205","51","28","192","3","00:19:31","88","140","Quality blocked","Wrist","72123"
"25","78","6","193","1","00:06:14","426","149","Non quality blocked","Wrist","72124"
"183","129","22","193","1","00:09:33","92","189","Quality blocked","Wrist","72125"
"180","169","22","193","1","00:10:42","192","136","Non quality blocked","Wrist","72126"
"78","129","22","193","1","00:12:40","165","161","Non quality blocked","Wrist","72127"
"16","188","22","193","1","00:14:49","111","93","Quality blocked","Wrist","72128"
"78","189","22","193","1","00:15:52","124","205","Quality blocked","Wrist","72129"
"12","23","22","193","1","00:16:05","171","170","Non quality blocked","Wrist","72130"
"129","13","186","193","2","00:00:19","508","101","Quality blocked","Snap","72131"
"20","5","186","193","2","00:00:56","495","84","Quality blocked","Wrist","72132"
"25","175","186","193","2","00:02:43","411","221","Non quality blocked","Wrist","72133"
"13","11","22","193","2","00:06:34","129","229","Non quality blocked","Slap","72134"
"167","23","22","193","2","00:10:52","193","158","Non quality blocked","Slap","72135"
"129","12","186","193","2","00:18:34","441","100","Non quality blocked","Wrist","72136"
"12","23","22","193","3","00:00:28","199","220","Non quality blocked","Snap","72137"
"2","21","22","193","3","00:08:00","180","211","Non quality blocked","Wrist","72138"
"5","90","22","193","3","00:09:54","197","148","Non quality blocked","Wrist","72139"
"5","169","22","193","3","00:14:04","208","237","Non quality blocked","Slap","72140"
"190","118","186","193","3","00:19:06","471","250","Non quality blocked","Slap","72141"
"104","5","186","193","3","00:19:37","494","125","Quality blocked","Slap","72142"
"4","56","64","194","1","00:01:55","459","110","Quality blocked","Backhand","72143"
"71","86","64","194","1","00:05:22","392","98","Non quality blocked","Wrist","72144"
"56","220","222","194","1","00:06:34","189","173","Non quality blocked","Snap","72145"
"66","71","222","194","1","00:08:10","168","162","Non quality blocked","Wrist","72146"
"223","65","64","194","1","00:08:24","391","135","Non quality blocked","Wrist","72147"
"221","209","64","194","1","00:15:32","433","80","Non quality blocked","Wrist","72148"
"53","74","64","194","1","00:19:16","464","56","Non quality blocked","Wrist","72149"
"210","62","222","194","1","00:19:59","151","219","Non quality blocked","Snap","72150"
"67","101","222","194","2","00:00:38","199","152","Non quality blocked","Snap","72151"
"208","52","222","194","2","00:01:39","213","231","Non quality blocked","Wrist","72152"
"210","50","222","194","2","00:03:36","147","205","Non quality blocked","Snap","72153"
"224","208","64","194","2","00:04:07","497","207","Quality blocked","Wrist","72154"
"67","101","222","194","2","00:04:26","198","73","Non quality blocked","Wrist","72155"
"223","56","64","194","2","00:06:42","392","249","Non quality blocked","Wrist","72156"
"220","63","64","194","2","00:07:40","422","191","Non quality blocked","Slap","72157"
"57","67","64","194","2","00:08:04","465","154","Quality blocked","Wrist","72158"
"100","50","222","194","2","00:08:31","111","194","Quality blocked","Wrist","72159"
"60","63","64","194","2","00:10:28","390","230","Non quality blocked","Wrist","72160"
"74","220","222","194","2","00:11:33","183","258","Non quality blocked","Wrist","72161"
"60","65","64","194","2","00:13:36","403","60","Non quality blocked","Wrist","72162"
"52","61","64","194","2","00:15:22","390","160","Non quality blocked","Snap","72163"
"220","208","64","194","2","00:16:38","471","152","Quality blocked","Snap","72164"
"88","208","64","194","2","00:17:16","507","181","Quality blocked","Wrist","72165"
"71","210","64","194","2","00:17:50","392","37","Non quality blocked","Wrist","72166"
"223","89","64","194","2","00:19:10","417","34","Non quality blocked","Wrist","72167"
"52","61","64","194","2","00:19:45","386","219","Non quality blocked","Slap","72168"
"73","62","222","194","3","00:05:16","69","141","Quality blocked","Backhand","72169"
"73","219","222","194","3","00:05:31","205","95","Non quality blocked","Default","72170"
"100","57","222","194","3","00:06:08","124","211","Quality blocked","Wrist","72171"
"210","62","222","194","3","00:06:24","111","169","Quality blocked","Wrist","72172"
"161","68","64","194","3","00:07:04","463","250","Non quality blocked","Wrist","72173"
"220","68","64","194","3","00:07:11","501","73","Non quality blocked","Default","72174"
"66","53","222","194","3","00:11:22","205","153","Non quality blocked","Wrist","72175"
"61","223","222","194","3","00:12:00","100","127","Quality blocked","Wrist","72176"
"89","50","222","194","3","00:16:53","118","243","Non quality blocked","Wrist","72177"
"63","53","222","194","3","00:17:18","141","237","Non quality blocked","Wrist","72178"
"210","50","222","194","3","00:17:20","193","176","Non quality blocked","Default","72179"
"208","101","222","194","3","00:17:36","216","51","Non quality blocked","Slap","72180"
"165","202","48","99","3","00:13:08","136","92","Quality blocked","Wrist","74281"
"47","0","28","46","2","00:13:12","181","78","Non quality blocked","Default","75037"
"36","0","28","46","3","00:01:10","90","195","Quality blocked","Default","75042"
"90","0","85","55","1","00:05:43","194","56","Non quality blocked","Default","75199"
"36","0","6","56","1","00:14:21","122","257","Non quality blocked","Wrist","75227"
"1","0","155","56","1","00:19:29","111","148","Quality blocked","Wrist","75229"
"76","0","154","61","3","00:10:59","508","214","Quality blocked","Default","75325"
"53","0","28","62","1","00:03:34","194","51","Non quality blocked","Default","75331"
"50","0","28","62","1","00:08:40","128","87","Quality blocked","Default","75333"
"53","0","28","62","3","00:19:07","183","112","Non quality blocked","Default","75341"
"84","0","64","67","2","00:05:45","99","225","Quality blocked","Wrist","75458"
