"goal_id","player_id","is_plus"
"1","71","1"
"1","76","1"
"1","126","1"
"3","76","1"
"3","125","1"
"4","68","1"
"4","69","1"
"4","76","1"
"5","7","1"
"5","11","1"
"5","18","1"
"6","69","1"
"6","75","1"
"6","131","1"
"7","66","1"
"7","89","1"
"8","5","1"
"8","15","1"
"9","60","1"
"9","142","1"
"10","21","1"
"10","103","1"
"10","119","1"
"11","60","1"
"11","142","1"
"12","138","1"
"12","143","1"
"13","105","1"
"13","114","1"
"14","114","1"
"15","23","1"
"15","78","1"
"16","92","1"
"16","114","1"
"16","116","1"
"17","78","1"
"17","79","1"
"18","54","1"
"18","57","1"
"19","103","1"
"20","78","1"
"20","79","1"
"22","34","1"
"22","36","1"
"22","37","1"
"23","36","1"
"23","37","1"
"24","35","1"
"24","46","1"
"24","86","1"
"25","31","0"
"25","34","1"
"25","36","1"
"25","44","1"
"25","82","0"
"25","98","0"
"27","25","0"
"27","65","1"
"27","66","1"
"27","67","1"
"27","72","1"
"27","97","0"
"27","102","0"
"27","118","0"
"27","120","0"
"27","129","1"
"28","21","0"
"28","25","0"
"28","67","1"
"28","71","1"
"28","75","1"
"28","79","0"
"28","89","1"
"28","103","0"
"28","120","0"
"28","125","1"
"29","68","1"
"29","72","1"
"29","73","1"
"30","21","1"
"30","25","1"
"30","79","1"
"30","103","1"
"30","118","1"
"31","24","1"
"31","65","0"
"31","72","0"
"31","73","0"
"31","97","1"
"31","105","1"
"31","114","1"
"31","120","1"
"31","130","0"
"31","133","0"
"32","21","1"
"32","24","1"
"32","25","1"
"32","65","0"
"32","67","0"
"32","68","0"
"32","103","1"
"32","104","1"
"33","21","1"
"33","24","1"
"33","25","1"
"33","67","0"
"33","68","0"
"33","75","0"
"33","76","0"
"33","103","1"
"33","119","1"
"33","125","0"
"34","23","1"
"34","65","0"
"34","67","0"
"34","71","0"
"34","72","0"
"34","73","0"
"34","79","1"
"34","104","1"
"34","114","1"
"34","119","1"
"35","21","0"
"35","23","0"
"35","67","1"
"35","71","1"
"35","75","1"
"35","76","1"
"35","104","0"
"35","114","0"
"35","119","0"
"35","125","1"
"36","5","0"
"36","9","0"
"36","12","0"
"36","13","0"
"36","14","0"
"36","30","1"
"36","32","1"
"36","80","1"
"36","159","1"
"36","165","1"
"38","10","0"
"38","12","0"
"38","14","0"
"38","17","0"
"38","26","1"
"38","30","1"
"38","31","1"
"38","82","1"
"38","106","0"
"38","163","1"
"39","1","1"
"39","12","1"
"39","30","0"
"39","32","0"
"39","80","0"
"39","109","1"
"39","162","0"
"39","163","0"
"40","10","0"
"40","12","0"
"40","14","0"
"40","17","0"
"40","27","1"
"40","30","1"
"40","80","1"
"40","111","0"
"40","163","1"
"40","164","1"
"41","38","0"
"41","39","0"
"41","45","0"
"41","49","1"
"41","53","1"
"41","57","1"
"41","62","1"
"41","144","1"
"41","147","0"
"41","150","0"
"42","34","1"
"42","36","1"
"42","42","1"
"42","44","1"
"42","51","0"
"42","55","0"
"42","61","0"
"42","87","1"
"42","144","0"
"43","164","1"
"44","23","1"
"44","103","1"
"44","105","1"
"45","23","1"
"45","103","1"
"45","105","1"
"46","90","1"
"46","104","1"
"46","114","1"
"47","31","1"
"47","157","1"
"48","97","1"
"49","31","1"
"49","161","1"
"49","163","1"
"50","34","0"
"50","40","0"
"50","65","1"
"50","66","1"
"50","67","1"
"50","74","1"
"50","125","1"
"50","149","0"
"50","151","0"
"51","35","0"
"51","37","0"
"51","38","0"
"51","72","1"
"51","74","1"
"51","86","0"
"51","101","1"
"51","126","1"
"51","132","1"
"51","151","0"
"52","39","1"
"52","44","1"
"52","45","1"
"52","67","0"
"52","72","0"
"52","87","1"
"52","101","0"
"52","126","0"
"52","132","0"
"52","147","1"
"53","36","1"
"53","38","1"
"53","42","1"
"53","67","0"
"53","68","0"
"53","73","0"
"53","75","0"
"53","76","0"
"53","86","1"
"53","131","0"
"53","151","1"
"54","65","1"
"54","67","1"
"54","71","1"
"55","44","1"
"55","86","1"
"56","34","0"
"56","40","0"
"56","44","0"
"56","67","1"
"56","71","1"
"56","72","1"
"56","87","0"
"56","101","1"
"56","126","1"
"57","35","1"
"57","37","1"
"57","38","1"
"57","65","0"
"57","66","0"
"57","68","0"
"57","86","1"
"57","125","0"
"57","129","0"
"57","153","1"
"58","36","1"
"58","42","1"
"58","65","0"
"58","73","0"
"58","75","0"
"58","86","1"
"58","87","1"
"58","131","0"
"59","34","1"
"59","37","1"
"59","71","0"
"59","75","0"
"59","76","0"
"59","87","1"
"60","2","1"
"60","8","1"
"60","15","1"
"60","51","0"
"60","60","0"
"60","61","0"
"60","137","0"
"60","142","0"
"61","2","0"
"61","11","0"
"61","56","1"
"61","57","1"
"61","60","1"
"61","109","0"
"61","110","0"
"61","138","1"
"61","140","1"
"62","1","1"
"62","8","1"
"62","12","1"
"62","13","1"
"62","15","1"
"62","51","0"
"62","61","0"
"62","62","0"
"62","137","0"
"62","142","0"
"63","5","1"
"63","8","1"
"63","12","1"
"63","13","1"
"63","15","1"
"63","56","0"
"63","61","0"
"63","62","0"
"63","137","0"
"63","142","0"
"64","34","1"
"64","36","1"
"64","40","1"
"64","44","1"
"64","68","0"
"64","74","0"
"64","75","0"
"64","76","0"
"64","87","1"
"64","126","0"
"65","34","1"
"65","36","1"
"65","38","1"
"65","40","1"
"65","66","0"
"65","67","0"
"65","71","0"
"65","76","0"
"65","100","0"
"65","152","1"
"66","33","1"
"66","38","1"
"66","44","1"
"66","67","0"
"66","69","0"
"66","73","0"
"66","89","0"
"66","149","1"
"66","152","1"
"66","165","0"
"67","39","1"
"67","42","1"
"67","45","1"
"67","46","1"
"67","67","0"
"67","69","0"
"67","71","0"
"67","73","0"
"67","87","1"
"67","89","0"
"68","31","0"
"68","50","1"
"68","52","1"
"68","55","1"
"68","58","1"
"68","61","1"
"68","80","0"
"68","82","0"
"68","163","0"
"69","26","1"
"69","27","1"
"69","29","1"
"69","55","0"
"69","56","0"
"69","58","0"
"69","61","0"
"69","62","0"
"69","84","1"
"69","164","1"
"70","30","0"
"70","50","1"
"70","52","1"
"70","63","1"
"70","80","0"
"70","82","0"
"70","88","1"
"70","98","0"
"70","141","1"
"70","164","0"
"71","31","1"
"71","32","1"
"71","51","0"
"71","55","0"
"71","56","0"
"71","58","0"
"71","61","0"
"71","83","1"
"71","84","1"
"71","161","1"
"72","30","1"
"72","53","0"
"72","56","0"
"72","57","0"
"72","80","1"
"72","84","1"
"73","1","0"
"73","4","0"
"73","5","0"
"73","9","0"
"73","10","0"
"73","20","1"
"73","21","1"
"73","78","1"
"73","117","1"
"73","119","1"
"74","1","0"
"74","4","0"
"74","9","0"
"74","12","0"
"74","90","1"
"74","97","1"
"74","103","1"
"74","105","1"
"74","129","1"
"74","167","0"
"75","12","1"
"75","16","1"
"75","17","1"
"75","18","1"
"75","20","0"
"75","21","0"
"75","104","0"
"75","117","0"
"75","119","0"
"75","167","1"
"76","2","0"
"76","11","0"
"76","16","0"
"76","17","0"
"76","18","0"
"76","23","1"
"76","25","1"
"76","78","1"
"76","90","1"
"76","129","1"
"77","8","1"
"77","12","1"
"77","13","1"
"77","15","1"
"77","20","0"
"77","21","0"
"77","90","0"
"77","104","0"
"77","129","0"
"77","167","1"
"78","33","1"
"78","38","1"
"78","42","1"
"78","65","0"
"78","67","0"
"78","74","0"
"78","75","0"
"78","76","0"
"78","86","1"
"78","152","1"
"79","34","0"
"79","38","0"
"79","42","0"
"79","44","0"
"79","66","1"
"79","67","1"
"79","75","1"
"79","76","1"
"79","100","1"
"80","33","0"
"80","38","0"
"80","42","0"
"80","69","1"
"80","72","1"
"80","74","1"
"80","101","1"
"80","131","1"
"80","147","0"
"80","150","0"
"81","34","1"
"81","36","1"
"81","40","1"
"81","46","1"
"81","65","0"
"81","74","0"
"81","75","0"
"81","76","0"
"81","131","0"
"81","150","1"
"82","34","0"
"82","36","0"
"82","38","0"
"82","42","0"
"82","65","1"
"82","68","1"
"82","73","1"
"82","133","1"
"82","149","0"
"83","23","1"
"83","25","1"
"83","32","0"
"83","78","1"
"83","83","0"
"83","84","0"
"83","90","1"
"83","91","1"
"83","156","0"
"83","158","0"
"84","25","1"
"84","30","0"
"84","78","1"
"84","82","0"
"84","84","0"
"84","90","1"
"84","97","1"
"84","98","0"
"84","129","1"
"84","159","0"
"85","23","1"
"85","24","1"
"85","25","1"
"85","27","0"
"85","78","1"
"85","81","0"
"85","117","1"
"85","118","1"
"85","163","0"
"85","164","0"
"86","34","1"
"86","36","1"
"86","40","1"
"86","44","1"
"86","87","1"
"86","98","0"
"86","157","0"
"86","161","0"
"86","163","0"
"86","164","0"
"88","31","1"
"88","33","0"
"88","42","0"
"88","44","0"
"88","83","1"
"88","84","1"
"88","86","0"
"88","87","0"
"88","98","1"
"88","161","1"
"89","20","1"
"89","21","1"
"89","24","1"
"89","67","0"
"89","74","0"
"89","79","1"
"89","101","0"
"89","103","1"
"89","126","0"
"89","128","0"
"91","30","0"
"91","31","0"
"91","34","1"
"91","36","1"
"91","42","1"
"91","44","1"
"91","84","0"
"91","86","1"
"91","163","0"
"93","20","0"
"93","21","0"
"93","65","1"
"93","74","1"
"93","75","1"
"93","76","1"
"93","90","0"
"93","104","0"
"93","129","0"
"93","131","1"
"94","29","1"
"94","35","0"
"94","37","0"
"94","38","0"
"94","83","1"
"94","84","1"
"94","86","0"
"94","152","0"
"94","156","1"
"94","158","1"
"95","31","1"
"95","34","0"
"95","36","0"
"95","38","0"
"95","42","0"
"95","82","1"
"95","98","1"
"95","152","0"
"95","159","1"
"95","161","1"
"96","20","1"
"96","21","1"
"96","24","1"
"96","71","0"
"96","73","0"
"96","75","0"
"96","79","1"
"96","100","0"
"96","104","1"
"96","133","0"
"97","30","1"
"97","31","1"
"97","34","0"
"97","36","0"
"97","42","0"
"97","44","0"
"97","82","1"
"97","84","1"
"97","86","0"
"97","87","0"
"97","157","1"
"98","31","1"
"98","42","0"
"98","44","0"
"98","83","1"
"98","87","0"
"98","98","1"
"98","147","0"
"98","157","1"
"98","161","1"
"99","20","1"
"99","21","1"
"99","65","0"
"99","67","0"
"99","74","0"
"99","75","0"
"99","76","0"
"99","90","1"
"99","104","1"
"99","129","1"
"100","49","1"
"100","60","1"
"100","63","1"
"100","67","0"
"100","71","0"
"100","73","0"
"100","88","1"
"100","141","1"
"101","51","1"
"101","53","1"
"101","56","1"
"101","57","1"
"101","74","0"
"101","126","0"
"101","128","0"
"101","133","0"
"101","138","1"
"102","50","1"
"102","52","1"
"102","63","1"
"102","68","0"
"102","72","0"
"102","74","0"
"102","88","1"
"102","101","0"
"102","128","0"
"102","141","1"
"103","53","0"
"103","57","0"
"103","60","0"
"103","62","0"
"103","68","1"
"103","73","1"
"103","74","1"
"103","100","1"
"103","126","1"
"103","138","0"
"104","49","1"
"104","50","1"
"104","52","1"
"104","73","0"
"104","100","0"
"104","126","0"
"104","133","0"
"104","137","1"
"104","142","1"
"104","165","0"
"105","51","1"
"105","53","1"
"105","56","1"
"105","57","1"
"105","65","0"
"105","66","0"
"105","69","0"
"105","133","0"
"105","138","1"
"105","165","0"
"106","11","0"
"106","12","0"
"106","13","0"
"106","15","0"
"106","18","0"
"106","31","1"
"106","80","1"
"106","83","1"
"106","84","1"
"106","98","1"
"107","1","0"
"107","2","0"
"107","16","0"
"107","17","0"
"107","30","1"
"107","32","1"
"107","82","1"
"107","99","1"
"107","161","1"
"107","167","0"
"108","1","1"
"108","9","1"
"108","12","1"
"108","29","0"
"108","31","0"
"108","82","0"
"108","98","0"
"108","109","1"
"108","161","0"
"109","1","1"
"109","10","1"
"109","12","1"
"109","16","1"
"109","17","1"
"109","30","0"
"109","32","0"
"109","83","0"
"109","84","0"
"109","161","0"
"111","12","1"
"111","30","0"
"111","80","0"
"111","84","0"
"111","109","1"
"111","110","1"
"112","24","1"
"112","33","0"
"112","40","0"
"112","44","0"
"112","79","1"
"112","91","1"
"112","115","1"
"112","116","1"
"112","146","0"
"112","152","0"
"113","23","1"
"113","25","1"
"113","33","0"
"113","40","0"
"113","44","0"
"113","78","1"
"113","119","1"
"113","129","1"
"113","146","0"
"113","152","0"
"114","23","0"
"114","25","0"
"114","34","1"
"114","36","1"
"114","42","1"
"114","44","1"
"114","79","0"
"114","87","1"
"114","90","0"
"115","20","0"
"115","21","0"
"115","24","0"
"115","34","1"
"115","36","1"
"115","42","1"
"115","44","1"
"115","79","0"
"115","87","1"
"116","23","0"
"116","24","0"
"116","25","0"
"116","35","1"
"116","44","1"
"116","86","1"
"117","27","1"
"117","38","0"
"117","40","0"
"117","45","0"
"117","86","0"
"117","87","0"
"117","156","1"
"117","158","1"
"117","159","1"
"117","162","1"
"118","31","1"
"118","35","0"
"118","37","0"
"118","44","0"
"118","45","0"
"118","98","1"
"118","152","0"
"118","159","1"
"118","161","1"
"118","162","1"
"119","30","0"
"119","31","0"
"119","34","1"
"119","36","1"
"119","42","1"
"119","44","1"
"119","84","0"
"119","87","1"
"119","163","0"
"120","31","0"
"120","34","1"
"120","36","1"
"120","38","1"
"120","40","1"
"120","83","0"
"120","87","1"
"120","98","0"
"120","99","0"
"120","161","0"
"121","31","1"
"121","33","0"
"121","38","0"
"121","42","0"
"121","83","1"
"121","86","0"
"121","87","0"
"121","98","1"
"121","99","1"
"121","161","1"
"122","20","0"
"122","23","0"
"122","51","1"
"122","53","1"
"122","56","1"
"122","57","1"
"122","90","0"
"122","115","0"
"122","129","0"
"122","138","1"
"123","1","0"
"123","11","0"
"123","12","0"
"123","13","0"
"123","18","0"
"123","65","1"
"123","68","1"
"123","71","1"
"123","72","1"
"123","89","1"
"124","20","0"
"124","24","0"
"124","49","1"
"124","60","1"
"124","63","1"
"124","88","1"
"124","90","0"
"124","105","0"
"124","141","1"
"125","20","1"
"125","21","1"
"125","24","1"
"125","49","0"
"125","50","0"
"125","52","0"
"125","78","1"
"125","88","0"
"125","115","1"
"126","2","1"
"126","5","1"
"126","8","1"
"126","13","1"
"126","15","1"
"126","66","0"
"126","68","0"
"126","74","0"
"126","75","0"
"126","100","0"
"127","23","1"
"127","24","1"
"127","25","1"
"127","51","0"
"127","53","0"
"127","56","0"
"127","57","0"
"127","79","1"
"127","138","0"
"128","5","1"
"128","8","1"
"128","12","1"
"128","13","1"
"128","15","1"
"128","65","0"
"128","68","0"
"128","72","0"
"128","73","0"
"128","74","0"
"129","2","0"
"129","4","0"
"129","9","0"
"129","14","0"
"129","65","1"
"129","72","1"
"129","89","1"
"129","133","1"
"129","165","1"
"129","167","0"
"130","2","1"
"130","8","1"
"130","13","1"
"130","15","1"
"130","66","0"
"130","68","0"
"130","74","0"
"130","75","0"
"130","100","0"
"130","167","1"
"131","25","1"
"131","60","0"
"131","63","0"
"131","78","1"
"131","88","0"
"131","104","1"
"132","5","0"
"132","18","0"
"132","35","1"
"132","45","1"
"132","46","1"
"132","86","1"
"132","109","0"
"132","110","0"
"132","150","1"
"132","167","0"
"133","1","0"
"133","11","0"
"133","12","0"
"133","16","0"
"133","34","1"
"133","36","1"
"133","38","1"
"133","40","1"
"133","46","1"
"134","5","0"
"134","7","0"
"134","9","0"
"134","35","1"
"134","44","1"
"134","45","1"
"134","86","1"
"134","109","0"
"134","110","0"
"134","150","1"
"135","2","1"
"135","8","1"
"135","13","1"
"135","15","1"
"135","37","0"
"135","38","0"
"135","39","0"
"135","42","0"
"135","87","0"
"135","167","1"
"136","2","0"
"136","5","0"
"136","8","0"
"136","13","0"
"136","15","0"
"136","35","1"
"136","44","1"
"136","45","1"
"136","86","1"
"136","109","0"
"136","152","1"
"137","26","1"
"137","67","0"
"137","68","0"
"137","81","1"
"137","101","0"
"137","126","0"
"137","128","0"
"137","157","1"
"137","159","1"
"137","163","1"
"138","29","0"
"138","66","1"
"138","67","1"
"138","71","1"
"138","72","1"
"138","75","1"
"138","81","0"
"138","157","0"
"138","159","0"
"138","163","0"
"139","26","1"
"139","31","1"
"139","68","0"
"139","69","0"
"139","73","0"
"139","74","0"
"139","76","0"
"139","157","1"
"139","159","1"
"139","163","1"
"140","26","0"
"140","27","0"
"140","65","1"
"140","66","1"
"140","67","1"
"140","68","1"
"140","72","1"
"140","158","0"
"140","159","0"
"140","163","0"
"141","31","0"
"141","66","1"
"141","68","1"
"141","74","1"
"141","75","1"
"141","80","0"
"141","84","0"
"141","100","1"
"141","159","0"
"141","161","0"
"142","30","1"
"142","31","1"
"142","32","1"
"142","65","0"
"142","67","0"
"142","71","0"
"142","72","0"
"142","73","0"
"142","83","1"
"142","84","1"
"142","161","1"
"143","51","1"
"143","53","1"
"143","56","1"
"143","57","1"
"143","65","0"
"143","68","0"
"143","72","0"
"143","74","0"
"143","89","0"
"143","138","1"
"144","50","0"
"144","52","0"
"144","55","0"
"144","58","0"
"144","61","0"
"144","67","1"
"144","69","1"
"144","71","1"
"144","73","1"
"144","76","1"
"145","51","1"
"145","55","1"
"145","56","1"
"145","58","1"
"145","61","1"
"145","66","0"
"145","67","0"
"145","71","0"
"145","75","0"
"145","100","0"
"146","49","1"
"146","50","1"
"146","52","1"
"146","57","1"
"146","62","1"
"146","66","0"
"146","68","0"
"146","71","0"
"146","76","0"
"146","89","0"
"146","100","0"
"147","1","1"
"147","12","1"
"147","13","1"
"147","15","1"
"147","18","1"
"147","52","0"
"147","53","0"
"147","57","0"
"147","60","0"
"148","2","1"
"148","16","1"
"148","18","1"
"148","53","0"
"148","57","0"
"148","60","0"
"148","62","0"
"148","63","0"
"148","109","1"
"148","167","1"
"149","20","0"
"149","21","0"
"149","25","0"
"149","30","1"
"149","32","1"
"149","117","0"
"149","118","0"
"149","161","1"
"149","163","1"
"149","164","1"
"150","1","0"
"150","5","0"
"150","9","0"
"150","11","0"
"150","51","1"
"150","54","1"
"150","56","1"
"150","110","0"
"150","137","1"
"150","142","1"
"151","12","0"
"151","15","0"
"151","49","1"
"151","50","1"
"151","56","1"
"151","58","1"
"151","61","1"
"151","110","0"
"151","167","0"
"152","80","0"
"152","81","0"
"152","97","1"
"152","103","1"
"152","115","1"
"152","117","1"
"152","118","1"
"152","156","0"
"152","163","0"
"152","164","0"
"153","2","1"
"153","5","1"
"153","15","1"
"153","17","1"
"153","51","0"
"153","56","0"
"153","63","0"
"153","88","0"
"153","109","1"
"153","138","0"
"154","29","1"
"154","30","1"
"154","80","1"
"154","90","0"
"154","97","0"
"154","98","1"
"154","114","0"
"154","115","0"
"154","129","0"
"154","163","1"
"155","35","0"
"155","37","0"
"155","44","0"
"155","65","1"
"155","68","1"
"155","74","1"
"155","86","0"
"155","89","1"
"155","100","1"
"155","152","0"
"156","34","0"
"156","38","0"
"156","42","0"
"156","66","1"
"156","68","1"
"156","71","1"
"156","75","1"
"156","86","0"
"156","100","1"
"156","152","0"
"157","27","1"
"157","32","1"
"157","53","0"
"157","60","0"
"157","63","0"
"157","83","1"
"157","84","1"
"157","88","0"
"157","144","0"
"157","158","1"
"159","5","1"
"159","7","1"
"159","16","1"
"159","18","1"
"159","78","0"
"159","79","0"
"159","103","0"
"159","109","1"
"159","115","0"
"159","129","0"
"160","4","1"
"160","5","1"
"160","7","1"
"160","9","1"
"160","14","1"
"160","23","0"
"160","79","0"
"160","104","0"
"160","114","0"
"160","129","0"
"161","12","0"
"161","16","0"
"161","18","0"
"161","97","1"
"161","102","1"
"161","105","1"
"161","109","0"
"161","117","1"
"161","118","1"
"161","167","0"
"162","2","1"
"162","8","1"
"162","10","1"
"162","13","1"
"162","15","1"
"162","20","0"
"162","23","0"
"162","103","0"
"162","118","0"
"162","119","0"
"163","8","0"
"163","12","0"
"163","13","0"
"163","15","0"
"163","21","1"
"163","24","1"
"163","25","1"
"163","90","1"
"163","104","1"
"163","167","0"
"164","30","0"
"164","32","0"
"164","49","1"
"164","56","1"
"164","58","1"
"164","61","1"
"164","83","0"
"164","88","1"
"164","99","0"
"165","56","0"
"165","58","0"
"165","80","1"
"165","84","1"
"165","88","0"
"165","98","1"
"166","1","0"
"166","5","0"
"166","13","0"
"166","17","0"
"166","20","1"
"166","21","1"
"166","23","1"
"166","24","1"
"166","25","1"
"166","78","1"
"166","167","0"
"167","5","1"
"167","13","1"
"167","18","1"
"167","23","0"
"167","24","0"
"167","25","0"
"168","20","1"
"168","23","1"
"168","34","0"
"168","36","0"
"168","40","0"
"168","44","0"
"168","114","1"
"168","117","1"
"168","118","1"
"168","152","0"
"169","24","0"
"169","34","1"
"169","42","1"
"169","44","1"
"169","47","1"
"169","90","0"
"169","97","0"
"170","23","1"
"170","34","0"
"170","35","0"
"170","44","0"
"170","90","1"
"170","114","1"
"171","23","0"
"171","25","0"
"171","68","1"
"171","72","1"
"171","75","1"
"171","100","1"
"171","117","0"
"171","118","0"
"171","125","1"
"172","20","1"
"172","23","1"
"172","67","0"
"172","69","0"
"172","71","0"
"172","79","1"
"172","101","0"
"172","114","1"
"172","118","1"
"172","126","0"
"173","24","0"
"173","66","1"
"173","67","1"
"173","71","1"
"173","75","1"
"173","89","1"
"173","90","0"
"173","91","0"
"173","97","0"
"173","115","0"
"174","20","0"
"174","21","0"
"174","67","1"
"174","71","1"
"174","73","1"
"174","76","1"
"174","79","0"
"174","100","1"
"174","114","0"
"174","129","0"
"175","20","0"
"175","21","0"
"175","67","1"
"175","71","1"
"175","73","1"
"175","76","1"
"175","79","0"
"175","100","1"
"175","114","0"
"175","129","0"
"176","33","0"
"176","35","0"
"176","36","0"
"176","38","0"
"176","51","1"
"176","53","1"
"176","57","1"
"176","62","1"
"176","63","1"
"176","87","0"
"177","37","0"
"177","38","0"
"177","45","0"
"177","49","1"
"177","50","1"
"177","54","1"
"177","61","1"
"177","62","1"
"177","86","0"
"177","87","0"
"178","39","0"
"178","50","1"
"178","53","1"
"178","56","1"
"178","57","1"
"178","63","1"
"178","87","0"
"178","147","0"
"178","152","0"
"179","34","1"
"179","38","1"
"179","40","1"
"179","42","1"
"179","52","0"
"179","55","0"
"179","60","0"
"179","87","1"
"179","88","0"
"179","142","0"
"180","33","1"
"180","35","1"
"180","36","1"
"180","38","1"
"180","50","0"
"180","53","0"
"180","56","0"
"180","57","0"
"180","63","0"
"180","87","1"
"181","34","1"
"181","36","1"
"181","42","1"
"181","44","1"
"181","50","0"
"181","53","0"
"181","56","0"
"181","57","0"
"181","87","1"
"182","34","1"
"182","42","1"
"182","44","1"
"182","50","0"
"182","53","0"
"182","63","0"
"183","2","0"
"183","5","0"
"183","8","0"
"183","15","0"
"183","16","0"
"183","31","1"
"183","83","1"
"183","98","1"
"183","99","1"
"183","161","1"
"184","1","1"
"184","8","1"
"184","11","1"
"184","18","1"
"184","29","0"
"184","81","0"
"184","158","0"
"184","162","0"
"184","163","0"
"184","167","1"
"185","12","0"
"185","15","0"
"185","32","1"
"185","83","1"
"185","98","1"
"185","110","0"
"186","1","0"
"186","2","0"
"186","5","0"
"186","9","0"
"186","13","0"
"186","67","1"
"186","71","1"
"186","73","1"
"186","75","1"
"186","100","1"
"187","24","0"
"187","51","1"
"187","54","1"
"187","55","1"
"187","61","1"
"187","62","1"
"187","79","0"
"187","102","0"
"187","105","0"
"187","116","0"
"188","8","0"
"188","16","0"
"188","17","0"
"188","68","1"
"188","73","1"
"188","75","1"
"188","100","1"
"188","109","0"
"188","133","1"
"188","167","0"
"189","2","0"
"189","5","0"
"189","16","0"
"189","18","0"
"189","68","1"
"189","73","1"
"189","75","1"
"189","78","0"
"189","100","1"
"189","133","1"
"191","2","1"
"191","12","1"
"191","16","1"
"191","17","1"
"191","67","0"
"191","68","0"
"191","73","0"
"191","75","0"
"191","78","1"
"191","128","0"
"192","1","0"
"192","9","0"
"192","13","0"
"192","68","1"
"192","73","1"
"192","75","1"
"192","100","1"
"192","109","0"
"192","133","1"
"192","167","0"
"193","1","1"
"193","7","1"
"193","9","1"
"193","12","1"
"193","67","0"
"193","68","0"
"193","75","0"
"193","100","0"
"193","126","0"
"194","1","0"
"194","9","0"
"194","13","0"
"194","65","1"
"194","67","1"
"194","71","1"
"194","73","1"
"194","100","1"
"194","109","0"
"194","167","0"
"195","1","1"
"195","4","1"
"195","7","1"
"195","9","1"
"195","68","0"
"195","71","0"
"195","73","0"
"195","75","0"
"195","100","0"
"195","167","1"
"196","20","1"
"196","23","1"
"196","55","0"
"196","58","0"
"196","60","0"
"196","61","0"
"196","62","0"
"196","79","1"
"196","90","1"
"196","114","1"
"197","11","1"
"197","23","1"
"197","24","1"
"197","25","1"
"197","51","0"
"197","54","0"
"197","55","0"
"197","60","0"
"197","114","1"
"198","65","1"
"198","67","1"
"198","69","1"
"198","71","1"
"198","81","0"
"198","89","1"
"198","156","0"
"198","158","0"
"198","159","0"
"198","162","0"
"199","31","0"
"199","65","1"
"199","68","1"
"199","69","1"
"199","74","1"
"199","83","0"
"199","89","1"
"199","98","0"
"199","157","0"
"199","163","0"
"200","30","0"
"200","31","0"
"200","32","0"
"200","67","1"
"200","71","1"
"200","75","1"
"200","83","0"
"200","84","0"
"200","100","1"
"200","125","1"
"200","157","0"
"201","50","0"
"201","53","0"
"201","56","0"
"201","57","0"
"201","61","0"
"201","97","1"
"201","103","1"
"201","105","1"
"201","118","1"
"201","129","1"
"202","25","0"
"202","51","1"
"202","53","1"
"202","57","1"
"202","61","1"
"202","62","1"
"202","79","0"
"202","90","0"
"202","104","0"
"202","115","0"
"203","20","1"
"203","23","1"
"203","25","1"
"203","52","0"
"203","58","0"
"203","60","0"
"203","63","0"
"203","79","1"
"203","88","0"
"203","118","1"
"204","2","0"
"204","5","0"
"204","8","0"
"204","9","0"
"204","15","0"
"204","38","1"
"204","86","1"
"204","87","1"
"204","147","1"
"204","148","1"
"205","4","1"
"205","7","1"
"205","12","1"
"205","17","1"
"205","34","0"
"205","36","0"
"205","42","0"
"205","47","0"
"205","78","1"
"205","87","0"
"205","109","1"
"206","5","0"
"206","13","0"
"206","34","1"
"206","78","0"
"206","86","1"
"206","87","1"
"207","20","0"
"207","26","1"
"207","79","0"
"207","80","1"
"207","84","1"
"207","90","0"
"207","98","1"
"207","105","0"
"207","159","1"
"208","20","1"
"208","79","1"
"208","80","0"
"208","81","0"
"208","83","0"
"208","90","1"
"208","99","0"
"208","102","1"
"208","115","1"
"208","158","0"
"209","23","0"
"209","24","0"
"209","25","0"
"209","30","1"
"209","119","0"
"209","129","0"
"209","156","1"
"209","158","1"
"209","162","1"
"209","164","1"
"210","2","0"
"210","5","0"
"210","8","0"
"210","9","0"
"210","15","0"
"210","51","1"
"210","58","1"
"210","62","1"
"210","63","1"
"210","88","1"
"211","7","1"
"211","8","1"
"211","9","1"
"211","12","1"
"211","15","1"
"211","49","0"
"211","52","0"
"211","60","0"
"211","141","0"
"211","142","0"
"212","4","0"
"212","7","0"
"212","50","1"
"212","53","1"
"212","56","1"
"212","57","1"
"212","61","1"
"212","109","0"
"212","167","0"
"213","12","1"
"213","13","1"
"213","16","1"
"213","52","0"
"213","54","0"
"213","55","0"
"213","60","0"
"213","78","1"
"213","117","1"
"213","137","0"
"214","8","0"
"214","12","0"
"214","16","0"
"214","51","1"
"214","53","1"
"214","57","1"
"214","62","1"
"214","109","0"
"214","110","0"
"215","7","0"
"215","12","0"
"215","13","0"
"215","15","0"
"215","16","0"
"215","50","1"
"215","53","1"
"215","56","1"
"215","57","1"
"215","58","1"
"215","78","0"
"216","34","1"
"216","36","1"
"216","42","1"
"216","44","1"
"216","81","0"
"216","84","0"
"216","87","1"
"216","156","0"
"216","163","0"
"217","5","1"
"217","8","1"
"217","10","1"
"217","13","1"
"217","15","1"
"217","49","0"
"217","51","0"
"217","62","0"
"217","141","0"
"217","142","0"
"218","1","0"
"218","2","0"
"218","4","0"
"218","5","0"
"218","9","0"
"218","50","1"
"218","51","1"
"218","58","1"
"218","63","1"
"218","88","1"
"219","31","0"
"219","32","0"
"219","34","1"
"219","42","1"
"219","47","1"
"219","83","0"
"219","150","1"
"219","157","0"
"219","161","0"
"220","7","1"
"220","12","1"
"220","13","1"
"220","17","1"
"220","49","0"
"220","50","0"
"220","56","0"
"220","57","0"
"220","61","0"
"220","78","1"
"221","31","1"
"221","32","1"
"221","34","0"
"221","42","0"
"221","44","0"
"221","83","1"
"221","152","0"
"221","157","1"
"221","161","1"
"223","30","1"
"223","33","0"
"223","35","0"
"223","36","0"
"223","38","0"
"223","87","0"
"223","98","1"
"223","161","1"
"223","162","1"
"223","164","1"
"224","2","1"
"224","8","1"
"224","13","1"
"224","15","1"
"224","50","0"
"224","56","0"
"224","57","0"
"224","61","0"
"224","141","0"
"224","167","1"
"226","35","0"
"226","44","0"
"226","45","0"
"226","66","1"
"226","67","1"
"226","71","1"
"226","73","1"
"226","76","1"
"226","148","0"
"226","150","0"
"227","34","1"
"227","36","1"
"227","42","1"
"227","44","1"
"227","67","0"
"227","71","0"
"227","75","0"
"227","86","1"
"227","87","1"
"227","89","0"
"227","100","0"
"228","31","1"
"228","32","1"
"228","56","0"
"228","57","0"
"228","61","0"
"228","62","0"
"228","83","1"
"228","157","1"
"228","161","1"
"229","49","1"
"229","56","1"
"229","62","1"
"229","80","0"
"229","81","0"
"229","141","1"
"229","142","1"
"229","157","0"
"229","159","0"
"229","162","0"
"230","26","1"
"230","49","0"
"230","58","0"
"230","62","0"
"230","63","0"
"230","83","1"
"230","88","0"
"230","99","1"
"230","156","1"
"231","51","0"
"231","55","0"
"231","60","0"
"231","80","1"
"231","81","1"
"231","83","1"
"231","99","1"
"231","136","0"
"231","137","0"
"231","157","1"
"232","30","0"
"232","51","1"
"232","58","1"
"232","60","1"
"232","63","1"
"232","88","1"
"232","156","0"
"232","159","0"
"232","161","0"
"232","164","0"
"233","26","1"
"233","31","1"
"233","32","1"
"233","53","0"
"233","56","0"
"233","57","0"
"233","62","0"
"233","83","1"
"233","99","1"
"233","141","0"
"234","30","0"
"234","49","1"
"234","58","1"
"234","62","1"
"234","63","1"
"234","83","0"
"234","88","1"
"234","162","0"
"235","26","1"
"235","31","1"
"235","32","1"
"235","50","0"
"235","52","0"
"235","58","0"
"235","63","0"
"235","83","1"
"235","88","0"
"235","99","1"
"236","27","1"
"236","49","0"
"236","51","0"
"236","58","0"
"236","60","0"
"236","63","0"
"236","84","1"
"236","88","0"
"236","98","1"
"236","158","1"
"236","163","1"
"237","2","1"
"237","16","1"
"237","17","1"
"237","25","0"
"237","78","1"
"237","90","0"
"237","104","0"
"237","115","0"
"237","129","0"
"237","167","1"
"238","1","1"
"238","7","1"
"238","11","0"
"238","12","1"
"238","13","1"
"238","20","0"
"238","23","0"
"238","24","0"
"238","25","0"
"238","109","1"
"238","114","0"
"239","66","1"
"239","67","1"
"239","68","1"
"239","71","1"
"239","73","1"
"239","76","1"
"239","90","0"
"239","102","0"
"239","103","0"
"239","105","0"
"239","129","0"
"240","11","1"
"240","20","1"
"240","23","1"
"240","24","1"
"240","67","0"
"240","71","0"
"240","75","0"
"240","89","0"
"240","100","0"
"240","114","1"
"241","23","0"
"241","25","0"
"241","66","1"
"241","68","1"
"241","71","1"
"241","73","1"
"241","79","0"
"241","118","0"
"241","125","1"
"242","20","1"
"242","23","1"
"242","66","0"
"242","68","0"
"242","73","0"
"242","74","0"
"242","76","0"
"242","90","1"
"242","114","1"
"242","129","1"
"243","11","0"
"243","24","0"
"243","25","0"
"243","67","1"
"243","71","1"
"243","75","1"
"243","89","1"
"243","100","1"
"243","104","0"
"243","115","0"
"244","11","1"
"244","20","1"
"244","23","1"
"244","24","1"
"244","25","1"
"244","65","0"
"244","67","0"
"244","71","0"
"244","73","0"
"244","75","0"
"244","114","1"
"245","11","0"
"245","20","0"
"245","71","1"
"245","73","1"
"245","75","1"
"245","114","0"
"246","33","0"
"246","37","0"
"246","39","0"
"246","44","0"
"246","47","0"
"246","55","1"
"246","56","1"
"246","62","1"
"246","136","1"
"246","137","1"
"247","34","0"
"247","36","0"
"247","38","0"
"247","42","0"
"247","44","0"
"247","55","1"
"247","56","1"
"247","137","1"
"247","142","1"
"248","33","1"
"248","37","1"
"248","47","1"
"248","50","0"
"248","52","0"
"248","55","0"
"248","86","1"
"248","136","0"
"248","137","0"
"248","150","1"
"249","34","1"
"249","36","1"
"249","44","1"
"249","53","0"
"249","56","0"
"249","57","0"
"249","62","0"
"249","86","1"
"249","87","1"
"250","34","0"
"250","36","0"
"250","38","0"
"250","51","1"
"250","53","1"
"250","57","1"
"250","61","1"
"250","62","1"
"250","87","0"
"250","149","0"
"251","34","0"
"251","35","0"
"251","36","0"
"251","44","0"
"251","47","0"
"251","49","1"
"251","50","1"
"251","56","1"
"251","58","1"
"251","86","0"
"251","88","1"
"252","49","0"
"252","56","0"
"252","62","0"
"252","67","1"
"252","75","1"
"252","76","1"
"252","89","1"
"252","100","1"
"252","142","0"
"253","1","0"
"253","4","0"
"253","7","0"
"253","12","0"
"253","18","0"
"253","31","1"
"253","32","1"
"253","84","1"
"253","163","1"
"253","168","1"
"254","51","0"
"254","55","0"
"254","60","0"
"254","63","0"
"254","65","1"
"254","67","1"
"254","69","1"
"254","71","1"
"254","125","1"
"254","137","0"
"255","3","0"
"255","50","0"
"255","58","0"
"255","63","0"
"255","75","1"
"255","88","0"
"255","89","1"
"255","100","1"
"255","131","1"
"255","133","1"
"256","55","0"
"256","56","0"
"256","62","0"
"256","65","1"
"256","68","1"
"256","74","1"
"256","125","1"
"256","126","1"
"256","137","0"
"256","142","0"
"257","50","1"
"257","53","1"
"257","57","1"
"257","60","1"
"257","61","1"
"257","75","0"
"257","89","0"
"257","100","0"
"257","131","0"
"257","133","0"
"258","1","0"
"258","4","0"
"258","7","0"
"258","12","0"
"258","18","0"
"258","31","1"
"258","32","1"
"258","159","1"
"258","162","1"
"258","168","1"
"259","7","1"
"259","12","1"
"259","13","1"
"259","15","1"
"259","31","0"
"259","32","0"
"259","78","1"
"259","80","0"
"259","83","0"
"259","99","0"
"260","50","1"
"260","55","1"
"260","58","1"
"260","60","1"
"260","66","0"
"260","67","0"
"260","73","0"
"260","74","0"
"260","76","0"
"260","88","1"
"261","49","0"
"261","50","0"
"261","55","0"
"261","56","0"
"261","60","0"
"261","66","1"
"261","73","1"
"261","74","1"
"261","76","1"
"261","133","1"
"261","142","0"
"262","7","0"
"262","9","0"
"262","12","0"
"262","31","1"
"262","32","1"
"262","83","1"
"262","99","1"
"262","109","0"
"262","110","0"
"262","168","1"
"263","23","1"
"263","25","1"
"263","35","0"
"263","40","0"
"263","46","0"
"263","47","0"
"263","90","1"
"263","104","1"
"263","129","1"
"263","149","0"
"264","11","1"
"264","20","1"
"264","21","1"
"264","34","0"
"264","42","0"
"264","44","0"
"264","47","0"
"264","79","1"
"264","114","1"
"265","20","1"
"265","21","1"
"265","51","0"
"265","53","0"
"265","60","0"
"265","63","0"
"265","79","1"
"265","88","0"
"265","114","1"
"265","118","1"
"266","11","0"
"266","23","0"
"266","24","0"
"266","50","1"
"266","53","1"
"266","56","1"
"266","57","1"
"266","61","1"
"266","91","0"
"268","11","0"
"268","23","0"
"268","24","0"
"268","25","0"
"268","50","1"
"268","56","1"
"268","58","1"
"268","63","1"
"268","88","1"
"268","104","0"
"269","23","1"
"269","25","1"
"269","50","0"
"269","51","0"
"269","58","0"
"269","63","0"
"269","88","0"
"269","90","1"
"269","104","1"
"269","129","1"
"270","23","0"
"270","25","0"
"270","49","1"
"270","58","1"
"270","62","1"
"270","63","1"
"270","88","1"
"270","90","0"
"270","129","0"
"271","11","1"
"271","23","1"
"271","24","1"
"271","25","1"
"271","49","0"
"271","53","0"
"271","56","0"
"271","57","0"
"271","62","0"
"271","104","1"
"272","1","0"
"272","2","0"
"272","16","0"
"272","17","0"
"272","68","1"
"272","74","1"
"272","75","1"
"272","89","1"
"272","100","1"
"272","167","0"
"273","35","0"
"273","37","0"
"273","38","0"
"273","80","1"
"273","81","1"
"273","86","0"
"273","87","0"
"273","157","1"
"273","162","1"
"273","164","1"
"274","27","1"
"274","33","0"
"274","34","0"
"274","36","0"
"274","46","0"
"274","47","0"
"274","83","1"
"274","99","1"
"274","158","1"
"274","160","1"
"275","31","1"
"275","33","0"
"275","38","0"
"275","40","0"
"275","42","0"
"275","87","0"
"275","98","1"
"275","156","1"
"275","162","1"
"275","164","1"
"276","1","0"
"276","2","0"
"276","8","0"
"276","12","0"
"276","16","0"
"276","71","1"
"276","75","1"
"276","100","1"
"276","128","1"
"276","131","1"
"278","31","0"
"278","32","0"
"278","34","1"
"278","36","1"
"278","38","1"
"278","42","1"
"278","83","0"
"278","87","1"
"278","99","0"
"279","2","0"
"279","9","0"
"279","66","1"
"279","67","1"
"279","71","1"
"279","76","1"
"279","101","1"
"279","109","0"
"279","110","0"
"279","117","0"
"280","31","0"
"280","34","1"
"280","36","1"
"280","42","1"
"280","44","1"
"280","80","0"
"280","84","0"
"280","87","1"
"280","163","0"
"281","31","1"
"281","32","1"
"281","33","0"
"281","40","0"
"281","42","0"
"281","46","0"
"281","47","0"
"281","84","1"
"281","156","1"
"281","162","1"
"282","9","1"
"282","10","1"
"282","12","1"
"282","65","0"
"282","67","0"
"282","71","0"
"282","78","1"
"282","89","0"
"282","100","0"
"282","110","1"
"283","34","1"
"283","36","1"
"283","42","1"
"283","44","1"
"283","81","0"
"283","84","0"
"283","87","1"
"283","156","0"
"283","163","0"
"284","30","0"
"284","68","1"
"284","74","1"
"284","75","1"
"284","84","0"
"284","89","1"
"284","98","0"
"284","100","1"
"284","161","0"
"284","163","0"
"285","69","1"
"285","72","1"
"285","80","0"
"285","81","0"
"285","101","1"
"285","131","1"
"285","133","1"
"285","157","0"
"285","159","0"
"285","162","0"
"286","31","0"
"286","32","0"
"286","67","1"
"286","73","1"
"286","74","1"
"286","76","1"
"286","81","0"
"286","83","0"
"286","98","0"
"286","168","0"
"287","1","1"
"287","7","1"
"287","12","1"
"287","16","1"
"287","17","1"
"287","35","0"
"287","36","0"
"287","42","0"
"287","44","0"
"287","152","0"
"288","4","0"
"288","5","0"
"288","8","0"
"288","10","0"
"288","18","0"
"288","33","1"
"288","37","1"
"288","39","1"
"288","44","1"
"288","47","1"
"289","7","0"
"289","12","0"
"289","13","0"
"289","15","0"
"289","34","1"
"289","35","1"
"289","36","1"
"289","38","1"
"289","78","0"
"289","87","1"
"290","49","1"
"290","58","1"
"290","62","1"
"290","63","1"
"290","80","0"
"290","84","0"
"290","88","1"
"290","156","0"
"290","163","0"
"291","2","1"
"291","15","1"
"291","18","1"
"291","34","0"
"291","35","0"
"291","36","0"
"291","38","0"
"291","78","1"
"291","87","0"
"291","167","1"
"292","1","1"
"292","2","1"
"292","16","1"
"292","35","0"
"292","36","0"
"292","47","0"
"293","30","0"
"293","32","0"
"293","51","1"
"293","58","1"
"293","60","1"
"293","63","1"
"293","83","0"
"293","88","1"
"293","99","0"
"293","161","0"
"294","30","1"
"294","32","1"
"294","50","0"
"294","52","0"
"294","55","0"
"294","61","0"
"294","83","1"
"294","98","1"
"294","168","1"
"295","32","0"
"295","49","1"
"295","58","1"
"295","62","1"
"295","63","1"
"295","81","0"
"295","83","0"
"295","88","1"
"295","99","0"
"296","30","1"
"296","32","1"
"296","49","0"
"296","51","0"
"296","55","0"
"296","60","0"
"296","81","1"
"296","84","1"
"296","142","0"
"296","163","1"
"296","168","1"
"297","30","0"
"297","32","0"
"297","50","1"
"297","53","1"
"297","57","1"
"297","60","1"
"297","61","1"
"297","83","0"
"297","98","0"
"297","99","0"
"297","157","0"
"298","2","0"
"298","4","0"
"298","8","0"
"298","16","0"
"298","20","1"
"298","21","1"
"298","79","1"
"298","90","1"
"298","115","1"
"298","167","0"
"299","2","0"
"299","9","0"
"299","11","1"
"299","20","1"
"299","24","1"
"299","105","1"
"299","109","0"
"299","110","0"
"299","115","1"
"299","167","0"
"300","4","0"
"300","7","0"
"300","12","0"
"300","23","1"
"300","24","1"
"300","25","1"
"300","79","1"
"300","104","1"
"300","109","0"
"301","1","0"
"301","5","0"
"301","8","0"
"301","16","0"
"301","17","0"
"301","20","1"
"301","21","1"
"301","79","1"
"301","90","1"
"301","115","1"
"301","167","0"
"302","20","1"
"302","21","1"
"302","38","0"
"302","39","0"
"302","44","0"
"302","45","0"
"302","79","1"
"302","90","1"
"302","115","1"
"302","148","0"
"303","11","1"
"303","23","1"
"303","24","1"
"303","25","1"
"303","34","0"
"303","35","0"
"303","36","0"
"303","47","0"
"303","87","0"
"303","104","1"
"304","11","1"
"304","38","0"
"304","40","0"
"304","42","0"
"304","44","0"
"304","90","1"
"304","92","1"
"304","102","1"
"304","105","1"
"304","149","0"
"305","23","0"
"305","24","0"
"305","25","0"
"305","34","1"
"305","36","1"
"305","42","1"
"305","44","1"
"305","87","1"
"305","118","0"
"306","20","1"
"306","21","1"
"306","34","0"
"306","36","0"
"306","42","0"
"306","79","1"
"306","90","1"
"306","115","1"
"306","150","0"
"306","152","0"
"307","20","1"
"307","21","1"
"307","25","1"
"307","33","0"
"307","37","0"
"307","47","0"
"307","86","0"
"307","87","0"
"307","118","1"
"307","129","1"
"308","1","1"
"308","7","1"
"308","12","1"
"308","13","1"
"308","16","1"
"308","50","0"
"308","56","0"
"308","57","0"
"308","62","0"
"308","136","0"
"309","4","0"
"309","5","0"
"309","12","0"
"309","49","1"
"309","50","1"
"309","53","1"
"309","56","1"
"309","61","1"
"309","109","0"
"310","68","1"
"310","74","1"
"310","75","1"
"310","81","0"
"310","83","0"
"310","89","1"
"310","98","0"
"310","99","0"
"310","100","1"
"310","161","0"
"311","26","1"
"311","30","1"
"311","32","1"
"311","66","0"
"311","73","0"
"311","74","0"
"311","75","0"
"311","83","1"
"311","99","1"
"311","165","0"
"312","26","0"
"312","66","1"
"312","68","1"
"312","73","1"
"312","76","1"
"312","84","0"
"312","131","1"
"312","156","0"
"312","157","0"
"312","162","0"
"313","1","1"
"313","5","1"
"313","9","1"
"313","16","1"
"313","67","0"
"313","68","0"
"313","76","0"
"313","167","1"
"314","34","0"
"314","37","0"
"314","47","0"
"314","50","1"
"314","58","1"
"314","60","1"
"314","63","1"
"314","86","0"
"314","87","0"
"314","88","1"
"315","1","0"
"315","7","0"
"315","9","0"
"315","12","0"
"315","67","1"
"315","75","1"
"315","76","1"
"315","89","1"
"315","100","1"
"316","1","0"
"316","2","0"
"316","5","0"
"316","9","0"
"316","67","1"
"316","75","1"
"316","76","1"
"316","89","1"
"316","100","1"
"317","40","0"
"317","42","0"
"317","47","0"
"317","56","1"
"317","58","1"
"317","62","1"
"317","63","1"
"317","88","1"
"317","149","0"
"317","150","0"
"318","34","0"
"318","36","0"
"318","42","0"
"318","47","0"
"318","53","1"
"318","56","1"
"318","60","1"
"318","86","0"
"318","87","0"
"318","88","1"
"318","142","1"
"319","50","0"
"319","58","0"
"319","62","0"
"319","63","0"
"319","75","1"
"319","88","0"
"319","89","1"
"319","100","1"
"319","131","1"
"319","133","1"
"320","58","0"
"320","62","0"
"320","63","0"
"320","67","1"
"320","68","1"
"320","76","1"
"320","88","0"
"320","100","1"
"320","142","0"
"321","50","1"
"321","56","1"
"321","57","1"
"321","58","1"
"321","63","1"
"321","65","0"
"321","74","0"
"321","76","0"
"321","131","0"
"322","53","1"
"322","56","1"
"322","57","1"
"322","61","1"
"322","62","1"
"322","67","0"
"322","73","0"
"322","75","0"
"322","100","0"
"322","165","0"
"323","56","1"
"323","58","1"
"323","62","1"
"323","63","1"
"323","67","0"
"323","73","0"
"323","74","0"
"323","75","0"
"323","88","1"
"323","100","0"
"324","50","1"
"324","56","1"
"324","58","1"
"324","63","1"
"324","65","0"
"324","68","0"
"324","76","0"
"324","89","0"
"324","133","0"
"324","142","1"
"325","3","0"
"325","53","0"
"325","56","0"
"325","57","0"
"325","60","0"
"325","68","1"
"325","73","1"
"325","74","1"
"325","75","1"
"325","100","1"
"326","53","1"
"326","58","1"
"326","61","1"
"326","63","1"
"326","65","0"
"326","66","0"
"326","67","0"
"326","88","1"
"326","89","0"
"326","100","0"
"326","133","0"
"327","11","0"
"327","24","0"
"327","83","1"
"327","84","1"
"327","92","0"
"327","97","0"
"327","98","1"
"327","103","0"
"327","138","1"
"327","156","1"
"328","79","0"
"328","90","0"
"328","92","0"
"328","97","0"
"328","98","1"
"328","103","0"
"328","138","1"
"328","156","1"
"328","162","1"
"328","164","1"
"329","26","0"
"329","30","0"
"329","32","0"
"329","51","0"
"329","79","1"
"329","90","1"
"329","99","0"
"329","102","1"
"329","105","1"
"329","116","1"
"330","11","1"
"330","20","1"
"330","21","1"
"330","24","1"
"330","83","0"
"330","84","0"
"330","98","0"
"330","115","1"
"330","138","0"
"330","156","0"
"332","7","0"
"332","33","1"
"332","35","1"
"332","37","1"
"332","47","1"
"332","49","0"
"332","86","1"
"332","110","0"
"332","117","0"
"333","1","0"
"333","7","0"
"333","9","0"
"333","12","0"
"333","34","1"
"333","35","1"
"333","37","1"
"333","44","1"
"333","86","1"
"334","2","1"
"334","5","1"
"334","13","1"
"334","15","1"
"334","16","1"
"334","39","0"
"334","44","0"
"334","45","0"
"334","87","0"
"334","148","0"
"335","1","0"
"335","7","0"
"335","12","0"
"335","13","0"
"335","33","1"
"335","35","1"
"335","37","1"
"335","47","1"
"335","86","1"
"336","7","1"
"336","12","1"
"336","18","1"
"336","33","0"
"336","35","0"
"336","37","0"
"336","47","0"
"336","49","1"
"336","78","1"
"336","150","0"
"337","20","0"
"337","21","0"
"337","30","1"
"337","31","1"
"337","32","1"
"337","79","0"
"337","83","1"
"337","90","0"
"337","98","1"
"338","20","0"
"338","21","0"
"338","30","1"
"338","31","1"
"338","32","1"
"338","83","1"
"338","90","0"
"338","98","1"
"338","129","0"
"339","11","1"
"339","23","1"
"339","25","1"
"339","30","0"
"339","32","0"
"339","83","0"
"339","84","0"
"339","104","1"
"339","115","1"
"340","11","1"
"340","20","1"
"340","23","1"
"340","25","1"
"340","27","0"
"340","51","0"
"340","118","1"
"340","157","0"
"340","160","0"
"340","162","0"
"341","11","1"
"341","20","1"
"341","21","1"
"341","24","1"
"341","26","0"
"341","31","0"
"341","51","0"
"341","91","1"
"341","98","0"
"341","99","0"
"342","2","1"
"342","12","1"
"342","13","1"
"342","15","1"
"342","67","0"
"342","69","0"
"342","71","0"
"342","78","1"
"342","101","0"
"342","126","0"
"343","9","1"
"343","10","1"
"343","15","1"
"343","67","0"
"343","69","0"
"343","71","0"
"343","78","1"
"343","101","0"
"343","126","0"
"343","167","1"
"344","1","0"
"344","5","0"
"344","7","0"
"344","13","0"
"344","16","0"
"344","65","1"
"344","67","1"
"344","71","1"
"344","73","1"
"344","100","1"
"345","11","0"
"345","23","0"
"345","24","0"
"345","25","0"
"345","30","1"
"345","31","1"
"345","32","1"
"345","83","1"
"345","98","1"
"345","104","0"
"345","138","1"
"346","20","0"
"346","21","0"
"346","30","1"
"346","31","1"
"346","32","1"
"346","83","1"
"346","90","0"
"346","98","1"
"346","129","0"
"347","26","0"
"347","51","0"
"347","68","1"
"347","74","1"
"347","76","1"
"347","81","0"
"347","89","1"
"347","98","0"
"347","99","0"
"347","100","1"
"348","26","1"
"348","51","1"
"348","65","0"
"348","68","0"
"348","69","0"
"348","74","0"
"348","81","1"
"348","98","1"
"348","99","1"
"348","125","0"
"349","30","0"
"349","31","0"
"349","32","0"
"349","66","1"
"349","68","1"
"349","73","1"
"349","74","1"
"349","75","1"
"349","83","0"
"349","84","0"
"350","30","1"
"350","31","1"
"350","32","1"
"350","67","0"
"350","71","0"
"350","75","0"
"350","83","1"
"350","98","1"
"350","100","0"
"351","31","0"
"351","32","0"
"351","67","1"
"351","73","1"
"351","75","1"
"351","83","0"
"352","2","1"
"352","12","1"
"352","14","1"
"352","35","0"
"352","37","0"
"352","39","0"
"352","47","0"
"352","49","1"
"352","110","1"
"352","150","0"
"353","5","0"
"353","7","0"
"353","16","0"
"353","18","0"
"353","34","1"
"353","36","1"
"353","38","1"
"353","49","0"
"353","87","1"
"353","149","1"
"354","2","1"
"354","12","1"
"354","13","1"
"354","14","1"
"354","34","0"
"354","36","0"
"354","44","0"
"354","47","0"
"354","49","1"
"354","86","0"
"355","3","1"
"355","23","0"
"355","24","0"
"355","25","0"
"355","50","1"
"355","58","1"
"355","63","1"
"355","79","0"
"355","116","0"
"355","136","1"
"356","20","0"
"356","21","0"
"356","50","1"
"356","53","1"
"356","58","1"
"356","60","1"
"356","63","1"
"356","79","0"
"356","90","0"
"356","115","0"
"357","50","1"
"357","55","1"
"357","57","1"
"357","60","1"
"357","79","0"
"357","90","0"
"357","91","0"
"357","92","0"
"357","116","0"
"357","161","1"
"358","11","0"
"358","24","0"
"358","56","1"
"358","58","1"
"358","63","1"
"358","92","0"
"358","102","0"
"358","108","1"
"358","116","0"
"358","161","1"
"359","1","1"
"359","10","1"
"359","13","1"
"359","16","1"
"359","55","0"
"359","56","0"
"359","62","0"
"359","142","0"
"359","161","0"
"359","167","1"
"360","1","0"
"360","2","0"
"360","9","0"
"360","12","0"
"360","58","1"
"360","62","1"
"360","63","1"
"360","88","1"
"360","142","1"
"361","36","0"
"361","42","0"
"361","47","0"
"361","87","0"
"361","98","1"
"361","138","1"
"361","149","0"
"361","163","1"
"361","164","1"
"361","168","1"
"362","1","1"
"362","2","1"
"362","12","1"
"362","13","1"
"362","16","1"
"362","56","0"
"362","58","0"
"362","62","0"
"362","63","0"
"362","88","0"
"363","30","1"
"363","31","1"
"363","32","1"
"363","34","0"
"363","38","0"
"363","42","0"
"363","83","1"
"363","87","0"
"363","98","1"
"364","26","1"
"364","35","0"
"364","38","0"
"364","51","1"
"364","87","0"
"364","148","0"
"364","149","0"
"364","156","1"
"364","157","1"
"364","163","1"
"365","30","1"
"365","31","1"
"365","32","1"
"365","39","0"
"365","44","0"
"365","45","0"
"365","83","1"
"365","98","1"
"365","152","0"
"366","27","0"
"366","35","1"
"366","39","1"
"366","44","1"
"366","87","1"
"366","147","1"
"366","157","0"
"366","158","0"
"366","163","0"
"366","164","0"
"367","3","1"
"367","53","1"
"367","56","1"
"367","57","1"
"367","61","1"
"368","32","0"
"368","38","1"
"368","39","1"
"368","45","1"
"368","84","0"
"368","87","1"
"368","98","0"
"368","138","0"
"368","162","0"
"369","26","1"
"369","37","0"
"369","38","0"
"369","39","0"
"369","42","0"
"369","83","1"
"369","84","1"
"369","87","0"
"369","98","1"
"369","147","0"
"369","168","1"
"370","3","0"
"370","31","1"
"370","32","1"
"370","51","1"
"370","55","0"
"370","62","0"
"370","99","1"
"370","142","0"
"370","157","1"
"370","161","0"
"372","4","0"
"372","50","0"
"372","55","0"
"372","56","0"
"372","58","0"
"372","83","1"
"372","84","1"
"372","98","1"
"372","156","1"
"372","168","1"
"373","10","0"
"373","11","1"
"373","14","0"
"373","18","0"
"373","20","1"
"373","23","1"
"373","78","0"
"373","115","1"
"373","129","1"
"373","167","0"
"374","12","1"
"374","13","1"
"374","15","1"
"374","23","0"
"374","24","0"
"374","25","0"
"374","78","1"
"374","110","1"
"374","118","0"
"375","1","1"
"375","5","1"
"375","13","1"
"375","16","1"
"375","20","0"
"375","21","0"
"375","24","0"
"375","90","0"
"375","104","0"
"375","167","1"
"376","34","0"
"376","37","0"
"376","38","0"
"376","66","1"
"376","67","1"
"376","73","1"
"376","75","1"
"376","86","0"
"376","87","0"
"376","89","1"
"377","34","0"
"377","37","0"
"377","38","0"
"377","66","1"
"377","68","1"
"377","73","1"
"377","74","1"
"377","75","1"
"377","86","0"
"377","87","0"
"378","39","0"
"378","47","0"
"378","68","1"
"378","69","1"
"378","72","1"
"378","74","1"
"378","86","0"
"378","87","0"
"378","101","1"
"378","146","0"
"379","36","0"
"379","38","0"
"379","42","0"
"379","44","0"
"379","45","0"
"379","67","1"
"379","71","1"
"379","75","1"
"379","89","1"
"379","100","1"
"380","40","0"
"380","42","0"
"380","45","0"
"380","47","0"
"380","68","1"
"380","73","1"
"380","74","1"
"380","75","1"
"380","87","0"
"380","100","1"
"381","34","0"
"381","37","0"
"381","42","0"
"381","44","0"
"381","69","1"
"381","72","1"
"381","87","0"
"381","125","1"
"381","131","1"
"381","133","1"
"382","34","1"
"382","37","1"
"382","38","1"
"382","42","1"
"382","44","1"
"382","68","0"
"382","69","0"
"382","72","0"
"382","74","0"
"382","125","0"
"383","35","1"
"383","38","1"
"383","47","1"
"383","75","0"
"383","86","1"
"383","100","0"
"383","131","0"
"383","133","0"
"383","149","1"
"384","37","0"
"384","45","0"
"384","47","0"
"384","55","1"
"384","56","1"
"384","60","1"
"384","87","0"
"384","141","1"
"384","142","1"
"384","149","0"
"385","3","1"
"385","34","0"
"385","37","0"
"385","38","0"
"385","42","0"
"385","44","0"
"385","50","1"
"385","53","1"
"385","57","1"
"385","61","1"
"386","35","1"
"386","36","1"
"386","38","1"
"386","39","1"
"386","50","0"
"386","53","0"
"386","57","0"
"386","60","0"
"386","61","0"
"386","87","1"
"387","34","1"
"387","38","1"
"387","42","1"
"387","44","1"
"387","58","0"
"387","60","0"
"387","62","0"
"387","63","0"
"387","88","0"
"387","148","1"
"388","42","1"
"388","44","1"
"388","45","1"
"388","55","0"
"388","56","0"
"388","108","0"
"388","141","0"
"388","142","0"
"388","147","1"
"388","152","1"
"389","37","1"
"389","38","1"
"389","42","1"
"389","44","1"
"389","45","1"
"389","53","0"
"389","57","0"
"389","60","0"
"389","61","0"
"389","62","0"
"390","34","0"
"390","37","0"
"390","47","0"
"390","50","1"
"390","56","1"
"390","58","1"
"390","63","1"
"390","86","0"
"390","87","0"
"390","88","1"
"390","142","1"
"391","21","1"
"391","68","0"
"391","69","0"
"391","73","0"
"391","74","0"
"391","75","0"
"391","79","1"
"391","104","1"
"391","115","1"
"391","118","1"
"392","20","0"
"392","23","0"
"392","24","0"
"392","67","1"
"392","73","1"
"392","75","1"
"392","89","1"
"392","90","0"
"392","100","1"
"393","23","0"
"393","24","0"
"393","25","0"
"393","67","1"
"393","73","1"
"393","75","1"
"393","89","1"
"393","90","0"
"393","100","1"
"394","21","0"
"394","24","0"
"394","25","0"
"394","76","1"
"394","89","1"
"394","90","0"
"394","100","1"
"394","104","0"
"394","131","1"
"394","133","1"
"395","11","0"
"395","20","0"
"395","21","0"
"395","23","0"
"395","24","0"
"395","25","0"
"395","68","1"
"395","69","1"
"395","73","1"
"395","74","1"
"395","75","1"
"396","21","0"
"396","38","1"
"396","45","1"
"396","79","0"
"396","87","1"
"396","102","0"
"396","116","0"
"396","118","0"
"396","147","1"
"396","149","1"
"397","33","1"
"397","36","1"
"397","38","1"
"397","44","1"
"397","86","1"
"397","90","0"
"397","97","0"
"397","102","0"
"397","116","0"
"397","129","0"
"398","11","1"
"398","23","1"
"398","24","1"
"398","25","1"
"398","34","0"
"398","37","0"
"398","42","0"
"398","44","0"
"398","104","1"
"398","152","0"
"399","23","0"
"399","24","0"
"399","25","0"
"399","34","1"
"399","36","1"
"399","42","1"
"399","44","1"
"399","87","1"
"399","118","0"
"400","35","1"
"400","37","1"
"400","47","1"
"400","86","1"
"400","87","1"
"400","90","0"
"400","97","0"
"400","103","0"
"400","129","0"
"401","23","1"
"401","25","1"
"401","34","0"
"401","36","0"
"401","37","0"
"401","42","0"
"401","47","0"
"401","90","1"
"401","129","1"
"402","34","1"
"402","36","1"
"402","42","1"
"402","44","1"
"402","87","1"
"402","90","0"
"402","97","0"
"402","116","0"
"402","129","0"
"403","1","1"
"403","2","1"
"403","12","1"
"403","13","1"
"403","30","0"
"403","31","0"
"403","32","0"
"403","162","0"
"403","163","0"
"403","175","1"
"404","12","1"
"404","15","1"
"404","17","1"
"404","26","0"
"404","51","0"
"404","78","1"
"404","84","0"
"404","98","0"
"404","138","0"
"404","167","1"
"405","1","1"
"405","2","1"
"405","12","1"
"405","13","1"
"405","26","0"
"405","98","0"
"405","111","1"
"405","138","0"
"405","163","0"
"405","164","0"
"406","1","0"
"406","2","0"
"406","7","0"
"406","13","0"
"406","51","1"
"406","84","1"
"406","138","1"
"406","156","1"
"406","168","1"
"407","1","0"
"407","2","0"
"407","5","0"
"407","13","0"
"407","51","1"
"407","99","1"
"407","138","1"
"407","156","1"
"407","168","1"
"408","1","0"
"408","12","0"
"408","13","0"
"408","30","1"
"408","31","1"
"408","32","1"
"408","83","1"
"408","84","1"
"408","98","1"
"408","167","0"
"408","175","0"
"409","5","1"
"409","7","1"
"409","15","1"
"409","17","1"
"409","30","0"
"409","51","0"
"409","78","1"
"409","83","0"
"409","98","0"
"409","99","0"
"410","50","0"
"410","58","0"
"410","60","0"
"410","63","0"
"410","68","1"
"410","74","1"
"410","76","1"
"410","88","0"
"410","89","1"
"410","100","1"
"411","50","1"
"411","53","1"
"411","57","1"
"411","60","1"
"411","61","1"
"411","65","0"
"411","66","0"
"411","68","0"
"411","74","0"
"411","128","0"
"412","55","0"
"412","56","0"
"412","62","0"
"412","67","1"
"412","69","1"
"412","71","1"
"412","73","1"
"412","75","1"
"412","142","0"
"412","161","0"
"413","56","1"
"413","58","1"
"413","63","1"
"413","67","0"
"413","71","0"
"413","72","0"
"413","88","1"
"413","101","0"
"413","108","1"
"413","126","0"
"414","4","0"
"414","56","0"
"414","61","0"
"414","62","0"
"414","67","1"
"414","73","1"
"414","75","1"
"414","89","1"
"414","100","1"
"415","55","0"
"415","56","0"
"415","58","0"
"415","60","0"
"415","63","0"
"415","66","1"
"415","67","1"
"415","71","1"
"415","88","0"
"415","100","1"
"415","125","1"
"416","50","0"
"416","53","0"
"416","56","0"
"416","57","0"
"416","61","0"
"416","67","1"
"416","71","1"
"416","101","1"
"416","126","1"
"416","128","1"
"416","161","0"
"417","20","0"
"417","21","0"
"417","24","0"
"417","68","1"
"417","74","1"
"417","76","1"
"417","89","1"
"417","90","0"
"417","100","1"
"417","114","0"
"418","11","0"
"418","20","0"
"418","23","0"
"418","25","0"
"418","71","1"
"418","73","1"
"418","74","1"
"418","75","1"
"418","100","1"
"418","129","0"
"419","23","0"
"419","24","0"
"419","25","0"
"419","67","1"
"419","71","1"
"419","76","1"
"419","89","1"
"419","90","0"
"419","100","1"
"419","104","0"
"420","23","0"
"420","24","0"
"420","25","0"
"420","67","1"
"420","76","1"
"420","89","1"
"420","90","0"
"420","100","1"
"420","104","0"
"420","131","1"
"421","2","0"
"421","12","0"
"421","30","1"
"421","31","1"
"421","32","1"
"421","83","1"
"421","98","1"
"421","109","0"
"421","110","0"
"422","12","1"
"422","18","1"
"422","26","0"
"422","49","1"
"422","110","1"
"422","156","0"
"422","157","0"
"422","162","0"
"422","163","0"
"422","167","1"
"423","12","1"
"423","15","1"
"423","17","1"
"423","31","0"
"423","32","0"
"423","78","1"
"423","99","0"
"423","163","0"
"423","167","1"
"423","168","0"
"424","23","0"
"424","24","0"
"424","25","0"
"424","65","1"
"424","67","1"
"424","71","1"
"424","72","1"
"424","73","1"
"424","90","0"
"424","114","0"
"425","11","0"
"425","20","0"
"425","21","0"
"425","24","0"
"425","67","1"
"425","69","1"
"425","71","1"
"425","76","1"
"425","89","1"
"425","97","0"
"425","115","0"
"426","5","1"
"426","7","1"
"426","27","0"
"426","109","1"
"426","110","1"
"426","111","1"
"426","138","0"
"426","157","0"
"426","163","0"
"426","164","0"
"427","2","0"
"427","17","0"
"427","30","1"
"427","31","1"
"427","32","1"
"427","78","0"
"427","83","1"
"427","98","1"
"427","167","0"
"428","12","1"
"428","18","1"
"428","51","0"
"428","98","0"
"428","99","0"
"428","109","1"
"428","111","1"
"428","138","0"
"428","167","1"
"428","168","0"
"429","65","0"
"429","66","0"
"429","79","1"
"429","97","1"
"429","102","1"
"429","104","1"
"429","118","1"
"429","128","0"
"429","131","0"
"429","133","0"
"430","11","1"
"430","73","0"
"430","74","0"
"430","75","0"
"430","103","1"
"430","104","1"
"430","116","1"
"430","126","0"
"430","129","1"
"430","131","0"
"432","5","0"
"432","7","0"
"432","31","1"
"432","32","1"
"432","51","1"
"432","109","0"
"432","110","0"
"432","111","0"
"432","138","1"
"432","162","1"
"433","5","0"
"433","12","0"
"433","13","0"
"433","30","1"
"433","31","1"
"433","32","1"
"433","78","0"
"433","83","1"
"433","98","1"
"434","12","1"
"434","18","1"
"434","31","0"
"434","32","0"
"434","49","1"
"434","51","0"
"434","83","0"
"434","110","1"
"434","167","1"
"434","168","0"
"435","1","1"
"435","5","1"
"435","12","1"
"435","30","0"
"435","31","0"
"435","32","0"
"435","83","0"
"435","98","0"
"435","110","1"
"436","5","1"
"436","7","1"
"436","15","1"
"436","17","1"
"436","30","0"
"436","51","0"
"436","78","1"
"436","84","0"
"436","98","0"
"436","168","0"
"437","11","1"
"437","67","0"
"437","71","0"
"437","73","0"
"437","75","0"
"437","89","0"
"437","97","1"
"437","102","1"
"437","104","1"
"437","129","1"
"438","11","1"
"438","23","1"
"438","25","1"
"438","65","0"
"438","67","0"
"438","71","0"
"438","73","0"
"438","104","1"
"438","115","1"
"439","69","1"
"439","72","1"
"439","79","0"
"439","97","0"
"439","102","0"
"439","114","0"
"439","118","0"
"439","125","1"
"439","131","1"
"439","133","1"
"440","20","1"
"440","21","1"
"440","24","1"
"440","65","0"
"440","67","0"
"440","68","0"
"440","75","0"
"440","97","1"
"440","114","1"
"441","24","1"
"441","65","0"
"441","67","0"
"441","69","0"
"441","71","0"
"441","73","0"
"441","76","0"
"441","97","1"
"441","103","1"
"441","105","1"
"441","114","1"
"442","11","1"
"442","20","1"
"442","21","1"
"442","66","0"
"442","67","0"
"442","71","0"
"442","75","0"
"442","76","0"
"442","103","1"
"442","125","0"
"442","129","1"
"443","1","0"
"443","2","0"
"443","12","0"
"443","13","0"
"443","20","1"
"443","21","1"
"443","24","1"
"443","90","1"
"443","110","0"
"443","115","1"
"444","2","1"
"444","12","1"
"444","15","1"
"444","17","1"
"444","23","0"
"444","24","0"
"444","25","0"
"444","78","1"
"444","90","0"
"444","104","0"
"445","1","0"
"445","10","0"
"445","11","1"
"445","13","0"
"445","20","1"
"445","21","1"
"445","115","1"
"445","129","1"
"445","167","0"
"445","175","0"
"446","10","1"
"446","16","1"
"446","79","0"
"446","92","0"
"446","105","0"
"446","109","1"
"446","111","1"
"446","116","0"
"446","118","0"
"446","167","1"
"447","1","1"
"447","2","1"
"447","12","1"
"447","13","1"
"447","24","0"
"447","90","0"
"447","97","0"
"447","102","0"
"447","103","0"
"447","110","1"
"448","1","0"
"448","5","0"
"448","7","0"
"448","11","1"
"448","13","0"
"448","20","1"
"448","21","1"
"448","110","0"
"448","115","1"
"448","129","1"
"449","10","1"
"449","16","1"
"449","18","1"
"449","49","1"
"449","79","0"
"449","97","0"
"449","102","0"
"449","103","0"
"449","118","0"
"449","167","1"
"450","2","0"
"450","11","1"
"450","12","0"
"450","15","0"
"450","17","0"
"450","20","1"
"450","21","1"
"450","78","0"
"450","115","1"
"450","129","1"
"451","5","0"
"451","7","0"
"451","11","1"
"451","16","0"
"451","18","0"
"451","49","0"
"451","90","1"
"451","97","1"
"451","102","1"
"451","103","1"
"453","5","0"
"453","7","0"
"453","11","1"
"453","16","0"
"453","18","0"
"453","20","1"
"453","49","0"
"453","97","1"
"453","109","0"
"453","116","1"
"453","129","1"
"454","5","0"
"454","7","0"
"454","15","0"
"454","17","0"
"454","20","1"
"454","21","1"
"454","24","1"
"454","78","0"
"454","90","1"
"454","115","1"
"455","5","0"
"455","7","0"
"455","16","0"
"455","23","1"
"455","49","0"
"455","79","1"
"455","92","1"
"455","105","1"
"455","110","0"
"455","118","1"
"456","5","1"
"456","11","0"
"456","15","1"
"456","16","1"
"456","23","0"
"456","78","1"
"456","102","0"
"456","103","0"
"456","129","0"
"456","167","1"
"457","2","0"
"457","12","0"
"457","13","0"
"457","15","0"
"457","20","1"
"457","21","1"
"457","24","1"
"457","78","0"
"457","90","1"
"457","115","1"
"458","12","0"
"458","13","0"
"458","18","0"
"458","23","1"
"458","24","1"
"458","25","1"
"458","78","0"
"458","111","0"
"458","118","1"
"459","7","1"
"459","11","0"
"459","15","1"
"459","17","1"
"459","20","0"
"459","21","0"
"459","78","1"
"459","115","0"
"459","129","0"
"459","167","1"
"460","8","0"
"460","10","0"
"460","11","1"
"460","13","0"
"460","49","0"
"460","92","1"
"460","97","1"
"460","105","1"
"460","129","1"
"460","167","0"
"461","2","0"
"461","8","0"
"461","11","1"
"461","18","0"
"461","20","1"
"461","21","1"
"461","49","0"
"461","115","1"
"461","129","1"
"461","167","0"
"462","12","0"
"462","13","0"
"462","15","0"
"462","20","1"
"462","21","1"
"462","24","1"
"462","78","0"
"462","90","1"
"462","109","0"
"462","110","0"
"462","115","1"
"463","2","1"
"463","5","1"
"463","13","1"
"463","15","1"
"463","31","0"
"463","32","0"
"463","99","0"
"463","163","0"
"463","181","1"
"463","201","0"
"464","24","1"
"464","65","0"
"464","89","0"
"464","97","1"
"464","102","1"
"464","104","1"
"464","131","0"
"464","187","1"
"464","207","0"
"464","210","0"
"466","8","0"
"466","12","0"
"466","17","0"
"466","39","1"
"466","78","0"
"466","98","1"
"466","99","1"
"466","114","1"
"466","165","0"
"466","202","1"
"467","11","1"
"467","89","0"
"467","92","1"
"467","128","0"
"467","129","1"
"467","132","0"
"467","191","1"
"467","192","1"
"467","210","0"
"467","232","0"
"468","23","1"
"468","24","1"
"468","66","0"
"468","128","0"
"468","131","0"
"468","187","1"
"468","189","1"
"468","192","1"
"468","207","0"
"468","214","0"
"469","65","1"
"469","66","1"
"469","79","0"
"469","89","1"
"469","102","0"
"469","128","1"
"469","188","0"
"469","194","0"
"469","195","0"
"469","232","1"
"470","5","1"
"470","13","1"
"470","27","1"
"470","49","1"
"470","81","0"
"470","99","0"
"470","116","0"
"470","156","0"
"470","163","0"
"470","165","1"
"471","2","1"
"471","16","1"
"471","26","0"
"471","39","0"
"471","78","1"
"471","84","0"
"471","156","0"
"471","167","1"
"471","183","1"
"471","199","0"
"471","200","0"
"472","4","1"
"472","5","0"
"472","9","0"
"472","49","0"
"472","62","1"
"472","108","1"
"472","110","0"
"472","118","0"
"472","142","1"
"472","225","1"
"473","2","1"
"473","49","1"
"473","50","0"
"473","58","0"
"473","88","0"
"473","110","1"
"473","161","0"
"473","167","1"
"473","175","1"
"473","215","0"
"474","2","0"
"474","8","0"
"474","16","0"
"474","58","1"
"474","78","0"
"474","88","1"
"474","161","1"
"474","167","0"
"474","219","1"
"474","226","1"
"475","20","1"
"475","115","1"
"475","146","0"
"475","147","0"
"475","148","0"
"475","150","0"
"475","169","1"
"475","188","1"
"475","195","1"
"476","38","1"
"476","40","1"
"476","79","0"
"476","90","0"
"476","102","0"
"476","104","0"
"476","150","1"
"476","194","0"
"476","206","1"
"476","227","1"
"477","27","0"
"477","53","1"
"477","118","0"
"477","180","0"
"477","181","0"
"477","183","0"
"477","219","1"
"477","221","1"
"477","224","1"
"477","226","1"
"478","2","0"
"478","5","0"
"478","53","1"
"478","110","0"
"478","167","0"
"478","185","0"
"478","219","1"
"478","221","1"
"478","224","1"
"478","226","1"
"479","34","0"
"479","36","0"
"479","47","0"
"479","79","1"
"479","90","1"
"479","91","1"
"479","97","1"
"479","192","1"
"479","205","0"
"479","229","0"
"480","20","0"
"480","33","1"
"480","38","1"
"480","40","1"
"480","92","0"
"480","129","0"
"480","162","1"
"480","187","0"
"480","191","0"
"480","227","1"
"481","47","1"
"481","79","0"
"481","90","0"
"481","92","0"
"481","169","0"
"481","189","0"
"481","204","1"
"481","206","1"
"481","227","1"
"481","229","1"
"482","17","0"
"482","18","0"
"482","50","1"
"482","72","1"
"482","101","1"
"482","118","0"
"482","167","0"
"482","183","0"
"482","220","1"
"482","226","1"
"483","2","0"
"483","5","0"
"483","8","0"
"483","88","1"
"483","161","1"
"483","181","0"
"483","215","1"
"483","219","1"
"484","40","0"
"484","44","0"
"484","91","1"
"484","97","1"
"484","129","1"
"484","187","1"
"484","192","1"
"484","206","0"
"484","227","0"
"484","230","0"
"485","34","0"
"485","36","0"
"485","47","0"
"485","104","1"
"485","129","1"
"485","188","1"
"485","190","1"
"486","30","1"
"486","58","0"
"486","60","0"
"486","88","0"
"486","99","1"
"486","138","1"
"486","161","0"
"486","198","1"
"486","200","1"
"486","226","0"
"487","4","0"
"487","60","0"
"487","72","0"
"487","81","1"
"487","99","1"
"487","101","0"
"487","116","1"
"487","156","1"
"487","163","1"
"487","219","0"
"488","26","0"
"488","31","0"
"488","51","0"
"488","52","1"
"488","72","1"
"488","201","0"
"488","202","0"
"488","223","1"
"488","224","1"
"488","225","1"
"489","34","1"
"489","63","0"
"489","74","0"
"489","87","1"
"489","125","0"
"489","205","1"
"489","207","0"
"489","209","0"
"489","229","1"
"490","30","1"
"490","31","1"
"490","51","1"
"490","60","0"
"490","98","1"
"490","101","0"
"490","200","1"
"490","220","0"
"490","223","0"
"491","30","0"
"491","57","1"
"491","60","1"
"491","72","1"
"491","84","0"
"491","138","0"
"491","198","0"
"491","203","0"
"491","217","1"
"491","219","1"
"492","37","1"
"492","68","0"
"492","73","0"
"492","125","0"
"492","206","1"
"492","207","0"
"492","214","0"
"492","227","1"
"492","229","1"
"492","231","1"
"493","34","1"
"493","42","1"
"493","47","1"
"493","66","0"
"493","74","0"
"493","87","1"
"493","205","1"
"493","213","0"
"493","232","0"
"494","38","1"
"494","45","1"
"494","66","0"
"494","87","1"
"494","131","0"
"494","132","0"
"494","147","1"
"494","206","1"
"494","212","0"
"494","213","0"
"495","34","0"
"495","40","0"
"495","47","0"
"495","73","1"
"495","76","1"
"495","131","1"
"495","132","1"
"495","205","0"
"495","214","1"
"495","229","0"
"496","45","0"
"496","68","1"
"496","73","1"
"496","86","1"
"496","87","0"
"496","125","1"
"496","147","0"
"496","150","0"
"496","232","1"
"497","51","0"
"497","52","1"
"497","58","1"
"497","81","0"
"497","88","1"
"497","116","0"
"497","156","0"
"497","161","1"
"497","202","0"
"497","226","1"
"498","4","0"
"498","26","1"
"498","30","1"
"498","60","0"
"498","84","1"
"498","101","0"
"498","138","1"
"498","163","1"
"498","219","0"
"498","220","0"
"499","39","1"
"499","52","0"
"499","58","0"
"499","81","1"
"499","98","1"
"499","99","1"
"499","161","0"
"499","203","1"
"499","223","0"
"499","224","0"
"500","30","1"
"500","52","0"
"500","58","0"
"500","60","0"
"500","72","0"
"500","81","1"
"500","84","1"
"500","88","0"
"500","156","1"
"500","199","1"
"500","224","0"
"501","34","1"
"501","38","1"
"501","40","1"
"501","46","1"
"501","63","0"
"501","68","0"
"501","89","0"
"501","205","1"
"501","209","0"
"501","232","0"
"502","12","1"
"502","13","1"
"502","15","1"
"502","67","0"
"502","71","0"
"502","125","0"
"502","180","1"
"502","181","1"
"502","214","0"
"503","12","0"
"503","13","0"
"503","15","0"
"503","67","1"
"503","71","1"
"503","75","1"
"503","180","0"
"503","181","0"
"503","232","1"
"504","5","0"
"504","15","0"
"504","63","1"
"504","65","1"
"504","67","1"
"504","75","1"
"504","89","1"
"504","167","0"
"504","181","0"
"505","12","0"
"505","13","0"
"505","15","0"
"505","67","1"
"505","71","1"
"505","73","1"
"505","76","1"
"505","78","0"
"505","125","1"
"505","180","0"
"505","181","0"
"506","30","0"
"506","50","1"
"506","51","0"
"506","53","1"
"506","99","0"
"506","114","0"
"506","198","0"
"506","219","1"
"506","221","1"
"506","224","1"
"507","30","0"
"507","31","0"
"507","32","0"
"507","57","1"
"507","62","1"
"507","84","0"
"507","101","1"
"507","200","0"
"507","223","1"
"507","224","1"
"508","39","1"
"508","51","1"
"508","53","0"
"508","56","0"
"508","60","0"
"508","84","1"
"508","114","1"
"508","138","1"
"508","221","0"
"508","224","0"
"509","30","1"
"509","31","1"
"509","32","1"
"509","61","0"
"509","62","0"
"509","83","1"
"509","98","1"
"509","161","0"
"509","223","0"
"510","30","0"
"510","51","0"
"510","56","1"
"510","57","1"
"510","62","1"
"510","83","0"
"510","88","1"
"510","138","0"
"510","161","1"
"511","26","1"
"511","50","0"
"511","101","0"
"511","114","1"
"511","196","1"
"511","198","1"
"511","201","1"
"511","219","0"
"511","224","0"
"512","23","1"
"512","24","1"
"512","25","1"
"512","34","0"
"512","36","0"
"512","44","0"
"512","87","0"
"512","90","1"
"512","189","1"
"512","205","0"
"513","11","1"
"513","20","1"
"513","21","1"
"513","35","0"
"513","47","0"
"513","115","1"
"513","149","0"
"513","169","1"
"513","206","0"
"513","229","0"
"514","11","0"
"514","34","1"
"514","36","1"
"514","42","1"
"514","44","1"
"514","104","0"
"514","169","0"
"514","190","0"
"514","205","1"
"515","11","0"
"515","40","1"
"515","47","1"
"515","97","0"
"515","102","0"
"515","149","1"
"515","169","0"
"515","192","0"
"515","227","1"
"515","229","1"
"516","23","0"
"516","25","0"
"516","34","1"
"516","36","1"
"516","47","1"
"516","79","0"
"516","169","0"
"516","189","0"
"516","205","1"
"516","229","1"
"517","11","1"
"517","42","0"
"517","47","0"
"517","104","1"
"517","169","1"
"517","190","1"
"517","195","1"
"517","206","0"
"517","230","0"
"517","231","0"
"518","20","0"
"518","21","0"
"518","24","0"
"518","34","1"
"518","44","1"
"518","205","1"
"519","4","1"
"519","62","1"
"519","74","0"
"519","101","1"
"519","125","0"
"519","128","0"
"519","207","0"
"519","214","0"
"519","220","1"
"519","223","1"
"520","53","0"
"520","62","0"
"520","63","1"
"520","65","1"
"520","67","1"
"520","75","1"
"520","89","1"
"520","221","0"
"520","223","0"
"521","50","0"
"521","57","0"
"521","72","0"
"521","74","1"
"521","75","1"
"521","142","0"
"521","207","1"
"521","209","1"
"521","210","1"
"521","219","0"
"522","56","1"
"522","60","1"
"522","61","1"
"522","67","0"
"522","71","0"
"522","73","0"
"522","76","0"
"522","88","1"
"522","161","1"
"523","61","1"
"523","62","1"
"523","66","0"
"523","71","0"
"523","74","0"
"523","88","1"
"523","125","0"
"523","161","1"
"523","214","0"
"523","223","1"
"524","30","0"
"524","34","1"
"524","36","1"
"524","87","1"
"524","114","0"
"524","196","0"
"524","198","0"
"524","200","0"
"524","205","1"
"524","230","1"
"525","30","1"
"525","40","0"
"525","42","0"
"525","87","0"
"525","114","1"
"525","196","1"
"525","198","1"
"525","200","1"
"525","230","0"
"525","231","0"
"526","11","1"
"526","18","0"
"526","20","1"
"526","21","1"
"526","110","0"
"526","115","1"
"526","129","1"
"526","167","0"
"526","183","0"
"526","185","0"
"527","1","1"
"527","2","1"
"527","5","1"
"527","11","0"
"527","13","1"
"527","20","0"
"527","23","0"
"527","25","0"
"527","129","0"
"527","181","1"
"528","26","0"
"528","30","0"
"528","34","1"
"528","37","1"
"528","87","1"
"528","99","0"
"528","201","0"
"528","203","0"
"528","205","1"
"528","230","1"
"529","2","0"
"529","5","0"
"529","8","0"
"529","11","1"
"529","16","0"
"529","49","0"
"529","104","1"
"529","115","1"
"529","129","1"
"529","195","1"
"530","30","0"
"530","31","0"
"530","32","0"
"530","35","1"
"530","83","0"
"530","114","0"
"530","196","0"
"530","206","1"
"530","227","1"
"530","230","1"
"531","34","1"
"531","36","1"
"531","42","1"
"531","47","1"
"531","84","0"
"531","114","0"
"531","116","0"
"531","199","0"
"531","205","1"
"532","26","1"
"532","31","1"
"532","53","0"
"532","57","0"
"532","58","0"
"532","62","0"
"532","83","1"
"532","84","1"
"532","223","0"
"533","4","1"
"533","26","0"
"533","50","1"
"533","58","1"
"533","61","1"
"533","157","0"
"533","196","0"
"533","200","0"
"533","201","0"
"533","219","1"
"534","26","1"
"534","39","1"
"534","51","1"
"534","56","0"
"534","57","0"
"534","58","0"
"534","72","0"
"534","138","1"
"534","203","1"
"534","220","0"
"535","11","1"
"535","67","0"
"535","71","0"
"535","73","0"
"535","75","0"
"535","97","1"
"535","102","1"
"535","169","1"
"535","190","1"
"535","209","0"
"536","21","0"
"536","65","1"
"536","74","1"
"536","76","1"
"536","90","0"
"536","129","0"
"536","189","0"
"536","191","0"
"536","210","1"
"536","232","1"
"537","11","1"
"537","21","1"
"537","24","1"
"537","65","0"
"537","67","0"
"537","128","0"
"537","190","1"
"537","195","1"
"537","232","0"
"538","21","0"
"538","63","1"
"538","67","1"
"538","71","1"
"538","89","1"
"538","90","0"
"538","91","0"
"538","125","1"
"538","129","0"
"538","189","0"
"539","11","0"
"539","63","1"
"539","67","1"
"539","71","1"
"539","89","1"
"539","97","0"
"539","102","0"
"539","125","1"
"539","169","0"
"539","190","0"
"540","11","1"
"540","21","1"
"540","63","0"
"540","67","0"
"540","71","0"
"540","75","0"
"540","90","1"
"540","91","1"
"540","125","0"
"540","189","1"
"541","21","1"
"541","67","0"
"541","71","0"
"541","73","0"
"541","75","0"
"541","91","1"
"541","169","1"
"541","188","1"
"541","189","1"
"541","209","0"
"542","20","1"
"542","23","1"
"542","67","0"
"542","71","0"
"542","73","0"
"542","75","0"
"542","90","1"
"542","115","1"
"542","129","1"
"542","209","0"
"542","210","0"
"543","11","1"
"543","20","1"
"543","23","1"
"543","63","0"
"543","67","0"
"543","68","0"
"543","75","0"
"543","89","0"
"543","115","1"
"543","169","1"
"543","209","0"
"544","12","1"
"544","17","1"
"544","40","0"
"544","42","0"
"544","47","0"
"544","78","1"
"544","180","1"
"544","181","1"
"544","229","0"
"544","231","0"
"545","1","0"
"545","12","0"
"545","13","0"
"545","34","1"
"545","40","1"
"545","47","1"
"545","180","0"
"545","181","0"
"545","205","1"
"545","229","1"
"546","1","1"
"546","13","1"
"546","35","0"
"546","78","1"
"546","180","1"
"546","181","1"
"546","227","0"
"546","230","0"
"547","2","0"
"547","5","0"
"547","34","1"
"547","36","1"
"547","42","1"
"547","47","1"
"547","78","0"
"547","183","0"
"547","205","1"
"548","2","1"
"548","12","1"
"548","13","1"
"548","34","0"
"548","37","0"
"548","38","0"
"548","78","1"
"548","87","0"
"548","110","1"
"548","205","0"
"549","12","1"
"549","17","1"
"549","36","0"
"549","42","0"
"549","78","1"
"549","87","0"
"549","180","1"
"549","183","1"
"549","230","0"
"549","231","0"
"550","5","1"
"550","8","1"
"550","16","1"
"550","49","1"
"550","50","0"
"550","58","0"
"550","142","0"
"550","167","1"
"550","219","0"
"550","221","0"
"551","4","1"
"551","15","0"
"551","17","0"
"551","56","1"
"551","58","1"
"551","60","1"
"551","78","0"
"551","118","0"
"551","167","0"
"551","224","1"
"552","5","1"
"552","18","1"
"552","53","0"
"552","56","0"
"552","60","0"
"552","110","1"
"552","118","1"
"552","142","0"
"552","183","1"
"552","221","0"
"553","2","0"
"553","4","1"
"553","8","0"
"553","16","0"
"553","49","0"
"553","58","1"
"553","62","1"
"553","185","0"
"553","223","1"
"553","224","1"
"554","1","1"
"554","5","1"
"554","13","1"
"554","50","0"
"554","52","0"
"554","61","0"
"554","88","0"
"554","118","1"
"554","161","0"
"554","181","1"
"555","34","1"
"555","47","1"
"555","65","0"
"555","74","0"
"555","89","0"
"555","205","1"
"555","207","0"
"555","210","0"
"555","230","1"
"555","231","1"
"556","33","1"
"556","35","1"
"556","47","1"
"556","65","0"
"556","76","0"
"556","128","0"
"556","204","1"
"556","207","0"
"556","229","1"
"556","232","0"
"557","34","1"
"557","36","1"
"557","42","1"
"557","47","1"
"557","67","0"
"557","71","0"
"557","128","0"
"557","205","1"
"557","214","0"
"557","229","1"
"558","37","1"
"558","71","0"
"558","75","0"
"558","87","1"
"558","89","0"
"558","206","1"
"558","227","1"
"558","229","1"
"559","33","0"
"559","35","0"
"559","67","1"
"559","71","1"
"559","86","1"
"559","87","0"
"559","89","1"
"559","204","0"
"559","210","1"
"559","230","0"
"560","42","0"
"560","47","0"
"560","68","1"
"560","73","1"
"560","74","1"
"560","86","1"
"560","89","1"
"560","150","0"
"560","205","0"
"560","231","0"
"561","4","1"
"561","20","0"
"561","23","0"
"561","25","0"
"561","56","1"
"561","60","1"
"561","90","0"
"561","161","1"
"561","169","0"
"561","221","1"
"562","20","1"
"562","23","1"
"562","50","0"
"562","58","0"
"562","88","0"
"562","90","1"
"562","115","1"
"562","169","1"
"562","219","0"
"562","224","0"
"564","11","1"
"564","20","1"
"564","23","1"
"564","24","1"
"564","56","0"
"564","60","0"
"564","115","1"
"564","142","0"
"564","220","0"
"565","21","1"
"565","25","1"
"565","53","0"
"565","56","0"
"565","62","0"
"565","169","1"
"565","189","1"
"565","195","1"
"565","220","0"
"566","4","1"
"566","21","0"
"566","25","0"
"566","56","1"
"566","60","1"
"566","129","0"
"566","161","1"
"566","169","0"
"566","189","0"
"566","221","1"
"567","21","1"
"567","50","0"
"567","56","0"
"567","72","0"
"567","91","1"
"567","169","1"
"567","188","1"
"567","189","1"
"567","220","0"
"567","224","0"
"568","20","1"
"568","23","1"
"568","25","1"
"568","58","0"
"568","62","0"
"568","72","0"
"568","88","0"
"568","90","1"
"568","161","0"
"568","169","1"
"568","223","0"
"569","30","0"
"569","51","0"
"569","65","1"
"569","86","1"
"569","99","0"
"569","114","0"
"569","201","0"
"569","207","1"
"569","210","1"
"569","232","1"
"570","30","0"
"570","67","1"
"570","71","1"
"570","75","1"
"570","86","1"
"570","89","1"
"570","98","0"
"570","196","0"
"570","200","0"
"570","201","0"
"571","66","0"
"571","67","0"
"571","71","0"
"571","83","1"
"571","84","1"
"571","114","1"
"571","116","1"
"571","125","0"
"571","157","1"
"571","213","0"
"572","39","1"
"572","51","1"
"572","66","0"
"572","68","0"
"572","74","0"
"572","98","1"
"572","125","0"
"572","128","0"
"572","138","1"
"572","200","1"
"573","31","0"
"573","32","0"
"573","51","0"
"573","67","1"
"573","71","1"
"573","73","1"
"573","76","1"
"573","198","0"
"573","200","0"
"573","209","1"
"574","30","1"
"574","65","0"
"574","68","0"
"574","74","0"
"574","83","1"
"574","84","1"
"574","86","0"
"574","114","1"
"574","201","1"
"574","210","0"
"575","31","1"
"575","32","1"
"575","71","0"
"575","73","0"
"575","76","0"
"575","83","1"
"576","20","1"
"576","23","1"
"576","36","0"
"576","40","0"
"576","42","0"
"576","79","1"
"576","87","0"
"576","115","1"
"576","129","1"
"576","230","0"
"577","20","1"
"577","24","1"
"577","34","0"
"577","87","0"
"577","97","1"
"577","115","1"
"577","188","1"
"577","205","0"
"577","230","0"
"577","231","0"
"578","37","1"
"578","38","1"
"578","79","0"
"578","97","0"
"578","102","0"
"578","104","0"
"578","129","0"
"578","206","1"
"578","227","1"
"578","229","1"
"579","21","1"
"579","25","1"
"579","40","0"
"579","42","0"
"579","87","0"
"579","169","1"
"579","189","1"
"579","192","1"
"579","230","0"
"580","21","0"
"580","24","0"
"580","25","0"
"580","37","1"
"580","87","1"
"580","188","0"
"580","192","0"
"580","206","1"
"580","227","1"
"580","229","1"
"581","20","0"
"581","23","0"
"581","34","1"
"581","87","1"
"581","90","0"
"581","115","0"
"581","169","0"
"581","205","1"
"581","230","1"
"581","231","1"
"582","1","0"
"582","2","0"
"582","12","0"
"582","63","1"
"582","67","1"
"582","73","1"
"582","76","1"
"582","110","0"
"582","210","1"
"583","8","0"
"583","16","0"
"583","49","0"
"583","63","1"
"583","75","1"
"583","89","1"
"583","118","0"
"583","132","1"
"583","167","0"
"583","207","1"
"584","8","1"
"584","15","1"
"584","18","1"
"584","49","1"
"584","68","0"
"584","74","0"
"584","75","0"
"584","167","1"
"584","209","0"
"585","8","0"
"585","12","0"
"585","16","0"
"585","49","0"
"585","65","1"
"585","68","1"
"585","74","1"
"585","86","1"
"585","180","0"
"585","210","1"
"586","5","0"
"586","15","0"
"586","49","0"
"586","65","1"
"586","68","1"
"586","74","1"
"586","86","1"
"586","110","0"
"586","181","0"
"586","185","0"
"586","210","1"
"587","12","1"
"587","13","1"
"587","66","0"
"587","67","0"
"587","71","0"
"587","76","0"
"587","78","1"
"587","180","1"
"587","181","1"
"588","21","1"
"588","26","0"
"588","79","1"
"588","115","1"
"588","116","0"
"588","157","0"
"588","169","1"
"588","189","1"
"588","196","0"
"588","203","0"
"589","24","0"
"589","26","1"
"589","83","1"
"589","97","0"
"589","99","1"
"589","102","0"
"589","116","1"
"589","157","1"
"589","188","0"
"589","192","0"
"590","21","0"
"590","39","1"
"590","83","1"
"590","98","1"
"590","99","1"
"590","115","0"
"590","138","1"
"590","169","0"
"590","187","0"
"590","189","0"
"591","24","1"
"591","26","0"
"591","97","1"
"591","102","1"
"591","116","0"
"591","157","0"
"591","188","1"
"591","192","1"
"591","196","0"
"591","203","0"
"592","21","0"
"592","24","0"
"592","31","1"
"592","32","1"
"592","79","0"
"592","115","0"
"592","189","0"
"592","196","1"
"592","198","1"
"592","203","1"
"594","37","0"
"594","53","1"
"594","58","1"
"594","62","1"
"594","87","0"
"594","88","1"
"594","206","0"
"594","223","1"
"594","227","0"
"594","230","0"
"595","4","1"
"595","38","0"
"595","50","1"
"595","149","0"
"595","161","1"
"595","221","1"
"595","223","1"
"595","227","0"
"595","230","0"
"595","231","0"
"596","34","0"
"596","38","0"
"596","50","1"
"596","53","1"
"596","58","1"
"596","88","1"
"596","205","0"
"596","219","1"
"596","229","0"
"596","231","0"
"597","34","1"
"597","47","1"
"597","53","0"
"597","56","0"
"597","58","0"
"597","60","0"
"597","88","0"
"597","205","1"
"597","206","1"
"597","229","1"
"598","1","0"
"598","5","0"
"598","15","0"
"598","16","0"
"598","26","1"
"598","84","1"
"598","99","1"
"598","116","1"
"598","157","1"
"598","180","0"
"599","5","1"
"599","12","1"
"599","13","1"
"599","30","0"
"599","32","0"
"599","78","1"
"599","84","0"
"599","138","0"
"599","181","1"
"599","200","0"
"600","8","0"
"600","15","0"
"600","18","0"
"600","26","1"
"600","30","1"
"600","49","0"
"600","83","1"
"600","99","1"
"600","167","0"
"601","5","0"
"601","13","0"
"601","39","1"
"601","78","0"
"601","98","1"
"601","138","1"
"601","180","0"
"601","181","0"
"601","196","1"
"601","203","1"
"602","57","1"
"602","65","0"
"602","68","0"
"602","74","0"
"602","86","0"
"602","125","1"
"602","210","0"
"602","219","1"
"602","223","1"
"602","224","1"
"604","50","0"
"604","56","1"
"604","58","0"
"604","63","1"
"604","75","1"
"604","88","0"
"604","89","1"
"604","209","1"
"604","219","0"
"605","56","0"
"605","60","1"
"605","61","0"
"605","67","0"
"605","71","1"
"605","72","1"
"605","73","0"
"605","76","0"
"605","142","1"
"605","220","1"
"606","5","0"
"606","49","0"
"606","90","1"
"606","102","1"
"606","110","0"
"606","129","1"
"606","175","0"
"606","180","0"
"606","190","1"
"606","191","1"
"607","12","0"
"607","13","0"
"607","24","1"
"607","78","0"
"607","91","1"
"607","104","1"
"607","181","0"
"607","185","0"
"607","188","1"
"607","189","1"
"608","12","1"
"608","13","1"
"608","78","1"
"608","129","0"
"608","169","0"
"608","181","1"
"608","185","1"
"608","189","0"
"608","192","0"
"608","194","0"
"609","5","0"
"609","15","0"
"609","104","1"
"609","169","1"
"609","183","0"
"609","185","0"
"609","189","1"
"609","190","1"
"609","192","1"
"610","12","1"
"610","13","1"
"610","78","1"
"610","90","0"
"610","104","0"
"610","110","1"
"610","169","0"
"610","181","1"
"610","190","0"
"611","13","1"
"611","20","0"
"611","23","0"
"611","24","0"
"611","78","1"
"611","115","0"
"611","167","1"
"611","181","1"
"611","185","1"
"611","188","0"
"612","12","0"
"612","20","1"
"612","78","0"
"612","169","1"
"612","181","0"
"612","189","1"
"613","20","0"
"613","21","0"
"613","36","1"
"613","40","1"
"613","42","1"
"613","44","1"
"613","90","0"
"613","115","0"
"613","169","0"
"613","230","1"
"614","34","1"
"614","36","1"
"614","42","1"
"614","47","1"
"614","90","0"
"614","91","0"
"614","169","0"
"614","194","0"
"614","205","1"
"615","34","1"
"615","36","1"
"615","42","1"
"615","47","1"
"615","115","0"
"615","188","0"
"615","191","0"
"615","194","0"
"615","205","1"
"616","20","0"
"616","21","0"
"616","33","1"
"616","38","1"
"616","87","1"
"616","90","0"
"616","115","0"
"616","169","0"
"616","227","1"
"616","231","1"
"617","36","1"
"617","40","1"
"617","42","1"
"617","79","0"
"617","87","1"
"617","91","0"
"617","97","0"
"617","129","0"
"617","194","0"
"617","230","1"
"618","9","0"
"618","31","1"
"618","32","1"
"618","49","0"
"618","110","0"
"618","167","0"
"618","196","1"
"618","198","1"
"618","201","1"
"619","5","0"
"619","13","0"
"619","30","1"
"619","78","0"
"619","83","1"
"619","99","1"
"619","114","1"
"619","118","0"
"619","181","0"
"619","201","1"
"620","12","1"
"620","13","1"
"620","30","0"
"620","78","1"
"620","83","0"
"620","84","0"
"620","110","1"
"620","181","1"
"621","12","1"
"621","13","1"
"621","31","0"
"621","78","1"
"621","84","0"
"621","110","1"
"621","181","1"
"621","199","0"
"621","200","0"
"622","4","0"
"622","37","1"
"622","44","1"
"622","52","0"
"622","62","0"
"622","161","0"
"622","221","0"
"622","227","1"
"622","230","1"
"622","231","1"
"623","40","0"
"623","42","0"
"623","47","0"
"623","52","1"
"623","108","1"
"623","125","1"
"623","206","0"
"623","220","1"
"623","224","1"
"623","229","0"
"624","4","1"
"624","36","0"
"624","38","0"
"624","40","0"
"624","42","0"
"624","52","1"
"624","62","1"
"624","87","0"
"624","161","1"
"624","221","1"
"625","40","0"
"625","42","0"
"625","44","0"
"625","52","1"
"625","53","1"
"625","58","1"
"625","62","1"
"625","125","1"
"625","205","0"
"625","230","0"
"626","33","1"
"626","35","1"
"626","47","1"
"626","71","0"
"626","108","0"
"626","125","0"
"626","220","0"
"626","224","0"
"626","227","1"
"626","229","1"
"627","12","1"
"627","13","1"
"627","78","1"
"627","79","0"
"627","91","0"
"627","129","0"
"627","181","1"
"627","185","1"
"627","190","0"
"627","191","0"
"629","12","0"
"629","16","0"
"629","20","1"
"629","23","1"
"629","78","0"
"629","79","1"
"629","104","1"
"629","129","1"
"629","181","0"
"629","185","0"
"630","12","0"
"630","13","0"
"630","21","1"
"630","115","1"
"630","169","1"
"630","181","0"
"631","26","1"
"631","39","1"
"631","63","0"
"631","75","0"
"631","138","1"
"631","196","1"
"631","203","1"
"631","207","0"
"631","209","0"
"631","232","0"
"632","26","1"
"632","39","1"
"632","63","0"
"632","65","0"
"632","67","0"
"632","84","1"
"632","86","0"
"632","138","1"
"632","200","1"
"632","232","0"
"633","26","1"
"633","31","1"
"633","32","1"
"633","61","0"
"633","67","0"
"633","73","0"
"633","76","0"
"633","99","1"
"633","138","1"
"633","207","0"
"634","26","0"
"634","39","0"
"634","63","1"
"634","65","1"
"634","67","1"
"634","75","1"
"634","83","0"
"634","84","0"
"634","89","1"
"635","31","0"
"635","56","1"
"635","65","1"
"635","67","1"
"635","73","1"
"635","75","1"
"635","83","0"
"635","98","0"
"635","99","0"
"635","199","0"
"636","31","1"
"636","32","1"
"636","61","0"
"636","63","0"
"636","65","0"
"636","67","0"
"636","75","0"
"636","76","0"
"636","83","1"
"636","198","1"
"636","203","1"
"637","1","0"
"637","5","0"
"637","15","0"
"637","17","0"
"637","50","1"
"637","71","1"
"637","118","0"
"637","125","1"
"637","220","1"
"637","224","1"
"638","1","1"
"638","5","1"
"638","15","1"
"638","18","1"
"638","52","0"
"638","62","0"
"638","72","0"
"638","142","0"
"638","167","1"
"638","224","0"
"639","1","1"
"639","4","0"
"639","50","0"
"639","161","0"
"639","167","1"
"639","183","1"
"640","36","1"
"640","56","0"
"640","63","0"
"640","75","0"
"640","87","1"
"640","205","1"
"641","79","0"
"641","91","0"
"641","116","1"
"641","129","0"
"641","157","1"
"641","189","0"
"641","191","0"
"641","196","1"
"641","199","1"
"641","203","1"
"642","21","1"
"642","30","0"
"642","84","0"
"642","114","0"
"642","115","1"
"642","169","1"
"642","188","1"
"642","189","1"
"642","200","0"
"642","201","0"
"644","11","1"
"644","20","1"
"644","23","1"
"644","24","1"
"644","26","0"
"644","31","0"
"644","84","0"
"644","104","1"
"644","196","0"
"645","31","1"
"645","97","0"
"645","114","1"
"645","169","0"
"645","188","0"
"645","192","0"
"645","196","1"
"645","198","1"
"645","201","1"
"646","39","0"
"646","79","1"
"646","83","0"
"646","91","1"
"646","114","0"
"646","129","1"
"646","191","1"
"646","192","1"
"646","196","0"
"646","201","0"
"647","11","1"
"647","21","1"
"647","24","1"
"647","84","0"
"647","98","0"
"647","115","1"
"647","116","0"
"647","189","1"
"647","196","0"
"647","199","0"
"648","50","1"
"648","68","0"
"648","71","1"
"648","74","0"
"648","75","0"
"648","125","1"
"648","209","0"
"648","220","1"
"648","224","1"
"649","4","0"
"649","52","0"
"649","53","0"
"649","57","0"
"649","63","1"
"649","71","0"
"649","74","1"
"649","75","1"
"649","89","1"
"649","232","1"
"650","50","0"
"650","66","1"
"650","67","1"
"650","108","0"
"650","125","0"
"650","207","1"
"650","209","1"
"650","214","1"
"650","217","0"
"650","220","0"
"651","56","0"
"651","62","1"
"651","66","0"
"651","67","0"
"651","86","0"
"651","125","1"
"651","214","0"
"651","220","1"
"651","223","1"
"651","224","1"
"652","4","0"
"652","56","1"
"652","61","1"
"652","62","0"
"652","65","1"
"652","67","1"
"652","76","1"
"652","161","0"
"652","217","0"
"652","223","0"
"653","4","0"
"653","50","0"
"653","56","1"
"653","57","0"
"653","62","0"
"653","73","1"
"653","76","1"
"653","89","1"
"653","125","0"
"653","224","0"
"653","232","1"
"654","11","0"
"654","20","0"
"654","23","0"
"654","24","0"
"654","34","1"
"654","38","1"
"654","40","1"
"654","87","1"
"654","104","0"
"654","205","1"
"655","20","1"
"655","23","1"
"655","34","0"
"655","36","0"
"655","42","0"
"655","44","0"
"655","47","0"
"655","104","1"
"655","169","1"
"655","188","1"
"656","20","1"
"656","23","1"
"656","33","0"
"656","38","0"
"656","87","0"
"656","104","1"
"656","129","1"
"656","188","1"
"656","206","0"
"656","231","0"
"657","11","0"
"657","34","1"
"657","42","1"
"657","44","1"
"657","79","0"
"657","169","0"
"657","189","0"
"657","190","0"
"657","205","1"
"657","206","1"
"657","227","1"
"658","11","0"
"658","24","0"
"658","31","1"
"658","83","1"
"658","97","0"
"658","102","0"
"658","114","1"
"658","190","0"
"658","196","1"
"658","198","1"
"659","21","0"
"659","26","1"
"659","39","1"
"659","79","0"
"659","84","1"
"659","104","0"
"659","115","0"
"659","129","0"
"659","138","1"
"659","200","1"
"660","24","0"
"660","26","1"
"660","31","1"
"660","83","1"
"660","114","1"
"660","169","0"
"660","190","0"
"660","196","1"
"661","11","1"
"661","20","1"
"661","23","1"
"661","24","1"
"661","30","0"
"661","51","0"
"661","98","0"
"661","189","1"
"661","196","0"
"661","201","0"
"662","30","1"
"662","79","0"
"662","83","1"
"662","84","1"
"662","104","0"
"662","114","1"
"662","129","0"
"662","157","1"
"662","190","0"
"663","21","1"
"663","30","0"
"663","84","0"
"663","98","0"
"663","115","1"
"663","169","1"
"663","189","1"
"663","192","1"
"663","200","0"
"664","30","1"
"664","60","0"
"664","71","0"
"664","83","1"
"664","84","1"
"664","101","0"
"664","114","1"
"664","142","0"
"664","157","1"
"665","4","1"
"665","39","0"
"665","51","0"
"665","52","1"
"665","72","1"
"665","84","0"
"665","98","0"
"665","138","0"
"665","219","1"
"665","221","1"
"666","30","1"
"666","52","0"
"666","83","1"
"666","84","1"
"666","114","1"
"666","125","0"
"666","157","1"
"666","220","0"
"666","224","0"
"667","11","0"
"667","23","0"
"667","52","1"
"667","53","1"
"667","57","1"
"667","58","1"
"667","62","1"
"667","104","0"
"667","129","0"
"667","190","0"
"668","1","1"
"668","2","1"
"668","12","1"
"668","15","1"
"668","16","1"
"668","66","0"
"668","207","0"
"668","209","0"
"668","214","0"
"668","232","0"
"669","2","1"
"669","15","1"
"669","18","1"
"669","56","0"
"669","63","0"
"669","67","0"
"669","73","0"
"669","89","0"
"669","167","1"
"669","183","1"
"670","12","1"
"670","15","1"
"670","18","1"
"670","63","0"
"670","67","0"
"670","68","0"
"670","75","0"
"670","183","1"
"670","185","1"
"670","209","0"
"671","1","0"
"671","2","0"
"671","16","0"
"671","17","0"
"671","65","1"
"671","68","1"
"671","74","1"
"671","76","1"
"671","167","0"
"671","210","1"
"672","1","1"
"672","12","1"
"672","16","1"
"672","63","0"
"672","68","0"
"672","73","0"
"672","74","0"
"672","75","0"
"672","76","0"
"672","149","1"
"672","185","1"
"673","33","0"
"673","37","0"
"673","44","0"
"673","68","1"
"673","74","1"
"673","86","1"
"673","89","1"
"673","210","1"
"673","230","0"
"673","231","0"
"674","34","1"
"674","36","1"
"674","42","1"
"674","44","1"
"674","67","0"
"674","68","0"
"674","75","0"
"674","205","1"
"674","209","0"
"675","34","0"
"675","36","0"
"675","44","0"
"675","68","1"
"675","74","1"
"675","86","1"
"675","87","0"
"675","89","1"
"675","205","0"
"675","210","1"
"676","36","1"
"676","42","1"
"676","47","1"
"676","68","0"
"676","74","0"
"676","86","0"
"676","89","0"
"676","210","0"
"676","227","1"
"676","229","1"
"677","9","0"
"677","35","0"
"677","38","0"
"677","63","1"
"677","65","1"
"677","67","1"
"677","75","1"
"677","89","1"
"677","204","0"
"678","34","0"
"678","36","0"
"678","42","0"
"678","44","0"
"678","56","1"
"678","68","1"
"678","73","1"
"678","76","1"
"678","128","1"
"678","204","0"
"678","205","0"
"679","2","0"
"679","13","0"
"679","20","1"
"679","21","1"
"679","24","1"
"679","78","0"
"679","115","1"
"679","167","0"
"679","169","1"
"679","181","0"
"680","11","1"
"680","15","0"
"680","18","0"
"680","102","1"
"680","118","0"
"680","129","1"
"680","183","0"
"680","185","0"
"680","191","1"
"680","192","1"
"681","2","1"
"681","11","0"
"681","13","1"
"681","15","1"
"681","78","1"
"681","102","0"
"681","167","1"
"681","169","0"
"681","191","0"
"681","192","0"
"682","1","0"
"682","12","0"
"682","16","0"
"682","20","1"
"682","21","1"
"682","79","1"
"682","115","1"
"682","181","0"
"682","185","0"
"682","188","1"
"683","12","1"
"683","13","1"
"683","21","0"
"683","24","0"
"683","78","1"
"683","104","0"
"683","115","0"
"683","169","0"
"683","180","1"
"683","181","1"
"684","11","1"
"684","12","0"
"684","17","0"
"684","24","1"
"684","49","0"
"684","102","1"
"684","110","0"
"684","185","0"
"684","191","1"
"684","192","1"
"685","11","1"
"685","12","0"
"685","13","0"
"685","20","1"
"685","21","1"
"685","78","0"
"685","115","1"
"685","129","1"
"685","180","0"
"685","181","0"
"686","4","0"
"686","33","1"
"686","37","1"
"686","44","1"
"686","52","0"
"686","62","0"
"686","161","0"
"686","221","0"
"686","229","1"
"686","231","1"
"687","34","1"
"687","36","1"
"687","42","1"
"687","44","1"
"687","62","0"
"687","72","0"
"687","101","0"
"687","142","0"
"687","205","1"
"688","4","0"
"688","34","1"
"688","36","1"
"688","42","1"
"688","50","0"
"688","142","0"
"688","205","1"
"688","229","1"
"688","231","1"
"689","21","1"
"689","68","0"
"689","74","0"
"689","75","0"
"689","115","1"
"689","169","1"
"689","189","1"
"689","192","1"
"689","209","0"
"690","23","0"
"690","24","0"
"690","63","1"
"690","65","1"
"690","67","1"
"690","75","1"
"690","89","1"
"690","104","0"
"690","169","0"
"691","21","1"
"691","56","0"
"691","68","0"
"691","73","0"
"691","75","0"
"691","115","1"
"691","169","1"
"691","189","1"
"691","192","1"
"692","20","0"
"692","63","1"
"692","65","1"
"692","67","1"
"692","75","1"
"692","79","0"
"692","89","1"
"692","104","0"
"692","188","0"
"693","24","1"
"693","63","0"
"693","68","0"
"693","74","0"
"693","75","0"
"693","97","1"
"693","104","1"
"693","169","1"
"693","190","1"
"693","209","0"
"694","11","0"
"694","20","0"
"694","21","0"
"694","63","1"
"694","65","1"
"694","67","1"
"694","75","1"
"694","89","1"
"694","129","0"
"695","30","0"
"695","57","1"
"695","60","1"
"695","71","1"
"695","84","0"
"695","98","0"
"695","161","1"
"695","200","0"
"695","201","0"
"695","220","1"
"696","31","1"
"696","51","1"
"696","52","0"
"696","57","0"
"696","58","0"
"696","62","0"
"696","198","1"
"696","199","1"
"696","203","1"
"696","220","0"
"697","31","1"
"697","51","1"
"697","53","0"
"697","60","0"
"697","71","0"
"697","84","1"
"697","88","0"
"697","114","1"
"697","198","1"
"697","220","0"
"698","4","0"
"698","26","1"
"698","31","1"
"698","62","0"
"698","125","0"
"698","196","1"
"698","198","1"
"698","201","1"
"698","224","0"
"699","31","1"
"699","50","0"
"699","51","1"
"699","53","0"
"699","58","0"
"699","83","1"
"699","88","0"
"699","114","1"
"699","198","1"
"699","223","0"
"699","224","0"
"700","26","0"
"700","30","0"
"700","63","1"
"700","65","1"
"700","67","1"
"700","75","1"
"700","89","1"
"700","196","0"
"700","203","0"
"701","30","1"
"701","32","1"
"701","66","0"
"701","67","0"
"701","83","1"
"701","89","0"
"701","99","1"
"701","201","1"
"701","209","0"
"701","232","0"
"702","32","1"
"702","56","0"
"702","63","0"
"702","67","0"
"702","73","0"
"702","75","0"
"702","98","1"
"702","196","1"
"702","201","1"
"702","203","1"
"703","31","0"
"703","39","0"
"703","56","1"
"703","63","1"
"703","73","1"
"703","76","1"
"703","83","0"
"703","89","1"
"703","99","0"
"704","32","1"
"704","51","1"
"704","65","0"
"704","84","1"
"704","89","0"
"704","116","1"
"704","128","0"
"704","201","1"
"704","208","0"
"704","232","0"
"705","26","0"
"705","39","0"
"705","63","1"
"705","68","1"
"705","73","1"
"705","75","1"
"705","114","0"
"705","196","0"
"705","203","0"
"705","208","1"
"706","2","1"
"706","15","1"
"706","17","1"
"706","34","0"
"706","36","0"
"706","42","0"
"706","44","0"
"706","180","1"
"706","205","0"
"708","12","1"
"708","13","1"
"708","33","0"
"708","38","0"
"708","40","0"
"708","78","1"
"708","87","0"
"708","180","1"
"708","181","1"
"708","231","0"
"709","12","0"
"709","17","0"
"709","36","1"
"709","44","1"
"709","180","0"
"709","183","0"
"709","205","1"
"709","230","1"
"710","2","0"
"710","5","0"
"710","9","1"
"710","15","0"
"710","18","0"
"710","36","1"
"710","42","1"
"710","44","1"
"710","87","1"
"710","183","0"
"710","205","1"
"711","4","0"
"711","56","1"
"711","62","0"
"711","68","1"
"711","72","0"
"711","73","1"
"711","76","1"
"711","210","1"
"711","219","0"
"712","50","1"
"712","53","1"
"712","58","1"
"712","65","0"
"712","66","0"
"712","76","0"
"712","88","1"
"712","208","0"
"712","223","1"
"712","232","0"
"713","53","0"
"713","58","0"
"713","60","0"
"713","65","1"
"713","66","1"
"713","71","0"
"713","76","1"
"713","88","0"
"713","208","1"
"713","232","1"
"714","50","0"
"714","53","0"
"714","58","0"
"714","63","1"
"714","65","1"
"714","67","1"
"714","75","1"
"714","88","0"
"714","89","1"
"715","50","0"
"715","58","0"
"715","67","1"
"715","73","1"
"715","76","1"
"715","88","0"
"715","208","1"
"715","223","0"
"715","224","0"
"715","232","1"
"716","50","1"
"716","56","0"
"716","65","0"
"716","66","0"
"716","67","0"
"716","76","0"
"716","88","1"
"716","125","1"
"716","161","1"
"716","223","1"
"717","31","1"
"717","36","0"
"717","40","0"
"717","44","0"
"717","47","0"
"717","83","1"
"717","99","1"
"717","114","1"
"717","198","1"
"717","205","0"
"718","31","1"
"718","35","0"
"718","38","0"
"718","42","0"
"718","83","1"
"718","99","1"
"718","114","1"
"718","198","1"
"718","230","0"
"718","231","0"
"719","30","0"
"719","36","1"
"719","40","1"
"719","51","0"
"719","84","0"
"719","114","0"
"719","131","1"
"719","198","0"
"719","205","1"
"719","230","1"
"720","11","1"
"720","20","1"
"720","56","0"
"720","65","0"
"720","73","0"
"720","76","0"
"720","97","1"
"720","115","1"
"720","188","1"
"720","232","0"
"721","11","1"
"721","21","1"
"721","63","0"
"721","68","0"
"721","74","0"
"721","86","0"
"721","102","1"
"721","129","1"
"721","192","1"
"721","209","0"
"722","11","0"
"722","20","0"
"722","21","0"
"722","63","1"
"722","89","1"
"722","100","1"
"722","102","0"
"722","188","0"
"722","208","1"
"722","232","1"
"724","63","1"
"724","67","1"
"724","79","0"
"724","89","1"
"724","97","0"
"724","100","1"
"724","169","0"
"724","189","0"
"724","210","1"
"725","21","0"
"725","24","0"
"725","65","1"
"725","67","1"
"725","89","1"
"725","115","0"
"726","12","1"
"726","13","1"
"726","35","0"
"726","47","0"
"726","78","1"
"726","149","1"
"726","167","1"
"726","204","0"
"726","206","0"
"726","230","0"
"727","1","1"
"727","12","1"
"727","16","1"
"727","17","1"
"727","33","0"
"727","35","0"
"727","37","0"
"727","44","0"
"727","180","1"
"727","230","0"
"728","1","1"
"728","5","1"
"728","16","1"
"728","17","1"
"728","37","0"
"728","45","0"
"728","47","0"
"728","118","1"
"728","206","0"
"728","230","0"
"729","12","1"
"729","15","1"
"729","18","1"
"729","37","0"
"729","87","0"
"729","180","1"
"729","183","1"
"729","206","0"
"729","227","0"
"729","229","0"
"730","11","0"
"730","20","0"
"730","21","0"
"730","53","1"
"730","57","1"
"730","62","1"
"730","91","0"
"730","129","0"
"730","219","1"
"730","220","1"
"731","11","0"
"731","23","0"
"731","25","0"
"731","50","1"
"731","53","1"
"731","57","1"
"731","189","0"
"731","192","0"
"731","223","1"
"732","4","0"
"732","11","1"
"732","23","1"
"732","25","1"
"732","62","0"
"732","72","0"
"732","129","1"
"732","161","0"
"732","189","1"
"732","219","0"
"733","20","1"
"733","21","1"
"733","57","0"
"733","60","0"
"733","79","1"
"733","115","1"
"733","129","1"
"733","161","0"
"733","188","1"
"733","220","0"
"733","224","0"
"734","11","0"
"734","23","0"
"734","53","1"
"734","57","1"
"734","60","1"
"734","62","1"
"734","102","0"
"734","129","0"
"734","189","0"
"734","220","1"
"735","11","0"
"735","25","0"
"735","62","1"
"735","129","0"
"735","161","1"
"735","195","0"
"735","223","1"
"735","224","1"
"736","4","1"
"736","24","0"
"736","62","1"
"736","72","1"
"736","91","0"
"736","104","0"
"736","161","1"
"736","169","0"
"736","195","0"
"736","219","1"
"737","11","0"
"737","25","0"
"737","60","1"
"737","62","1"
"737","79","0"
"737","97","0"
"737","101","1"
"737","125","1"
"737","192","0"
"737","221","1"
"738","4","1"
"738","11","0"
"738","58","1"
"738","62","1"
"738","102","0"
"738","188","0"
"738","192","0"
"738","223","1"
"738","224","1"
"739","4","1"
"739","23","0"
"739","24","0"
"739","25","0"
"739","58","1"
"739","62","1"
"739","72","1"
"739","169","0"
"739","189","0"
"739","219","1"
"740","11","1"
"740","20","1"
"740","21","1"
"740","60","0"
"740","62","0"
"740","72","0"
"740","115","1"
"740","125","0"
"740","188","1"
"740","224","0"
"741","5","0"
"741","56","1"
"741","65","1"
"741","68","1"
"741","73","1"
"741","76","1"
"741","110","0"
"741","149","0"
"741","183","0"
"741","185","0"
"742","1","1"
"742","12","1"
"742","16","1"
"742","17","1"
"742","118","1"
"742","128","0"
"742","208","0"
"742","210","0"
"742","214","0"
"742","232","0"
"743","1","0"
"743","12","0"
"743","15","0"
"743","16","0"
"743","68","1"
"743","86","1"
"743","180","0"
"743","208","1"
"743","209","1"
"743","210","1"
"744","1","0"
"744","2","0"
"744","16","0"
"744","65","1"
"744","67","1"
"744","73","1"
"744","76","1"
"744","118","0"
"744","214","1"
"745","37","0"
"745","44","0"
"745","83","1"
"745","84","1"
"745","87","0"
"745","98","1"
"745","116","1"
"745","201","1"
"745","206","0"
"745","227","0"
"746","31","1"
"746","40","0"
"746","47","0"
"746","51","1"
"746","114","1"
"746","198","1"
"746","203","1"
"746","204","0"
"746","227","0"
"746","230","0"
"747","35","0"
"747","40","0"
"747","44","0"
"747","87","0"
"747","98","1"
"747","99","1"
"747","116","1"
"747","196","1"
"747","201","1"
"747","204","0"
"748","9","0"
"748","35","0"
"748","45","0"
"748","47","0"
"748","51","1"
"748","98","1"
"748","116","1"
"748","201","1"
"748","203","1"
"748","229","0"
"749","26","0"
"749","36","1"
"749","39","0"
"749","44","1"
"749","47","1"
"749","138","0"
"749","196","0"
"749","205","1"
"749","227","1"
"750","36","1"
"750","42","1"
"750","44","1"
"750","47","1"
"750","98","0"
"750","99","0"
"750","116","0"
"750","196","0"
"750","201","0"
"750","205","1"
"751","26","1"
"751","37","0"
"751","38","0"
"751","39","1"
"751","83","1"
"751","138","1"
"751","203","1"
"751","206","0"
"751","227","0"
"751","229","0"
"752","31","1"
"752","37","0"
"752","47","0"
"752","51","1"
"752","114","1"
"752","198","1"
"752","203","1"
"752","204","0"
"752","227","0"
"752","230","0"
"753","12","0"
"753","13","0"
"753","15","0"
"753","20","1"
"753","21","1"
"753","78","0"
"753","79","1"
"753","115","1"
"753","129","1"
"753","180","0"
"754","2","0"
"754","11","1"
"754","13","0"
"754","23","1"
"754","78","0"
"754","102","1"
"754","149","0"
"754","167","0"
"754","169","1"
"754","192","1"
"756","2","1"
"756","11","0"
"756","18","1"
"756","24","0"
"756","25","0"
"756","78","1"
"756","104","0"
"756","149","1"
"756","167","1"
"756","191","0"
"757","2","1"
"757","18","1"
"757","25","0"
"757","78","1"
"757","104","0"
"757","149","1"
"757","167","1"
"757","169","0"
"757","188","0"
"757","195","0"
"758","11","0"
"758","12","1"
"758","13","1"
"758","15","1"
"758","20","0"
"758","21","0"
"758","24","0"
"758","115","0"
"758","180","1"
"758","183","1"
"759","1","1"
"759","12","1"
"759","13","1"
"759","15","1"
"759","20","0"
"759","21","0"
"759","23","0"
"759","115","0"
"759","169","0"
"759","180","1"
"759","189","0"
"760","53","1"
"760","57","1"
"760","60","1"
"760","67","0"
"760","71","1"
"760","73","0"
"760","89","0"
"760","128","0"
"760","161","1"
"761","53","0"
"761","57","0"
"761","60","0"
"761","63","1"
"761","65","1"
"761","67","1"
"761","89","1"
"761","210","1"
"761","220","0"
"762","4","0"
"762","63","1"
"762","65","1"
"762","67","1"
"762","71","0"
"762","89","1"
"762","210","1"
"762","220","0"
"762","224","0"
"763","53","1"
"763","57","1"
"763","60","1"
"763","65","0"
"763","68","0"
"763","71","1"
"763","74","0"
"763","76","0"
"763","161","1"
"764","53","0"
"764","57","0"
"764","60","0"
"764","63","1"
"764","67","1"
"764","89","1"
"765","12","1"
"765","13","1"
"765","15","1"
"765","18","1"
"765","42","0"
"765","47","0"
"765","78","1"
"765","227","0"
"765","230","0"
"766","1","0"
"766","5","0"
"766","36","1"
"766","42","1"
"766","87","1"
"766","149","0"
"766","167","0"
"766","229","1"
"766","231","1"
"767","5","1"
"767","13","1"
"767","15","1"
"767","47","0"
"767","118","1"
"767","183","1"
"767","204","0"
"767","205","0"
"767","227","0"
"767","230","0"
"768","5","1"
"768","16","1"
"768","27","1"
"768","37","0"
"768","44","0"
"768","118","1"
"768","185","1"
"768","206","0"
"768","230","0"
"768","231","0"
"769","2","1"
"769","9","0"
"769","13","1"
"769","15","1"
"769","36","0"
"769","44","0"
"769","47","0"
"769","167","1"
"769","183","1"
"769","205","0"
"769","227","0"
"770","20","1"
"770","26","0"
"770","39","0"
"770","84","0"
"770","97","1"
"770","102","1"
"770","138","0"
"770","169","1"
"770","188","1"
"770","203","0"
"771","11","1"
"771","20","1"
"771","21","1"
"771","24","1"
"771","83","0"
"771","98","0"
"771","99","0"
"771","115","1"
"771","116","0"
"771","156","0"
"772","11","1"
"772","24","1"
"772","30","0"
"772","83","0"
"772","84","0"
"772","104","1"
"772","114","0"
"772","189","1"
"772","195","1"
"772","199","0"
"773","26","0"
"773","39","0"
"773","79","1"
"773","84","0"
"773","98","0"
"773","104","1"
"773","169","1"
"773","189","1"
"773","195","1"
"773","199","0"
"773","203","0"
"774","9","0"
"774","33","0"
"774","42","0"
"774","47","0"
"774","56","1"
"774","63","1"
"774","67","1"
"774","89","1"
"774","209","1"
"774","230","0"
"775","34","0"
"775","47","0"
"775","63","1"
"775","67","1"
"775","89","1"
"775","100","1"
"775","205","0"
"775","210","1"
"775","230","0"
"776","42","0"
"776","56","1"
"776","63","1"
"776","87","0"
"776","89","1"
"776","100","1"
"776","206","0"
"776","210","1"
"776","229","0"
"777","34","1"
"777","40","1"
"777","44","1"
"777","61","0"
"777","65","0"
"777","68","0"
"777","74","0"
"777","76","0"
"777","87","1"
"777","205","1"
"778","40","0"
"778","47","0"
"778","63","1"
"778","67","1"
"778","89","1"
"778","100","1"
"778","204","0"
"778","210","1"
"778","230","0"
"779","1","1"
"779","16","1"
"779","17","1"
"779","58","0"
"779","125","0"
"779","167","1"
"779","185","1"
"779","219","0"
"779","223","0"
"779","224","0"
"780","5","1"
"780","12","1"
"780","15","1"
"780","53","0"
"780","57","0"
"780","60","0"
"780","71","0"
"780","161","0"
"780","183","1"
"781","12","0"
"781","17","0"
"781","60","1"
"781","125","1"
"781","161","1"
"781","180","0"
"781","183","0"
"781","223","1"
"781","224","1"
"782","12","0"
"782","13","0"
"782","15","0"
"782","53","1"
"782","57","1"
"782","58","1"
"782","60","1"
"782","78","0"
"782","161","1"
"782","167","0"
"782","224","1"
"783","12","1"
"783","15","1"
"783","58","0"
"783","60","0"
"783","78","1"
"783","161","0"
"784","31","0"
"784","53","1"
"784","57","1"
"784","99","0"
"784","114","0"
"784","196","0"
"784","198","0"
"784","219","1"
"784","220","1"
"784","223","1"
"785","26","1"
"785","31","1"
"785","32","1"
"785","53","0"
"785","60","0"
"785","71","0"
"785","196","1"
"785","199","1"
"785","220","0"
"786","31","0"
"786","32","0"
"786","51","0"
"786","53","1"
"786","57","1"
"786","62","1"
"786","98","0"
"786","200","0"
"786","220","1"
"786","223","1"
"787","31","0"
"787","32","0"
"787","51","0"
"787","53","1"
"787","57","1"
"787","60","1"
"787","71","1"
"787","114","0"
"787","196","0"
"787","198","0"
"787","223","1"
"788","21","1"
"788","61","0"
"788","86","0"
"788","115","1"
"788","169","1"
"788","190","1"
"788","195","1"
"788","208","0"
"788","232","0"
"789","23","0"
"789","24","0"
"789","25","0"
"789","56","1"
"789","65","1"
"789","68","1"
"789","73","1"
"789","76","1"
"789","188","0"
"790","20","0"
"790","21","0"
"790","56","1"
"790","61","1"
"790","65","1"
"790","67","1"
"790","76","1"
"790","79","0"
"790","115","0"
"790","129","0"
"791","1","0"
"791","2","0"
"791","16","0"
"791","17","0"
"791","34","1"
"791","40","1"
"791","44","1"
"791","167","0"
"791","205","1"
"791","230","1"
"792","2","1"
"792","8","1"
"792","27","1"
"792","37","0"
"792","42","0"
"792","44","0"
"792","110","1"
"792","167","1"
"792","204","0"
"792","230","0"
"793","2","0"
"793","18","0"
"793","36","1"
"793","42","1"
"793","44","1"
"793","78","0"
"793","87","1"
"793","149","0"
"793","167","0"
"793","206","1"
"794","12","1"
"794","13","1"
"794","15","1"
"794","42","0"
"794","78","1"
"794","110","1"
"794","206","0"
"794","229","0"
"794","230","0"
"795","31","0"
"795","32","0"
"795","56","1"
"795","61","1"
"795","65","1"
"795","67","1"
"795","76","1"
"795","196","0"
"795","198","0"
"795","203","0"
"796","31","1"
"796","32","1"
"796","61","0"
"796","65","0"
"796","68","0"
"796","74","0"
"796","76","0"
"796","83","1"
"796","84","1"
"796","198","1"
"797","31","1"
"797","32","1"
"797","66","0"
"797","68","0"
"797","74","0"
"797","196","1"
"797","198","1"
"797","203","1"
"797","212","0"
"797","214","0"
"798","32","1"
"798","63","0"
"798","67","0"
"798","68","0"
"798","73","0"
"798","98","1"
"798","100","0"
"798","138","1"
"798","196","1"
"798","203","1"
"798","209","0"
"799","36","0"
"799","42","0"
"799","44","0"
"799","53","1"
"799","57","1"
"799","60","1"
"799","71","1"
"799","87","0"
"799","206","0"
"799","220","1"
"800","4","0"
"800","35","1"
"800","37","1"
"800","44","1"
"800","58","0"
"800","60","0"
"800","71","0"
"800","87","1"
"800","161","0"
"800","204","1"
"801","35","0"
"801","38","0"
"801","50","1"
"801","204","0"
"801","217","1"
"801","219","1"
"801","221","1"
"801","224","1"
"801","227","0"
"801","230","0"
"802","34","1"
"802","36","1"
"802","44","1"
"802","53","0"
"802","57","0"
"802","60","0"
"802","71","0"
"802","161","0"
"802","205","1"
"802","230","1"
"803","4","0"
"803","34","1"
"803","40","1"
"803","44","1"
"803","50","0"
"803","58","0"
"803","60","0"
"803","87","1"
"803","161","0"
"803","205","1"
"804","4","1"
"804","34","0"
"804","40","0"
"804","58","1"
"804","62","1"
"804","161","1"
"804","205","0"
"804","219","1"
"804","229","0"
"804","230","0"
"805","34","0"
"805","40","0"
"805","44","0"
"805","50","1"
"805","53","1"
"805","57","1"
"805","87","0"
"805","205","0"
"805","219","1"
"805","220","1"
"806","34","1"
"806","42","1"
"806","44","1"
"806","50","0"
"806","53","0"
"806","57","0"
"806","71","0"
"806","205","1"
"806","229","1"
"807","34","0"
"807","36","0"
"807","53","1"
"807","57","1"
"807","87","0"
"807","223","1"
"808","12","0"
"808","13","0"
"808","15","0"
"808","31","1"
"808","32","1"
"808","78","0"
"808","83","1"
"808","84","1"
"808","180","0"
"808","198","1"
"809","5","1"
"809","8","1"
"809","26","0"
"809","27","1"
"809","98","0"
"809","110","1"
"809","118","1"
"809","138","0"
"809","196","0"
"809","203","0"
"810","2","1"
"810","13","1"
"810","30","0"
"810","49","1"
"810","51","0"
"810","78","1"
"810","99","0"
"810","114","0"
"810","138","0"
"810","167","1"
"811","1","0"
"811","12","0"
"811","16","0"
"811","17","0"
"811","31","1"
"811","32","1"
"811","83","1"
"811","84","1"
"811","180","0"
"811","198","1"
"812","12","0"
"812","13","0"
"812","31","1"
"812","32","1"
"812","78","0"
"812","196","1"
"813","21","0"
"813","24","0"
"813","31","1"
"813","32","1"
"813","83","1"
"813","84","1"
"813","90","0"
"813","115","0"
"813","189","0"
"813","198","1"
"814","21","1"
"814","32","0"
"814","98","0"
"814","115","1"
"814","169","1"
"814","189","1"
"814","192","1"
"814","196","0"
"814","203","0"
"815","12","0"
"815","13","0"
"815","15","0"
"815","33","1"
"815","37","1"
"815","44","1"
"815","87","1"
"815","180","0"
"815","183","0"
"815","231","1"
"816","5","1"
"816","13","1"
"816","15","1"
"816","36","0"
"816","42","0"
"816","44","0"
"816","118","1"
"816","183","1"
"816","206","0"
"816","230","0"
"817","13","1"
"817","15","1"
"817","47","0"
"817","78","1"
"817","167","1"
"817","183","1"
"817","204","0"
"817","227","0"
"817","229","0"
"818","13","1"
"818","15","1"
"818","38","0"
"818","42","0"
"818","78","1"
"818","167","1"
"818","180","1"
"818","206","0"
"818","227","0"
"818","230","0"
"819","12","0"
"819","15","0"
"819","16","0"
"819","34","1"
"819","36","1"
"819","42","1"
"819","44","1"
"819","180","0"
"819","205","1"
"820","12","1"
"820","18","1"
"820","34","0"
"820","40","0"
"820","47","0"
"820","78","1"
"820","149","1"
"820","180","1"
"820","205","0"
"820","229","0"
"821","2","1"
"821","13","1"
"821","15","1"
"821","34","0"
"821","36","0"
"821","42","0"
"821","47","0"
"821","167","1"
"821","183","1"
"821","206","0"
"821","229","0"
"823","26","0"
"823","31","0"
"823","63","1"
"823","67","1"
"823","89","1"
"823","100","1"
"823","196","0"
"823","203","0"
"823","210","1"
"824","30","0"
"824","67","1"
"824","73","1"
"824","74","1"
"824","83","0"
"824","84","0"
"824","89","1"
"824","114","0"
"824","157","0"
"824","209","1"
"825","51","0"
"825","66","1"
"825","98","0"
"825","196","0"
"825","199","0"
"825","201","0"
"825","208","1"
"825","209","1"
"825","212","1"
"825","232","1"
"826","32","0"
"826","63","1"
"826","67","1"
"826","83","0"
"826","89","1"
"826","100","1"
"826","196","0"
"826","210","1"
"827","31","1"
"827","32","1"
"827","56","0"
"827","63","0"
"827","67","0"
"827","89","0"
"827","196","1"
"827","198","1"
"827","203","1"
"827","209","0"
"828","20","1"
"828","71","0"
"828","104","1"
"828","169","1"
"828","188","1"
"828","195","1"
"828","217","0"
"828","221","0"
"828","223","0"
"828","224","0"
"829","11","1"
"829","23","1"
"829","24","1"
"829","25","1"
"829","52","0"
"829","53","0"
"829","57","0"
"829","71","0"
"829","192","1"
"829","220","0"
"830","20","1"
"830","23","1"
"830","104","1"
"830","188","1"
"830","195","1"
"830","217","0"
"830","219","0"
"830","221","0"
"830","223","0"
"830","224","0"
"831","11","1"
"831","20","1"
"831","57","0"
"831","58","0"
"831","60","0"
"831","62","0"
"831","71","0"
"831","90","1"
"831","104","1"
"831","195","1"
"832","21","1"
"832","53","0"
"832","57","0"
"832","60","0"
"832","71","0"
"832","115","1"
"832","161","0"
"832","169","1"
"832","188","1"
"832","189","1"
"832","221","0"
"833","12","0"
"833","18","0"
"833","26","1"
"833","31","1"
"833","78","0"
"833","82","1"
"833","99","1"
"833","149","0"
"833","167","0"
"833","199","1"
"834","12","0"
"834","26","1"
"834","27","0"
"834","49","0"
"834","51","1"
"834","99","1"
"834","110","0"
"834","157","1"
"834","180","0"
"834","199","1"
"835","5","1"
"835","16","1"
"835","27","1"
"835","30","0"
"835","49","1"
"835","82","0"
"835","83","0"
"835","114","0"
"835","118","1"
"835","138","0"
"836","5","1"
"836","26","0"
"836","27","1"
"836","49","1"
"836","110","1"
"836","118","1"
"836","157","0"
"836","196","0"
"836","199","0"
"836","203","0"
"837","1","0"
"837","12","0"
"837","31","1"
"837","32","1"
"837","78","0"
"837","196","1"
"838","23","1"
"838","25","1"
"838","61","0"
"838","65","0"
"838","76","0"
"838","169","1"
"838","188","1"
"838","192","1"
"838","208","0"
"838","232","0"
"839","20","0"
"839","25","0"
"839","63","1"
"839","67","1"
"839","74","1"
"839","89","1"
"839","169","0"
"839","188","0"
"839","195","0"
"839","210","1"
"840","20","1"
"840","24","1"
"840","56","0"
"840","63","0"
"840","65","0"
"840","189","1"
"841","20","0"
"841","21","0"
"841","53","1"
"841","57","1"
"841","58","1"
"841","60","1"
"841","115","0"
"841","161","1"
"841","188","0"
"842","21","0"
"842","60","1"
"842","101","1"
"842","104","0"
"842","125","1"
"842","142","1"
"842","169","0"
"842","188","0"
"842","195","0"
"842","223","1"
"843","11","1"
"843","21","1"
"843","50","0"
"843","53","0"
"843","57","0"
"843","62","0"
"843","102","1"
"843","104","1"
"843","129","1"
"843","220","0"
"844","11","1"
"844","21","1"
"844","52","0"
"844","115","1"
"844","169","1"
"844","192","1"
"844","217","0"
"844","221","0"
"844","223","0"
"844","224","0"
"845","11","0"
"845","23","0"
"845","25","0"
"845","50","1"
"845","101","1"
"845","169","0"
"845","195","0"
"845","221","1"
"845","223","1"
"846","26","0"
"846","36","1"
"846","42","1"
"846","44","1"
"846","83","0"
"846","84","0"
"846","87","1"
"846","114","0"
"846","157","0"
"846","206","1"
"847","47","0"
"847","98","1"
"847","99","1"
"847","196","1"
"847","199","1"
"847","201","1"
"847","206","0"
"847","227","0"
"847","229","0"
"847","231","0"
"848","30","0"
"848","34","1"
"848","40","1"
"848","47","1"
"848","51","0"
"848","87","1"
"848","114","0"
"848","138","0"
"848","203","0"
"848","205","1"
"849","47","0"
"849","51","1"
"849","83","1"
"849","84","1"
"849","114","1"
"849","157","1"
"849","204","0"
"849","227","0"
"849","229","0"
"851","31","0"
"851","34","1"
"851","36","1"
"851","42","1"
"851","83","0"
"851","84","0"
"851","229","1"
"852","13","1"
"852","15","1"
"852","78","1"
"852","101","0"
"852","167","1"
"852","183","1"
"852","219","0"
"852","221","0"
"852","223","0"
"853","4","1"
"853","12","0"
"853","13","0"
"853","58","1"
"853","78","0"
"853","149","0"
"853","161","1"
"853","167","0"
"853","219","1"
"853","223","1"
"854","1","1"
"854","2","1"
"854","16","1"
"854","17","1"
"854","60","0"
"854","62","0"
"854","101","0"
"854","125","0"
"854","142","0"
"854","167","1"
"855","2","1"
"855","4","0"
"855","13","1"
"855","58","0"
"855","60","0"
"855","62","0"
"855","78","1"
"855","149","1"
"855","161","0"
"855","167","1"
"856","4","0"
"856","13","1"
"856","58","0"
"856","78","1"
"856","118","1"
"856","149","1"
"856","161","0"
"856","185","1"
"856","219","0"
"856","221","0"
"856","223","0"
"857","4","0"
"857","5","1"
"857","12","1"
"857","49","1"
"857","58","0"
"857","60","0"
"857","62","0"
"857","110","1"
"857","175","1"
"857","221","0"
"857","224","0"
"858","5","0"
"858","12","0"
"858","49","0"
"858","50","1"
"858","71","1"
"858","101","1"
"858","110","0"
"858","125","1"
"858","142","1"
"858","175","0"
"859","11","1"
"859","20","1"
"859","23","1"
"859","25","1"
"859","36","0"
"859","38","0"
"859","42","0"
"859","192","1"
"859","207","0"
"860","20","0"
"860","36","1"
"860","42","1"
"860","79","0"
"860","87","1"
"860","90","0"
"860","104","0"
"860","195","0"
"860","206","1"
"860","230","1"
"861","20","0"
"861","34","1"
"861","40","1"
"861","47","1"
"861","79","0"
"861","102","0"
"861","169","0"
"861","195","0"
"861","205","1"
"861","207","1"
"862","36","1"
"862","38","1"
"862","42","1"
"862","79","0"
"862","97","0"
"862","102","0"
"862","169","0"
"862","191","0"
"862","206","1"
"862","207","1"
"863","11","0"
"863","20","0"
"863","21","0"
"863","23","0"
"863","25","0"
"863","40","1"
"863","42","1"
"863","47","1"
"863","87","1"
"863","192","0"
"863","205","1"
"864","13","1"
"864","15","1"
"864","26","0"
"864","78","1"
"864","83","0"
"864","84","0"
"864","114","0"
"864","167","1"
"864","183","1"
"865","13","0"
"865","51","1"
"865","78","0"
"865","98","1"
"865","116","1"
"865","118","0"
"865","149","0"
"865","167","0"
"865","201","1"
"865","203","1"
"866","5","1"
"866","12","1"
"866","13","1"
"866","31","0"
"866","78","1"
"866","83","0"
"866","84","0"
"866","114","0"
"866","149","1"
"866","199","0"
"867","5","0"
"867","12","0"
"867","15","0"
"867","51","1"
"867","84","1"
"867","114","1"
"867","157","1"
"867","183","0"
"867","203","1"
"868","36","0"
"868","37","0"
"868","38","0"
"868","42","0"
"868","63","1"
"868","68","1"
"868","74","1"
"868","89","1"
"868","100","1"
"868","207","0"
"870","34","0"
"870","40","0"
"870","44","0"
"870","63","1"
"870","87","0"
"870","89","1"
"870","100","1"
"870","200","1"
"870","206","0"
"870","208","1"
"871","34","1"
"871","40","1"
"871","44","1"
"871","56","0"
"871","65","0"
"871","67","0"
"871","73","0"
"871","76","0"
"871","87","1"
"871","205","1"
"872","35","0"
"872","40","0"
"872","47","0"
"872","53","1"
"872","57","1"
"872","58","1"
"872","60","1"
"872","87","0"
"872","161","1"
"873","44","1"
"873","53","0"
"873","57","0"
"873","87","1"
"873","206","1"
"873","219","0"
"873","223","0"
"873","227","1"
"873","231","1"
"874","4","1"
"874","34","0"
"874","40","0"
"874","44","0"
"874","58","1"
"874","60","1"
"874","62","1"
"874","87","0"
"874","161","1"
"874","205","0"
"875","4","1"
"875","33","0"
"875","44","0"
"875","52","1"
"875","58","1"
"875","71","1"
"875","87","0"
"875","161","1"
"875","204","0"
"875","231","0"
"876","36","1"
"876","37","1"
"876","42","1"
"876","44","1"
"876","60","0"
"876","62","0"
"876","72","0"
"876","87","1"
"876","221","0"
"876","224","0"
"877","4","1"
"877","36","0"
"877","38","0"
"877","42","0"
"877","52","1"
"877","58","1"
"877","87","0"
"877","161","1"
"877","206","0"
"877","223","1"
"878","33","0"
"878","44","0"
"878","50","1"
"878","53","1"
"878","57","1"
"878","62","1"
"878","87","0"
"878","204","0"
"878","220","1"
"878","231","0"
"879","30","0"
"879","61","1"
"879","65","1"
"879","68","1"
"879","74","1"
"879","76","1"
"879","83","0"
"879","99","0"
"879","114","0"
"879","138","0"
"880","31","0"
"880","32","0"
"880","56","1"
"880","67","1"
"880","73","1"
"880","75","1"
"880","84","0"
"880","100","1"
"880","157","0"
"880","196","0"
"881","31","1"
"881","32","1"
"881","61","0"
"881","65","0"
"881","67","0"
"881","83","1"
"881","196","1"
"881","198","1"
"881","208","0"
"882","47","0"
"882","52","1"
"882","72","1"
"882","87","0"
"882","101","1"
"882","206","0"
"882","223","1"
"882","227","0"
"882","231","0"
"883","9","0"
"883","52","1"
"883","53","1"
"883","57","1"
"883","87","0"
"883","207","0"
"883","220","1"
"883","223","1"
"883","227","0"
"883","230","0"
"884","58","1"
"884","71","1"
"884","161","1"
"885","4","0"
"885","36","1"
"885","38","1"
"885","42","1"
"885","44","1"
"885","58","0"
"885","60","0"
"885","161","0"
"885","206","1"
"885","223","0"
"886","4","0"
"886","34","1"
"886","36","1"
"886","42","1"
"886","44","1"
"886","58","0"
"886","60","0"
"886","101","0"
"886","205","1"
"887","4","0"
"887","9","1"
"887","34","1"
"887","35","1"
"887","44","1"
"887","52","0"
"887","62","0"
"887","161","0"
"887","204","1"
"888","9","1"
"888","35","1"
"888","44","1"
"888","47","1"
"888","62","0"
"888","72","0"
"888","219","0"
"888","221","0"
"888","224","0"
"888","227","1"
"889","4","0"
"889","34","1"
"889","40","1"
"889","47","1"
"889","50","0"
"889","58","0"
"889","71","0"
"889","161","0"
"889","205","1"
"889","230","1"
"890","34","1"
"890","40","1"
"890","47","1"
"890","53","0"
"890","57","0"
"890","58","0"
"890","60","0"
"890","161","0"
"890","205","1"
"890","223","0"
"890","230","1"
"891","13","1"
"891","15","1"
"891","61","0"
"891","65","0"
"891","68","0"
"891","74","0"
"891","78","1"
"891","167","1"
"891","183","1"
"892","23","0"
"892","24","0"
"892","25","0"
"892","31","1"
"892","32","1"
"892","169","0"
"892","192","0"
"892","196","1"
"892","199","1"
"892","203","1"
"894","5","0"
"894","12","0"
"894","13","0"
"894","63","1"
"894","68","1"
"894","74","1"
"894","78","0"
"894","89","1"
"894","149","0"
"894","210","1"
"895","15","0"
"895","61","1"
"895","65","1"
"895","76","1"
"895","110","0"
"895","118","0"
"895","183","0"
"895","185","0"
"895","200","1"
"895","208","1"
"896","23","0"
"896","24","0"
"896","25","0"
"896","30","1"
"896","31","1"
"896","32","1"
"896","90","0"
"896","192","0"
"896","196","1"
"896","203","1"
"897","11","1"
"897","23","1"
"897","25","1"
"897","51","0"
"897","98","0"
"897","99","0"
"897","169","1"
"897","192","1"
"897","198","0"
"897","201","0"
"898","8","0"
"898","63","1"
"898","65","1"
"898","67","1"
"898","89","1"
"898","118","0"
"898","149","0"
"898","167","0"
"898","183","0"
"898","208","1"
"899","2","1"
"899","13","1"
"899","15","1"
"899","68","0"
"899","73","0"
"899","74","0"
"899","75","0"
"899","78","1"
"899","100","0"
"899","167","1"
"900","1","0"
"900","2","0"
"900","16","0"
"900","63","1"
"900","67","1"
"900","75","1"
"900","89","1"
"900","100","1"
"902","23","0"
"902","24","0"
"902","25","0"
"902","31","1"
"902","32","1"
"902","90","0"
"902","192","0"
"902","196","1"
"902","198","1"
"902","203","1"
"903","24","0"
"903","31","1"
"903","32","1"
"903","83","1"
"903","97","0"
"903","192","0"
"903","196","1"
"903","198","1"
"904","16","1"
"904","49","1"
"904","53","0"
"904","62","0"
"904","72","0"
"904","78","1"
"904","118","1"
"904","180","1"
"904","219","0"
"904","220","0"
"905","2","0"
"905","4","1"
"905","13","0"
"905","58","1"
"905","60","1"
"905","62","1"
"905","78","0"
"905","149","0"
"905","161","1"
"905","167","0"
"906","1","0"
"906","5","0"
"906","12","0"
"906","16","0"
"906","53","1"
"906","57","1"
"906","58","1"
"906","60","1"
"906","161","1"
"907","11","1"
"907","20","1"
"907","21","1"
"907","63","0"
"907","68","0"
"907","73","0"
"907","74","0"
"907","89","0"
"907","115","1"
"907","129","1"
"908","73","0"
"908","75","0"
"908","79","1"
"908","100","0"
"908","104","1"
"908","188","1"
"908","189","1"
"908","195","1"
"908","200","0"
"908","208","0"
"909","11","1"
"909","23","1"
"909","25","1"
"909","73","0"
"909","75","0"
"909","100","0"
"909","129","1"
"909","192","1"
"909","200","0"
"909","208","0"
"910","24","1"
"910","61","0"
"910","75","0"
"910","97","1"
"910","100","0"
"910","169","1"
"910","190","1"
"910","191","1"
"910","200","0"
"910","208","0"
"911","23","0"
"911","24","0"
"911","25","0"
"911","68","1"
"911","73","1"
"911","74","1"
"911","76","1"
"911","100","1"
"911","169","0"
"911","192","0"
"912","24","0"
"912","56","1"
"912","63","1"
"912","65","1"
"912","89","1"
"912","104","0"
"912","169","0"
"912","189","0"
"912","195","0"
"912","208","1"
"913","11","1"
"913","20","1"
"913","21","1"
"913","61","0"
"913","68","0"
"913","74","0"
"913","75","0"
"913","115","1"
"913","129","1"
"913","210","0"
"914","9","1"
"914","31","0"
"914","32","0"
"914","35","1"
"914","47","1"
"914","83","0"
"914","87","1"
"914","196","0"
"914","198","0"
"914","227","1"
"915","1","0"
"915","4","1"
"915","12","0"
"915","15","0"
"915","62","1"
"915","183","0"
"915","221","1"
"915","223","1"
"915","224","1"
"916","1","0"
"916","2","0"
"916","4","1"
"916","15","0"
"916","58","1"
"916","62","1"
"916","161","1"
"916","167","0"
"916","183","0"
"916","223","1"
"917","2","0"
"917","27","0"
"917","49","0"
"917","60","1"
"917","62","1"
"917","101","1"
"917","110","0"
"917","125","1"
"917","180","0"
"917","217","1"
"918","4","1"
"918","12","0"
"918","13","0"
"918","62","1"
"918","78","0"
"918","180","0"
"918","223","1"
"918","224","1"
"919","4","1"
"919","50","1"
"919","58","1"
"919","71","1"
"919","83","0"
"919","114","0"
"919","201","0"
"919","203","0"
"920","4","1"
"920","31","0"
"920","32","0"
"920","58","1"
"920","71","1"
"920","161","1"
"920","196","0"
"920","198","0"
"920","203","0"
"920","219","1"
"921","31","1"
"921","32","1"
"921","53","0"
"921","57","0"
"921","196","1"
"921","198","1"
"921","203","1"
"921","219","0"
"921","220","0"
"921","223","0"
"922","30","1"
"922","51","1"
"922","83","1"
"922","88","0"
"922","138","1"
"922","157","1"
"922","219","0"
"922","221","0"
"922","223","0"
"922","224","0"
"923","5","1"
"923","16","1"
"923","49","1"
"923","68","0"
"923","73","0"
"923","76","0"
"923","175","1"
"923","185","1"
"923","208","0"
"923","210","0"
"924","1","1"
"924","5","1"
"924","8","1"
"924","12","1"
"924","63","0"
"924","68","0"
"924","74","0"
"924","75","0"
"924","181","1"
"924","210","0"
"925","50","1"
"925","51","0"
"925","53","1"
"925","57","1"
"925","71","1"
"925","98","0"
"925","114","0"
"925","201","0"
"925","203","0"
"926","8","1"
"926","12","1"
"926","16","1"
"926","17","1"
"926","18","1"
"926","74","0"
"926","76","0"
"926","89","0"
"926","208","0"
"927","9","1"
"927","20","0"
"927","21","0"
"927","44","1"
"927","79","0"
"927","87","1"
"927","90","0"
"927","115","0"
"927","204","1"
"927","227","1"
"928","24","0"
"928","25","0"
"928","40","1"
"928","47","1"
"928","87","1"
"928","115","0"
"928","169","0"
"928","189","0"
"928","205","1"
"928","206","1"
"929","1","0"
"929","2","0"
"929","5","0"
"929","51","1"
"929","114","1"
"929","149","0"
"929","157","1"
"929","196","1"
"929","198","1"
"930","1","0"
"930","5","0"
"930","12","0"
"930","51","1"
"930","98","1"
"930","114","1"
"930","149","0"
"930","157","1"
"930","203","1"
"931","1","1"
"931","5","1"
"931","12","1"
"931","16","1"
"931","82","0"
"931","98","0"
"931","99","0"
"931","114","0"
"931","157","0"
"932","12","1"
"932","13","1"
"932","30","0"
"932","78","1"
"932","99","0"
"932","128","0"
"932","167","1"
"932","181","1"
"932","199","0"
"932","203","0"
"933","12","0"
"933","13","0"
"933","31","1"
"933","32","1"
"933","78","0"
"933","196","1"
"934","9","0"
"934","36","0"
"934","42","0"
"934","44","0"
"934","56","1"
"934","63","1"
"934","65","1"
"934","67","1"
"934","87","0"
"934","89","1"
"935","34","1"
"935","40","1"
"935","44","1"
"935","56","0"
"935","67","0"
"935","73","0"
"935","75","0"
"935","100","0"
"935","205","1"
"935","230","1"
"936","4","0"
"936","11","1"
"936","20","1"
"936","24","1"
"936","57","0"
"936","60","0"
"936","72","0"
"936","115","1"
"936","195","1"
"936","219","0"
"937","4","0"
"937","24","1"
"937","58","0"
"937","60","0"
"937","62","0"
"937","104","1"
"937","161","0"
"937","169","1"
"937","189","1"
"937","195","1"
"938","20","1"
"938","23","1"
"938","24","1"
"938","25","1"
"938","53","0"
"938","57","0"
"938","58","0"
"938","88","0"
"938","161","0"
"938","169","1"
"938","223","0"
"939","12","0"
"939","16","0"
"939","49","0"
"939","90","1"
"939","104","1"
"939","118","0"
"939","175","0"
"939","188","1"
"939","189","1"
"939","195","1"
"940","5","0"
"940","18","0"
"940","24","1"
"940","25","1"
"940","78","0"
"940","97","1"
"940","149","0"
"940","169","1"
"940","185","0"
"940","192","1"
"941","50","0"
"941","57","0"
"941","67","1"
"941","71","0"
"941","73","1"
"941","75","1"
"941","76","1"
"941","161","0"
"941","208","1"
"941","220","0"
"942","4","1"
"942","52","1"
"942","58","1"
"942","66","0"
"942","67","0"
"942","86","0"
"942","161","1"
"942","208","0"
"942","210","0"
"942","223","1"
"943","5","0"
"943","11","1"
"943","20","1"
"943","23","1"
"943","25","1"
"943","78","0"
"943","181","0"
"943","185","0"
"943","192","1"
"944","2","0"
"944","11","1"
"944","13","0"
"944","23","1"
"944","25","1"
"944","78","0"
"944","129","1"
"944","167","0"
"944","181","0"
"944","192","1"
"945","31","1"
"945","32","1"
"945","34","0"
"945","40","0"
"945","47","0"
"945","83","1"
"945","84","1"
"945","198","1"
"945","205","0"
"945","230","0"
"946","30","1"
"946","37","0"
"946","44","0"
"946","84","1"
"946","87","0"
"946","128","1"
"946","157","1"
"946","203","1"
"946","204","0"
"946","231","0"
"947","1","0"
"947","12","0"
"947","21","1"
"947","24","1"
"947","115","1"
"947","149","0"
"947","169","1"
"947","185","0"
"947","189","1"
"948","58","1"
"948","66","0"
"948","67","0"
"948","76","0"
"948","88","1"
"948","223","1"
"949","12","0"
"949","13","0"
"949","17","0"
"949","23","1"
"949","25","1"
"949","78","0"
"949","90","1"
"949","167","0"
"949","183","0"
"949","188","1"
"949","192","1"
"950","31","1"
"950","36","0"
"950","47","0"
"950","51","1"
"950","84","1"
"950","98","1"
"950","199","1"
"950","204","0"
"950","230","0"
"950","231","0"
"951","11","1"
"951","12","0"
"951","13","0"
"951","78","0"
"951","102","1"
"951","104","1"
"951","129","1"
"951","167","0"
"951","181","0"
"951","183","0"
"952","1","1"
"952","5","1"
"952","8","1"
"952","17","1"
"952","24","0"
"952","97","0"
"952","169","0"
"952","185","1"
"952","190","0"
"952","191","0"
"953","11","1"
"953","12","0"
"953","78","0"
"953","97","1"
"953","118","0"
"953","129","1"
"953","149","0"
"953","190","1"
"953","191","1"
"954","30","0"
"954","34","1"
"954","36","1"
"954","42","1"
"954","44","1"
"954","51","0"
"954","114","0"
"954","196","0"
"954","205","1"
"955","30","0"
"955","34","1"
"955","36","1"
"955","42","1"
"955","51","0"
"955","87","1"
"955","98","0"
"955","199","0"
"955","202","0"
"955","205","1"
"955","231","1"
"956","20","0"
"956","21","0"
"956","24","0"
"956","56","1"
"956","65","1"
"956","67","1"
"956","76","1"
"956","89","1"
"956","115","0"
"956","169","0"
"957","11","0"
"957","20","0"
"957","21","0"
"957","86","1"
"957","115","0"
"957","129","0"
"957","200","1"
"957","208","1"
"957","210","1"
"957","212","1"
"958","11","0"
"958","23","0"
"958","25","0"
"958","63","1"
"958","65","1"
"958","67","1"
"958","89","1"
"958","129","0"
"958","210","1"
"959","20","1"
"959","24","1"
"959","56","0"
"959","61","0"
"959","67","0"
"959","76","0"
"959","115","1"
"959","169","1"
"959","189","1"
"960","11","1"
"960","61","0"
"960","73","0"
"960","97","1"
"960","129","1"
"960","190","1"
"960","191","1"
"960","200","0"
"960","208","0"
"960","210","0"
"961","4","1"
"961","26","0"
"961","39","0"
"961","58","1"
"961","62","1"
"961","83","0"
"961","88","1"
"961","138","0"
"961","161","1"
"962","50","0"
"962","71","0"
"962","72","0"
"962","84","1"
"962","98","1"
"962","101","0"
"962","114","1"
"962","157","1"
"962","203","1"
"963","30","0"
"963","50","1"
"963","51","0"
"963","71","1"
"963","99","0"
"963","101","1"
"963","125","1"
"963","128","0"
"963","157","0"
"963","224","1"
"964","31","1"
"964","32","1"
"964","52","0"
"964","53","0"
"964","57","0"
"964","83","1"
"964","196","1"
"964","198","1"
"964","223","0"
"965","4","1"
"965","31","0"
"965","32","0"
"965","50","1"
"965","53","1"
"965","71","1"
"965","196","0"
"965","198","0"
"965","203","0"
"965","220","1"
"966","20","0"
"966","21","0"
"966","56","1"
"966","61","1"
"966","67","1"
"966","86","1"
"966","90","0"
"966","115","0"
"966","188","0"
"966","210","1"
"967","23","1"
"967","24","1"
"967","25","1"
"967","56","0"
"967","63","0"
"967","67","0"
"967","75","0"
"967","169","1"
"967","192","1"
"967","209","0"
"968","20","1"
"968","21","1"
"968","24","1"
"968","56","0"
"968","65","0"
"968","67","0"
"968","76","0"
"968","89","0"
"968","115","1"
"968","169","1"
"969","21","1"
"969","24","1"
"969","56","0"
"969","67","0"
"969","73","0"
"969","75","0"
"969","115","1"
"969","169","1"
"969","195","1"
"970","11","0"
"970","23","0"
"970","24","0"
"970","25","0"
"970","56","1"
"970","68","1"
"970","73","1"
"970","75","1"
"970","100","1"
"971","11","0"
"971","24","0"
"971","66","1"
"971","68","1"
"971","73","1"
"971","74","1"
"971","90","0"
"971","100","1"
"971","188","0"
"971","190","0"
"972","11","1"
"972","20","1"
"972","21","1"
"972","25","1"
"972","63","0"
"972","68","0"
"972","75","0"
"972","129","1"
"972","208","0"
"972","209","0"
"973","11","1"
"973","23","1"
"973","25","1"
"973","56","0"
"973","63","0"
"973","73","0"
"973","74","0"
"973","129","1"
"973","192","1"
"974","30","1"
"974","50","0"
"974","53","0"
"974","57","0"
"974","71","0"
"974","128","1"
"974","157","1"
"974","196","1"
"974","203","1"
"974","220","0"
"975","31","1"
"975","32","1"
"975","50","0"
"975","53","0"
"975","57","0"
"975","71","0"
"975","196","1"
"975","198","1"
"975","203","1"
"975","220","0"
"976","4","1"
"976","31","0"
"976","32","0"
"976","58","1"
"976","62","1"
"976","161","1"
"976","196","0"
"976","198","0"
"976","203","0"
"976","223","1"
"977","31","0"
"977","32","0"
"977","53","1"
"977","57","1"
"977","58","1"
"977","88","1"
"977","161","1"
"977","196","0"
"977","198","0"
"977","203","0"
"977","223","1"
"978","65","0"
"978","76","0"
"978","79","1"
"978","89","0"
"978","90","1"
"978","97","1"
"978","190","1"
"978","191","1"
"978","200","0"
"978","208","0"
"979","23","1"
"979","25","1"
"979","66","0"
"979","68","0"
"979","73","0"
"979","74","0"
"979","79","1"
"979","90","1"
"979","100","0"
"979","192","1"
"980","20","1"
"980","21","1"
"980","24","1"
"980","63","0"
"980","67","0"
"980","75","0"
"980","115","1"
"980","169","1"
"980","200","0"
"980","209","0"
"981","63","1"
"981","65","1"
"981","68","1"
"981","74","1"
"981","76","1"
"981","79","0"
"981","90","0"
"981","97","0"
"981","190","0"
"981","191","0"
"982","11","0"
"982","23","0"
"982","25","0"
"982","56","1"
"982","66","1"
"982","67","1"
"982","89","1"
"982","100","1"
"982","129","0"
"982","192","0"
"983","11","1"
"983","20","1"
"983","23","1"
"983","25","1"
"983","56","0"
"983","65","0"
"983","76","0"
"983","192","1"
"983","208","0"
"984","11","1"
"984","20","1"
"984","23","1"
"984","25","1"
"984","56","0"
"984","66","0"
"984","67","0"
"984","73","0"
"984","75","0"
"984","129","1"
"985","20","0"
"985","21","0"
"985","24","0"
"985","63","1"
"985","65","1"
"985","68","1"
"985","74","1"
"985","76","1"
"985","115","0"
"985","169","0"
"986","30","1"
"986","51","1"
"986","58","0"
"986","62","0"
"986","84","1"
"986","88","0"
"986","128","1"
"986","157","1"
"986","161","0"
"986","219","0"
"987","11","0"
"987","23","0"
"987","25","0"
"987","67","1"
"987","73","1"
"987","129","0"
"987","192","0"
"987","200","1"
"987","209","1"
"987","210","1"
"988","11","1"
"988","20","1"
"988","21","1"
"988","61","0"
"988","68","0"
"988","74","0"
"988","86","0"
"988","115","1"
"988","129","1"
"988","210","0"
"989","21","1"
"989","24","1"
"989","65","0"
"989","73","0"
"989","115","1"
"989","169","1"
"989","189","1"
"989","200","0"
"989","208","0"
"990","11","0"
"990","20","0"
"990","21","0"
"990","56","1"
"990","63","1"
"990","65","1"
"990","67","1"
"990","76","1"
"990","115","0"
"990","129","0"
"991","26","0"
"991","39","0"
"991","52","1"
"991","53","1"
"991","57","1"
"991","138","0"
"991","196","0"
"991","203","0"
"991","220","1"
"991","223","1"
"992","63","1"
"992","79","0"
"992","86","1"
"992","90","0"
"992","190","0"
"992","191","0"
"992","195","0"
"992","200","1"
"992","208","1"
"992","210","1"
"993","11","0"
"993","21","0"
"993","25","0"
"993","56","1"
"993","66","1"
"993","67","1"
"993","89","1"
"993","90","0"
"993","100","1"
"993","192","0"
"994","11","1"
"994","20","1"
"994","21","1"
"994","56","0"
"994","63","0"
"994","65","0"
"994","67","0"
"994","76","0"
"994","115","1"
"994","129","1"
"995","23","1"
"995","24","1"
"995","25","1"
"995","65","0"
"995","68","0"
"995","89","0"
"995","100","0"
"995","129","1"
"995","192","1"
"995","208","0"
"996","11","0"
"996","20","0"
"996","21","0"
"996","68","1"
"996","73","1"
"996","74","1"
"996","75","1"
"996","115","0"
"996","129","0"
"996","209","1"
"997","11","1"
"997","20","1"
"997","21","1"
"997","56","0"
"997","66","0"
"997","67","0"
"997","75","0"
"997","100","0"
"997","115","1"
"997","129","1"
"998","11","1"
"998","21","1"
"998","25","1"
"998","63","0"
"998","65","0"
"998","68","0"
"998","74","0"
"998","76","0"
"998","129","1"
"998","192","1"
"999","4","1"
"999","51","0"
"999","52","1"
"999","72","1"
"999","84","0"
"999","98","0"
"999","114","0"
"999","198","0"
"999","221","1"
"999","223","1"
"1000","31","0"
"1000","32","0"
"1000","50","1"
"1000","53","1"
"1000","57","1"
"1000","71","1"
"1000","196","0"
"1000","201","0"
"1000","203","0"
"1000","220","1"
"1001","31","1"
"1001","52","0"
"1001","57","0"
"1001","83","1"
"1001","84","1"
"1001","98","1"
"1001","161","0"
"1001","198","1"
"1001","220","0"
"1001","223","0"
"1002","4","1"
"1002","21","0"
"1002","24","0"
"1002","50","1"
"1002","71","1"
"1002","72","1"
"1002","115","0"
"1002","161","1"
"1002","169","0"
"1002","190","0"
"1003","11","1"
"1003","52","0"
"1003","97","1"
"1003","101","0"
"1003","125","0"
"1003","129","1"
"1003","190","1"
"1003","191","1"
"1003","223","0"
"1003","224","0"
"1004","11","0"
"1004","52","1"
"1004","53","1"
"1004","57","1"
"1004","62","1"
"1004","97","0"
"1004","129","0"
"1004","190","0"
"1004","191","0"
"1004","220","1"
"1005","62","1"
"1005","71","1"
"1005","72","1"
"1005","79","0"
"1005","90","0"
"1005","104","0"
"1005","189","0"
"1005","195","0"
"1005","217","1"
"1005","221","1"
"1006","21","1"
"1006","23","1"
"1006","24","1"
"1006","25","1"
"1006","50","0"
"1006","53","0"
"1006","57","0"
"1006","71","0"
"1006","169","1"
"1006","189","1"
"1007","4","0"
"1007","52","0"
"1007","53","0"
"1007","104","1"
"1007","129","1"
"1007","169","1"
"1007","189","1"
"1007","195","1"
"1007","220","0"
"1007","223","0"
"1008","23","0"
"1008","24","0"
"1008","50","1"
"1008","53","1"
"1008","57","1"
"1008","71","1"
"1008","115","0"
"1008","169","0"
"1008","192","0"
"1008","220","1"
"1009","24","1"
"1009","52","0"
"1009","97","1"
"1009","101","0"
"1009","125","0"
"1009","169","1"
"1009","190","1"
"1009","191","1"
"1009","223","0"
"1009","224","0"
"1010","11","1"
"1010","50","0"
"1010","71","0"
"1010","72","0"
"1010","97","1"
"1010","129","1"
"1010","190","1"
"1010","191","1"
"1010","217","0"
"1010","221","0"
"1011","4","0"
"1011","23","1"
"1011","24","1"
"1011","25","1"
"1011","50","0"
"1011","58","0"
"1011","71","0"
"1011","161","0"
"1011","169","1"
"1011","192","1"
"1012","11","0"
"1012","23","0"
"1012","71","1"
"1012","88","1"
"1012","129","0"
"1012","161","1"
"1012","191","0"
"1012","192","0"
"1012","219","1"
"1012","224","1"
"1013","4","0"
"1013","11","1"
"1013","58","0"
"1013","62","0"
"1013","97","1"
"1013","129","1"
"1013","161","0"
"1013","190","1"
"1013","191","1"
"1013","219","0"
"1015","20","1"
"1015","87","0"
"1015","102","1"
"1015","131","0"
"1015","162","1"
"1015","195","1"
"1015","207","0"
"1015","249","0"
"1015","264","1"
"1015","267","1"
"1015","280","0"
"1016","23","1"
"1016","45","0"
"1016","87","0"
"1016","167","1"
"1016","188","1"
"1016","189","1"
"1016","195","1"
"1016","204","0"
"1016","207","0"
"1017","9","0"
"1017","45","0"
"1017","131","0"
"1017","167","1"
"1017","188","1"
"1017","204","0"
"1017","265","1"
"1017","266","1"
"1017","269","1"
"1017","283","0"
"1018","60","0"
"1018","147","0"
"1018","167","1"
"1018","188","1"
"1018","230","0"
"1018","263","1"
"1018","265","1"
"1018","269","1"
"1018","279","0"
"1018","281","0"
"1019","20","1"
"1019","23","1"
"1019","60","0"
"1019","194","1"
"1019","230","0"
"1019","236","1"
"1019","247","1"
"1019","279","0"
"1019","281","0"
"1020","87","1"
"1020","102","0"
"1020","189","0"
"1020","195","0"
"1020","206","1"
"1020","207","1"
"1020","236","0"
"1020","264","0"
"1020","277","1"
"1020","285","1"
"1021","207","1"
"1021","230","1"
"1021","236","0"
"1021","245","1"
"1021","249","1"
"1021","264","0"
"1021","265","0"
"1021","266","0"
"1021","269","0"
"1021","280","1"
"1023","24","0"
"1023","30","1"
"1023","40","1"
"1023","45","1"
"1023","87","1"
"1023","194","0"
"1023","245","1"
"1023","263","0"
"1023","268","0"
"1023","269","0"
"1024","21","1"
"1024","24","1"
"1024","25","1"
"1024","47","0"
"1024","204","0"
"1024","247","1"
"1024","264","1"
"1024","277","0"
"1024","283","0"
"1025","21","1"
"1025","25","1"
"1025","30","0"
"1025","60","0"
"1025","90","1"
"1025","229","0"
"1025","245","0"
"1025","247","1"
"1025","264","1"
"1025","283","0"
"1026","9","1"
"1026","60","1"
"1026","87","1"
"1026","90","0"
"1026","190","0"
"1026","191","0"
"1026","206","1"
"1026","263","0"
"1026","269","0"
"1026","285","1"
"1027","47","1"
"1027","162","0"
"1027","194","0"
"1027","205","1"
"1027","236","0"
"1027","249","1"
"1027","263","0"
"1027","269","0"
"1027","277","1"
"1027","280","1"
"1028","24","0"
"1028","25","0"
"1028","30","1"
"1028","205","1"
"1028","229","1"
"1028","236","0"
"1028","245","1"
"1028","249","1"
"1029","24","0"
"1029","87","1"
"1029","194","0"
"1029","205","1"
"1029","207","1"
"1029","249","1"
"1029","263","0"
"1029","267","0"
"1029","269","0"
"1029","280","1"
"1030","60","1"
"1030","90","0"
"1030","194","0"
"1030","205","1"
"1030","230","1"
"1030","249","1"
"1030","263","0"
"1030","267","0"
"1030","269","0"
"1030","280","1"
"1031","33","1"
"1031","35","0"
"1031","61","0"
"1031","79","0"
"1031","84","0"
"1031","183","1"
"1031","232","1"
"1031","256","1"
"1031","257","1"
"1031","276","0"
"1032","8","1"
"1032","18","1"
"1032","35","0"
"1032","46","1"
"1032","79","0"
"1032","97","1"
"1032","157","0"
"1032","182","1"
"1032","202","0"
"1032","225","0"
"1032","275","0"
"1033","4","1"
"1033","98","1"
"1033","149","0"
"1033","175","0"
"1033","253","1"
"1033","254","0"
"1033","257","0"
"1033","259","0"
"1033","271","1"
"1033","273","1"
"1034","4","1"
"1034","42","1"
"1034","46","0"
"1034","84","1"
"1034","149","0"
"1034","183","0"
"1034","253","1"
"1034","254","0"
"1034","274","1"
"1035","5","1"
"1035","39","1"
"1035","97","0"
"1035","182","0"
"1035","256","0"
"1035","273","1"
"1036","91","0"
"1036","138","0"
"1036","140","1"
"1036","169","1"
"1036","208","0"
"1036","237","0"
"1036","297","0"
"1036","301","1"
"1036","302","1"
"1036","306","1"
"1037","13","0"
"1037","34","0"
"1037","50","1"
"1037","75","1"
"1037","115","1"
"1037","169","1"
"1037","181","0"
"1037","208","0"
"1037","252","1"
"1037","297","0"
"1038","75","1"
"1038","91","0"
"1038","115","1"
"1038","138","0"
"1038","203","0"
"1038","237","0"
"1038","252","1"
"1038","294","0"
"1038","304","1"
"1038","308","1"
"1039","65","0"
"1039","72","1"
"1039","76","0"
"1039","108","1"
"1039","132","0"
"1039","217","1"
"1039","221","1"
"1039","289","1"
"1039","311","0"
"1039","313","0"
"1040","37","0"
"1040","53","0"
"1040","56","1"
"1040","57","0"
"1040","67","1"
"1040","71","0"
"1040","213","1"
"1040","242","0"
"1040","244","1"
"1040","317","1"
"1041","71","0"
"1041","74","1"
"1041","200","1"
"1041","213","1"
"1041","215","0"
"1041","220","0"
"1041","239","0"
"1041","240","0"
"1041","244","1"
"1041","317","1"
"1042","26","0"
"1042","37","1"
"1042","56","0"
"1042","57","1"
"1042","132","0"
"1042","215","1"
"1042","241","1"
"1042","289","1"
"1042","316","0"
"1042","317","0"
"1043","53","0"
"1043","66","1"
"1043","74","1"
"1043","220","0"
"1043","242","0"
"1043","315","1"
"1044","11","0"
"1044","99","1"
"1044","104","0"
"1044","129","0"
"1044","138","1"
"1044","192","0"
"1044","291","1"
"1044","292","1"
"1044","297","1"
"1044","310","0"
"1045","49","1"
"1045","140","0"
"1045","142","1"
"1045","180","0"
"1045","203","1"
"1045","237","1"
"1045","297","1"
"1045","301","0"
"1045","306","0"
"1045","308","0"
"1047","11","0"
"1047","91","1"
"1047","104","0"
"1047","129","0"
"1047","192","0"
"1047","203","1"
"1047","295","1"
"1047","296","1"
"1047","297","1"
"1047","306","0"
"1048","89","0"
"1048","91","1"
"1048","99","1"
"1048","295","1"
"1048","296","1"
"1048","298","1"
"1048","301","0"
"1048","302","0"
"1048","306","0"
"1048","308","0"
"1049","36","0"
"1049","89","1"
"1049","140","1"
"1049","203","0"
"1049","210","0"
"1049","224","0"
"1049","297","0"
"1049","302","1"
"1049","307","1"
"1049","308","1"
"1050","37","0"
"1050","44","1"
"1050","68","1"
"1050","72","0"
"1050","86","1"
"1050","219","0"
"1050","220","0"
"1050","221","0"
"1050","317","1"
"1051","56","1"
"1051","58","0"
"1051","63","1"
"1051","68","1"
"1051","73","1"
"1051","88","0"
"1051","100","1"
"1051","219","0"
"1051","239","0"
"1051","242","0"
"1052","44","1"
"1052","58","0"
"1052","63","1"
"1052","73","1"
"1052","88","0"
"1052","100","1"
"1052","108","0"
"1052","239","0"
"1052","288","0"
"1052","311","1"
"1053","1","1"
"1053","4","0"
"1053","12","1"
"1053","79","0"
"1053","212","1"
"1053","225","0"
"1053","254","1"
"1053","259","1"
"1053","271","0"
"1053","273","0"
"1054","8","0"
"1054","17","0"
"1054","31","1"
"1054","32","1"
"1054","42","1"
"1054","51","1"
"1054","253","1"
"1054","254","0"
"1054","255","0"
"1054","256","0"
"1055","15","0"
"1055","16","0"
"1055","51","1"
"1055","157","1"
"1055","182","0"
"1055","199","1"
"1055","232","0"
"1055","253","1"
"1055","259","0"
"1055","276","1"
"1056","4","1"
"1056","12","0"
"1056","17","0"
"1056","31","1"
"1056","32","1"
"1056","42","1"
"1056","97","0"
"1056","246","0"
"1056","253","1"
"1057","15","1"
"1057","16","1"
"1057","17","1"
"1057","35","0"
"1057","79","0"
"1057","97","1"
"1057","157","0"
"1057","182","1"
"1057","255","1"
"1057","271","0"
"1057","272","0"
"1058","20","1"
"1058","23","1"
"1058","68","0"
"1058","74","0"
"1058","86","0"
"1058","90","1"
"1058","162","1"
"1058","189","1"
"1058","244","0"
"1058","317","0"
"1059","44","1"
"1059","56","1"
"1059","63","1"
"1059","73","1"
"1059","100","1"
"1059","104","0"
"1059","167","0"
"1059","188","0"
"1059","191","0"
"1059","195","0"
"1060","68","1"
"1060","73","1"
"1060","74","1"
"1060","90","0"
"1060","100","1"
"1060","104","0"
"1060","162","0"
"1060","191","0"
"1060","195","0"
"1060","317","1"
"1061","11","0"
"1061","13","1"
"1061","34","1"
"1061","89","0"
"1061","129","0"
"1061","196","1"
"1061","198","0"
"1061","203","1"
"1061","209","0"
"1061","210","1"
"1062","49","0"
"1062","75","1"
"1062","99","0"
"1062","115","1"
"1062","118","1"
"1062","138","0"
"1062","142","0"
"1062","180","1"
"1062","208","0"
"1062","252","1"
"1063","13","1"
"1063","34","1"
"1063","50","0"
"1063","114","0"
"1063","161","0"
"1063","169","0"
"1063","196","1"
"1063","203","1"
"1063","210","1"
"1063","227","0"
"1064","2","0"
"1064","50","1"
"1064","114","1"
"1064","138","0"
"1064","142","0"
"1064","161","1"
"1064","169","1"
"1064","181","0"
"1064","196","0"
"1064","227","1"
"1065","2","1"
"1065","36","1"
"1065","89","0"
"1065","99","1"
"1065","118","0"
"1065","180","0"
"1065","181","1"
"1065","192","0"
"1065","198","0"
"1065","224","1"
"1066","11","1"
"1066","36","0"
"1066","89","1"
"1066","138","0"
"1066","169","1"
"1066","181","0"
"1066","192","1"
"1066","196","0"
"1066","198","1"
"1066","208","0"
"1066","227","1"
"1067","2","0"
"1067","11","1"
"1067","36","0"
"1067","114","1"
"1067","161","1"
"1067","181","0"
"1068","9","1"
"1068","38","0"
"1068","72","0"
"1068","87","1"
"1068","108","0"
"1068","206","1"
"1068","217","0"
"1068","221","0"
"1068","230","1"
"1068","285","1"
"1069","9","1"
"1069","58","0"
"1069","60","1"
"1069","71","0"
"1069","88","0"
"1069","206","1"
"1069","207","1"
"1069","240","0"
"1069","242","0"
"1069","285","1"
"1070","9","1"
"1070","58","0"
"1070","87","1"
"1070","88","0"
"1070","206","1"
"1070","219","0"
"1070","223","0"
"1070","230","1"
"1070","240","0"
"1070","285","1"
"1071","58","0"
"1071","60","1"
"1071","71","0"
"1071","88","0"
"1071","205","1"
"1071","229","1"
"1071","240","0"
"1071","241","0"
"1071","242","0"
"1071","285","1"
"1072","4","0"
"1072","16","1"
"1072","18","1"
"1072","78","1"
"1072","79","0"
"1072","84","0"
"1072","98","0"
"1072","182","1"
"1072","232","1"
"1072","274","0"
"1073","12","1"
"1073","15","1"
"1073","42","0"
"1073","78","1"
"1073","83","0"
"1073","128","0"
"1073","183","1"
"1073","246","1"
"1073","253","0"
"1075","30","0"
"1075","31","1"
"1075","32","1"
"1075","42","1"
"1075","47","0"
"1075","83","1"
"1075","206","0"
"1075","229","0"
"1075","274","1"
"1076","5","1"
"1076","31","1"
"1076","32","1"
"1076","42","1"
"1076","47","0"
"1076","60","0"
"1076","84","1"
"1076","205","0"
"1076","249","0"
"1076","280","0"
"1077","9","0"
"1077","31","1"
"1077","32","1"
"1077","42","1"
"1077","79","1"
"1077","84","1"
"1077","87","0"
"1077","230","0"
"1077","249","0"
"1077","280","0"
"1078","30","0"
"1078","31","1"
"1078","32","1"
"1078","42","1"
"1078","79","1"
"1078","84","1"
"1078","205","0"
"1078","229","0"
"1078","245","0"
"1078","249","0"
"1078","280","0"
"1079","53","1"
"1079","57","1"
"1079","58","1"
"1079","72","1"
"1079","180","0"
"1079","192","0"
"1079","209","0"
"1079","242","1"
"1079","248","0"
"1080","50","0"
"1080","53","1"
"1080","57","1"
"1080","89","0"
"1080","115","0"
"1080","169","0"
"1080","219","1"
"1080","220","1"
"1080","223","1"
"1080","252","0"
"1081","11","0"
"1081","58","1"
"1081","72","1"
"1081","89","0"
"1081","115","0"
"1081","129","0"
"1081","219","1"
"1081","221","1"
"1081","223","1"
"1081","252","0"
"1082","50","1"
"1082","57","0"
"1082","71","0"
"1082","89","1"
"1082","115","1"
"1082","169","1"
"1082","220","0"
"1082","242","0"
"1082","252","1"
"1083","38","1"
"1083","50","0"
"1083","58","1"
"1083","72","1"
"1083","169","0"
"1083","192","0"
"1083","198","0"
"1083","221","1"
"1083","248","0"
"1083","289","1"
"1084","11","0"
"1084","38","1"
"1084","58","1"
"1084","72","1"
"1084","89","0"
"1084","115","0"
"1084","169","0"
"1084","192","0"
"1084","252","0"
"1084","289","1"
"1085","20","1"
"1085","23","1"
"1085","36","0"
"1085","99","0"
"1085","167","1"
"1085","181","0"
"1085","188","1"
"1085","189","1"
"1085","203","0"
"1085","224","0"
"1086","20","1"
"1086","23","1"
"1086","24","1"
"1086","49","0"
"1086","90","1"
"1086","138","0"
"1086","142","0"
"1086","189","1"
"1086","196","0"
"1086","294","0"
"1088","2","0"
"1088","21","1"
"1088","25","1"
"1088","36","0"
"1088","195","1"
"1088","203","0"
"1088","224","0"
"1088","236","1"
"1088","247","1"
"1089","11","0"
"1089","40","1"
"1089","45","1"
"1089","89","0"
"1089","129","0"
"1089","209","0"
"1089","230","1"
"1089","245","1"
"1089","283","1"
"1089","301","0"
"1090","11","0"
"1090","47","1"
"1090","114","0"
"1090","129","0"
"1090","161","0"
"1090","205","1"
"1090","207","1"
"1090","248","0"
"1090","249","1"
"1090","280","1"
"1091","11","0"
"1091","30","1"
"1091","40","1"
"1091","60","1"
"1091","129","0"
"1091","192","0"
"1091","198","0"
"1091","230","1"
"1091","245","1"
"1091","248","0"
"1092","30","1"
"1092","50","0"
"1092","89","0"
"1092","115","0"
"1092","169","0"
"1092","207","1"
"1092","229","1"
"1092","249","1"
"1092","252","0"
"1093","11","1"
"1093","30","0"
"1093","40","0"
"1093","60","0"
"1093","89","1"
"1093","115","1"
"1093","129","1"
"1093","207","0"
"1093","245","0"
"1093","252","1"
"1094","11","0"
"1094","30","1"
"1094","40","1"
"1094","47","1"
"1094","89","0"
"1094","115","0"
"1094","129","0"
"1094","229","1"
"1094","245","1"
"1094","252","0"
"1095","1","0"
"1095","16","0"
"1095","18","0"
"1095","56","1"
"1095","65","1"
"1095","67","1"
"1095","76","1"
"1095","243","0"
"1095","255","0"
"1096","52","1"
"1096","73","0"
"1096","74","0"
"1096","100","0"
"1096","149","1"
"1096","182","1"
"1096","200","0"
"1096","212","1"
"1096","259","1"
"1096","313","0"
"1097","12","1"
"1097","16","1"
"1097","68","0"
"1097","73","0"
"1097","74","0"
"1097","78","1"
"1097","100","0"
"1097","246","1"
"1097","259","1"
"1097","313","0"
"1098","1","1"
"1098","12","1"
"1098","15","1"
"1098","16","1"
"1098","56","0"
"1098","65","0"
"1098","66","0"
"1098","68","0"
"1098","244","0"
"1098","246","1"
"1098","317","0"
"1099","20","1"
"1099","23","1"
"1099","53","0"
"1099","57","0"
"1099","71","0"
"1099","167","1"
"1099","188","1"
"1099","189","1"
"1099","220","0"
"1099","242","0"
"1100","24","1"
"1100","38","0"
"1100","57","0"
"1100","72","0"
"1100","90","1"
"1100","104","1"
"1100","191","1"
"1100","195","1"
"1100","221","0"
"1100","289","0"
"1101","21","1"
"1101","25","1"
"1101","58","0"
"1101","72","0"
"1101","219","0"
"1101","221","0"
"1101","223","0"
"1101","236","1"
"1101","247","1"
"1101","264","1"
"1103","20","1"
"1103","23","1"
"1103","24","1"
"1103","53","0"
"1103","57","0"
"1103","71","0"
"1103","90","1"
"1103","189","1"
"1103","220","0"
"1103","242","0"
"1104","21","0"
"1104","53","1"
"1104","57","1"
"1104","58","1"
"1104","72","1"
"1104","236","0"
"1104","242","1"
"1104","247","0"
"1104","264","0"
"1105","20","1"
"1105","53","0"
"1105","57","0"
"1105","58","0"
"1105","167","1"
"1105","188","1"
"1105","191","1"
"1105","195","1"
"1105","239","0"
"1105","241","0"
"1105","242","0"
"1106","15","1"
"1106","17","1"
"1106","50","0"
"1106","182","1"
"1106","185","1"
"1106","198","0"
"1106","227","0"
"1106","259","1"
"1106","301","0"
"1106","310","0"
"1107","11","0"
"1107","52","1"
"1107","97","1"
"1107","115","0"
"1107","129","0"
"1107","149","1"
"1107","243","1"
"1107","248","0"
"1107","252","0"
"1107","255","1"
"1108","30","1"
"1108","40","1"
"1108","49","0"
"1108","60","1"
"1108","99","0"
"1108","138","0"
"1108","142","0"
"1108","203","0"
"1108","207","1"
"1108","210","0"
"1108","245","1"
"1108","285","1"
"1109","13","1"
"1109","30","0"
"1109","34","1"
"1109","40","0"
"1109","47","0"
"1109","181","1"
"1109","196","1"
"1109","210","1"
"1109","229","0"
"1110","13","1"
"1110","34","1"
"1110","60","0"
"1110","181","1"
"1110","196","1"
"1110","205","0"
"1110","210","1"
"1110","230","0"
"1110","249","0"
"1111","26","0"
"1111","38","1"
"1111","56","0"
"1111","67","0"
"1111","88","1"
"1111","108","1"
"1111","239","1"
"1111","240","1"
"1111","244","0"
"1111","317","0"
"1112","38","0"
"1112","58","0"
"1112","63","1"
"1112","72","0"
"1112","73","1"
"1112","74","1"
"1112","100","1"
"1112","108","0"
"1112","200","1"
"1113","38","0"
"1113","56","1"
"1113","63","1"
"1113","67","1"
"1113","73","1"
"1113","100","1"
"1113","101","0"
"1113","108","0"
"1113","241","0"
"1113","286","0"
"1114","26","1"
"1114","53","0"
"1114","56","1"
"1114","57","0"
"1114","58","0"
"1114","65","1"
"1114","67","1"
"1114","72","0"
"1114","76","1"
"1114","88","0"
"1114","223","0"
"1115","50","1"
"1115","60","0"
"1115","114","1"
"1115","161","1"
"1115","205","0"
"1115","207","0"
"1115","249","0"
"1115","280","0"
"1115","306","1"
"1115","310","1"
"1116","11","1"
"1116","50","1"
"1116","60","0"
"1116","115","1"
"1116","147","0"
"1116","205","0"
"1116","206","0"
"1116","207","0"
"1116","248","1"
"1116","249","0"
"1116","252","1"
"1117","30","0"
"1117","169","1"
"1117","180","1"
"1117","198","1"
"1117","205","0"
"1117","227","1"
"1117","229","0"
"1117","245","0"
"1117","249","0"
"1118","11","1"
"1118","60","0"
"1118","114","1"
"1118","129","1"
"1118","198","1"
"1118","206","0"
"1118","227","1"
"1118","230","0"
"1118","285","0"
"1119","4","1"
"1119","26","0"
"1119","65","0"
"1119","74","0"
"1119","76","0"
"1119","79","1"
"1119","84","1"
"1119","98","1"
"1119","200","0"
"1119","274","1"
"1121","61","1"
"1121","68","0"
"1121","74","0"
"1121","79","1"
"1121","84","1"
"1121","86","0"
"1121","116","0"
"1121","199","1"
"1121","272","1"
"1121","316","0"
"1122","5","0"
"1122","51","0"
"1122","56","1"
"1122","61","0"
"1122","66","1"
"1122","67","1"
"1122","244","1"
"1122","272","0"
"1122","274","0"
"1122","317","1"
"1123","31","1"
"1123","32","1"
"1123","42","1"
"1123","66","0"
"1123","67","0"
"1123","83","1"
"1123","244","0"
"1123","274","1"
"1123","317","0"
"1124","1","1"
"1124","52","1"
"1124","104","0"
"1124","149","1"
"1124","167","0"
"1124","183","1"
"1124","188","0"
"1124","191","0"
"1124","195","0"
"1124","232","1"
"1125","12","1"
"1125","15","1"
"1125","17","1"
"1125","21","0"
"1125","25","0"
"1125","167","0"
"1125","188","0"
"1125","246","1"
"1125","247","0"
"1125","259","1"
"1126","24","1"
"1126","90","1"
"1126","97","0"
"1126","102","1"
"1126","182","0"
"1126","185","0"
"1126","190","1"
"1126","212","0"
"1126","243","0"
"1126","263","1"
"1127","12","1"
"1127","15","1"
"1127","24","0"
"1127","78","1"
"1127","90","0"
"1127","104","0"
"1127","191","0"
"1127","246","1"
"1127","259","1"
"1128","16","1"
"1128","17","1"
"1128","18","1"
"1128","23","0"
"1128","167","0"
"1128","188","0"
"1128","189","0"
"1128","243","1"
"1128","255","1"
"1129","50","1"
"1129","53","0"
"1129","88","0"
"1129","89","1"
"1129","108","0"
"1129","115","1"
"1129","169","1"
"1129","219","0"
"1129","240","0"
"1129","301","1"
"1130","38","0"
"1130","58","0"
"1130","72","0"
"1130","114","1"
"1130","169","1"
"1130","180","1"
"1130","198","1"
"1130","221","0"
"1130","227","1"
"1130","242","0"
"1131","50","0"
"1131","71","1"
"1131","161","0"
"1131","169","0"
"1131","219","1"
"1131","220","1"
"1131","239","1"
"1131","252","0"
"1131","286","1"
"1131","306","0"
"1132","5","0"
"1132","31","0"
"1132","32","0"
"1132","42","0"
"1132","74","1"
"1132","86","1"
"1132","200","1"
"1132","202","0"
"1132","313","1"
"1132","316","1"
"1133","39","1"
"1133","56","0"
"1133","63","0"
"1133","67","0"
"1133","73","0"
"1133","79","1"
"1133","84","1"
"1133","100","0"
"1133","128","1"
"1133","273","1"
"1134","9","0"
"1134","52","1"
"1134","78","1"
"1134","87","0"
"1134","183","1"
"1134","206","0"
"1134","207","0"
"1134","232","1"
"1134","243","1"
"1134","246","1"
"1134","280","0"
"1135","12","1"
"1135","16","1"
"1135","17","1"
"1135","47","0"
"1135","97","1"
"1135","205","0"
"1135","229","0"
"1135","245","0"
"1135","246","1"
"1135","249","0"
"1136","13","1"
"1136","34","1"
"1136","72","0"
"1136","101","0"
"1136","181","1"
"1136","196","1"
"1136","210","1"
"1136","219","0"
"1136","223","0"
"1137","13","1"
"1137","34","1"
"1137","101","0"
"1137","181","1"
"1137","196","1"
"1137","210","1"
"1137","219","0"
"1137","242","0"
"1137","286","0"
"1138","13","1"
"1138","34","1"
"1138","53","0"
"1138","62","1"
"1138","88","0"
"1138","208","1"
"1138","210","1"
"1138","219","0"
"1138","242","0"
"1138","286","0"
"1139","13","1"
"1139","34","1"
"1139","53","0"
"1139","58","0"
"1139","62","1"
"1139","72","0"
"1139","88","0"
"1139","181","1"
"1139","208","1"
"1139","223","0"
"1139","286","0"
"1140","2","0"
"1140","58","1"
"1140","72","1"
"1140","91","0"
"1140","208","0"
"1140","219","1"
"1140","221","1"
"1140","237","0"
"1140","242","1"
"1140","291","0"
"1141","12","0"
"1141","16","0"
"1141","20","1"
"1141","21","1"
"1141","97","0"
"1141","188","1"
"1141","191","1"
"1141","212","0"
"1141","236","1"
"1141","246","0"
"1142","16","0"
"1142","24","1"
"1142","25","1"
"1142","52","0"
"1142","90","1"
"1142","97","0"
"1142","104","1"
"1142","195","1"
"1142","212","0"
"1142","255","0"
"1143","1","0"
"1143","18","0"
"1143","23","1"
"1143","24","1"
"1143","90","1"
"1143","104","1"
"1143","149","0"
"1143","182","0"
"1143","185","0"
"1143","189","1"
"1144","12","1"
"1144","25","0"
"1144","104","0"
"1144","167","0"
"1144","183","1"
"1144","188","0"
"1144","195","0"
"1144","212","1"
"1144","246","1"
"1144","256","1"
"1145","25","0"
"1145","52","1"
"1145","104","0"
"1145","167","0"
"1145","183","1"
"1145","195","0"
"1145","212","1"
"1145","255","1"
"1145","256","1"
"1145","264","0"
"1146","12","0"
"1146","15","0"
"1146","20","1"
"1146","21","1"
"1146","24","1"
"1146","78","0"
"1146","191","1"
"1146","236","1"
"1146","243","0"
"1146","246","0"
"1146","256","0"
"1147","12","0"
"1147","16","0"
"1147","17","0"
"1147","23","1"
"1147","102","1"
"1147","167","1"
"1147","188","1"
"1147","189","1"
"1147","243","0"
"1147","246","0"
"1147","256","0"
"1148","11","0"
"1148","31","1"
"1148","32","1"
"1148","42","1"
"1148","83","1"
"1148","89","0"
"1148","115","0"
"1148","169","0"
"1148","253","1"
"1148","301","0"
"1149","5","1"
"1149","11","0"
"1149","51","1"
"1149","61","1"
"1149","161","0"
"1149","169","0"
"1149","199","1"
"1149","248","0"
"1149","252","0"
"1149","272","1"
"1150","4","0"
"1150","11","1"
"1150","79","0"
"1150","84","0"
"1150","98","0"
"1150","115","1"
"1150","161","1"
"1150","248","1"
"1150","274","0"
"1150","310","1"
"1151","4","1"
"1151","50","0"
"1151","83","1"
"1151","98","1"
"1151","114","0"
"1151","129","0"
"1151","198","0"
"1151","227","0"
"1151","253","1"
"1151","274","1"
"1152","4","0"
"1152","79","0"
"1152","84","0"
"1152","98","0"
"1152","115","1"
"1152","129","1"
"1152","161","1"
"1152","169","1"
"1152","248","1"
"1152","274","0"
"1153","4","1"
"1153","5","1"
"1153","11","0"
"1153","50","0"
"1153","83","1"
"1153","89","0"
"1153","98","1"
"1153","199","1"
"1153","209","0"
"1153","252","0"
"1154","44","1"
"1154","56","1"
"1154","65","1"
"1154","66","1"
"1154","74","1"
"1154","87","0"
"1154","205","0"
"1154","207","0"
"1154","245","0"
"1154","249","0"
"1155","44","0"
"1155","56","0"
"1155","65","0"
"1155","76","0"
"1155","87","1"
"1155","205","1"
"1155","207","1"
"1155","245","1"
"1155","249","1"
"1155","317","0"
"1156","65","1"
"1156","68","1"
"1156","74","1"
"1156","76","1"
"1156","87","0"
"1156","205","0"
"1156","207","0"
"1156","249","0"
"1156","317","1"
"1157","30","1"
"1157","44","0"
"1157","56","0"
"1157","65","0"
"1157","205","1"
"1157","229","1"
"1157","245","1"
"1157","280","1"
"1157","317","0"
"1158","30","0"
"1158","40","0"
"1158","60","0"
"1158","63","1"
"1158","73","1"
"1158","100","1"
"1158","132","1"
"1158","200","1"
"1158","207","0"
"1158","230","0"
"1159","26","1"
"1159","30","0"
"1159","65","1"
"1159","68","1"
"1159","74","1"
"1159","76","1"
"1159","205","0"
"1159","229","0"
"1159","245","0"
"1159","249","0"
"1159","280","0"
"1160","20","0"
"1160","21","0"
"1160","24","0"
"1160","71","1"
"1160","88","1"
"1160","101","1"
"1160","223","1"
"1160","236","0"
"1160","239","1"
"1161","9","1"
"1161","40","1"
"1161","44","0"
"1161","47","1"
"1161","56","0"
"1161","63","0"
"1161","73","0"
"1161","87","1"
"1161","285","1"
"1161","313","0"
"1162","23","1"
"1162","38","0"
"1162","57","0"
"1162","188","1"
"1162","189","1"
"1162","236","1"
"1162","239","0"
"1162","241","0"
"1162","242","0"
"1162","247","1"
"1163","20","0"
"1163","21","0"
"1163","53","1"
"1163","57","1"
"1163","58","1"
"1163","72","1"
"1163","90","0"
"1163","236","0"
"1163","242","1"
"1164","23","1"
"1164","58","0"
"1164","71","0"
"1164","72","0"
"1164","188","1"
"1164","189","1"
"1164","223","0"
"1164","236","1"
"1164","247","1"
"1165","20","0"
"1165","21","0"
"1165","167","0"
"1165","219","1"
"1165","241","1"
"1165","286","1"
"1166","15","1"
"1166","16","1"
"1166","17","1"
"1166","49","0"
"1166","138","0"
"1166","142","0"
"1166","182","1"
"1166","185","1"
"1166","196","0"
"1166","203","0"
"1167","13","0"
"1167","16","1"
"1167","34","0"
"1167","97","1"
"1167","149","1"
"1167","181","0"
"1167","196","0"
"1167","210","0"
"1167","255","1"
"1168","12","1"
"1168","15","1"
"1168","34","0"
"1168","78","1"
"1168","196","0"
"1168","203","0"
"1168","210","0"
"1168","246","1"
"1168","256","1"
"1169","2","1"
"1169","12","0"
"1169","18","0"
"1169","36","1"
"1169","49","1"
"1169","62","1"
"1169","97","0"
"1169","138","1"
"1169","149","0"
"1169","224","1"
"1169","246","0"
"1170","26","1"
"1170","38","0"
"1170","57","0"
"1170","66","1"
"1170","108","0"
"1170","132","1"
"1170","200","1"
"1170","220","0"
"1170","239","0"
"1170","244","1"
"1171","38","0"
"1171","63","1"
"1171","68","1"
"1171","71","0"
"1171","72","0"
"1171","73","1"
"1171","88","0"
"1171","200","1"
"1172","44","0"
"1172","58","1"
"1172","65","0"
"1172","68","0"
"1172","72","1"
"1172","76","0"
"1172","219","1"
"1172","241","1"
"1172","242","1"
"1172","317","0"
"1173","44","1"
"1173","57","0"
"1173","63","1"
"1173","68","1"
"1173","71","0"
"1173","73","1"
"1173","100","1"
"1173","221","0"
"1173","223","0"
"1173","239","0"
"1174","44","0"
"1174","53","1"
"1174","57","1"
"1174","58","1"
"1174","65","0"
"1174","68","0"
"1174","72","1"
"1174","76","0"
"1174","242","1"
"1175","38","1"
"1175","44","0"
"1175","53","1"
"1175","65","0"
"1175","68","0"
"1175","76","0"
"1175","88","1"
"1175","108","1"
"1175","286","1"
"1175","313","0"
"1176","56","0"
"1176","57","1"
"1176","72","1"
"1176","76","0"
"1176","223","1"
"1176","241","1"
"1176","316","0"
"1177","13","0"
"1177","31","1"
"1177","32","1"
"1177","42","1"
"1177","62","0"
"1177","79","1"
"1177","84","1"
"1177","138","0"
"1177","208","0"
"1177","210","0"
"1178","31","0"
"1178","34","1"
"1178","36","1"
"1178","42","0"
"1178","79","0"
"1178","84","0"
"1178","196","1"
"1178","203","1"
"1178","210","1"
"1178","272","0"
"1179","13","1"
"1179","31","0"
"1179","32","0"
"1179","34","1"
"1179","79","0"
"1179","83","0"
"1179","196","1"
"1179","203","1"
"1179","210","1"
"1179","253","0"
"1180","1","0"
"1180","12","0"
"1180","16","0"
"1180","57","1"
"1180","149","0"
"1180","219","1"
"1180","239","1"
"1180","240","1"
"1180","242","1"
"1180","246","0"
"1181","12","1"
"1181","57","0"
"1181","78","1"
"1181","219","0"
"1181","239","0"
"1181","240","0"
"1181","242","0"
"1181","243","1"
"1181","246","1"
"1181","256","1"
"1182","12","1"
"1182","15","1"
"1182","17","1"
"1182","38","0"
"1182","101","0"
"1182","220","0"
"1182","221","0"
"1182","246","1"
"1182","256","1"
"1182","289","0"
"1183","12","0"
"1183","38","1"
"1183","57","1"
"1183","78","0"
"1183","149","0"
"1183","219","1"
"1183","240","1"
"1183","241","1"
"1183","246","0"
"1183","256","0"
"1184","31","0"
"1184","32","0"
"1184","42","0"
"1184","56","1"
"1184","65","1"
"1184","76","1"
"1184","84","0"
"1184","200","1"
"1184","253","0"
"1184","317","1"
"1185","39","1"
"1185","42","1"
"1185","44","0"
"1185","63","0"
"1185","68","0"
"1185","73","0"
"1185","83","1"
"1185","100","0"
"1185","128","1"
"1185","253","1"
"1187","23","1"
"1187","50","0"
"1187","114","0"
"1187","188","1"
"1187","189","1"
"1187","198","0"
"1187","236","1"
"1187","247","1"
"1187","310","0"
"1188","25","0"
"1188","50","1"
"1188","104","0"
"1188","118","1"
"1188","188","0"
"1188","192","1"
"1188","195","0"
"1188","209","1"
"1188","236","0"
"1188","306","1"
"1189","31","0"
"1189","32","0"
"1189","42","0"
"1189","44","1"
"1189","63","1"
"1189","65","1"
"1189","76","1"
"1189","83","0"
"1189","200","1"
"1189","253","0"
"1190","21","1"
"1190","167","1"
"1190","169","0"
"1190","189","1"
"1190","198","0"
"1190","252","0"
"1191","47","0"
"1191","62","1"
"1191","181","1"
"1191","207","0"
"1191","208","1"
"1191","224","1"
"1191","230","0"
"1191","245","0"
"1192","2","0"
"1192","36","0"
"1192","87","1"
"1192","99","0"
"1192","181","0"
"1192","206","1"
"1192","207","1"
"1192","224","0"
"1192","245","1"
"1192","280","1"
"1193","2","1"
"1193","49","1"
"1193","60","0"
"1193","99","1"
"1193","138","1"
"1193","142","1"
"1193","205","0"
"1193","230","0"
"1193","245","0"
"1193","280","0"
"1194","30","1"
"1194","40","1"
"1194","87","1"
"1194","91","0"
"1194","142","0"
"1194","205","1"
"1194","208","0"
"1194","280","1"
"1194","294","0"
"1195","40","0"
"1195","47","0"
"1195","49","1"
"1195","138","1"
"1195","142","1"
"1195","206","0"
"1195","208","1"
"1195","229","0"
"1195","280","0"
"1195","294","1"
"1196","2","0"
"1196","30","1"
"1196","36","0"
"1196","87","1"
"1196","142","0"
"1196","203","0"
"1196","207","1"
"1196","224","0"
"1196","245","1"
"1196","285","1"
"1197","2","0"
"1197","9","1"
"1197","49","0"
"1197","87","1"
"1197","196","0"
"1197","245","1"
"1197","249","1"
"1197","280","1"
"1197","295","0"
"1198","44","1"
"1198","63","1"
"1198","66","1"
"1198","67","1"
"1198","73","1"
"1198","104","0"
"1198","167","0"
"1198","190","0"
"1198","191","0"
"1198","264","0"
"1199","21","1"
"1199","44","0"
"1199","63","0"
"1199","65","0"
"1199","67","0"
"1199","76","0"
"1199","188","1"
"1199","189","1"
"1199","191","1"
"1199","236","1"
"1200","21","1"
"1200","24","1"
"1200","56","0"
"1200","68","0"
"1200","76","0"
"1200","90","1"
"1200","100","0"
"1200","189","1"
"1200","191","1"
"1200","317","0"
"1201","20","1"
"1201","21","1"
"1201","24","1"
"1201","25","1"
"1201","56","0"
"1201","65","0"
"1201","68","0"
"1201","73","0"
"1201","195","1"
"1202","20","1"
"1202","23","1"
"1202","26","0"
"1202","56","0"
"1202","66","0"
"1202","68","0"
"1202","188","1"
"1202","236","1"
"1202","244","0"
"1202","247","1"
"1203","20","1"
"1203","23","1"
"1203","24","1"
"1203","56","0"
"1203","73","0"
"1203","100","0"
"1203","167","1"
"1203","200","0"
"1203","247","1"
"1203","313","0"
"1203","317","0"
"1204","60","1"
"1204","115","0"
"1204","118","0"
"1204","161","0"
"1204","180","0"
"1204","230","1"
"1204","245","1"
"1204","248","0"
"1204","249","1"
"1204","277","1"
"1205","11","0"
"1205","45","1"
"1205","60","1"
"1205","147","1"
"1205","180","0"
"1205","192","0"
"1205","204","1"
"1205","209","0"
"1205","230","1"
"1205","248","0"
"1206","9","0"
"1206","30","0"
"1206","31","1"
"1206","32","1"
"1206","42","1"
"1206","47","0"
"1206","79","1"
"1206","84","1"
"1206","229","0"
"1206","285","0"
"1207","5","0"
"1207","39","0"
"1207","51","0"
"1207","87","1"
"1207","128","0"
"1207","157","0"
"1207","207","1"
"1207","249","1"
"1207","277","1"
"1207","280","1"
"1208","4","0"
"1208","9","1"
"1208","30","1"
"1208","42","0"
"1208","47","1"
"1208","60","1"
"1208","79","0"
"1208","84","0"
"1208","98","0"
"1208","285","1"
"1209","31","1"
"1209","32","1"
"1209","42","1"
"1209","45","0"
"1209","60","0"
"1209","83","1"
"1209","230","0"
"1209","274","1"
"1209","277","0"
"1210","39","0"
"1210","42","0"
"1210","47","1"
"1210","51","0"
"1210","60","1"
"1210","128","0"
"1210","206","1"
"1210","245","1"
"1210","253","0"
"1210","280","1"
"1211","5","0"
"1211","31","0"
"1211","32","0"
"1211","40","1"
"1211","42","0"
"1211","51","0"
"1211","87","1"
"1211","205","1"
"1211","229","1"
"1211","230","1"
"1213","30","0"
"1213","31","1"
"1213","32","1"
"1213","42","1"
"1213","47","0"
"1213","83","1"
"1213","229","0"
"1213","249","0"
"1213","253","1"
"1213","274","1"
"1213","285","0"
"1214","20","0"
"1214","23","0"
"1214","58","1"
"1214","71","1"
"1214","167","0"
"1214","220","1"
"1214","241","1"
"1214","242","1"
"1214","247","0"
"1214","264","0"
"1215","23","1"
"1215","71","0"
"1215","101","0"
"1215","188","1"
"1215","189","1"
"1215","223","0"
"1215","236","1"
"1215","247","1"
"1215","286","0"
"1216","21","0"
"1216","53","1"
"1216","88","1"
"1216","167","0"
"1216","189","0"
"1216","191","0"
"1216","219","1"
"1216","242","1"
"1216","264","0"
"1216","286","1"
"1217","58","1"
"1217","71","1"
"1217","72","1"
"1217","102","0"
"1217","188","0"
"1217","190","0"
"1217","223","1"
"1217","236","0"
"1217","241","1"
"1217","263","0"
"1218","2","1"
"1218","26","0"
"1218","49","1"
"1218","66","0"
"1218","99","1"
"1218","132","0"
"1218","138","1"
"1218","142","1"
"1218","200","0"
"1218","244","0"
"1219","20","0"
"1219","23","0"
"1219","24","0"
"1219","71","1"
"1219","88","1"
"1219","223","1"
"1219","236","0"
"1219","239","1"
"1219","241","1"
"1220","23","1"
"1220","38","0"
"1220","58","0"
"1220","72","0"
"1220","108","0"
"1220","167","1"
"1220","189","1"
"1220","217","0"
"1220","247","1"
"1220","264","1"
"1221","13","0"
"1221","34","0"
"1221","68","1"
"1221","73","1"
"1221","99","0"
"1221","100","1"
"1221","196","0"
"1221","200","1"
"1221","210","0"
"1221","317","1"
"1222","23","0"
"1222","25","0"
"1222","58","1"
"1222","71","1"
"1222","72","1"
"1222","188","0"
"1222","189","0"
"1222","223","1"
"1222","236","0"
"1222","241","1"
"1222","247","0"
"1224","26","1"
"1224","34","0"
"1224","44","1"
"1224","63","1"
"1224","67","1"
"1224","76","1"
"1224","196","0"
"1224","203","0"
"1224","294","0"
"1224","295","0"
"1225","13","1"
"1225","34","1"
"1225","56","0"
"1225","63","0"
"1225","65","0"
"1225","68","0"
"1225","196","1"
"1225","203","1"
"1225","210","1"
"1225","313","0"
"1227","78","1"
"1227","114","0"
"1227","118","0"
"1227","180","0"
"1227","227","0"
"1227","232","1"
"1227","243","1"
"1227","252","0"
"1227","254","1"
"1227","256","1"
"1228","12","0"
"1228","50","1"
"1228","78","0"
"1228","89","1"
"1228","129","1"
"1228","198","1"
"1228","209","1"
"1228","243","0"
"1228","246","0"
"1228","256","0"
"1229","17","1"
"1229","18","1"
"1229","50","0"
"1229","52","1"
"1229","78","1"
"1229","115","0"
"1229","169","0"
"1229","192","0"
"1229","227","0"
"1229","255","1"
"1230","12","1"
"1230","15","1"
"1230","16","1"
"1230","17","1"
"1230","50","0"
"1230","115","0"
"1230","129","0"
"1230","161","0"
"1230","246","1"
"1230","248","0"
"1231","12","0"
"1231","15","0"
"1231","16","0"
"1231","17","0"
"1231","115","1"
"1231","161","1"
"1231","169","1"
"1231","227","1"
"1231","246","0"
"1231","248","1"
"1232","11","1"
"1232","52","0"
"1232","89","1"
"1232","97","0"
"1232","114","1"
"1232","149","0"
"1232","198","1"
"1232","209","1"
"1232","255","0"
"1234","11","1"
"1234","12","0"
"1234","15","0"
"1234","16","0"
"1234","17","0"
"1234","89","1"
"1234","169","1"
"1234","198","1"
"1234","209","1"
"1234","246","0"
"1235","5","0"
"1235","20","1"
"1235","23","1"
"1235","51","0"
"1235","61","0"
"1235","98","0"
"1235","188","1"
"1235","199","0"
"1235","236","1"
"1235","247","1"
"1236","31","1"
"1236","32","1"
"1236","42","1"
"1236","79","1"
"1236","84","1"
"1236","90","0"
"1236","104","0"
"1236","167","0"
"1236","190","0"
"1236","191","0"
"1237","20","1"
"1237","21","1"
"1237","24","1"
"1237","31","0"
"1237","32","0"
"1237","42","0"
"1237","84","0"
"1237","167","1"
"1237","191","1"
"1237","253","0"
"1238","23","0"
"1238","24","0"
"1238","25","0"
"1238","31","1"
"1238","32","1"
"1238","42","1"
"1238","84","1"
"1238","167","0"
"1238","189","0"
"1238","253","1"
"1238","274","1"
"1239","20","0"
"1239","24","0"
"1239","31","1"
"1239","32","1"
"1239","84","1"
"1239","189","0"
"1239","274","1"
"1240","56","0"
"1240","60","1"
"1240","68","0"
"1240","86","0"
"1240","206","1"
"1240","230","1"
"1240","245","1"
"1240","280","1"
"1240","313","0"
"1240","316","0"
"1241","40","1"
"1241","44","0"
"1241","47","1"
"1241","63","0"
"1241","67","0"
"1241","73","0"
"1241","76","0"
"1241","100","0"
"1241","205","1"
"1241","229","1"
"1241","245","1"
"1242","1","1"
"1242","12","1"
"1242","13","0"
"1242","16","1"
"1242","34","0"
"1242","196","0"
"1242","203","0"
"1242","210","0"
"1242","212","1"
"1242","246","1"
"1243","2","0"
"1243","12","1"
"1243","15","1"
"1243","34","0"
"1243","49","0"
"1243","78","1"
"1243","208","0"
"1243","246","1"
"1243","259","1"
"1244","13","1"
"1244","16","0"
"1244","52","0"
"1244","181","1"
"1244","183","0"
"1244","196","1"
"1244","203","1"
"1244","224","1"
"1244","255","0"
"1244","256","0"
"1245","11","0"
"1245","53","1"
"1245","71","1"
"1245","88","1"
"1245","114","0"
"1245","169","0"
"1245","223","1"
"1245","252","0"
"1245","286","1"
"1245","306","0"
"1246","38","1"
"1246","71","1"
"1246","101","1"
"1246","118","0"
"1246","180","0"
"1246","192","0"
"1246","221","1"
"1246","239","1"
"1246","248","0"
"1246","301","0"
"1247","11","1"
"1247","38","0"
"1247","53","0"
"1247","88","0"
"1247","89","1"
"1247","169","1"
"1247","198","1"
"1247","209","1"
"1247","286","0"
"1247","289","0"
"1248","11","0"
"1248","53","1"
"1248","58","1"
"1248","71","1"
"1248","89","0"
"1248","114","0"
"1248","169","0"
"1248","198","0"
"1248","209","0"
"1248","223","1"
"1248","286","1"
"1249","11","1"
"1249","53","0"
"1249","71","0"
"1249","88","0"
"1249","115","1"
"1249","161","1"
"1249","169","1"
"1249","223","0"
"1249","248","1"
"1249","252","1"
"1249","286","0"
"1250","11","0"
"1250","58","1"
"1250","72","1"
"1250","89","0"
"1250","169","0"
"1250","198","0"
"1250","209","0"
"1250","219","1"
"1250","227","0"
"1250","241","1"
"1250","242","1"
"1251","15","1"
"1251","17","1"
"1251","58","0"
"1251","78","1"
"1251","182","1"
"1251","219","0"
"1251","223","0"
"1251","232","1"
"1251","239","0"
"1251","241","0"
"1252","12","0"
"1252","16","0"
"1252","18","0"
"1252","38","1"
"1252","58","1"
"1252","72","1"
"1252","183","0"
"1252","241","1"
"1252","246","0"
"1252","289","1"
"1253","21","1"
"1253","91","0"
"1253","167","1"
"1253","189","1"
"1253","191","1"
"1253","196","0"
"1253","203","0"
"1253","247","1"
"1253","295","0"
"1254","13","0"
"1254","20","1"
"1254","21","1"
"1254","25","1"
"1254","34","0"
"1254","181","0"
"1254","188","1"
"1254","203","0"
"1254","208","0"
"1254","236","1"
"1255","31","1"
"1255","32","1"
"1255","42","1"
"1255","84","1"
"1255","89","0"
"1255","114","0"
"1255","180","0"
"1255","252","0"
"1255","253","1"
"1255","305","0"
"1256","13","0"
"1256","20","1"
"1256","23","1"
"1256","25","1"
"1256","34","0"
"1256","90","1"
"1256","167","1"
"1256","181","0"
"1256","196","0"
"1256","203","0"
"1257","20","0"
"1257","21","0"
"1257","36","1"
"1257","62","1"
"1257","99","1"
"1257","181","1"
"1257","188","0"
"1257","189","0"
"1257","224","1"
"1257","236","0"
"1258","2","0"
"1258","21","1"
"1258","36","0"
"1258","188","1"
"1258","189","1"
"1258","208","0"
"1258","210","0"
"1258","224","0"
"1258","236","1"
"1258","247","1"
"1259","2","0"
"1259","36","0"
"1259","104","1"
"1259","167","1"
"1259","190","1"
"1259","191","1"
"1259","208","0"
"1259","210","0"
"1259","224","0"
"1259","264","1"
"1260","36","1"
"1260","90","0"
"1260","104","0"
"1260","167","0"
"1260","190","0"
"1260","191","0"
"1260","203","1"
"1260","210","1"
"1260","224","1"
"1260","294","1"
"1261","21","1"
"1261","36","0"
"1261","62","0"
"1261","90","1"
"1261","167","1"
"1261","191","1"
"1261","203","0"
"1261","210","0"
"1261","224","0"
"1261","247","1"
"1262","4","1"
"1262","38","0"
"1262","61","1"
"1262","79","1"
"1262","84","1"
"1262","88","0"
"1262","98","1"
"1262","221","0"
"1262","289","0"
"1263","4","1"
"1263","5","1"
"1263","38","0"
"1263","51","1"
"1263","98","1"
"1263","101","0"
"1263","201","1"
"1263","221","0"
"1263","239","0"
"1263","289","0"
"1264","4","0"
"1264","71","1"
"1264","79","0"
"1264","84","0"
"1264","88","1"
"1264","98","0"
"1264","223","1"
"1264","240","1"
"1264","241","1"
"1266","12","1"
"1266","15","1"
"1266","26","0"
"1266","56","0"
"1266","65","0"
"1266","68","0"
"1266","78","1"
"1266","246","1"
"1266","259","1"
"1266","316","0"
"1267","12","1"
"1267","15","1"
"1267","56","0"
"1267","68","0"
"1267","73","0"
"1267","76","0"
"1267","100","0"
"1267","149","1"
"1267","183","1"
"1267","246","1"
"1268","1","0"
"1268","12","0"
"1268","16","0"
"1268","26","1"
"1268","44","1"
"1268","63","1"
"1268","67","1"
"1268","73","1"
"1268","76","1"
"1268","78","0"
"1268","246","0"
"1269","21","1"
"1269","87","0"
"1269","188","1"
"1269","189","1"
"1269","206","0"
"1269","207","0"
"1269","236","1"
"1269","245","0"
"1269","247","1"
"1269","280","0"
"1270","21","0"
"1270","47","1"
"1270","167","0"
"1270","189","0"
"1270","191","0"
"1270","205","1"
"1270","229","1"
"1270","247","0"
"1270","280","1"
"1271","9","0"
"1271","20","1"
"1271","23","1"
"1271","25","1"
"1271","30","0"
"1271","47","0"
"1271","188","1"
"1271","229","0"
"1271","236","1"
"1271","249","0"
"1272","9","1"
"1272","45","1"
"1272","47","1"
"1272","102","0"
"1272","147","1"
"1272","162","0"
"1272","194","0"
"1272","229","1"
"1272","264","0"
"1272","269","0"
"1273","20","1"
"1273","21","1"
"1273","87","0"
"1273","167","1"
"1273","205","0"
"1273","280","0"
"1274","11","0"
"1274","56","1"
"1274","66","1"
"1274","68","1"
"1274","73","1"
"1274","76","1"
"1274","89","0"
"1274","169","0"
"1274","198","0"
"1275","26","0"
"1275","44","0"
"1275","66","0"
"1275","67","0"
"1275","75","1"
"1275","76","0"
"1275","161","1"
"1275","180","1"
"1275","252","1"
"1275","305","1"
"1276","44","1"
"1276","50","0"
"1276","63","1"
"1276","73","1"
"1276","75","0"
"1276","198","0"
"1277","9","1"
"1277","31","0"
"1277","51","0"
"1277","61","0"
"1277","83","0"
"1277","205","1"
"1277","229","1"
"1277","245","1"
"1277","280","1"
"1278","4","1"
"1278","61","1"
"1278","79","1"
"1278","84","1"
"1278","87","0"
"1278","98","1"
"1278","207","0"
"1278","280","0"
"1278","285","0"
"1279","31","0"
"1279","32","0"
"1279","40","1"
"1279","42","0"
"1279","47","1"
"1279","83","0"
"1279","205","1"
"1279","229","1"
"1279","249","1"
"1279","253","0"
"1280","2","0"
"1280","12","1"
"1280","15","1"
"1280","49","0"
"1280","78","1"
"1280","196","0"
"1280","246","1"
"1280","259","1"
"1281","1","0"
"1281","91","1"
"1281","182","0"
"1281","185","0"
"1281","196","1"
"1281","208","1"
"1281","210","1"
"1281","212","0"
"1281","237","1"
"1281","243","0"
"1282","53","1"
"1282","57","1"
"1282","87","0"
"1282","147","0"
"1282","192","1"
"1282","205","0"
"1282","207","0"
"1282","219","1"
"1282","223","1"
"1282","277","0"
"1283","45","0"
"1283","58","1"
"1283","71","1"
"1283","72","1"
"1283","147","0"
"1283","207","0"
"1283","223","1"
"1283","241","1"
"1283","251","0"
"1283","277","0"
"1284","53","1"
"1284","57","1"
"1284","58","1"
"1284","72","1"
"1284","206","0"
"1284","207","0"
"1284","230","0"
"1284","242","1"
"1284","280","0"
"1285","53","0"
"1285","57","0"
"1285","71","0"
"1285","87","1"
"1285","192","0"
"1285","205","1"
"1285","223","0"
"1285","245","1"
"1285","251","1"
"1285","280","1"
"1286","30","1"
"1286","101","0"
"1286","118","0"
"1286","205","1"
"1286","219","0"
"1286","229","1"
"1286","245","1"
"1286","280","1"
"1286","286","0"
"1287","40","1"
"1287","53","0"
"1287","57","0"
"1287","60","1"
"1287","71","0"
"1287","192","0"
"1287","205","1"
"1287","223","0"
"1287","249","1"
"1287","251","1"
"1288","30","0"
"1288","71","1"
"1288","72","1"
"1288","87","0"
"1288","223","1"
"1288","230","0"
"1288","241","1"
"1288","249","0"
"1289","13","0"
"1289","26","1"
"1289","34","0"
"1289","68","1"
"1289","74","1"
"1289","76","1"
"1289","181","0"
"1289","196","0"
"1289","200","1"
"1289","203","0"
"1290","49","0"
"1290","56","1"
"1290","63","1"
"1290","65","1"
"1290","68","1"
"1290","73","1"
"1290","138","0"
"1290","142","0"
"1290","208","0"
"1290","294","0"
"1291","13","1"
"1291","34","1"
"1291","36","1"
"1291","56","0"
"1291","68","0"
"1291","181","1"
"1291","196","1"
"1291","244","0"
"1291","316","0"
"1292","13","1"
"1292","34","1"
"1292","56","0"
"1292","63","0"
"1292","65","0"
"1292","68","0"
"1292","73","0"
"1292","181","1"
"1292","196","1"
"1292","203","1"
"1293","26","0"
"1293","36","1"
"1293","44","0"
"1293","66","0"
"1293","67","0"
"1293","76","0"
"1293","208","1"
"1293","210","1"
"1293","224","1"
"1293","294","1"
"1294","2","0"
"1294","34","0"
"1294","49","0"
"1294","56","1"
"1294","66","1"
"1294","68","1"
"1294","73","1"
"1294","76","1"
"1294","208","0"
"1295","44","0"
"1295","49","1"
"1295","63","0"
"1295","65","0"
"1295","67","0"
"1295","100","0"
"1295","138","1"
"1295","196","1"
"1295","203","1"
"1296","2","1"
"1296","36","1"
"1296","56","0"
"1296","65","0"
"1296","68","0"
"1296","100","0"
"1296","208","1"
"1296","224","1"
"1297","36","0"
"1297","74","1"
"1297","99","0"
"1297","100","1"
"1297","200","1"
"1297","210","0"
"1297","224","0"
"1297","244","1"
"1297","294","0"
"1297","316","1"
"1298","2","1"
"1298","36","1"
"1298","44","0"
"1298","56","0"
"1298","86","0"
"1298","99","1"
"1298","210","1"
"1298","224","1"
"1298","313","0"
"1298","317","0"
"1299","4","1"
"1299","24","0"
"1299","83","1"
"1299","98","1"
"1299","102","0"
"1299","167","0"
"1299","253","1"
"1299","263","0"
"1299","269","0"
"1299","272","1"
"1300","20","1"
"1300","21","1"
"1300","23","1"
"1300","24","1"
"1300","31","0"
"1300","32","0"
"1300","42","0"
"1300","83","0"
"1300","167","1"
"1300","189","1"
"1300","253","0"
"1301","23","0"
"1301","25","0"
"1301","31","1"
"1301","42","1"
"1301","167","0"
"1301","253","1"
"1302","50","1"
"1302","56","0"
"1302","89","1"
"1302","100","0"
"1302","198","1"
"1302","200","0"
"1302","209","1"
"1302","244","0"
"1302","305","1"
"1302","316","0"
"1303","11","1"
"1303","44","0"
"1303","63","0"
"1303","65","0"
"1303","67","0"
"1303","73","0"
"1303","75","1"
"1303","161","1"
"1303","169","1"
"1303","252","1"
"1304","11","1"
"1304","44","0"
"1304","63","0"
"1304","65","0"
"1304","67","0"
"1304","73","0"
"1304","75","1"
"1304","161","1"
"1304","169","1"
"1304","252","1"
"1305","11","1"
"1305","44","0"
"1305","56","0"
"1305","63","0"
"1305","73","0"
"1305","75","1"
"1305","76","0"
"1305","161","1"
"1305","169","1"
"1305","252","1"
"1306","11","1"
"1306","56","0"
"1306","65","0"
"1306","67","0"
"1306","100","0"
"1306","114","1"
"1306","169","1"
"1306","221","1"
"1306","227","1"
"1306","317","0"
"1307","5","1"
"1307","61","1"
"1307","71","0"
"1307","84","1"
"1307","88","0"
"1307","98","1"
"1307","115","0"
"1307","199","1"
"1307","223","0"
"1307","240","0"
"1308","4","1"
"1308","38","0"
"1308","61","1"
"1308","83","1"
"1308","84","1"
"1308","98","1"
"1308","101","0"
"1308","242","0"
"1308","286","0"
"1309","31","0"
"1309","38","1"
"1309","42","0"
"1309","79","0"
"1309","84","0"
"1309","88","1"
"1309","115","1"
"1309","240","1"
"1309","242","1"
"1309","272","0"
"1310","31","1"
"1310","32","1"
"1310","42","1"
"1310","53","0"
"1310","58","0"
"1310","72","0"
"1310","83","1"
"1310","88","0"
"1310","223","0"
"1310","241","0"
"1310","253","1"
"1311","21","1"
"1311","40","0"
"1311","188","1"
"1311","189","1"
"1311","230","0"
"1311","236","1"
"1311","251","0"
"1311","285","0"
"1312","20","1"
"1312","47","0"
"1312","188","1"
"1312","206","0"
"1312","229","0"
"1312","236","1"
"1312","247","1"
"1312","280","0"
"1313","20","0"
"1313","23","0"
"1313","25","0"
"1313","47","1"
"1313","188","0"
"1313","229","1"
"1313","236","0"
"1313","245","1"
"1313","280","1"
"1313","285","1"
"1314","47","0"
"1314","90","1"
"1314","190","1"
"1314","191","1"
"1314","206","0"
"1314","229","0"
"1314","236","1"
"1314","245","0"
"1314","247","1"
"1314","280","0"
"1315","20","1"
"1315","23","1"
"1315","25","1"
"1315","45","0"
"1315","87","0"
"1315","90","1"
"1315","230","0"
"1315","236","1"
"1315","245","0"
"1315","280","0"
"1316","20","0"
"1316","23","0"
"1316","24","0"
"1316","25","0"
"1316","45","1"
"1316","87","1"
"1316","147","1"
"1316","167","0"
"1316","230","1"
"1316","277","1"
"1318","24","1"
"1318","30","0"
"1318","87","0"
"1318","90","1"
"1318","104","1"
"1318","190","1"
"1318","191","1"
"1318","204","0"
"1318","230","0"
"1318","277","0"
"1318","280","0"
"1319","20","1"
"1319","23","1"
"1319","25","1"
"1319","188","1"
"1319","207","0"
"1319","229","0"
"1319","236","1"
"1319","280","0"
"1319","285","0"
"1320","11","1"
"1320","13","0"
"1320","34","0"
"1320","89","1"
"1320","169","1"
"1320","181","0"
"1320","198","1"
"1320","208","0"
"1320","209","1"
"1320","294","0"
"1321","11","0"
"1321","36","1"
"1321","89","0"
"1321","169","0"
"1321","196","1"
"1321","198","0"
"1321","203","1"
"1321","209","0"
"1321","210","1"
"1321","224","1"
"1322","2","0"
"1322","11","1"
"1322","34","0"
"1322","49","0"
"1322","89","1"
"1322","99","0"
"1322","169","1"
"1322","181","0"
"1322","198","1"
"1322","209","1"
"1323","13","0"
"1323","34","0"
"1323","75","1"
"1323","142","0"
"1323","161","1"
"1323","180","1"
"1323","196","0"
"1323","203","0"
"1323","252","1"
"1323","305","1"
"1324","5","1"
"1324","51","1"
"1324","63","0"
"1324","66","0"
"1324","68","0"
"1324","74","0"
"1324","199","1"
"1324","244","0"
"1324","272","1"
"1324","274","1"
"1325","12","1"
"1325","15","1"
"1325","30","0"
"1325","40","0"
"1325","47","0"
"1325","78","1"
"1325","229","0"
"1325","246","1"
"1325","259","1"
"1326","31","1"
"1326","32","1"
"1326","42","1"
"1326","44","0"
"1326","65","0"
"1326","67","0"
"1326","76","0"
"1326","83","1"
"1326","253","1"
"1327","4","1"
"1327","44","0"
"1327","56","0"
"1327","61","1"
"1327","63","0"
"1327","76","0"
"1327","79","1"
"1327","84","1"
"1327","98","1"
"1328","13","1"
"1328","34","1"
"1328","36","1"
"1328","38","0"
"1328","101","0"
"1328","181","1"
"1328","196","1"
"1328","241","0"
"1328","242","0"
"1329","15","0"
"1329","30","1"
"1329","52","0"
"1329","182","0"
"1329","183","0"
"1329","205","1"
"1329","229","1"
"1329","245","1"
"1329","280","1"
"1330","12","0"
"1330","15","0"
"1330","47","1"
"1330","97","0"
"1330","149","0"
"1330","229","1"
"1330","245","1"
"1330","246","0"
"1330","280","1"
"1330","285","1"
"1331","17","1"
"1331","47","0"
"1331","97","1"
"1331","185","1"
"1331","205","0"
"1331","206","0"
"1331","229","0"
"1331","232","1"
"1331","243","1"
"1331","245","0"
"1332","71","1"
"1332","88","1"
"1332","91","0"
"1332","115","1"
"1332","138","0"
"1332","142","0"
"1332","196","0"
"1332","203","0"
"1332","223","1"
"1332","240","1"
"1333","16","1"
"1333","17","1"
"1333","30","0"
"1333","40","0"
"1333","52","1"
"1333","87","0"
"1333","229","0"
"1333","243","1"
"1333","256","1"
"1334","89","0"
"1334","104","1"
"1334","180","0"
"1334","188","1"
"1334","190","1"
"1334","191","1"
"1334","198","0"
"1334","209","0"
"1334","236","1"
"1334","310","0"
"1335","36","1"
"1335","71","0"
"1335","99","1"
"1335","101","0"
"1335","208","1"
"1335","210","1"
"1335","217","0"
"1335","219","0"
"1335","223","0"
"1335","224","1"
"1336","17","0"
"1336","52","0"
"1336","60","1"
"1336","97","0"
"1336","205","1"
"1336","207","1"
"1336","232","0"
"1336","243","0"
"1336","245","1"
"1336","280","1"
"1337","36","0"
"1337","58","1"
"1337","71","1"
"1337","72","1"
"1337","138","0"
"1337","196","0"
"1337","203","0"
"1337","210","0"
"1337","241","1"
"1337","242","1"
"1338","21","1"
"1338","89","0"
"1338","90","1"
"1338","180","0"
"1338","189","1"
"1338","198","0"
"1338","209","0"
"1338","247","1"
"1338","264","1"
"1338","305","0"
"1339","2","0"
"1339","49","0"
"1339","53","1"
"1339","57","1"
"1339","58","1"
"1339","72","1"
"1339","138","0"
"1339","142","0"
"1339","242","1"
"1340","13","0"
"1340","34","0"
"1340","36","0"
"1340","53","1"
"1340","57","1"
"1340","71","1"
"1340","181","0"
"1340","192","1"
"1340","203","0"
"1340","223","1"
"1341","11","0"
"1341","20","1"
"1341","23","1"
"1341","25","1"
"1341","169","0"
"1341","188","1"
"1341","221","0"
"1341","227","0"
"1341","236","1"
"1342","75","1"
"1342","90","0"
"1342","104","0"
"1342","161","1"
"1342","180","1"
"1342","190","0"
"1342","191","0"
"1342","236","0"
"1342","252","1"
"1342","305","1"
"1343","11","0"
"1343","21","1"
"1343","24","1"
"1343","75","0"
"1343","114","0"
"1343","161","0"
"1343","167","1"
"1343","169","0"
"1343","189","1"
"1343","198","0"
"1343","247","1"
"1344","5","1"
"1344","9","0"
"1344","40","0"
"1344","87","0"
"1344","199","1"
"1344","201","1"
"1344","204","0"
"1344","230","0"
"1344","253","1"
"1344","274","1"
"1345","4","1"
"1345","32","1"
"1345","35","1"
"1345","47","0"
"1345","51","1"
"1345","229","0"
"1345","245","0"
"1345","253","1"
"1345","280","0"
"1345","285","0"
"1346","79","1"
"1346","84","1"
"1346","87","0"
"1346","199","1"
"1346","201","1"
"1346","204","0"
"1346","230","0"
"1346","249","0"
"1346","251","0"
"1346","272","1"
"1348","5","0"
"1348","9","1"
"1348","39","0"
"1348","47","1"
"1348","51","0"
"1348","128","0"
"1348","157","0"
"1348","205","1"
"1348","229","1"
"1348","280","1"
"1349","32","1"
"1349","40","0"
"1349","42","1"
"1349","61","1"
"1349","87","0"
"1349","201","1"
"1349","230","0"
"1349","253","1"
"1349","285","0"
"1350","34","0"
"1350","36","0"
"1350","63","1"
"1350","65","1"
"1350","68","1"
"1350","74","1"
"1350","76","1"
"1350","142","0"
"1350","196","0"
"1350","203","0"
"1351","49","1"
"1351","62","1"
"1351","63","0"
"1351","65","0"
"1351","68","0"
"1351","74","0"
"1351","76","0"
"1351","208","1"
"1351","210","1"
"1351","224","1"
"1352","26","1"
"1352","44","1"
"1352","49","0"
"1352","62","0"
"1352","67","1"
"1352","208","0"
"1352","210","0"
"1352","224","0"
"1352","313","1"
"1352","317","1"
"1353","34","1"
"1353","36","1"
"1353","66","0"
"1353","67","0"
"1353","68","0"
"1353","73","0"
"1353","100","0"
"1353","142","1"
"1353","196","1"
"1353","203","1"
"1354","34","0"
"1354","36","0"
"1354","44","1"
"1354","66","1"
"1354","67","1"
"1354","73","1"
"1354","100","1"
"1354","142","0"
"1354","196","0"
"1354","203","0"
"1355","34","0"
"1355","49","0"
"1355","56","1"
"1355","65","1"
"1355","74","1"
"1355","196","0"
"1355","208","0"
"1355","210","0"
"1355","224","0"
"1355","313","1"
"1355","317","1"
"1356","26","1"
"1356","34","0"
"1356","36","0"
"1356","68","1"
"1356","74","1"
"1356","196","0"
"1356","203","0"
"1356","210","0"
"1356","224","0"
"1356","313","1"
"1356","316","1"
"1357","12","1"
"1357","15","1"
"1357","17","1"
"1357","58","0"
"1357","72","0"
"1357","118","0"
"1357","182","1"
"1357","219","0"
"1357","241","0"
"1357","259","1"
"1358","1","0"
"1358","12","0"
"1358","53","1"
"1358","57","1"
"1358","58","1"
"1358","72","1"
"1358","97","0"
"1358","242","1"
"1358","246","0"
"1359","15","0"
"1359","58","1"
"1359","71","1"
"1359","72","1"
"1359","183","0"
"1359","219","1"
"1359","232","0"
"1359","241","1"
"1359","243","0"
"1359","246","0"
"1360","12","1"
"1360","15","1"
"1360","78","1"
"1360","101","0"
"1360","219","0"
"1360","246","1"
"1360","259","1"
"1360","286","0"
"1360","289","0"
"1361","31","1"
"1361","32","1"
"1361","39","1"
"1361","79","1"
"1361","84","1"
"1361","90","0"
"1361","102","0"
"1361","162","0"
"1361","189","0"
"1361","263","0"
"1362","24","0"
"1362","37","0"
"1362","51","1"
"1362","61","1"
"1362","98","1"
"1362","190","0"
"1362","199","1"
"1362","236","0"
"1362","253","1"
"1362","269","0"
"1363","37","0"
"1363","51","1"
"1363","61","1"
"1363","98","1"
"1363","167","0"
"1363","188","0"
"1363","190","0"
"1363","253","1"
"1363","269","0"
"1363","274","1"
"1364","23","0"
"1364","25","0"
"1364","31","1"
"1364","32","1"
"1364","37","0"
"1364","79","1"
"1364","84","1"
"1364","188","0"
"1364","236","0"
"1365","11","0"
"1365","26","1"
"1365","56","1"
"1365","75","0"
"1365","86","1"
"1365","132","1"
"1365","161","0"
"1365","252","0"
"1365","305","0"
"1365","313","1"
"1367","26","1"
"1367","68","1"
"1367","74","1"
"1367","89","0"
"1367","180","0"
"1367","198","0"
"1367","209","0"
"1367","310","0"
"1367","315","1"
"1367","316","1"
"1368","26","0"
"1368","68","0"
"1368","74","0"
"1368","86","0"
"1368","89","1"
"1368","180","1"
"1368","198","1"
"1368","209","1"
"1368","310","1"
"1368","313","0"
"1369","4","0"
"1369","35","0"
"1369","56","1"
"1369","66","1"
"1369","73","1"
"1369","79","0"
"1369","84","0"
"1369","100","1"
"1369","200","1"
"1369","272","0"
"1370","31","0"
"1370","32","0"
"1370","42","0"
"1370","44","1"
"1370","63","1"
"1370","65","1"
"1370","68","1"
"1370","76","1"
"1370","79","0"
"1370","84","0"
"1371","26","0"
"1371","31","1"
"1371","32","1"
"1371","42","1"
"1371","44","0"
"1371","51","1"
"1371","67","0"
"1371","253","1"
"1371","313","0"
"1371","317","0"
"1372","4","1"
"1372","44","0"
"1372","61","1"
"1372","63","0"
"1372","65","0"
"1372","74","0"
"1372","79","1"
"1372","84","1"
"1372","98","1"
"1374","5","1"
"1374","39","1"
"1374","56","0"
"1374","66","0"
"1374","73","0"
"1374","100","0"
"1374","200","0"
"1374","201","1"
"1374","271","1"
"1374","274","1"
"1375","5","0"
"1375","26","1"
"1375","44","1"
"1375","61","0"
"1375","63","1"
"1375","65","1"
"1375","67","1"
"1375","76","1"
"1375","98","0"
"1375","199","0"
"1375","253","0"
"1376","2","0"
"1376","99","0"
"1376","101","1"
"1376","118","1"
"1376","210","0"
"1376","217","1"
"1376","224","0"
"1376","286","1"
"1376","289","1"
"1376","293","0"
"1377","2","0"
"1377","49","0"
"1377","88","1"
"1377","115","1"
"1377","118","1"
"1377","196","0"
"1377","210","0"
"1377","224","0"
"1377","240","1"
"1377","289","1"
"1378","34","1"
"1378","36","1"
"1378","38","0"
"1378","62","1"
"1378","71","0"
"1378","101","0"
"1378","196","1"
"1378","210","1"
"1378","286","0"
"1379","34","0"
"1379","49","0"
"1379","53","1"
"1379","57","1"
"1379","142","0"
"1379","192","1"
"1379","196","0"
"1379","223","1"
"1379","224","0"
"1379","289","1"
"1380","34","1"
"1380","36","1"
"1380","62","1"
"1380","71","0"
"1380","101","0"
"1380","196","1"
"1380","210","1"
"1380","223","0"
"1380","286","0"
"1382","88","1"
"1382","115","1"
"1382","142","0"
"1382","196","0"
"1382","203","0"
"1382","223","1"
"1382","224","0"
"1382","240","1"
"1382","241","1"
"1383","12","1"
"1383","30","0"
"1383","40","0"
"1383","47","0"
"1383","183","1"
"1383","205","0"
"1383","212","1"
"1383","229","0"
"1383","243","1"
"1383","246","1"
"1384","21","1"
"1384","24","1"
"1384","63","0"
"1384","65","0"
"1384","68","0"
"1384","74","0"
"1384","76","0"
"1384","104","1"
"1384","191","1"
"1384","236","1"
"1385","30","1"
"1385","38","0"
"1385","87","1"
"1385","88","0"
"1385","115","0"
"1385","206","1"
"1385","230","1"
"1385","240","0"
"1385","242","0"
"1385","285","1"
"1386","23","0"
"1386","25","0"
"1386","44","1"
"1386","67","1"
"1386","86","1"
"1386","116","1"
"1386","236","0"
"1386","263","0"
"1386","264","0"
"1386","316","1"
"1387","40","1"
"1387","58","0"
"1387","72","0"
"1387","87","1"
"1387","118","0"
"1387","205","1"
"1387","241","0"
"1387","251","1"
"1387","280","1"
"1387","289","0"
"1388","9","1"
"1388","57","0"
"1388","205","1"
"1388","229","1"
"1388","242","0"
"1388","245","1"
"1388","280","1"
"1388","289","0"
"1389","30","0"
"1389","38","1"
"1389","40","0"
"1389","58","1"
"1389","71","1"
"1389","72","1"
"1389","87","0"
"1389","241","1"
"1389","249","0"
"1389","285","0"
"1390","23","0"
"1390","63","1"
"1390","65","1"
"1390","68","1"
"1390","74","1"
"1390","76","1"
"1390","90","0"
"1390","189","0"
"1390","190","0"
"1390","236","0"
"1391","21","1"
"1391","25","1"
"1391","26","0"
"1391","56","0"
"1391","73","0"
"1391","188","1"
"1391","200","0"
"1391","236","1"
"1391","247","1"
"1392","53","1"
"1392","57","1"
"1392","87","0"
"1392","101","1"
"1392","118","1"
"1392","192","1"
"1392","205","0"
"1392","251","0"
"1392","280","0"
"1392","285","0"
"1393","9","1"
"1393","47","1"
"1393","58","0"
"1393","72","0"
"1393","118","0"
"1393","229","1"
"1393","241","0"
"1393","242","0"
"1393","245","1"
"1393","249","1"
"1394","9","1"
"1394","30","1"
"1394","87","1"
"1394","118","0"
"1394","192","0"
"1394","230","1"
"1394","241","0"
"1394","280","1"
"1394","285","1"
"1394","289","0"
"1395","21","1"
"1395","23","1"
"1395","63","0"
"1395","68","0"
"1395","76","0"
"1395","167","1"
"1395","189","1"
"1396","30","1"
"1396","47","1"
"1396","53","0"
"1396","57","0"
"1396","58","0"
"1396","72","0"
"1396","205","1"
"1396","206","1"
"1396","223","0"
"1396","229","1"
"1396","241","0"
"1397","11","0"
"1397","12","1"
"1397","15","1"
"1397","16","1"
"1397","78","1"
"1397","89","0"
"1397","169","0"
"1397","209","0"
"1397","227","0"
"1397","246","1"
"1398","11","1"
"1398","12","0"
"1398","15","0"
"1398","75","1"
"1398","89","1"
"1398","114","1"
"1398","169","1"
"1398","183","0"
"1398","243","0"
"1398","246","0"
"1399","12","1"
"1399","50","0"
"1399","75","0"
"1399","97","1"
"1399","183","1"
"1399","209","0"
"1400","8","1"
"1400","15","1"
"1400","17","1"
"1400","62","0"
"1400","185","1"
"1400","208","0"
"1400","237","0"
"1400","255","1"
"1400","293","0"
"1400","295","0"
"1401","16","0"
"1401","34","1"
"1401","62","1"
"1401","91","1"
"1401","97","0"
"1401","182","0"
"1401","208","1"
"1401","210","1"
"1401","212","0"
"1401","232","0"
"1402","8","1"
"1402","12","1"
"1402","15","1"
"1402","49","0"
"1402","62","0"
"1402","78","1"
"1402","91","0"
"1402","208","0"
"1402","232","1"
"1402","291","0"
"1403","2","1"
"1403","12","0"
"1403","15","0"
"1403","49","1"
"1403","78","0"
"1403","138","1"
"1403","196","1"
"1403","246","0"
"1403","259","0"
"1404","15","0"
"1404","16","0"
"1404","36","1"
"1404","62","1"
"1404","138","1"
"1404","142","1"
"1404","183","0"
"1404","185","0"
"1404","208","1"
"1404","224","1"
"1404","255","0"
"1405","24","1"
"1405","37","1"
"1405","49","0"
"1405","90","1"
"1405","91","0"
"1405","102","1"
"1405","196","0"
"1405","203","0"
"1405","263","1"
"1405","291","0"
"1406","2","0"
"1406","24","1"
"1406","25","1"
"1406","49","0"
"1406","90","1"
"1406","91","0"
"1406","99","0"
"1406","247","1"
"1406","269","1"
"1406","291","0"
"1407","23","1"
"1407","24","1"
"1407","34","0"
"1407","36","0"
"1407","90","1"
"1407","189","1"
"1407","190","1"
"1407","196","0"
"1407","203","0"
"1407","210","0"
"1408","2","1"
"1408","49","1"
"1408","104","0"
"1408","142","1"
"1408","167","0"
"1408","188","0"
"1408","190","0"
"1408","203","1"
"1408","224","1"
"1409","21","1"
"1409","34","0"
"1409","36","0"
"1409","62","0"
"1409","104","1"
"1409","167","1"
"1409","188","1"
"1409","191","1"
"1409","196","0"
"1409","210","0"
"1409","224","0"
"1410","11","0"
"1410","88","1"
"1410","114","0"
"1410","115","1"
"1410","169","0"
"1410","198","0"
"1410","223","1"
"1410","240","1"
"1410","241","1"
"1411","11","1"
"1411","50","1"
"1411","53","0"
"1411","57","0"
"1411","71","0"
"1411","75","1"
"1411","89","1"
"1411","192","0"
"1411","209","1"
"1411","223","0"
"1412","11","1"
"1412","38","0"
"1412","101","0"
"1412","161","1"
"1412","169","1"
"1412","192","0"
"1412","198","1"
"1412","217","0"
"1412","220","1"
"1412","242","0"
"1413","50","0"
"1413","53","1"
"1413","71","1"
"1413","75","0"
"1413","88","1"
"1413","89","0"
"1413","115","1"
"1413","129","0"
"1413","209","0"
"1413","240","1"
"1413","241","1"
"1414","58","1"
"1414","72","1"
"1414","75","0"
"1414","169","0"
"1414","209","0"
"1414","223","1"
"1415","26","1"
"1415","34","0"
"1415","44","1"
"1415","49","0"
"1415","56","1"
"1415","65","1"
"1415","67","1"
"1415","76","1"
"1415","196","0"
"1415","203","0"
"1415","210","0"
"1416","12","0"
"1416","31","1"
"1416","32","1"
"1416","42","1"
"1416","97","0"
"1416","183","0"
"1416","246","0"
"1416","253","1"
"1416","274","1"
"1417","32","1"
"1417","42","1"
"1417","84","1"
"1417","97","0"
"1417","182","0"
"1417","183","0"
"1417","246","0"
"1417","253","1"
"1417","274","1"
"1418","12","0"
"1418","15","0"
"1418","17","0"
"1418","32","1"
"1418","42","1"
"1418","51","1"
"1418","157","1"
"1418","183","0"
"1418","246","0"
"1418","253","1"
"1419","4","0"
"1419","5","0"
"1419","8","1"
"1419","12","1"
"1419","16","1"
"1419","17","1"
"1419","39","0"
"1419","182","1"
"1419","271","0"
"1419","274","0"
"1420","34","0"
"1420","36","0"
"1420","44","1"
"1420","62","0"
"1420","65","1"
"1420","67","1"
"1420","203","0"
"1420","210","0"
"1420","224","0"
"1420","244","1"
"1420","313","1"
"1421","5","0"
"1421","12","1"
"1421","15","1"
"1421","32","0"
"1421","61","0"
"1421","98","0"
"1421","183","1"
"1421","199","0"
"1421","246","1"
"1421","259","1"
"1422","5","0"
"1422","12","1"
"1422","15","1"
"1422","32","0"
"1422","42","0"
"1422","78","1"
"1422","84","0"
"1422","183","1"
"1422","201","0"
"1422","246","1"
"1422","259","1"
"1423","4","0"
"1423","12","1"
"1423","15","1"
"1423","35","0"
"1423","51","0"
"1423","243","1"
"1424","25","1"
"1424","60","0"
"1424","147","0"
"1424","162","1"
"1424","204","0"
"1424","207","0"
"1424","236","1"
"1424","247","1"
"1424","269","1"
"1424","277","0"
"1425","9","0"
"1425","21","1"
"1425","24","1"
"1425","47","0"
"1425","90","1"
"1425","104","1"
"1425","191","1"
"1425","229","0"
"1425","245","0"
"1425","249","0"
"1426","23","1"
"1426","24","1"
"1426","40","0"
"1426","45","0"
"1426","60","0"
"1426","90","1"
"1426","189","1"
"1426","190","1"
"1426","207","0"
"1426","285","0"
"1427","25","1"
"1427","87","0"
"1427","188","1"
"1427","204","0"
"1427","229","0"
"1427","236","1"
"1427","247","1"
"1427","269","1"
"1427","277","0"
"1427","285","0"
"1428","40","1"
"1428","87","1"
"1428","104","0"
"1428","167","0"
"1428","190","0"
"1428","230","1"
"1428","236","0"
"1428","277","1"
"1428","285","1"
"1429","23","0"
"1429","24","0"
"1429","30","1"
"1429","40","1"
"1429","87","1"
"1429","90","0"
"1429","189","0"
"1429","190","0"
"1429","230","1"
"1429","277","1"
"1430","21","0"
"1430","40","1"
"1430","87","1"
"1430","189","0"
"1430","230","1"
"1430","236","0"
"1430","264","0"
"1430","277","1"
"1430","285","1"
"1431","15","0"
"1431","26","1"
"1431","36","0"
"1431","63","1"
"1431","68","1"
"1431","74","1"
"1431","76","1"
"1431","243","0"
"1431","246","0"
"1431","255","0"
"1432","12","0"
"1432","15","0"
"1432","26","1"
"1432","36","0"
"1432","63","1"
"1432","67","1"
"1432","74","1"
"1432","76","1"
"1432","183","0"
"1432","246","0"
"1432","259","0"
"1433","21","1"
"1433","24","1"
"1433","53","0"
"1433","58","0"
"1433","72","0"
"1433","90","1"
"1433","104","1"
"1433","191","1"
"1433","223","0"
"1433","242","0"
"1434","24","1"
"1434","25","1"
"1434","53","0"
"1434","58","0"
"1434","72","0"
"1434","162","1"
"1434","191","1"
"1434","223","0"
"1434","242","0"
"1434","247","1"
"1435","23","1"
"1435","25","1"
"1435","53","0"
"1435","58","0"
"1435","72","0"
"1435","162","1"
"1435","167","1"
"1435","223","0"
"1435","242","0"
"1435","247","1"
"1436","37","1"
"1436","101","0"
"1436","102","1"
"1436","118","0"
"1436","188","1"
"1436","192","0"
"1436","194","1"
"1436","217","0"
"1436","236","1"
"1436","289","0"
"1437","23","1"
"1437","38","0"
"1437","71","0"
"1437","88","0"
"1437","90","1"
"1437","189","1"
"1437","190","1"
"1437","240","0"
"1437","241","0"
"1437","264","1"
"1438","60","0"
"1438","129","1"
"1438","180","1"
"1438","207","0"
"1438","221","1"
"1438","227","1"
"1438","239","1"
"1438","245","0"
"1438","249","0"
"1439","87","0"
"1439","147","0"
"1439","180","1"
"1439","204","0"
"1439","239","1"
"1439","248","1"
"1439","251","0"
"1439","252","1"
"1439","283","0"
"1439","305","1"
"1440","11","0"
"1440","47","1"
"1440","114","0"
"1440","169","0"
"1440","205","1"
"1440","221","0"
"1440","227","0"
"1440","229","1"
"1440","245","1"
"1440","249","1"
"1441","11","1"
"1441","60","0"
"1441","114","1"
"1441","169","1"
"1441","205","0"
"1441","207","0"
"1441","221","1"
"1441","227","1"
"1441","245","0"
"1441","249","0"
"1442","45","1"
"1442","87","1"
"1442","161","0"
"1442","198","0"
"1442","206","1"
"1442","220","0"
"1442","277","1"
"1442","283","1"
"1442","305","0"
"1442","310","0"
"1443","50","1"
"1443","161","1"
"1443","169","1"
"1443","198","1"
"1443","205","0"
"1443","207","0"
"1443","220","1"
"1443","245","0"
"1443","249","0"
"1443","251","0"
"1444","11","1"
"1444","30","0"
"1444","40","0"
"1444","169","1"
"1444","205","0"
"1444","220","1"
"1444","221","1"
"1444","227","1"
"1444","229","0"
"1444","245","0"
"1444","249","0"
"1445","17","0"
"1445","32","1"
"1445","42","1"
"1445","51","1"
"1445","91","0"
"1445","157","1"
"1445","196","0"
"1445","203","0"
"1445","237","0"
"1445","253","1"
"1446","17","0"
"1446","32","1"
"1446","42","1"
"1446","62","0"
"1446","79","1"
"1446","84","1"
"1446","196","0"
"1446","210","0"
"1446","224","0"
"1447","2","1"
"1447","4","0"
"1447","17","1"
"1447","34","1"
"1447","35","0"
"1447","51","0"
"1447","99","1"
"1447","128","0"
"1447","224","1"
"1447","253","0"
"1448","2","0"
"1448","61","1"
"1448","79","1"
"1448","84","1"
"1448","99","0"
"1448","142","0"
"1448","199","1"
"1448","272","1"
"1448","292","0"
"1448","293","0"
"1449","17","0"
"1449","32","1"
"1449","34","0"
"1449","42","1"
"1449","49","0"
"1449","62","0"
"1449","79","1"
"1449","196","0"
"1449","201","1"
"1449","210","0"
"1449","253","1"
"1450","11","0"
"1450","25","1"
"1450","90","1"
"1450","114","0"
"1450","169","0"
"1450","188","1"
"1450","189","1"
"1450","227","0"
"1450","247","1"
"1451","12","1"
"1451","16","1"
"1451","62","0"
"1451","78","1"
"1451","91","0"
"1451","182","1"
"1451","196","0"
"1451","237","0"
"1451","259","1"
"1451","295","0"
"1452","21","1"
"1452","23","1"
"1452","24","1"
"1452","50","0"
"1452","104","1"
"1452","167","1"
"1452","169","0"
"1452","221","0"
"1452","227","0"
"1453","23","0"
"1453","50","1"
"1453","90","0"
"1453","129","1"
"1453","161","1"
"1453","167","0"
"1453","189","0"
"1453","190","0"
"1453","198","1"
"1453","220","1"
"1454","11","0"
"1454","23","1"
"1454","24","1"
"1454","75","0"
"1454","89","0"
"1454","114","0"
"1454","161","0"
"1454","167","1"
"1454","169","0"
"1454","189","1"
"1454","190","1"
"1455","16","1"
"1455","18","1"
"1455","78","1"
"1455","142","0"
"1455","182","1"
"1455","185","1"
"1455","208","0"
"1455","210","0"
"1455","292","0"
"1455","294","0"
"1456","16","1"
"1456","62","0"
"1456","78","1"
"1456","185","1"
"1456","196","0"
"1456","246","1"
"1456","259","1"
"1456","291","0"
"1456","292","0"
"1456","293","0"
"1457","39","0"
"1457","57","1"
"1457","84","0"
"1457","115","1"
"1457","201","0"
"1457","219","1"
"1457","253","0"
"1457","274","0"
"1457","286","1"
"1457","289","1"
"1458","32","1"
"1458","42","1"
"1458","51","1"
"1458","57","0"
"1458","115","0"
"1458","118","0"
"1458","157","1"
"1458","253","1"
"1458","286","0"
"1458","289","0"
"1459","32","0"
"1459","58","1"
"1459","72","1"
"1459","79","0"
"1459","84","0"
"1459","223","1"
"1459","242","1"
"1460","1","1"
"1460","12","1"
"1460","18","1"
"1460","180","0"
"1460","212","1"
"1460","239","0"
"1460","248","0"
"1460","252","0"
"1460","254","1"
"1460","310","0"
"1461","11","0"
"1461","12","1"
"1461","75","0"
"1461","78","1"
"1461","89","0"
"1461","97","1"
"1461","169","0"
"1461","209","0"
"1461","220","0"
"1461","246","1"
"1461","259","1"
"1462","23","0"
"1462","24","0"
"1462","32","1"
"1462","42","1"
"1462","79","1"
"1462","84","1"
"1462","90","0"
"1462","157","1"
"1462","189","0"
"1462","190","0"
"1463","17","1"
"1463","34","1"
"1463","47","0"
"1463","62","1"
"1463","196","1"
"1463","205","0"
"1463","206","0"
"1463","224","1"
"1463","229","0"
"1463","280","0"
"1464","17","1"
"1464","30","0"
"1464","34","1"
"1464","40","0"
"1464","47","0"
"1464","62","1"
"1464","196","1"
"1464","205","0"
"1464","207","0"
"1464","224","1"
"1465","30","0"
"1465","34","1"
"1465","40","0"
"1465","62","1"
"1465","196","1"
"1465","210","1"
"1465","224","1"
"1465","230","0"
"1465","249","0"
"1466","21","0"
"1466","51","1"
"1466","61","1"
"1466","104","0"
"1466","188","0"
"1466","190","0"
"1466","199","1"
"1466","236","0"
"1466","253","1"
"1466","272","1"
"1467","21","0"
"1467","24","0"
"1467","39","1"
"1467","79","1"
"1467","84","1"
"1467","167","0"
"1467","191","0"
"1467","201","1"
"1467","247","0"
"1467","274","1"
"1468","34","0"
"1468","62","0"
"1468","87","1"
"1468","91","0"
"1468","196","0"
"1468","205","1"
"1468","206","1"
"1468","230","1"
"1468","280","1"
"1468","295","0"
"1469","2","1"
"1469","17","1"
"1469","30","0"
"1469","34","1"
"1469","40","0"
"1469","203","1"
"1469","224","1"
"1469","229","0"
"1469","249","0"
"1469","283","0"
"1470","16","1"
"1470","18","1"
"1470","56","0"
"1470","65","0"
"1470","73","0"
"1470","76","0"
"1470","97","1"
"1470","182","1"
"1470","185","1"
"1470","200","0"
"1471","68","0"
"1471","74","0"
"1471","86","0"
"1471","97","1"
"1471","183","1"
"1471","232","1"
"1471","243","1"
"1471","244","0"
"1471","246","1"
"1471","316","0"
"1472","8","1"
"1472","15","1"
"1472","26","0"
"1472","36","1"
"1472","56","0"
"1472","63","0"
"1472","185","1"
"1472","200","0"
"1472","255","1"
"1472","313","0"
"1473","16","1"
"1473","18","1"
"1473","63","0"
"1473","68","0"
"1473","74","0"
"1473","76","0"
"1473","86","0"
"1473","243","1"
"1473","254","1"
"1473","255","1"
"1474","32","0"
"1474","42","0"
"1474","79","0"
"1474","84","0"
"1474","87","1"
"1474","157","0"
"1474","205","1"
"1474","230","1"
"1474","249","1"
"1474","280","1"
"1475","40","0"
"1475","42","1"
"1475","84","1"
"1475","87","0"
"1475","116","0"
"1475","157","1"
"1475","230","0"
"1475","271","1"
"1475","274","1"
"1475","277","0"
"1476","4","1"
"1476","5","1"
"1476","30","0"
"1476","87","0"
"1476","128","1"
"1476","157","1"
"1476","206","0"
"1476","230","0"
"1476","271","1"
"1476","285","0"
"1477","32","1"
"1477","60","0"
"1477","61","1"
"1477","79","1"
"1477","84","1"
"1477","205","0"
"1477","207","0"
"1477","249","0"
"1477","272","1"
"1477","280","0"
"1478","44","1"
"1478","67","1"
"1478","76","1"
"1478","100","1"
"1478","161","0"
"1478","180","0"
"1478","198","0"
"1478","220","0"
"1478","244","1"
"1478","305","0"
"1479","50","1"
"1479","65","0"
"1479","66","0"
"1479","67","0"
"1479","73","0"
"1479","75","1"
"1479","89","1"
"1479","129","1"
"1479","200","0"
"1479","209","1"
"1480","11","1"
"1480","26","0"
"1480","44","0"
"1480","50","1"
"1480","66","0"
"1480","67","0"
"1480","75","1"
"1480","76","0"
"1480","89","1"
"1480","209","1"
"1481","11","0"
"1481","44","1"
"1481","63","1"
"1481","65","1"
"1481","67","1"
"1481","75","0"
"1481","76","1"
"1481","169","0"
"1481","209","0"
"1482","11","1"
"1482","68","0"
"1482","75","1"
"1482","89","1"
"1482","100","0"
"1482","169","1"
"1482","220","1"
"1482","244","0"
"1482","313","0"
"1483","8","1"
"1483","24","0"
"1483","78","1"
"1483","182","1"
"1483","191","0"
"1483","236","0"
"1483","246","1"
"1483","247","0"
"1483","259","1"
"1483","269","0"
"1484","1","1"
"1484","12","1"
"1484","16","1"
"1484","18","1"
"1484","23","0"
"1484","24","0"
"1484","25","0"
"1484","189","0"
"1484","236","0"
"1484","255","1"
"1485","12","0"
"1485","20","1"
"1485","21","1"
"1485","23","1"
"1485","24","1"
"1485","97","0"
"1485","183","0"
"1485","236","1"
"1485","255","0"
"1486","8","0"
"1486","12","0"
"1486","20","1"
"1486","21","1"
"1486","24","1"
"1486","36","0"
"1486","78","0"
"1486","182","0"
"1486","190","1"
"1486","236","1"
"1487","12","1"
"1487","97","1"
"1487","162","0"
"1487","167","0"
"1487","182","1"
"1487","183","1"
"1487","191","0"
"1487","243","1"
"1487","247","0"
"1487","269","0"
"1488","1","1"
"1488","16","1"
"1488","18","1"
"1488","37","0"
"1488","162","0"
"1488","232","1"
"1488","236","0"
"1488","246","1"
"1488","247","0"
"1488","269","0"
"1489","2","0"
"1489","71","1"
"1489","88","1"
"1489","142","0"
"1489","156","0"
"1489","203","0"
"1489","210","0"
"1489","240","1"
"1489","241","1"
"1489","289","1"
"1490","13","0"
"1490","17","0"
"1490","34","0"
"1490","57","1"
"1490","99","0"
"1490","118","1"
"1490","192","1"
"1490","208","0"
"1490","219","1"
"1490","286","1"
"1491","21","1"
"1491","24","1"
"1491","30","0"
"1491","40","0"
"1491","87","0"
"1491","104","0"
"1491","189","1"
"1491","230","0"
"1491","236","1"
"1491","247","1"
"1492","37","0"
"1492","60","0"
"1492","116","1"
"1492","167","0"
"1492","205","1"
"1492","206","1"
"1492","230","1"
"1492","263","0"
"1492","269","0"
"1492","285","1"
"1493","25","1"
"1493","47","0"
"1493","167","1"
"1493","188","1"
"1493","189","1"
"1493","229","0"
"1493","247","1"
"1493","249","0"
"1493","280","0"
"1494","23","1"
"1494","25","1"
"1494","40","0"
"1494","60","1"
"1494","87","0"
"1494","167","1"
"1494","230","0"
"1494","263","1"
"1494","277","0"
"1494","285","0"
"1495","5","1"
"1495","32","1"
"1495","50","0"
"1495","61","1"
"1495","83","1"
"1495","114","0"
"1495","129","0"
"1495","161","0"
"1495","227","0"
"1495","272","1"
"1496","47","1"
"1496","167","0"
"1496","190","0"
"1496","191","0"
"1496","205","1"
"1496","230","1"
"1496","249","1"
"1496","264","0"
"1496","269","0"
"1496","280","1"
"1497","24","0"
"1497","47","1"
"1497","190","0"
"1497","191","0"
"1497","205","1"
"1497","229","1"
"1497","236","0"
"1497","249","1"
"1497","269","0"
"1497","280","1"
"1498","11","0"
"1498","32","1"
"1498","61","1"
"1498","75","0"
"1498","83","1"
"1498","89","0"
"1498","169","0"
"1498","209","0"
"1498","220","0"
"1498","253","1"
"1498","272","1"
"1499","4","1"
"1499","5","1"
"1499","11","0"
"1499","42","1"
"1499","75","0"
"1499","79","1"
"1499","89","0"
"1499","157","1"
"1499","169","0"
"1499","209","0"
"1499","220","0"
"1500","53","0"
"1500","56","1"
"1500","58","0"
"1500","66","1"
"1500","76","1"
"1500","100","1"
"1500","200","1"
"1500","223","0"
"1500","241","0"
"1500","289","0"
"1501","23","0"
"1501","24","0"
"1501","189","0"
"1501","205","1"
"1501","229","1"
"1501","280","1"
"1502","56","0"
"1502","71","1"
"1502","73","0"
"1502","88","1"
"1502","100","0"
"1502","200","0"
"1502","240","1"
"1502","241","1"
"1502","244","0"
"1502","289","1"
"1503","26","1"
"1503","56","1"
"1503","66","1"
"1503","68","1"
"1503","76","1"
"1503","88","0"
"1503","223","0"
"1503","240","0"
"1503","241","0"
"1503","289","0"
"1504","5","1"
"1504","39","1"
"1504","71","0"
"1504","83","1"
"1504","101","0"
"1504","128","1"
"1504","157","1"
"1504","192","0"
"1504","217","0"
"1504","289","0"
"1505","4","1"
"1505","32","1"
"1505","42","1"
"1505","57","0"
"1505","71","0"
"1505","157","1"
"1505","192","0"
"1505","223","0"
"1505","253","1"
"1506","39","1"
"1506","58","0"
"1506","71","0"
"1506","72","0"
"1506","83","1"
"1506","84","1"
"1506","115","0"
"1506","128","1"
"1506","201","1"
"1506","223","0"
"1506","286","0"
"1507","11","1"
"1507","23","0"
"1507","60","0"
"1507","75","1"
"1507","89","1"
"1507","167","0"
"1507","169","1"
"1507","189","0"
"1507","209","1"
"1507","247","0"
"1508","11","0"
"1508","20","1"
"1508","23","1"
"1508","25","1"
"1508","50","0"
"1508","60","1"
"1508","75","0"
"1508","89","0"
"1508","167","1"
"1508","209","0"
"1509","11","0"
"1509","20","1"
"1509","23","1"
"1509","24","1"
"1509","75","0"
"1509","89","0"
"1509","169","0"
"1509","191","1"
"1509","209","0"
"1509","236","1"
"1510","50","1"
"1510","60","0"
"1510","114","1"
"1510","129","1"
"1510","161","1"
"1510","167","0"
"1510","190","0"
"1510","191","0"
"1510","227","1"
"1510","269","0"
"1511","11","1"
"1511","21","0"
"1511","75","1"
"1511","89","1"
"1511","169","1"
"1511","188","0"
"1511","220","1"
"1511","247","0"
"1511","264","0"
"1512","11","1"
"1512","21","0"
"1512","60","0"
"1512","167","0"
"1512","169","1"
"1512","189","0"
"1512","198","1"
"1512","220","1"
"1512","221","1"
"1512","247","0"
"1513","20","1"
"1513","23","1"
"1513","25","1"
"1513","180","0"
"1513","188","1"
"1513","198","0"
"1513","220","0"
"1513","221","0"
"1513","264","1"
"1513","305","0"
"1514","11","0"
"1514","20","1"
"1514","21","1"
"1514","23","1"
"1514","24","1"
"1514","75","0"
"1514","114","0"
"1514","169","0"
"1514","236","1"
"1516","11","0"
"1516","20","1"
"1516","21","1"
"1516","23","1"
"1516","24","1"
"1516","75","0"
"1516","169","0"
"1516","209","0"
"1516","236","1"
"1517","11","0"
"1517","20","1"
"1517","21","1"
"1517","23","1"
"1517","24","1"
"1517","114","0"
"1517","169","0"
"1517","227","0"
"1517","236","1"
"1518","11","1"
"1518","23","0"
"1518","24","0"
"1518","75","1"
"1518","89","1"
"1518","169","1"
"1518","190","0"
"1518","191","0"
"1518","209","1"
"1518","220","1"
"1518","236","0"
"1519","13","1"
"1519","34","1"
"1519","62","1"
"1519","87","0"
"1519","147","0"
"1519","196","1"
"1519","224","1"
"1519","230","0"
"1519","249","0"
"1519","280","0"
"1520","17","0"
"1520","34","0"
"1520","47","1"
"1520","62","0"
"1520","196","0"
"1520","205","1"
"1520","224","0"
"1520","229","1"
"1520","249","1"
"1520","280","1"
"1521","39","1"
"1521","49","0"
"1521","51","1"
"1521","99","0"
"1521","138","0"
"1521","142","0"
"1521","201","1"
"1521","208","0"
"1521","253","1"
"1521","274","1"
"1522","2","0"
"1522","13","0"
"1522","17","0"
"1522","32","1"
"1522","34","0"
"1522","42","1"
"1522","157","1"
"1522","201","1"
"1522","253","1"
"1523","4","0"
"1523","13","1"
"1523","17","1"
"1523","34","1"
"1523","61","0"
"1523","62","1"
"1523","79","0"
"1523","84","0"
"1523","272","0"
"1523","294","1"
"1524","32","1"
"1524","49","0"
"1524","61","1"
"1524","79","1"
"1524","84","1"
"1524","99","0"
"1524","138","0"
"1524","142","0"
"1524","208","0"
"1524","272","1"
"1525","4","1"
"1525","5","1"
"1525","13","0"
"1525","34","0"
"1525","42","1"
"1525","62","0"
"1525","84","1"
"1525","196","0"
"1525","199","1"
"1525","210","0"
"1525","224","0"
"1527","11","0"
"1527","12","1"
"1527","15","1"
"1527","36","1"
"1527","75","0"
"1527","89","0"
"1527","169","0"
"1527","183","1"
"1527","209","0"
"1527","259","1"
"1528","11","0"
"1528","12","1"
"1528","75","0"
"1528","78","1"
"1528","89","0"
"1528","169","0"
"1528","220","0"
"1528","255","1"
"1528","259","1"
"1529","12","1"
"1529","15","1"
"1529","36","1"
"1529","50","0"
"1529","180","0"
"1529","183","1"
"1529","220","0"
"1529","221","0"
"1529","259","1"
"1530","12","1"
"1530","78","1"
"1530","149","1"
"1530","161","0"
"1530","180","0"
"1530","182","1"
"1530","220","0"
"1530","221","0"
"1530","259","1"
"1530","305","0"
"1531","1","1"
"1531","16","1"
"1531","18","1"
"1531","50","0"
"1531","114","0"
"1531","227","0"
"1531","232","1"
"1531","239","0"
"1531","246","1"
"1531","310","0"
"1532","11","1"
"1532","12","0"
"1532","15","0"
"1532","89","1"
"1532","129","1"
"1532","182","0"
"1532","183","0"
"1532","209","1"
"1532","243","0"
"1532","248","1"
"1533","2","0"
"1533","49","0"
"1533","88","1"
"1533","115","1"
"1533","138","0"
"1533","142","0"
"1533","203","0"
"1533","219","1"
"1533","240","1"
"1533","242","1"
"1534","101","0"
"1534","192","0"
"1534","208","1"
"1534","217","0"
"1534","223","0"
"1534","242","0"
"1534","291","1"
"1534","292","1"
"1534","293","1"
"1534","294","1"
"1535","57","0"
"1535","99","1"
"1535","156","1"
"1535","203","1"
"1535","210","1"
"1535","219","0"
"1535","224","1"
"1535","240","0"
"1535","286","0"
"1535","288","0"
"1536","2","0"
"1536","49","0"
"1536","72","1"
"1536","88","1"
"1536","138","0"
"1536","203","0"
"1536","223","1"
"1536","240","1"
"1536","241","1"
"1537","88","0"
"1537","115","0"
"1537","118","0"
"1537","156","1"
"1537","208","1"
"1537","210","1"
"1537","219","0"
"1537","224","1"
"1537","240","0"
"1537","294","1"
"1538","53","1"
"1538","57","1"
"1538","156","0"
"1538","208","0"
"1538","210","0"
"1538","223","1"
"1538","224","0"
"1538","242","1"
"1538","286","1"
"1538","294","0"
"1539","58","0"
"1539","71","0"
"1539","72","0"
"1539","142","1"
"1539","156","1"
"1539","203","1"
"1539","210","1"
"1539","224","1"
"1539","242","0"
"1540","2","1"
"1540","13","1"
"1540","17","1"
"1540","34","1"
"1540","53","0"
"1540","57","0"
"1540","58","0"
"1540","71","0"
"1540","72","0"
"1540","196","1"
"1540","242","0"
"1541","20","1"
"1541","23","1"
"1541","24","1"
"1541","25","1"
"1541","87","0"
"1541","167","1"
"1541","205","0"
"1541","230","0"
"1541","249","0"
"1541","280","0"
"1542","21","0"
"1542","30","1"
"1542","40","1"
"1542","47","1"
"1542","60","0"
"1542","104","1"
"1542","189","0"
"1542","229","1"
"1542","236","0"
"1542","247","0"
"1543","20","1"
"1543","47","0"
"1543","167","1"
"1543","188","1"
"1543","189","1"
"1543","206","0"
"1543","229","0"
"1543","247","1"
"1543","285","0"
"1544","21","1"
"1544","45","0"
"1544","147","0"
"1544","167","1"
"1544","188","1"
"1544","189","1"
"1544","207","0"
"1544","229","0"
"1544","247","1"
"1544","277","0"
"1545","23","1"
"1545","24","1"
"1545","25","1"
"1545","47","0"
"1545","167","1"
"1545","189","1"
"1545","205","0"
"1545","206","0"
"1545","229","0"
"1545","249","0"
"1545","280","0"
"1546","58","1"
"1546","67","0"
"1546","71","1"
"1546","72","1"
"1546","73","0"
"1546","100","0"
"1546","241","1"
"1546","244","0"
"1546","289","1"
"1546","311","0"
"1547","53","1"
"1547","58","1"
"1547","63","0"
"1547","65","0"
"1547","66","0"
"1547","67","0"
"1547","71","1"
"1547","73","0"
"1547","100","0"
"1547","241","1"
"1547","242","1"
"1548","1","0"
"1548","4","1"
"1548","8","0"
"1548","32","1"
"1548","83","1"
"1548","182","0"
"1548","201","1"
"1548","243","0"
"1548","253","1"
"1548","255","0"
"1549","2","0"
"1549","11","1"
"1549","75","1"
"1549","99","0"
"1549","161","1"
"1549","169","1"
"1549","209","1"
"1549","291","0"
"1549","292","0"
"1549","293","0"
"1550","49","0"
"1550","50","1"
"1550","62","0"
"1550","89","1"
"1550","129","1"
"1550","138","0"
"1550","142","0"
"1550","196","0"
"1550","198","1"
"1550","252","1"
"1551","2","0"
"1551","13","0"
"1551","50","1"
"1551","114","1"
"1551","129","1"
"1551","203","0"
"1551","210","0"
"1551","220","1"
"1551","221","1"
"1551","224","0"
"1552","49","0"
"1552","50","1"
"1552","62","0"
"1552","138","0"
"1552","142","0"
"1552","196","0"
"1552","248","1"
"1552","301","1"
"1552","305","1"
"1552","310","1"
"1553","49","1"
"1553","99","1"
"1553","138","1"
"1553","142","1"
"1553","180","0"
"1553","198","0"
"1553","208","1"
"1553","220","0"
"1553","301","0"
"1553","305","0"
"1554","12","1"
"1554","15","1"
"1554","36","1"
"1554","37","0"
"1554","60","0"
"1554","182","1"
"1554","236","0"
"1554","259","1"
"1554","263","0"
"1554","269","0"
"1555","12","1"
"1555","15","1"
"1555","36","1"
"1555","37","0"
"1555","60","0"
"1555","246","1"
"1555","259","1"
"1555","263","0"
"1555","269","0"
"1556","40","0"
"1556","56","1"
"1556","63","1"
"1556","67","1"
"1556","73","1"
"1556","104","0"
"1556","205","0"
"1556","229","0"
"1556","280","0"
"1557","16","0"
"1557","21","1"
"1557","60","1"
"1557","78","0"
"1557","149","0"
"1557","185","0"
"1557","191","1"
"1557","236","1"
"1557","247","1"
"1557","255","0"
"1558","15","1"
"1558","21","0"
"1558","36","1"
"1558","60","0"
"1558","185","1"
"1558","191","0"
"1558","247","0"
"1558","255","1"
"1558","259","1"
"1558","264","0"
"1559","26","1"
"1559","30","0"
"1559","44","1"
"1559","66","1"
"1559","76","1"
"1559","87","0"
"1559","104","0"
"1559","200","1"
"1559","249","0"
"1559","283","0"
"1560","26","0"
"1560","44","0"
"1560","56","0"
"1560","66","0"
"1560","76","0"
"1560","104","1"
"1560","116","1"
"1560","206","1"
"1560","207","1"
"1560","230","1"
"1561","40","1"
"1561","56","0"
"1561","67","0"
"1561","104","1"
"1561","205","1"
"1561","229","1"
"1561","244","0"
"1561","280","1"
"1561","316","0"
"1562","26","0"
"1562","56","0"
"1562","67","0"
"1562","76","0"
"1562","205","1"
"1562","207","1"
"1562","244","0"
"1562","249","1"
"1562","280","1"
"1562","283","1"
"1563","12","0"
"1563","15","0"
"1563","20","1"
"1563","21","1"
"1563","23","1"
"1563","24","1"
"1563","149","0"
"1563","183","0"
"1563","189","1"
"1563","236","1"
"1563","246","0"
"1564","35","1"
"1564","39","1"
"1564","84","1"
"1564","97","0"
"1564","157","1"
"1564","183","0"
"1564","185","0"
"1564","232","0"
"1564","243","0"
"1564","253","1"
"1565","5","1"
"1565","8","0"
"1565","12","0"
"1565","97","0"
"1565","128","1"
"1565","182","0"
"1565","183","0"
"1565","201","1"
"1565","271","1"
"1565","274","1"
"1566","12","1"
"1566","15","1"
"1566","32","0"
"1566","36","1"
"1566","61","0"
"1566","79","0"
"1566","84","0"
"1566","246","1"
"1566","259","1"
"1566","272","0"
"1567","4","0"
"1567","5","0"
"1567","42","0"
"1567","83","0"
"1567","97","1"
"1567","149","1"
"1567","183","1"
"1567","185","1"
"1567","199","0"
"1567","255","1"
"1568","32","1"
"1568","42","1"
"1568","83","1"
"1568","97","0"
"1568","185","0"
"1568","253","1"
"1568","255","0"
"1569","40","1"
"1569","71","0"
"1569","101","0"
"1569","104","1"
"1569","205","1"
"1569","229","1"
"1569","280","1"
"1569","286","0"
"1569","289","0"
"1570","58","1"
"1570","72","1"
"1570","87","0"
"1570","205","0"
"1570","223","1"
"1570","230","0"
"1570","241","1"
"1570","249","0"
"1570","280","0"
"1570","289","1"
"1571","40","0"
"1571","58","1"
"1571","71","1"
"1571","205","0"
"1571","229","0"
"1571","280","0"
"1571","289","1"
"1572","40","0"
"1572","71","1"
"1572","101","1"
"1572","104","0"
"1572","205","0"
"1572","229","0"
"1572","280","0"
"1572","286","1"
"1572","289","1"
"1573","30","0"
"1573","40","0"
"1573","53","1"
"1573","57","1"
"1573","87","0"
"1573","104","0"
"1573","223","1"
"1573","230","0"
"1573","242","1"
"1573","286","1"
"1574","47","0"
"1574","53","1"
"1574","58","1"
"1574","71","1"
"1574","72","1"
"1574","88","1"
"1574","205","0"
"1574","229","0"
"1574","280","0"
"1575","11","0"
"1575","13","1"
"1575","75","0"
"1575","169","0"
"1575","208","1"
"1575","210","1"
"1575","224","1"
"1575","252","0"
"1575","294","1"
"1575","301","0"
"1576","13","1"
"1576","89","0"
"1576","129","0"
"1576","161","0"
"1576","180","0"
"1576","196","1"
"1576","203","1"
"1576","210","1"
"1576","224","1"
"1576","252","0"
"1577","2","0"
"1577","11","1"
"1577","13","0"
"1577","50","1"
"1577","89","1"
"1577","114","1"
"1577","129","1"
"1577","198","1"
"1577","203","0"
"1577","210","0"
"1577","224","0"
"1578","2","0"
"1578","49","0"
"1578","50","1"
"1578","89","1"
"1578","114","1"
"1578","129","1"
"1578","138","0"
"1578","142","0"
"1578","198","1"
"1578","203","0"
"1579","89","1"
"1579","114","1"
"1579","129","1"
"1579","180","1"
"1579","198","1"
"1579","208","0"
"1579","291","0"
"1579","292","0"
"1579","293","0"
"1579","294","0"
"1580","11","0"
"1580","99","1"
"1580","156","1"
"1580","169","0"
"1580","196","1"
"1580","210","1"
"1580","220","0"
"1580","224","1"
"1580","248","0"
"1580","252","0"
"1581","2","1"
"1581","13","1"
"1581","34","1"
"1581","50","0"
"1581","75","0"
"1581","129","0"
"1581","142","1"
"1581","161","0"
"1581","203","1"
"1581","252","0"
"1582","11","0"
"1582","13","1"
"1582","62","1"
"1582","89","0"
"1582","114","0"
"1582","169","0"
"1582","196","1"
"1582","198","0"
"1582","210","1"
"1582","224","1"
"1582","248","0"
"1583","50","1"
"1583","62","0"
"1583","156","0"
"1583","161","1"
"1583","196","0"
"1583","198","1"
"1583","210","0"
"1583","221","1"
"1583","224","0"
"1583","252","1"
"1583","305","1"
"1584","2","0"
"1584","11","1"
"1584","13","0"
"1584","17","0"
"1584","34","0"
"1584","75","1"
"1584","89","1"
"1584","114","1"
"1584","169","1"
"1584","196","0"
"1584","220","1"
"1585","11","1"
"1585","17","0"
"1585","89","1"
"1585","198","1"
"1585","203","0"
"1585","224","0"
"1586","21","0"
"1586","56","1"
"1586","60","0"
"1586","66","1"
"1586","68","1"
"1586","73","1"
"1586","100","1"
"1586","236","0"
"1586","247","0"
"1587","44","1"
"1587","60","0"
"1587","63","1"
"1587","65","1"
"1587","67","1"
"1587","76","1"
"1587","102","0"
"1587","167","0"
"1587","189","0"
"1588","44","0"
"1588","63","0"
"1588","73","0"
"1588","205","1"
"1588","230","1"
"1588","280","1"
"1589","11","1"
"1589","32","0"
"1589","61","0"
"1589","75","1"
"1589","79","0"
"1589","84","0"
"1589","161","1"
"1589","169","1"
"1589","221","1"
"1589","274","0"
"1590","4","0"
"1590","50","1"
"1590","61","0"
"1590","83","0"
"1590","161","1"
"1590","198","1"
"1590","199","0"
"1590","252","1"
"1590","305","1"
"1591","4","0"
"1591","5","0"
"1591","11","1"
"1591","42","0"
"1591","75","1"
"1591","83","0"
"1591","161","1"
"1591","169","1"
"1591","199","0"
"1591","252","1"
"1592","11","1"
"1592","79","0"
"1592","89","1"
"1592","114","1"
"1592","128","0"
"1592","169","1"
"1592","198","1"
"1592","201","0"
"1592","271","0"
"1592","274","0"
"1593","11","0"
"1593","32","1"
"1593","42","1"
"1593","61","1"
"1593","83","1"
"1593","89","0"
"1593","114","0"
"1593","169","0"
"1593","198","0"
"1593","201","1"
"1593","253","1"
"1594","11","0"
"1594","32","1"
"1594","42","1"
"1594","61","1"
"1594","75","0"
"1594","83","1"
"1594","114","0"
"1594","169","0"
"1594","198","0"
"1594","201","1"
"1594","253","1"
"1595","32","1"
"1595","42","1"
"1595","50","0"
"1595","61","1"
"1595","83","1"
"1595","89","0"
"1595","114","0"
"1595","129","0"
"1595","198","0"
"1595","201","1"
"1595","253","1"
"1596","15","1"
"1596","36","1"
"1596","53","0"
"1596","57","0"
"1596","223","0"
"1596","232","1"
"1596","242","0"
"1596","246","1"
"1596","259","1"
"1596","286","0"
"1597","1","0"
"1597","8","0"
"1597","12","0"
"1597","16","0"
"1597","53","1"
"1597","58","1"
"1597","72","1"
"1597","223","1"
"1597","242","1"
"1597","246","0"
"1598","58","1"
"1598","72","1"
"1598","97","0"
"1598","223","1"
"1598","246","0"
"1598","259","0"
"1599","21","1"
"1599","49","0"
"1599","60","1"
"1599","99","0"
"1599","142","0"
"1599","188","1"
"1599","190","1"
"1599","191","1"
"1599","196","0"
"1599","224","0"
"1600","62","1"
"1600","90","0"
"1600","102","0"
"1600","138","1"
"1600","156","1"
"1600","189","0"
"1600","203","1"
"1600","210","1"
"1600","264","0"
"1601","2","0"
"1601","13","0"
"1601","20","1"
"1601","23","1"
"1601","24","1"
"1601","25","1"
"1601","167","1"
"1601","203","0"
"1601","210","0"
"1601","224","0"
"1602","13","1"
"1602","17","1"
"1602","24","0"
"1602","34","1"
"1602","102","0"
"1602","167","0"
"1602","189","0"
"1602","196","1"
"1602","203","1"
"1602","247","0"
"1603","2","1"
"1603","20","0"
"1603","23","0"
"1603","25","0"
"1603","60","0"
"1603","138","1"
"1603","142","1"
"1603","156","1"
"1603","203","1"
"1603","236","0"
"1604","20","1"
"1604","21","1"
"1604","23","1"
"1604","24","1"
"1604","62","0"
"1604","138","0"
"1604","142","0"
"1604","208","0"
"1604","236","1"
"1605","13","1"
"1605","17","1"
"1605","34","1"
"1605","62","1"
"1605","102","0"
"1605","188","0"
"1605","189","0"
"1605","196","1"
"1605","247","0"
"1605","264","0"
"1606","2","1"
"1606","24","0"
"1606","102","0"
"1606","167","0"
"1606","189","0"
"1606","203","1"
"1606","247","0"
"1606","291","1"
"1606","292","1"
"1606","293","1"
"1607","13","0"
"1607","17","0"
"1607","20","1"
"1607","21","1"
"1607","23","1"
"1607","24","1"
"1607","34","0"
"1607","62","0"
"1607","189","1"
"1607","196","0"
"1607","236","1"
"1615","20","1"
"1615","21","1"
"1615","25","1"
"1615","161","0"
"1615","180","0"
"1615","188","1"
"1615","220","0"
"1615","221","0"
"1615","236","1"
"1615","305","0"
"1616","24","0"
"1616","50","1"
"1616","89","1"
"1616","114","1"
"1616","126","0"
"1616","129","1"
"1616","167","0"
"1616","189","0"
"1616","198","1"
"1616","247","0"
"1617","11","1"
"1617","24","0"
"1617","75","1"
"1617","102","0"
"1617","161","1"
"1617","167","0"
"1617","169","1"
"1617","188","0"
"1617","191","0"
"1617","209","1"
"1618","11","1"
"1618","20","0"
"1618","23","0"
"1618","24","0"
"1618","89","1"
"1618","114","1"
"1618","198","1"
"1618","264","0"
"1618","305","1"
"1619","11","0"
"1619","20","1"
"1619","23","1"
"1619","25","1"
"1619","169","0"
"1619","188","1"
"1619","220","0"
"1619","221","0"
"1619","236","1"
"1619","252","0"
"1620","25","1"
"1620","50","0"
"1620","75","0"
"1620","129","0"
"1620","167","1"
"1620","188","1"
"1620","189","1"
"1620","190","1"
"1620","221","0"
"1621","11","1"
"1621","23","0"
"1621","24","0"
"1621","25","0"
"1621","89","1"
"1621","198","1"
"1622","31","1"
"1622","32","1"
"1622","42","1"
"1622","49","0"
"1622","83","1"
"1622","142","0"
"1622","203","0"
"1622","253","1"
"1623","4","0"
"1623","13","1"
"1623","17","1"
"1623","34","1"
"1623","39","0"
"1623","79","0"
"1623","84","0"
"1623","196","1"
"1623","224","1"
"1624","1","0"
"1624","53","1"
"1624","58","1"
"1624","71","1"
"1624","72","1"
"1624","149","0"
"1624","185","0"
"1624","242","1"
"1624","255","0"
"1625","12","1"
"1625","15","1"
"1625","16","1"
"1625","36","1"
"1625","53","0"
"1625","57","0"
"1625","223","0"
"1625","242","0"
"1625","246","1"
"1625","286","0"
"1626","16","1"
"1626","36","1"
"1626","78","1"
"1626","88","0"
"1626","115","0"
"1626","223","0"
"1626","240","0"
"1626","242","0"
"1626","246","1"
"1626","255","1"
"1627","5","0"
"1627","21","1"
"1627","31","0"
"1627","32","0"
"1627","42","0"
"1627","60","1"
"1627","83","0"
"1627","190","1"
"1627","191","1"
"1627","264","1"
"1628","20","1"
"1628","21","1"
"1628","23","1"
"1628","24","1"
"1628","61","0"
"1628","98","0"
"1628","199","0"
"1628","236","1"
"1628","253","0"
"1629","4","1"
"1629","60","0"
"1629","79","1"
"1629","84","1"
"1629","102","0"
"1629","126","0"
"1629","201","1"
"1629","247","0"
"1629","264","0"
"1629","274","1"
"1630","31","1"
"1630","32","1"
"1630","42","1"
"1630","51","1"
"1630","102","0"
"1630","167","0"
"1630","188","0"
"1630","191","0"
"1630","253","1"
"1630","263","0"
"1631","5","0"
"1631","20","1"
"1631","24","1"
"1631","25","1"
"1631","39","0"
"1631","83","0"
"1631","98","0"
"1631","167","1"
"1631","189","1"
"1631","199","0"
"1632","4","1"
"1632","20","0"
"1632","24","0"
"1632","32","1"
"1632","61","1"
"1632","83","1"
"1632","167","0"
"1632","191","0"
"1632","253","1"
"1633","23","1"
"1633","31","0"
"1633","42","0"
"1633","60","1"
"1633","83","0"
"1633","98","0"
"1633","167","1"
"1633","190","1"
"1633","253","0"
"1634","21","0"
"1634","31","1"
"1634","32","1"
"1634","42","1"
"1634","60","0"
"1634","83","1"
"1634","190","0"
"1634","253","1"
"1634","263","0"
"1635","20","1"
"1635","23","1"
"1635","25","1"
"1635","31","0"
"1635","32","0"
"1635","42","0"
"1635","60","1"
"1635","79","0"
"1635","84","0"
"1635","264","1"
"1636","12","0"
"1636","16","0"
"1636","78","0"
"1636","101","1"
"1636","192","1"
"1636","217","1"
"1636","223","1"
"1636","242","1"
"1636","255","0"
"1636","256","0"
"1637","71","1"
"1637","72","1"
"1637","78","0"
"1637","88","1"
"1637","118","1"
"1637","185","0"
"1637","240","1"
"1637","243","0"
"1637","246","0"
"1637","256","0"
"1638","12","1"
"1638","15","1"
"1638","36","1"
"1638","53","0"
"1638","57","0"
"1638","223","0"
"1638","242","0"
"1638","246","1"
"1638","259","1"
"1638","286","0"
"1639","12","0"
"1639","15","0"
"1639","36","0"
"1639","53","1"
"1639","57","1"
"1639","71","1"
"1639","78","0"
"1639","246","0"
"1639","259","0"
"1639","286","1"
"1639","289","1"
"1640","20","0"
"1640","23","0"
"1640","24","0"
"1640","25","0"
"1640","31","1"
"1640","32","1"
"1640","42","1"
"1640","60","0"
"1640","79","1"
"1640","84","1"
"1641","5","0"
"1641","20","1"
"1641","24","1"
"1641","31","0"
"1641","32","0"
"1641","42","0"
"1641","79","0"
"1641","167","1"
"1641","189","1"
"1641","191","1"
"1642","23","0"
"1642","25","0"
"1642","61","1"
"1642","79","1"
"1642","84","1"
"1642","128","1"
"1642","188","0"
"1642","190","0"
"1642","199","1"
"1642","264","0"
"1643","5","1"
"1643","23","0"
"1643","25","0"
"1643","60","0"
"1643","61","1"
"1643","83","1"
"1643","128","1"
"1643","190","0"
"1643","199","1"
"1643","264","0"
"1644","1","0"
"1644","12","0"
"1644","16","0"
"1644","88","1"
"1644","97","0"
"1644","115","1"
"1644","223","1"
"1644","240","1"
"1644","241","1"
"1644","246","0"
"1645","12","1"
"1645","38","0"
"1645","58","0"
"1645","72","0"
"1645","97","1"
"1645","118","0"
"1645","183","1"
"1645","241","0"
"1645","243","1"
"1645","246","1"
"1646","1","0"
"1646","12","0"
"1646","88","1"
"1646","115","1"
"1646","223","1"
"1646","240","1"
"1646","242","1"
"1646","243","0"
"1646","246","0"
"1646","256","0"
"1647","5","1"
"1647","20","0"
"1647","21","0"
"1647","61","1"
"1647","83","1"
"1647","98","1"
"1647","188","0"
"1647","199","1"
"1647","236","0"
"1647","247","0"
"1648","5","0"
"1648","24","1"
"1648","31","0"
"1648","32","0"
"1648","42","0"
"1648","84","0"
"1648","126","1"
"1648","167","1"
"1648","189","1"
"1648","191","1"
"1649","23","1"
"1649","51","0"
"1649","61","0"
"1649","167","1"
"1649","188","1"
"1649","189","1"
"1649","199","0"
"1649","247","1"
"1649","253","0"
"1650","4","0"
"1650","20","1"
"1650","23","1"
"1650","24","1"
"1650","25","1"
"1650","61","0"
"1650","79","0"
"1650","84","0"
"1650","98","0"
"1650","188","1"
"1650","274","0"
"1651","88","1"
"1651","97","0"
"1651","115","1"
"1651","182","0"
"1651","183","0"
"1651","223","1"
"1651","232","0"
"1651","240","1"
"1651","241","1"
"1652","1","0"
"1652","12","0"
"1652","16","0"
"1652","38","1"
"1652","58","1"
"1652","71","1"
"1652","72","1"
"1652","149","0"
"1652","182","0"
"1652","241","1"
"1653","12","1"
"1653","38","0"
"1653","58","0"
"1653","71","0"
"1653","72","0"
"1653","97","1"
"1653","183","1"
"1653","241","0"
"1653","243","1"
"1653","246","1"
"1654","12","1"
"1654","15","1"
"1654","36","1"
"1654","53","0"
"1654","242","0"
"1654","246","1"
"1654","259","1"
"1654","286","0"
"1654","289","0"
"1655","1","1"
"1655","12","1"
"1655","18","1"
"1655","38","0"
"1655","71","0"
"1655","88","0"
"1655","115","0"
"1655","149","1"
"1655","241","0"
"1655","246","1"
"1656","15","0"
"1656","36","0"
"1656","38","1"
"1656","71","1"
"1656","88","1"
"1656","115","1"
"1656","232","0"
"1656","240","1"
"1656","255","0"
"1656","259","0"
"1657","78","0"
"1657","88","1"
"1657","115","1"
"1657","149","0"
"1657","185","0"
"1657","223","1"
"1657","240","1"
"1657","242","1"
"1657","255","0"
"1657","256","0"
"1658","23","0"
"1658","31","1"
"1658","32","1"
"1658","37","0"
"1658","51","1"
"1658","60","0"
"1658","157","1"
"1658","167","0"
"1658","253","1"
"1658","269","0"
"1659","51","0"
"1659","60","1"
"1659","61","0"
"1659","98","0"
"1659","126","1"
"1659","189","1"
"1659","199","0"
"1659","236","1"
"1659","247","1"
"1659","253","0"
"1660","31","1"
"1660","32","1"
"1660","42","1"
"1660","83","1"
"1660","102","0"
"1660","167","0"
"1660","253","1"
"1660","264","0"
"1660","269","0"
"1661","58","1"
"1661","61","0"
"1661","72","1"
"1661","83","0"
"1661","98","0"
"1661","118","1"
"1661","199","0"
"1661","241","1"
"1661","289","1"
"1661","320","0"
"1662","31","1"
"1662","32","1"
"1662","38","0"
"1662","42","1"
"1662","58","0"
"1662","71","0"
"1662","72","0"
"1662","241","0"
"1662","253","1"
"1662","320","1"
"1663","31","0"
"1663","32","0"
"1663","42","0"
"1663","58","1"
"1663","72","1"
"1663","118","1"
"1663","219","1"
"1663","241","1"
"1663","253","0"
"1663","320","0"
"1664","31","1"
"1664","38","0"
"1664","42","1"
"1664","58","0"
"1664","61","1"
"1664","71","0"
"1664","72","0"
"1664","83","1"
"1664","88","0"
"1664","98","1"
"1664","253","1"
"1665","31","1"
"1665","32","1"
"1665","42","1"
"1665","53","0"
"1665","57","0"
"1665","79","1"
"1665","84","1"
"1665","223","0"
"1665","242","0"
"1665","286","0"
"1666","31","0"
"1666","32","0"
"1666","42","0"
"1666","57","1"
"1666","79","0"
"1666","84","0"
"1666","219","1"
"1666","241","1"
"1666","242","1"
"1666","286","1"
"1667","31","1"
"1667","42","1"
"1667","57","0"
"1667","79","1"
"1667","84","1"
"1667","223","0"
"1667","242","0"
"1667","286","0"
"1668","31","1"
"1668","32","1"
"1668","42","1"
"1668","79","1"
"1668","84","1"
"1668","88","0"
"1668","115","0"
"1668","118","0"
"1668","219","0"
"1668","240","0"
"1669","38","0"
"1669","58","0"
"1669","61","1"
"1669","72","0"
"1669","79","1"
"1669","84","1"
"1669","98","1"
"1669","201","1"
"1669","223","0"
"1669","242","0"
"1670","31","0"
"1670","32","0"
"1670","42","0"
"1670","53","1"
"1670","57","1"
"1670","79","0"
"1670","84","0"
"1670","223","1"
"1670","242","1"
"1670","286","1"
"1671","4","0"
"1671","58","1"
"1671","71","1"
"1671","72","1"
"1671","84","0"
"1671","98","0"
"1671","199","0"
"1671","219","1"
"1671","241","1"
"1671","253","0"
"1672","31","1"
"1672","32","1"
"1672","42","1"
"1672","51","1"
"1672","53","0"
"1672","57","0"
"1672","223","0"
"1672","242","0"
"1672","253","1"
"1672","286","0"
"1673","42","1"
"1673","53","0"
"1673","57","0"
"1673","58","0"
"1673","71","0"
"1673","72","0"
"1673","83","1"
"1673","201","1"
"1673","253","1"
"1674","5","1"
"1674","61","1"
"1674","79","1"
"1674","98","1"
"1674","199","1"
"1675","42","1"
"1675","61","1"
"1675","84","1"
"1675","201","1"
