"home_player_id","visiting_player_id","game_id","period","time","x_location","y_location","home_win","id"
"23","76","169","1","00:00:00","300","150","0","1"
"31","34","170","1","00:00:00","300","150","1","2"
"1","57","171","1","00:00:00","300","150","1","3"
"78","31","173","1","00:00:00","300","150","0","4"
"76","31","174","1","00:00:00","300","150","1","5"
"21","30","175","1","00:00:00","300","150","1","6"
"31","57","176","1","00:00:00","300","150","0","7"
"76","34","177","1","00:00:00","300","150","0","8"
"224","76","178","1","00:00:00","300","150","0","9"
"34","183","179","1","00:00:00","300","150","1","10"
"31","78","180","1","00:00:00","300","150","1","11"
"195","57","181","1","00:00:00","300","150","1","12"
"183","31","182","1","00:00:00","300","150","1","13"
"42","23","183","1","00:00:00","300","150","1","14"
"175","76","184","1","00:00:00","300","150","0","15"
"78","57","185","1","00:00:00","300","150","0","16"
"21","34","186","1","00:00:00","300","150","0","17"
"183","76","187","1","00:00:00","300","150","1","18"
"57","31","188","1","00:00:00","300","150","1","19"
"89","34","189","1","00:00:00","300","150","1","20"
"31","78","190","1","00:00:00","300","150","1","21"
"57","23","191","1","00:00:00","300","150","1","22"
"75","23","195","1","00:00:00","300","150","0","23"
"76","21","196","1","00:00:00","300","150","1","24"
"31","57","197","1","00:00:00","300","150","0","25"
"31","57","199","1","00:00:00","300","150","1","26"
"57","31","200","1","00:00:00","300","150","1","27"
"57","31","201","1","00:00:00","300","150","1","28"
"195","76","203","1","00:00:00","300","150","1","29"
"195","76","204","1","00:00:00","300","150","1","30"
"57","23","206","1","00:00:00","300","150","1","31"
"57","21","207","1","00:00:00","300","150","1","32"
"189","57","208","1","00:00:00","300","150","1","33"
"195","57","209","1","00:00:00","300","150","0","34"
"21","76","210","1","00:00:00","300","150","0","35"
"89","138","211","1","00:00:00","300","150","0","36"
"76","34","2","1","00:00:00","300","150","0","37"
"57","30","212","1","00:00:00","300","150","0","38"
"97","31","213","1","00:00:00","300","150","1","39"
"31","30","214","1","00:00:00","300","150","1","40"
"57","227","215","1","00:00:00","300","150","1","41"
"138","23","216","1","00:00:00","300","150","1","42"
"61","31","3","1","00:00:00","300","150","1","43"
"280","227","217","1","00:00:00","300","150","0","44"
"73","15","218","1","00:00:00","300","150","1","45"
"34","76","5","1","00:00:00","300","150","1","46"
"57","23","219","1","00:00:00","300","150","1","47"
"1","89","220","1","00:00:00","300","150","1","48"
"21","31","6","1","00:00:00","300","150","0","49"
"21","76","8","1","00:00:00","300","150","0","50"
"34","280","221","1","00:00:00","300","150","0","51"
"35","27","9","1","00:00:00","457","49","1","52"
"76","57","222","1","00:00:00","300","150","1","53"
"248","280","223","1","00:00:00","300","150","0","54"
"31","15","11","1","00:00:00","300","150","0","55"
"31","76","224","1","00:00:00","300","150","1","56"
"97","23","225","1","00:00:00","300","150","0","57"
"227","58","226","1","00:00:00","300","150","1","58"
"21","34","12","1","00:00:00","300","150","1","59"
"76","31","227","1","00:00:00","300","150","1","60"
"31","34","13","1","00:00:00","300","150","0","61"
"75","1","14","1","00:00:00","300","150","1","62"
"58","23","15","1","00:00:00","300","150","1","63"
"30","1","228","1","00:00:00","300","150","1","64"
"1","34","16","1","00:00:00","100","206","1","65"
"34","58","229","1","00:00:00","300","150","1","66"
"21","97","230","1","00:00:00","300","150","0","67"
"31","75","17","1","00:00:00","300","150","1","68"
"227","31","231","1","00:00:00","300","150","1","69"
"58","75","18","1","00:00:00","300","150","1","70"
"30","73","232","1","00:00:00","300","150","1","71"
"57","109","19","1","00:00:00","300","150","1","72"
"280","31","258","1","00:00:47","500","94","0","73"
"21","58","233","1","00:00:00","300","150","1","74"
"23","31","20","1","00:00:00","300","150","0","75"
"76","34","21","1","00:00:00","300","150","1","76"
"34","97","234","1","00:00:00","300","150","1","77"
"73","58","235","1","00:00:00","300","150","1","78"
"34","31","236","1","00:00:00","300","150","1","79"
"58","15","237","1","00:00:00","300","150","1","80"
"31","73","238","1","00:00:00","300","150","0","81"
"30","224","240","1","00:00:00","300","150","0","82"
"76","195","241","1","00:00:00","300","150","1","83"
"280","89","242","1","00:00:00","300","150","1","84"
"280","61","243","1","00:00:00","300","150","0","85"
"31","57","22","1","00:00:00","300","150","1","86"
"58","195","244","1","00:00:00","300","150","0","87"
"15","78","23","1","00:00:00","300","150","1","88"
"34","21","24","1","00:00:00","300","150","1","89"
"76","34","245","1","00:00:00","300","150","0","90"
"97","248","246","1","00:00:00","300","150","0","91"
"76","21","25","1","00:00:00","300","150","0","92"
"31","21","247","1","00:00:00","300","150","0","93"
"76","205","248","1","00:00:00","300","150","0","94"
"58","34","26","1","00:00:00","300","150","1","95"
"58","89","249","1","00:00:00","300","150","0","96"
"15","27","27","1","00:00:00","300","150","1","97"
"78","34","250","1","00:00:00","300","150","0","98"
"97","58","251","1","00:00:00","300","150","0","99"
"23","58","28","1","00:00:00","300","150","1","100"
"23","34","252","1","00:00:00","300","150","0","101"
"78","75","29","1","00:00:00","300","150","1","102"
"75","31","30","1","00:00:00","300","150","0","103"
"31","89","253","1","00:00:00","300","150","1","104"
"57","23","31","1","00:00:00","300","150","1","105"
"31","58","254","1","00:00:00","300","150","1","106"
"1","34","32","1","00:00:00","300","150","0","107"
"31","23","33","1","00:00:00","300","150","1","108"
"183","76","255","1","00:00:00","300","150","0","109"
"78","57","34","1","00:00:00","300","150","1","110"
"30","23","256","1","00:00:00","300","150","1","111"
"280","4","258","1","00:00:00","300","150","0","112"
"34","31","35","1","00:00:00","300","150","0","113"
"138","183","259","1","00:00:00","300","150","1","114"
"76","34","36","1","00:00:00","300","150","0","115"
"30","58","260","1","00:00:00","300","150","0","116"
"31","57","37","1","00:00:00","300","150","0","117"
"138","65","261","1","00:00:00","300","150","0","118"
"115","78","38","1","00:00:00","300","150","0","119"
"23","31","262","1","00:00:00","300","150","0","120"
"57","34","39","1","00:00:00","300","150","0","121"
"75","65","263","1","00:00:00","300","150","0","122"
"23","75","40","1","00:00:00","300","150","1","123"
"31","58","264","1","00:00:00","300","150","0","124"
"21","205","265","1","00:00:00","300","150","1","125"
"57","76","41","1","00:00:00","300","150","0","126"
"34","75","266","1","00:00:00","300","150","0","127"
"31","78","42","1","00:00:00","300","150","1","128"
"34","114","43","1","00:00:00","300","150","1","129"
"31","76","267","1","00:00:00","300","150","1","130"
"20","57","44","1","00:00:00","300","150","0","131"
"58","224","268","1","00:00:00","300","150","0","132"
"76","78","45","1","00:00:00","300","150","1","133"
"1","205","269","1","00:00:00","300","150","1","134"
"42","31","46","1","00:00:00","300","150","1","135"
"76","31","47","1","00:00:00","300","150","1","137"
"1","42","48","1","00:00:00","300","150","0","139"
"30","57","49","1","00:00:00","300","150","0","142"
"21","78","50","1","00:00:00","300","150","0","145"
"23","34","51","1","00:00:00","300","150","0","147"
"75","49","52","1","00:00:00","300","150","1","149"
"57","76","54","1","00:00:00","300","150","1","150"
"23","30","55","1","00:00:00","300","150","0","151"
"1","75","57","1","00:00:00","300","150","1","153"
"31","23","58","1","00:00:00","300","150","0","155"
"57","21","59","1","00:00:00","300","150","0","164"
"31","42","60","1","00:00:00","300","150","0","166"
"76","23","63","1","00:00:00","300","150","0","167"
"1","27","64","1","00:00:00","300","150","1","168"
"1","57","65","1","00:00:00","300","150","0","169"
"30","76","66","1","00:00:00","300","150","0","170"
"31","75","67","1","00:00:00","300","150","0","171"
"34","1","68","1","00:00:00","300","150","1","172"
"57","1","69","1","00:00:00","300","150","1","174"
"21","1","70","1","00:00:00","300","150","0","176"
"42","57","71","1","00:00:00","300","150","1","177"
"75","57","72","1","00:00:00","300","150","1","178"
"86","21","73","1","00:00:00","300","150","1","180"
"58","97","15","1","00:02:14","457","49","1","182"
"75","23","84","1","00:00:00","300","150","0","183"
"31","1","85","1","00:00:00","300","150","1","185"
"75","23","86","1","00:00:00","300","150","0","187"
"76","97","63","1","00:02:14","457","49","0","189"
"31","1","87","1","00:00:00","300","150","0","190"
"21","76","88","1","00:00:00","300","150","0","192"
"13","31","89","1","00:00:00","300","150","1","193"
"21","75","90","1","00:00:00","300","150","1","194"
"23","78","97","1","00:02:14","300","150","0","196"
"76","21","92","1","00:00:00","300","150","0","197"
"30","57","199","1","00:02:14","457","206","0","198"
"78","21","94","1","00:00:00","300","150","0","199"
"13","23","95","1","00:00:00","300","150","0","201"
"45","97","228","1","00:02:14","397","73","0","202"
"23","13","96","1","00:00:00","300","150","1","203"
"45","316","232","1","00:02:14","500","94","1","204"
"23","78","97","1","00:00:00","300","150","1","205"
"57","190","244","1","00:02:14","457","206","1","206"
"78","21","98","1","00:00:00","300","150","1","207"
"15","31","99","1","00:00:00","300","150","0","209"
"142","4","19","1","00:02:15","457","206","1","210"
"195","125","100","1","00:00:00","300","150","0","211"
"21","75","90","1","00:02:15","457","206","0","212"
"88","78","101","1","00:00:00","300","150","0","213"
"39","75","138","1","00:02:15","457","206","1","215"
"40","195","102","1","00:00:00","300","150","0","216"
"30","88","103","1","00:00:00","300","150","1","218"
"101","97","191","1","00:02:15","100","206","1","219"
"76","42","104","1","00:00:00","300","150","0","221"
"157","227","110","1","00:02:16","457","206","1","222"
"76","15","105","1","00:00:00","300","150","1","223"
"39","4","106","1","00:02:17","457","49","0","224"
"31","88","106","1","00:00:00","300","150","1","225"
"23","34","107","1","00:00:00","300","150","0","226"
"31","78","121","1","00:02:17","457","49","1","227"
"88","75","108","1","00:00:00","300","150","1","228"
"35","191","130","1","00:02:17","143","251","1","229"
"78","195","109","1","00:00:00","300","150","1","231"
"101","97","206","1","00:02:17","300","150","1","232"
"138","15","234","1","00:02:17","500","94","0","235"
"31","34","110","1","00:00:00","300","150","0","238"
"89","227","104","1","00:00:48","500","251","0","240"
"75","11","111","1","00:00:00","300","150","0","242"
"1","231","112","1","00:00:48","457","49","0","244"
"1","34","112","1","00:00:00","300","150","1","245"
"78","88","113","1","00:00:00","300","150","1","247"
"195","57","115","1","00:00:00","300","150","1","248"
"34","1","56","1","00:00:02","300","150","1","249"
"183","42","157","1","00:02:18","457","206","0","250"
"65","30","116","1","00:00:00","300","150","1","251"
"4","30","188","1","00:00:48","203","27","1","252"
"105","109","38","1","00:02:19","100","206","0","253"
"34","190","117","1","00:00:00","300","150","1","254"
"210","195","195","1","00:02:19","100","206","1","255"
"75","180","118","1","00:00:00","300","150","1","256"
"61","89","253","1","00:00:48","300","150","1","257"
"76","169","196","1","00:02:19","100","49","0","258"
"65","89","257","1","00:00:02","300","150","0","259"
"101","1","101","1","00:00:49","143","94","0","260"
"190","30","119","1","00:00:00","300","150","0","262"
"34","57","53","1","00:00:05","300","150","1","263"
"30","227","217","1","00:00:49","143","251","1","265"
"42","88","120","1","00:00:00","300","150","1","266"
"88","27","101","1","00:02:20","500","251","1","267"
"30","78","121","1","00:00:00","300","150","1","269"
"31","34","110","1","00:00:05","353","27","0","270"
"1","34","48","1","00:00:50","100","206","0","271"
"75","88","122","1","00:00:00","300","150","1","272"
"189","57","208","1","00:00:05","203","27","0","273"
"98","78","85","1","00:00:50","100","206","0","274"
"97","1","123","1","00:00:00","300","150","0","275"
"191","49","134","1","00:02:20","457","49","1","277"
"97","34","124","1","00:00:00","300","150","0","278"
"214","35","177","1","00:02:20","353","227","0","279"
"32","21","58","1","00:00:51","353","27","0","280"
"34","57","125","1","00:00:00","300","150","0","281"
"280","89","242","1","00:02:20","100","49","0","282"
"21","183","126","1","00:00:00","300","150","0","283"
"30","224","240","1","00:00:05","300","150","0","284"
"23","75","88","1","00:00:51","203","27","1","285"
"71","78","127","1","00:00:00","300","150","1","287"
"30","224","137","1","00:00:51","353","27","1","288"
"34","75","128","1","00:00:00","300","150","0","289"
"4","88","254","1","00:00:51","457","206","1","290"
"97","89","203","1","00:02:21","457","49","1","291"
"57","75","129","1","00:00:00","300","150","0","292"
"57","34","268","1","00:00:51","203","27","1","293"
"34","91","130","1","00:00:00","300","150","0","295"
"97","1","123","1","00:00:06","100","206","1","297"
"31","23","131","1","00:00:00","300","150","1","298"
"23","76","136","1","00:02:22","100","206","0","299"
"78","75","29","1","00:00:07","353","227","0","300"
"23","57","132","1","00:00:00","300","150","0","301"
"50","23","191","1","00:02:22","100","206","1","302"
"23","78","97","1","00:00:07","300","150","1","303"
"57","34","155","1","00:00:07","457","49","0","304"
"45","35","258","1","00:02:22","143","94","0","305"
"35","217","125","1","00:02:23","143","94","1","306"
"97","101","251","1","00:02:23","300","150","1","307"
"183","76","133","1","00:00:00","300","150","0","308"
"65","89","257","1","00:00:07","100","49","1","309"
"27","55","49","1","00:02:24","100","206","1","310"
"23","78","134","1","00:00:00","300","150","1","311"
"98","78","87","1","00:00:52","100","49","0","312"
"76","58","10","1","00:00:08","500","251","1","313"
"27","195","147","1","00:02:24","100","206","0","314"
"57","34","135","1","00:00:00","300","150","1","315"
"227","23","239","1","00:00:52","500","251","1","316"
"23","76","136","1","00:00:00","300","150","1","317"
"31","88","137","1","00:00:00","300","150","1","318"
"23","280","265","1","00:00:52","457","206","1","319"
"75","35","36","1","00:00:08","300","150","1","320"
"31","75","138","1","00:00:00","300","150","1","321"
"75","30","47","1","00:00:53","457","206","0","322"
"88","31","172","1","00:00:08","300","150","0","323"
"78","47","139","1","00:00:00","300","150","0","324"
"34","31","236","1","00:00:08","143","94","0","325"
"42","86","150","1","00:00:53","143","251","1","326"
"75","88","140","1","00:00:00","300","150","0","327"
"23","34","252","1","00:00:08","100","206","0","328"
"205","31","141","1","00:00:00","300","150","1","329"
"30","73","154","1","00:00:53","300","150","0","330"
"89","11","142","1","00:00:00","300","150","0","332"
"32","1","121","1","00:00:54","100","206","0","333"
"76","21","92","1","00:00:09","203","227","1","334"
"227","78","143","1","00:00:00","300","150","1","335"
"114","23","239","1","00:00:54","500","251","0","336"
"34","280","221","1","00:00:09","143","251","0","337"
"88","97","144","1","00:00:00","300","150","1","338"
"183","224","250","1","00:00:54","100","206","1","339"
"76","78","145","1","00:00:00","300","150","1","340"
"1","21","94","1","00:00:10","457","49","1","341"
"31","227","146","1","00:00:00","300","150","1","343"
"57","75","129","1","00:00:10","143","251","1","344"
"23","15","38","1","00:00:55","100","206","1","345"
"78","21","147","1","00:00:00","300","150","1","346"
"78","31","64","1","00:00:55","100","206","0","347"
"227","183","148","1","00:00:00","300","150","1","348"
"34","76","150","1","00:00:10","143","251","1","349"
"30","181","240","1","00:00:10","100","49","0","350"
"30","23","149","1","00:00:00","300","150","1","351"
"248","280","223","1","00:00:11","143","94","1","352"
"23","31","175","1","00:00:55","100","49","1","353"
"34","76","150","1","00:00:00","300","150","0","355"
"61","73","224","1","00:00:56","300","150","1","356"
"76","30","30","1","00:00:12","353","27","1","357"
"57","78","151","1","00:00:00","300","150","0","358"
"245","248","242","1","00:00:56","247","73","1","360"
"57","31","152","1","00:00:00","300","150","1","361"
"227","224","165","1","00:00:57","500","251","1","362"
"23","76","153","1","00:00:00","300","150","0","363"
"75","57","72","1","00:00:13","100","206","1","364"
"78","4","213","1","00:00:57","457","49","1","365"
"31","76","154","1","00:00:00","300","150","1","366"
"75","88","122","1","00:00:13","353","27","0","367"
"57","34","155","1","00:00:00","300","150","1","368"
"30","1","228","1","00:00:13","457","49","1","369"
"31","21","156","1","00:00:00","300","150","1","370"
"76","195","241","1","00:00:13","353","27","1","371"
"224","76","108","1","00:00:58","100","206","1","372"
"34","31","35","1","00:00:14","500","94","1","373"
"42","30","161","1","00:00:58","100","206","0","374"
"78","34","157","1","00:00:00","300","150","0","375"
"76","13","52","1","00:00:14","457","206","1","376"
"4","88","254","1","00:00:58","457","49","0","377"
"76","31","158","1","00:00:00","300","150","1","378"
"76","42","104","1","00:00:14","353","227","1","379"
"89","195","159","1","00:00:00","300","150","0","380"
"21","78","96","1","00:00:59","300","150","1","381"
"57","195","160","1","00:00:00","300","150","1","382"
"89","21","196","1","00:00:14","100","206","0","383"
"34","31","161","1","00:00:00","300","150","0","384"
"1","31","173","1","00:00:59","100","206","0","385"
"31","30","214","1","00:00:14","100","206","0","386"
"57","1","162","1","00:00:00","300","150","0","387"
"78","31","163","1","00:00:00","300","150","1","389"
"76","34","164","1","00:00:00","300","150","1","390"
"34","57","165","1","00:00:00","300","150","0","391"
"57","78","151","1","00:00:15","457","206","0","392"
"30","76","166","1","00:00:00","300","150","0","393"
"57","42","167","1","00:00:00","300","150","1","394"
"73","183","218","1","00:00:15","100","206","1","395"
"23","31","168","1","00:00:00","300","150","1","396"
"1","98","64","1","00:01:00","300","150","1","398"
"23","75","40","1","00:00:16","300","150","0","399"
"75","23","92","1","00:01:00","100","206","0","400"
"57","1","162","1","00:00:16","353","27","0","401"
"58","248","249","1","00:00:16","353","227","0","402"
"205","31","141","1","00:00:17","500","94","0","403"
"101","1","101","1","00:01:00","500","94","1","404"
"1","30","173","1","00:01:01","100","206","1","406"
"57","89","178","1","00:01:01","500","94","0","407"
"88","23","244","1","00:01:01","353","27","0","408"
"35","97","73","1","00:01:02","100","49","1","409"
"195","89","100","1","00:01:02","300","150","1","410"
"195","76","169","1","00:01:02","300","150","0","411"
"4","30","188","1","00:01:02","353","27","0","412"
"156","58","49","1","00:03:39","100","206","1","413"
"23","76","153","1","00:00:17","100","49","1","415"
"15","34","139","1","00:03:39","100","206","1","416"
"89","42","164","1","00:03:39","100","206","0","417"
"280","224","240","1","00:03:39","100","206","1","418"
"31","42","170","1","00:00:17","100","206","0","419"
"73","224","245","1","00:03:39","353","227","0","420"
"97","31","213","1","00:00:17","353","227","0","421"
"101","109","45","1","00:03:40","457","206","0","422"
"78","76","29","1","00:01:03","457","49","1","423"
"15","42","16","1","00:01:04","100","206","1","424"
"109","156","89","1","00:03:40","457","49","1","425"
"34","88","53","1","00:01:05","143","251","0","426"
"78","23","225","1","00:00:17","457","206","0","427"
"21","1","126","1","00:03:40","300","150","1","428"
"88","98","62","1","00:01:05","100","206","0","429"
"1","280","269","1","00:00:17","457","49","1","430"
"76","142","72","1","00:01:05","300","150","0","431"
"57","31","201","1","00:00:18","457","49","1","432"
"114","58","226","1","00:00:18","143","251","0","433"
"78","73","133","1","00:01:06","203","27","1","434"
"30","31","243","1","00:00:18","397","273","1","435"
"97","89","136","1","00:03:40","300","150","1","436"
"88","206","212","1","00:01:06","457","49","0","437"
"34","1","68","1","00:00:19","300","150","1","438"
"30","89","217","1","00:01:06","247","273","0","440"
"88","75","108","1","00:00:19","100","206","1","441"
"61","31","3","1","00:03:41","100","49","0","442"
"73","149","218","1","00:01:06","203","227","0","443"
"88","23","15","1","00:03:41","300","150","1","444"
"31","115","33","1","00:03:41","300","150","0","445"
"205","190","256","1","00:01:06","247","73","0","446"
"65","4","45","1","00:03:41","300","150","1","447"
"116","89","138","1","00:03:41","100","206","0","448"
"78","157","182","1","00:03:41","300","150","0","450"
"1","89","187","1","00:03:41","457","206","1","451"
"224","183","127","1","00:00:19","457","206","0","454"
"27","4","11","1","00:01:07","203","27","0","455"
"142","23","59","1","00:03:43","100","49","1","456"
"116","35","146","1","00:03:43","203","27","0","457"
"224","316","261","1","00:03:43","100","206","1","458"
"21","4","132","1","00:01:07","397","273","1","459"
"34","30","221","1","00:00:19","300","150","0","460"
"23","86","12","1","00:03:44","100","206","1","461"
"224","227","167","1","00:01:07","457","206","0","462"
"100","58","235","1","00:00:19","300","150","0","463"
"75","30","116","1","00:03:44","100","206","0","464"
"88","30","3","1","00:01:08","100","206","0","465"
"57","31","200","1","00:03:44","300","150","1","467"
"58","115","31","1","00:01:08","100","49","1","468"
"76","34","21","1","00:00:20","100","49","0","469"
"31","42","60","1","00:00:20","457","206","0","470"
"39","42","110","1","00:01:08","100","206","1","471"
"224","227","135","1","00:00:20","500","94","1","472"
"115","57","28","1","00:00:21","457","49","1","473"
"88","195","191","1","00:01:08","300","150","0","474"
"35","89","253","1","00:01:08","457","49","1","475"
"88","78","69","1","00:00:21","203","27","1","477"
"1","125","29","1","00:03:45","100","49","0","478"
"65","81","30","1","00:01:09","203","227","1","479"
"224","27","101","1","00:00:21","300","150","0","480"
"65","4","45","1","00:01:09","100","206","1","481"
"30","224","176","1","00:01:09","457","206","0","482"
"34","58","53","1","00:03:45","300","150","0","483"
"30","224","106","1","00:03:45","100","49","1","484"
"1","23","23","1","00:01:10","203","227","1","485"
"201","16","190","1","00:03:46","100","206","1","487"
"138","78","259","1","00:03:46","143","251","1","488"
"21","227","124","1","00:01:10","300","150","0","489"
"42","57","120","1","00:03:47","100","206","0","490"
"205","83","141","1","00:03:47","143","94","1","491"
"21","42","107","1","00:00:21","300","150","0","492"
"245","4","243","1","00:03:47","300","150","0","493"
"224","88","229","1","00:01:10","500","94","0","494"
"78","27","64","1","00:00:22","300","150","1","495"
"227","65","263","1","00:03:47","500","251","1","496"
"31","42","13","1","00:01:11","353","227","1","497"
"73","30","30","1","00:03:48","100","206","0","498"
"21","161","115","1","00:01:11","457","49","1","499"
"44","195","102","1","00:03:48","100","49","1","500"
"66","227","164","1","00:03:48","353","227","0","502"
"73","78","118","1","00:01:11","300","150","1","503"
"31","89","166","1","00:03:48","457","49","1","504"
"57","76","178","1","00:03:48","300","150","0","505"
"76","195","195","1","00:01:11","457","206","0","506"
"109","21","23","1","00:03:49","300","150","0","508"
"217","189","207","1","00:01:11","353","27","0","509"
"34","31","46","1","00:00:23","457","49","0","510"
"231","73","128","1","00:01:12","500","251","1","511"
"23","13","96","1","00:00:23","353","227","0","512"
"78","49","34","1","00:03:49","500","94","1","513"
"73","280","248","1","00:01:12","457","49","1","514"
"21","42","12","1","00:00:24","457","206","0","515"
"75","57","72","1","00:03:49","457","206","1","516"
"4","35","135","1","00:01:13","500","251","1","517"
"23","1","50","1","00:03:50","457","206","0","518"
"76","15","105","1","00:03:50","143","251","1","519"
"15","4","213","1","00:01:13","300","150","1","520"
"189","78","123","1","00:03:50","100","206","0","521"
"57","195","219","1","00:00:24","300","150","0","522"
"1","23","23","1","00:01:15","100","206","0","523"
"1","31","163","1","00:03:50","457","49","1","524"
"183","73","133","1","00:01:15","100","49","0","526"
"189","4","208","1","00:03:50","457","49","0","527"
"42","23","24","1","00:00:25","143","94","0","528"
"88","21","15","1","00:01:16","100","206","0","529"
"4","30","214","1","00:03:50","100","49","1","530"
"78","21","147","1","00:00:25","300","150","0","531"
"76","53","235","1","00:03:50","100","206","0","532"
"75","42","189","1","00:01:16","353","227","0","533"
"32","23","149","1","00:00:25","457","49","0","534"
"23","1","38","1","00:01:17","457","206","0","535"
"30","15","42","1","00:03:51","300","150","1","536"
"42","4","165","1","00:00:26","500","94","0","537"
"98","195","156","1","00:01:17","100","49","1","538"
"73","4","227","1","00:03:51","100","49","1","539"
"101","30","47","1","00:03:52","100","206","1","540"
"34","89","150","1","00:03:52","500","94","0","541"
"78","30","182","1","00:01:17","300","150","0","542"
"116","97","156","1","00:03:52","100","206","0","543"
"224","76","178","1","00:00:26","353","227","0","544"
"34","1","56","1","00:01:18","457","206","0","545"
"224","114","172","1","00:03:52","143","94","1","546"
"75","21","195","1","00:00:26","457","49","1","547"
"23","30","119","1","00:01:18","457","206","1","548"
"195","72","233","1","00:03:52","457","206","1","549"
"1","40","157","1","00:01:18","100","206","1","550"
"30","23","156","1","00:03:53","457","49","0","551"
"23","4","209","1","00:03:53","457","206","1","552"
"21","224","252","1","00:03:53","100","49","1","553"
"76","57","10","1","00:03:54","100","206","0","554"
"34","280","221","1","00:01:18","500","251","0","555"
"35","23","43","1","00:03:54","100","206","0","557"
"89","21","239","1","00:01:18","300","150","1","558"
"217","42","155","1","00:03:54","457","206","0","559"
"224","316","261","1","00:01:18","300","150","1","561"
"73","1","14","1","00:03:55","300","150","1","562"
"21","1","126","1","00:03:55","100","49","1","564"
"224","206","221","1","00:03:56","143","251","1","566"
"206","88","260","1","00:03:56","500","94","1","567"
"183","30","163","1","00:01:19","100","206","1","568"
"21","34","12","1","00:03:57","100","49","0","570"
"58","15","19","1","00:00:27","100","49","0","571"
"183","57","251","1","00:01:19","457","206","0","572"
"1","101","57","1","00:03:57","100","206","1","573"
"198","34","110","1","00:03:57","457","49","0","574"
"65","81","47","1","00:01:20","300","150","0","575"
"231","30","161","1","00:03:57","457","206","1","576"
"39","231","146","1","00:01:20","457","206","1","577"
"16","23","4","1","00:03:58","300","150","1","578"
"88","206","212","1","00:03:58","300","150","1","579"
"224","149","162","1","00:01:20","457","49","1","580"
"39","58","254","1","00:03:58","300","150","1","581"
"30","88","37","1","00:00:27","100","49","0","582"
"190","138","252","1","00:01:20","100","206","1","583"
"30","183","190","1","00:03:59","353","227","0","584"
"53","207","212","1","00:00:27","353","27","1","585"
"34","1","56","1","00:04:00","203","27","0","586"
"75","21","63","1","00:04:00","353","27","0","589"
"125","42","104","1","00:00:28","457","49","1","591"
"195","76","210","1","00:04:00","300","150","1","592"
"109","156","27","1","00:01:22","100","206","0","593"
"280","34","240","1","00:04:00","143","251","1","594"
"142","105","59","1","00:01:22","457","49","1","597"
"35","78","24","1","00:04:01","247","273","1","600"
"189","31","119","1","00:04:01","100","206","1","601"
"27","157","182","1","00:04:01","397","273","1","602"
"76","88","222","1","00:04:01","457","206","1","603"
"89","280","223","1","00:04:01","143","94","0","604"
"23","126","8","1","00:00:29","457","49","1","605"
"1","21","225","1","00:04:01","100","49","1","606"
"23","86","12","1","00:00:29","457","206","1","607"
"58","21","244","1","00:04:01","300","150","1","608"
"57","21","15","1","00:00:29","203","27","1","609"
"15","35","32","1","00:00:29","457","49","0","611"
"76","183","145","1","00:00:29","100","49","1","613"
"35","73","5","1","00:04:02","300","150","0","614"
"31","23","149","1","00:00:29","457","49","1","615"
"183","4","185","1","00:04:02","353","27","1","616"
"101","183","151","1","00:00:29","457","206","1","617"
"65","142","72","1","00:01:22","203","27","1","618"
"78","21","95","1","00:04:03","203","27","0","620"
"30","214","138","1","00:04:03","457","206","1","621"
"61","76","238","1","00:01:22","300","150","0","623"
"30","4","176","1","00:04:03","457","49","0","624"
"78","30","89","1","00:00:30","100","206","1","625"
"49","72","57","1","00:01:23","203","27","1","626"
"39","88","254","1","00:04:03","300","150","1","627"
"1","73","133","1","00:01:23","100","206","1","628"
"245","227","242","1","00:04:04","143","251","0","629"
"224","244","261","1","00:04:04","100","49","1","630"
"86","97","142","1","00:01:23","300","150","1","632"
"138","313","261","1","00:02:24","100","206","0","634"
"4","73","224","1","00:00:30","100","49","0","635"
"73","23","195","1","00:01:23","100","49","1","636"
"27","65","17","1","00:01:24","300","150","0","637"
"57","34","268","1","00:00:30","457","49","0","638"
"15","31","27","1","00:00:31","457","49","1","639"
"30","88","37","1","00:00:31","100","49","1","641"
"75","224","211","1","00:01:24","143","251","0","642"
"23","65","40","1","00:00:31","457","49","1","643"
"58","23","59","1","00:00:31","100","49","1","644"
"1","21","225","1","00:01:24","457","49","1","645"
"78","231","112","1","00:00:31","100","206","0","646"
"4","88","264","1","00:01:24","457","49","1","647"
"23","4","50","1","00:01:25","143","251","0","648"
"31","89","166","1","00:00:31","353","227","1","649"
"156","1","87","1","00:01:25","100","49","0","650"
"1","4","171","1","00:00:31","457","49","0","651"
"227","23","239","1","00:00:31","500","94","0","652"
"39","21","131","1","00:01:25","457","206","1","653"
"248","4","231","1","00:00:32","203","227","0","654"
"57","15","19","1","00:04:05","457","49","0","656"
"73","224","245","1","00:00:32","100","206","0","657"
"1","30","163","1","00:04:05","300","150","0","658"
"88","21","191","1","00:04:05","353","227","0","659"
"27","35","60","1","00:01:26","300","150","0","660"
"116","31","6","1","00:04:06","100","206","0","661"
"78","76","57","1","00:00:33","100","49","0","662"
"97","224","132","1","00:01:26","300","150","0","663"
"21","34","12","1","00:04:06","100","206","1","664"
"1","280","269","1","00:00:33","457","49","0","665"
"98","86","154","1","00:01:26","300","150","0","666"
"97","78","97","1","00:04:06","457","206","1","667"
"86","78","145","1","00:04:06","300","150","1","669"
"183","23","147","1","00:01:27","100","49","0","670"
"42","101","61","1","00:04:07","100","49","1","672"
"68","227","164","1","00:01:27","100","49","1","673"
"1","76","29","1","00:00:34","457","206","1","674"
"4","88","65","1","00:04:07","457","49","1","675"
"78","42","157","1","00:00:34","457","49","0","676"
"42","78","179","1","00:00:34","100","206","1","677"
"78","89","220","1","00:00:34","100","206","0","678"
"183","39","173","1","00:01:27","100","49","1","679"
"227","4","125","1","00:04:07","500","251","1","680"
"23","57","181","1","00:04:07","143","251","0","681"
"161","86","178","1","00:01:27","457","49","1","682"
"81","142","49","1","00:04:08","203","227","0","684"
"23","88","209","1","00:01:27","300","150","1","685"
"78","21","109","1","00:04:08","300","150","1","686"
"97","39","175","1","00:04:08","457","49","0","687"
"78","34","48","1","00:04:09","300","150","1","688"
"4","204","135","1","00:04:09","143","251","1","689"
"63","195","159","1","00:04:09","100","206","0","690"
"31","75","166","1","00:04:09","457","49","0","691"
"280","4","258","1","00:04:09","457","49","1","692"
"23","78","230","1","00:01:27","457","49","1","694"
"21","227","124","1","00:04:10","100","206","0","695"
"30","86","154","1","00:04:10","300","150","1","696"
"78","195","225","1","00:00:34","457","206","1","698"
"31","248","253","1","00:00:34","457","49","0","699"
"244","138","245","1","00:01:27","100","206","1","700"
"280","21","256","1","00:00:34","143","251","1","701"
"78","81","20","1","00:01:28","397","273","1","702"
"75","78","25","1","00:01:28","100","206","0","704"
"30","21","58","1","00:00:35","457","49","0","706"
"142","1","69","1","00:01:28","457","206","0","707"
"23","76","88","1","00:04:11","100","49","0","708"
"214","21","111","1","00:04:11","457","49","0","709"
"190","1","134","1","00:01:28","100","206","1","710"
"21","73","153","1","00:04:11","300","150","0","711"
"23","58","115","1","00:00:35","353","27","1","712"
"42","195","183","1","00:04:11","457","206","0","713"
"31","116","33","1","00:01:29","100","206","0","714"
"57","30","201","1","00:00:35","457","49","1","715"
"195","86","153","1","00:01:29","100","49","0","716"
"75","21","63","1","00:00:36","353","27","0","719"
"88","114","249","1","00:01:29","457","49","0","720"
"21","30","20","1","00:04:12","300","150","1","721"
"76","1","118","1","00:00:36","353","27","0","722"
"42","27","35","1","00:04:12","500","251","1","723"
"57","1","69","1","00:01:30","300","150","1","724"
"30","1","180","1","00:00:36","300","150","1","725"
"142","101","41","1","00:04:12","203","27","1","726"
"280","39","258","1","00:01:30","300","150","0","727"
"30","1","87","1","00:04:12","100","49","0","728"
"30","34","240","1","00:00:36","143","251","1","729"
"1","30","163","1","00:04:12","457","49","0","730"
"224","220","266","1","00:04:12","500","251","0","733"
"76","78","45","1","00:01:31","100","206","1","734"
"224","97","234","1","00:04:13","300","150","1","736"
"227","89","150","1","00:00:37","397","73","1","737"
"39","58","53","1","00:04:14","500","251","0","738"
"65","105","63","1","00:01:31","300","150","1","739"
"88","75","41","1","00:00:38","100","206","1","740"
"65","105","63","1","00:04:14","300","150","1","741"
"57","21","160","1","00:04:14","100","206","1","742"
"4","78","162","1","00:04:15","100","49","1","743"
"75","1","45","1","00:00:38","203","227","1","744"
"183","75","187","1","00:04:15","457","49","0","745"
"4","280","214","1","00:00:38","100","206","0","746"
"100","58","222","1","00:00:38","353","227","1","747"
"205","15","228","1","00:00:38","457","49","1","748"
"21","201","168","1","00:00:39","300","150","1","749"
"4","30","200","1","00:00:40","100","206","1","751"
"88","30","212","1","00:04:15","100","206","0","752"
"13","138","89","1","00:04:16","457","49","0","753"
"78","114","99","1","00:04:16","247","273","0","754"
"26","286","222","1","00:04:16","457","49","1","755"
"4","58","254","1","00:04:16","100","206","1","756"
"34","23","117","1","00:00:41","100","49","0","758"
"65","97","84","1","00:01:31","100","49","1","759"
"1","30","163","1","00:00:41","100","49","0","761"
"4","49","101","1","00:01:31","300","150","0","762"
"1","21","23","1","00:04:17","100","49","1","763"
"280","31","258","1","00:00:42","100","206","1","764"
"205","31","161","1","00:04:17","457","49","0","765"
"98","78","180","1","00:01:31","300","150","0","766"
"1","76","29","1","00:00:43","457","206","1","767"
"88","30","212","1","00:04:17","100","206","1","768"
"58","1","19","1","00:04:18","457","206","1","769"
"97","224","250","1","00:01:31","100","206","0","770"
"23","1","70","1","00:04:18","100","49","0","771"
"42","88","53","1","00:00:43","247","73","1","772"
"86","31","35","1","00:01:32","500","94","1","773"
"17","31","99","1","00:00:43","143","94","0","774"
"42","21","117","1","00:01:32","143","94","1","775"
"183","30","182","1","00:00:43","500","94","0","776"
"31","89","253","1","00:00:43","300","150","0","777"
"227","4","125","1","00:04:18","397","273","1","778"
"71","169","160","1","00:01:32","100","49","0","779"
"57","83","172","1","00:04:18","300","150","1","780"
"75","11","196","1","00:04:18","100","206","1","781"
"57","183","162","1","00:01:32","100","49","1","782"
"88","195","206","1","00:04:18","353","227","0","783"
"30","34","60","1","00:04:19","203","27","0","784"
"57","83","172","1","00:04:19","143","251","1","785"
"23","214","100","1","00:01:33","457","206","1","786"
"227","21","117","1","00:04:20","500","94","0","788"
"89","21","159","1","00:04:20","457","49","1","789"
"57","21","160","1","00:04:20","100","206","0","790"
"31","86","154","1","00:01:33","100","206","1","791"
"39","4","197","1","00:04:20","457","49","0","792"
"97","57","132","1","00:04:21","100","49","0","795"
"227","1","179","1","00:01:33","203","27","1","796"
"35","65","61","1","00:04:22","100","206","1","797"
"23","1","50","1","00:00:44","500","251","0","798"
"23","76","169","1","00:04:22","457","49","1","799"
"34","31","161","1","00:02:25","457","49","0","800"
"4","57","264","1","00:00:44","300","150","1","801"
"231","1","179","1","00:04:22","457","206","1","802"
"78","4","171","1","00:00:45","300","150","0","803"
"78","89","246","1","00:04:22","300","150","0","804"
"39","88","199","1","00:02:25","300","150","0","805"
"76","31","30","1","00:04:23","100","49","0","806"
"75","34","189","1","00:01:33","457","206","1","807"
"45","81","46","1","00:04:23","457","49","0","808"
"88","227","215","1","00:02:25","300","150","1","809"
"2","21","94","1","00:04:23","457","49","0","810"
"138","97","131","1","00:04:23","457","206","1","811"
"1","57","251","1","00:01:33","457","49","0","812"
"280","4","258","1","00:04:23","203","227","1","813"
"138","78","234","1","00:04:25","300","150","0","815"
"39","58","53","1","00:04:26","300","150","0","816"
"156","65","66","1","00:01:34","100","206","0","817"
"30","88","49","1","00:00:46","457","49","1","820"
"31","1","87","1","00:04:26","300","150","1","821"
"97","39","51","1","00:02:26","100","49","0","822"
"21","75","136","1","00:00:46","100","49","0","823"
"31","34","110","1","00:04:26","457","49","0","824"
"57","116","59","1","00:02:26","100","49","1","825"
"224","114","172","1","00:00:46","500","94","1","826"
"45","269","256","1","00:04:26","100","206","0","827"
"78","88","113","1","00:04:27","203","227","1","828"
"1","73","133","1","00:04:27","300","150","0","830"
"49","30","221","1","00:00:46","143","94","0","831"
"76","31","158","1","00:02:26","100","206","0","832"
"86","34","164","1","00:04:27","457","206","0","833"
"78","69","29","1","00:04:28","457","206","1","838"
"65","97","86","1","00:01:35","100","49","0","839"
"156","65","66","1","00:04:28","143","94","0","840"
"269","39","262","1","00:02:27","100","206","1","841"
"35","105","73","1","00:04:28","100","206","1","842"
"57","35","26","1","00:00:47","143","94","1","843"
"39","57","106","1","00:01:35","100","206","1","844"
"231","76","128","1","00:04:28","143","251","0","845"
"34","15","56","1","00:00:47","457","49","1","846"
"88","31","200","1","00:01:35","457","49","0","847"
"75","97","111","1","00:02:28","300","150","1","848"
"42","30","35","1","00:04:29","300","150","0","849"
"75","21","63","1","00:00:47","100","206","1","850"
"21","4","115","1","00:04:29","100","49","0","851"
"73","88","222","1","00:01:35","100","206","0","852"
"42","76","5","1","00:02:29","143","94","1","853"
"227","76","263","1","00:04:29","500","251","0","854"
"189","78","123","1","00:00:47","457","49","0","855"
"73","35","2","1","00:04:30","457","49","1","856"
"4","156","62","1","00:01:36","100","49","0","857"
"76","206","104","1","00:02:29","457","206","1","858"
"78","89","184","1","00:00:47","143","251","1","859"
"97","214","136","1","00:04:30","457","206","0","860"
"146","109","68","1","00:01:36","143","251","1","861"
"30","4","243","1","00:00:47","500","94","1","862"
"205","27","148","1","00:02:29","143","251","1","863"
"88","269","219","1","00:04:30","457","206","1","864"
"109","54","34","1","00:04:31","500","94","0","865"
"75","1","45","1","00:04:31","100","49","0","866"
"201","76","154","1","00:01:36","100","206","1","867"
"75","39","174","1","00:04:31","100","206","1","868"
"231","183","179","1","00:04:31","457","206","0","869"
"49","116","95","1","00:04:32","300","150","1","870"
"138","78","234","1","00:01:36","500","251","0","871"
"23","212","169","1","00:04:32","457","49","0","872"
"189","42","186","1","00:04:32","100","206","0","873"
"224","195","191","1","00:04:32","100","49","0","874"
"217","189","207","1","00:04:32","457","49","0","875"
"88","65","41","1","00:01:37","457","206","0","876"
"189","61","262","1","00:04:32","100","206","0","877"
"115","42","231","1","00:02:29","500","251","0","878"
"27","65","17","1","00:04:33","457","206","1","879"
"42","49","68","1","00:01:37","100","49","1","880"
"280","61","243","1","00:02:29","397","73","1","881"
"116","195","149","1","00:01:37","100","206","0","882"
"161","209","129","1","00:04:33","100","206","1","883"
"23","73","153","1","00:04:33","100","49","1","885"
"65","34","36","1","00:04:34","300","150","0","888"
"39","224","103","1","00:04:34","353","227","1","889"
"201","231","170","1","00:04:34","100","206","1","890"
"109","142","65","1","00:04:35","203","27","0","891"
"65","97","86","1","00:04:35","457","206","1","892"
"31","54","22","1","00:02:30","457","206","0","893"
"34","224","125","1","00:04:35","300","150","1","894"
"31","286","264","1","00:04:35","100","206","1","895"
"39","227","253","1","00:01:37","457","206","0","896"
"244","23","241","1","00:04:53","300","150","1","897"
"55","39","39","1","00:02:30","300","150","1","899"
"125","97","92","1","00:04:54","457","206","0","901"
"97","109","97","1","00:01:38","300","150","0","902"
"78","220","113","1","00:02:30","300","150","0","904"
"23","76","136","1","00:04:54","457","206","1","905"
"21","4","115","1","00:01:38","100","206","0","906"
"1","61","213","1","00:02:30","353","27","0","907"
"21","30","6","1","00:04:36","457","49","1","908"
"21","42","186","1","00:04:54","100","206","0","909"
"227","78","143","1","00:02:31","500","94","0","910"
"65","81","30","1","00:04:36","100","206","0","911"
"280","21","256","1","00:02:31","203","227","0","912"
"30","101","197","1","00:04:54","300","150","0","913"
"138","65","67","1","00:04:36","457","206","0","914"
"78","89","246","1","00:01:38","100","49","0","915"
"53","23","219","1","00:04:54","100","206","0","916"
"78","86","32","1","00:01:39","100","206","0","918"
"34","4","120","1","00:04:36","457","206","0","919"
"57","89","249","1","00:04:54","100","206","0","920"
"1","73","133","1","00:04:36","353","227","0","921"
"138","220","229","1","00:01:40","500","94","1","922"
"31","57","137","1","00:02:32","203","27","1","923"
"73","101","222","1","00:04:36","100","206","0","924"
"35","81","35","1","00:04:55","500","94","1","925"
"244","205","248","1","00:04:36","100","49","1","926"
"73","58","235","1","00:02:32","457","49","0","928"
"78","73","255","1","00:04:36","100","49","0","929"
"30","78","121","1","00:04:55","457","49","1","930"
"191","49","123","1","00:02:33","203","227","1","933"
"76","157","158","1","00:04:37","457","206","0","934"
"97","224","250","1","00:04:55","100","206","0","935"
"244","61","227","1","00:04:37","100","206","1","936"
"76","78","52","1","00:01:42","203","227","0","937"
"65","34","21","1","00:04:38","100","206","1","939"
"33","91","102","1","00:01:42","300","150","1","941"
"35","191","130","1","00:02:33","143","251","1","942"
"98","109","42","1","00:04:38","457","49","0","944"
"13","21","94","1","00:04:38","300","150","0","945"
"89","1","105","1","00:01:42","300","150","0","946"
"76","231","164","1","00:02:33","457","206","0","947"
"21","65","8","1","00:04:39","300","150","1","949"
"191","89","100","1","00:04:39","457","206","1","950"
"73","195","196","1","00:01:42","100","206","1","951"
"21","31","175","1","00:02:33","300","150","0","952"
"31","21","58","1","00:04:56","353","227","0","953"
"21","116","175","1","00:04:39","457","49","1","954"
"103","81","20","1","00:01:43","397","273","0","955"
"195","73","203","1","00:02:33","300","150","1","956"
"4","316","238","1","00:04:56","100","49","0","957"
"191","89","100","1","00:04:40","100","206","0","959"
"97","86","169","1","00:01:43","100","206","0","961"
"1","34","32","1","00:02:34","353","227","1","962"
"224","86","178","1","00:04:40","143","251","1","963"
"34","75","266","1","00:04:40","143","251","0","966"
"1","101","57","1","00:02:34","100","49","0","968"
"138","73","261","1","00:02:34","100","206","0","972"
"142","78","15","1","00:01:44","353","27","0","973"
"156","101","66","1","00:04:57","500","94","1","974"
"49","31","64","1","00:02:35","457","49","0","975"
"58","89","215","1","00:01:44","300","150","1","976"
"149","142","71","1","00:04:57","457","49","0","977"
"75","92","86","1","00:04:57","457","206","0","978"
"125","13","105","1","00:02:35","143","251","0","979"
"23","214","100","1","00:04:57","457","49","1","980"
"138","21","131","1","00:04:57","457","49","0","981"
"4","214","108","1","00:02:35","457","206","1","982"
"89","42","164","1","00:04:57","457","206","1","983"
"21","116","175","1","00:04:57","100","206","0","984"
"214","88","140","1","00:02:35","143","251","1","985"
"269","57","233","1","00:01:44","100","206","1","986"
"227","21","183","1","00:04:57","353","227","0","987"
"183","76","187","1","00:02:35","300","150","0","989"
"31","42","13","1","00:04:42","100","206","1","993"
"31","58","264","1","00:02:35","100","206","1","994"
"183","98","163","1","00:04:58","100","206","1","996"
"244","61","227","1","00:04:58","100","206","1","998"
"49","142","113","1","00:01:45","300","150","1","999"
"76","31","47","1","00:02:36","100","49","0","1000"
"313","89","257","1","00:04:58","457","49","0","1001"
"42","21","117","1","00:04:42","143","94","1","1002"
"89","313","263","1","00:04:58","500","251","0","1003"
"49","76","133","1","00:01:45","100","206","0","1004"
"101","30","152","1","00:04:42","457","49","0","1005"
"78","75","184","1","00:04:42","500","94","0","1006"
"89","15","14","1","00:04:59","100","206","0","1007"
"49","15","234","1","00:04:42","300","150","0","1008"
"116","138","55","1","00:02:36","300","150","1","1009"
"78","34","48","1","00:04:43","100","206","0","1010"
"5","224","185","1","00:01:45","457","206","0","1011"
"190","1","134","1","00:04:43","203","27","1","1012"
"217","45","212","1","00:01:45","457","206","0","1014"
"149","57","53","1","00:04:44","500","251","0","1015"
"49","101","57","1","00:04:59","100","206","1","1016"
"88","75","54","1","00:04:44","100","206","1","1017"
"57","78","151","1","00:02:36","100","206","0","1018"
"217","45","212","1","00:04:59","100","49","1","1019"
"76","101","222","1","00:01:45","300","150","0","1020"
"65","97","86","1","00:04:44","457","49","1","1021"
"23","280","265","1","00:04:59","100","49","0","1022"
"101","49","162","1","00:02:36","353","227","0","1023"
"1","23","147","1","00:04:44","203","227","1","1024"
"244","45","248","1","00:01:45","100","49","1","1025"
"57","75","18","1","00:05:00","300","150","0","1026"
"191","280","265","1","00:04:44","457","49","1","1030"
"75","1","45","1","00:02:37","353","227","0","1031"
"34","57","125","1","00:04:45","143","94","0","1032"
"105","4","50","1","00:01:47","100","206","0","1033"
"109","34","16","1","00:05:01","457","49","0","1034"
"101","35","135","1","00:04:45","500","94","0","1035"
"73","78","218","1","00:04:45","457","49","0","1036"
"30","57","49","1","00:02:37","100","206","0","1037"
"227","76","263","1","00:04:45","500","251","1","1039"
"4","89","178","1","00:05:01","143","251","1","1041"
"23","142","44","1","00:04:46","457","49","0","1042"
"27","195","147","1","00:02:37","100","206","0","1043"
"75","34","189","1","00:04:46","457","49","0","1045"
"205","97","228","1","00:05:01","500","251","1","1046"
"57","65","18","1","00:04:47","457","206","1","1047"
"30","42","170","1","00:02:37","457","49","0","1048"
"34","88","53","1","00:01:48","397","73","1","1049"
"23","35","124","1","00:05:02","100","49","1","1050"
"21","73","203","1","00:05:02","457","206","0","1051"
"195","76","204","1","00:02:37","457","49","1","1052"
"23","88","209","1","00:01:48","100","206","1","1053"
"97","248","220","1","00:05:02","300","150","1","1054"
"76","31","227","1","00:05:02","100","206","0","1055"
"21","183","126","1","00:04:47","353","27","1","1056"
"102","30","265","1","00:01:48","203","227","0","1057"
"116","183","121","1","00:02:38","353","27","0","1058"
"313","89","257","1","00:04:47","353","227","1","1060"
"78","81","20","1","00:01:49","500","94","0","1061"
"142","30","221","1","00:02:38","397","73","0","1062"
"23","109","70","1","00:05:03","300","150","1","1063"
"30","35","258","1","00:02:38","203","227","1","1065"
"142","86","39","1","00:01:49","100","49","0","1066"
"109","97","95","1","00:05:03","100","206","0","1067"
"65","88","72","1","00:01:49","100","49","1","1068"
"81","39","13","1","00:02:39","203","27","0","1069"
"21","183","126","1","00:05:03","100","206","1","1070"
"31","73","138","1","00:05:03","457","49","1","1071"
"57","23","160","1","00:01:49","100","206","0","1072"
"57","34","155","1","00:05:03","457","49","1","1073"
"49","97","95","1","00:04:48","100","49","1","1075"
"75","30","30","1","00:05:04","100","206","1","1076"
"39","49","121","1","00:01:50","203","227","1","1077"
"57","1","69","1","00:05:04","203","227","0","1078"
"42","78","143","1","00:05:04","143","94","0","1079"
"4","78","101","1","00:04:48","500","94","0","1080"
"116","97","156","1","00:01:50","353","27","1","1081"
"57","1","127","1","00:04:48","100","206","0","1082"
"31","97","156","1","00:05:04","457","49","0","1083"
"34","75","128","1","00:02:40","143","94","0","1084"
"31","195","149","1","00:04:48","100","206","0","1085"
"101","36","167","1","00:05:04","457","206","1","1086"
"42","57","165","1","00:02:40","143","94","0","1088"
"31","224","176","1","00:05:04","100","206","1","1089"
"1","30","182","1","00:05:04","143","251","0","1090"
"280","227","217","1","00:02:40","397","273","0","1091"
"15","190","225","1","00:01:50","457","206","1","1093"
"21","39","262","1","00:05:04","457","49","0","1094"
"21","13","97","1","00:04:49","100","49","1","1095"
"61","57","254","1","00:01:50","457","49","1","1096"
"57","35","167","1","00:04:49","300","150","1","1097"
"201","76","267","1","00:02:40","457","206","0","1098"
"31","78","180","1","00:04:49","300","150","1","1099"
"78","81","20","1","00:05:05","300","150","1","1102"
"142","86","39","1","00:04:50","457","49","0","1104"
"65","220","122","1","00:01:51","100","49","1","1105"
"57","75","41","1","00:02:41","457","206","1","1106"
"183","39","173","1","00:04:50","100","49","1","1107"
"205","23","117","1","00:04:51","143","94","1","1108"
"57","183","162","1","00:01:51","100","206","1","1109"
"183","116","182","1","00:02:41","143","251","0","1110"
"183","42","157","1","00:04:51","457","206","1","1111"
"4","23","23","1","00:05:05","300","150","1","1112"
"42","31","35","1","00:05:05","457","49","0","1113"
"1","138","250","1","00:01:51","100","49","1","1114"
"34","31","236","1","00:02:41","143","94","0","1115"
"88","39","200","1","00:04:51","457","49","1","1116"
"42","109","56","1","00:01:53","457","206","1","1117"
"42","142","53","1","00:05:05","143","94","0","1118"
"23","201","168","1","00:04:52","100","206","0","1119"
"75","97","111","1","00:05:05","100","206","1","1120"
"76","1","218","1","00:01:53","457","49","0","1121"
"190","316","210","1","00:04:52","300","150","1","1122"
"21","73","203","1","00:02:42","100","206","1","1123"
"27","65","67","1","00:01:54","100","49","0","1124"
"23","76","136","1","00:05:05","203","27","1","1125"
"25","217","208","1","00:01:54","100","49","1","1126"
"244","61","227","1","00:02:42","143","94","0","1127"
"75","195","195","1","00:05:05","100","49","0","1128"
"34","75","266","1","00:05:05","100","206","1","1129"
"190","101","233","1","00:01:54","100","49","0","1130"
"31","101","254","1","00:02:42","100","206","1","1131"
"34","57","165","1","00:04:53","500","94","0","1132"
"105","142","44","1","00:01:55","457","49","1","1134"
"81","15","11","1","00:02:43","457","49","1","1135"
"31","1","85","1","00:05:06","100","206","1","1136"
"1","114","182","1","00:05:06","143","251","0","1137"
"75","116","174","1","00:04:53","300","150","0","1139"
"39","30","35","1","00:02:44","300","150","1","1140"
"224","97","206","1","00:05:06","457","49","1","1141"
"191","57","233","1","00:04:53","100","206","1","1143"
"86","21","73","1","00:02:44","300","150","0","1144"
"65","183","118","1","00:01:55","457","206","0","1145"
"31","316","267","1","00:05:07","100","206","0","1146"
"39","126","5","1","00:01:56","500","94","1","1148"
"57","23","219","1","00:02:44","100","49","0","1149"
"61","30","3","1","00:05:08","100","49","1","1150"
"31","23","33","1","00:01:56","100","206","0","1151"
"21","65","136","1","00:02:45","100","206","1","1152"
"39","101","5","1","00:05:08","397","273","1","1153"
"42","15","56","1","00:05:08","457","49","0","1154"
"97","138","168","1","00:01:56","100","206","1","1155"
"35","97","117","1","00:05:09","300","150","0","1158"
"125","78","105","1","00:06:04","500","251","0","1159"
"102","210","153","1","00:02:45","457","49","1","1161"
"58","1","237","1","00:06:04","100","49","0","1162"
"149","142","71","1","00:01:57","457","49","0","1163"
"244","23","241","1","00:02:45","457","206","0","1164"
"125","97","92","1","00:06:05","100","206","1","1166"
"31","42","170","1","00:06:05","457","206","0","1167"
"204","97","130","1","00:05:09","300","150","1","1169"
"58","42","26","1","00:02:46","397","73","1","1171"
"183","30","182","1","00:05:09","143","251","0","1172"
"4","81","27","1","00:01:58","203","227","1","1173"
"227","34","211","1","00:05:09","500","94","1","1174"
"75","220","122","1","00:02:46","300","150","1","1175"
"76","88","72","1","00:05:10","100","206","0","1176"
"97","227","107","1","00:01:58","100","206","1","1177"
"4","201","172","1","00:06:05","143","251","0","1178"
"34","75","266","1","00:05:10","500","94","1","1179"
"39","49","121","1","00:01:58","457","49","1","1180"
"23","101","233","1","00:06:05","353","227","1","1181"
"31","73","238","1","00:02:46","353","227","1","1182"
"101","78","237","1","00:01:58","457","206","0","1183"
"97","31","213","1","00:06:06","457","49","0","1185"
"97","109","50","1","00:01:59","457","206","1","1186"
"31","23","247","1","00:02:46","100","49","0","1187"
"116","88","106","1","00:06:07","457","49","0","1188"
"146","109","68","1","00:01:59","143","94","1","1189"
"76","42","189","1","00:06:07","300","150","1","1190"
"105","27","55","1","00:06:08","100","206","0","1193"
"75","97","84","1","00:01:59","100","206","1","1194"
"88","75","108","1","00:06:08","300","150","0","1195"
"57","34","39","1","00:02:47","100","49","0","1196"
"4","21","144","1","00:06:08","457","49","0","1197"
"58","34","26","1","00:06:09","500","251","0","1198"
"97","49","96","1","00:01:59","100","49","1","1199"
"23","57","209","1","00:06:09","457","206","1","1200"
"105","42","51","1","00:05:11","100","206","1","1201"
"78","89","220","1","00:06:09","100","49","0","1202"
"23","212","100","1","00:01:59","457","206","0","1203"
"57","34","135","1","00:05:11","500","251","1","1205"
"31","34","110","1","00:02:47","203","227","0","1206"
"30","39","13","1","00:06:10","100","49","1","1207"
"4","316","238","1","00:01:59","203","27","0","1208"
"73","34","245","1","00:05:11","300","150","0","1209"
"189","76","203","1","00:02:47","100","49","0","1210"
"31","88","254","1","00:05:11","457","49","0","1211"
"13","27","89","1","00:02:00","457","49","0","1212"
"34","259","259","1","00:05:11","143","251","1","1213"
"58","1","237","1","00:02:47","457","206","1","1214"
"97","1","126","1","00:02:00","100","206","1","1215"
"78","208","250","1","00:05:12","300","150","1","1216"
"23","35","12","1","00:05:13","100","206","1","1217"
"78","21","98","1","00:06:10","457","206","0","1218"
"31","78","180","1","00:02:00","100","206","1","1219"
"42","49","56","1","00:05:13","353","27","1","1220"
"23","109","70","1","00:05:13","100","206","1","1221"
"78","32","163","1","00:06:10","100","206","1","1222"
"57","31","201","1","00:02:00","300","150","0","1223"
"86","217","235","1","00:06:10","457","49","0","1224"
"39","231","110","1","00:05:13","457","49","1","1225"
"4","35","16","1","00:02:01","300","150","1","1226"
"138","220","266","1","00:06:10","100","49","0","1227"
"23","138","252","1","00:05:13","100","206","1","1228"
"57","49","162","1","00:02:48","100","206","1","1229"
"75","42","21","1","00:02:01","457","206","0","1231"
"78","31","173","1","00:02:48","353","27","0","1232"
"75","23","92","1","00:05:14","100","206","0","1233"
"65","49","52","1","00:06:11","203","27","1","1234"
"31","78","87","1","00:02:01","353","27","1","1235"
"224","76","178","1","00:02:48","143","94","1","1236"
"280","227","217","1","00:05:14","247","273","0","1237"
"195","89","100","1","00:06:11","457","49","1","1238"
"21","73","210","1","00:02:48","100","206","1","1240"
"31","57","37","1","00:05:15","457","206","1","1241"
"142","65","54","1","00:05:15","100","206","0","1242"
"73","58","235","1","00:05:15","457","206","1","1243"
"183","75","133","1","00:06:11","457","206","0","1245"
"76","97","63","1","00:02:02","100","206","0","1246"
"76","30","174","1","00:06:11","457","49","1","1247"
"4","58","264","1","00:05:15","203","227","1","1248"
"142","15","69","1","00:02:02","457","49","0","1249"
"76","105","84","1","00:02:49","353","227","0","1250"
"53","15","19","1","00:06:12","203","27","0","1251"
"76","21","63","1","00:06:12","203","227","0","1252"
"4","75","129","1","00:02:02","457","49","1","1254"
"4","76","129","1","00:06:12","300","150","0","1255"
"31","88","137","1","00:02:49","100","49","1","1256"
"105","39","51","1","00:05:16","100","206","1","1257"
"89","15","145","1","00:02:02","100","206","1","1258"
"89","195","111","1","00:02:50","300","150","1","1259"
"57","78","69","1","00:05:16","457","49","1","1260"
"34","67","128","1","00:05:16","143","251","0","1261"
"1","89","220","1","00:02:50","100","49","1","1262"
"76","34","177","1","00:05:16","100","49","1","1263"
"89","195","142","1","00:06:12","100","206","1","1264"
"30","26","232","1","00:05:16","143","251","1","1265"
"58","21","219","1","00:06:12","457","206","1","1266"
"101","97","207","1","00:02:02","457","206","1","1267"
"231","73","114","1","00:05:17","300","150","0","1269"
"13","31","89","1","00:06:13","457","206","0","1270"
"195","73","203","1","00:06:13","100","49","1","1271"
"57","21","144","1","00:05:17","457","49","0","1272"
"65","39","116","1","00:06:14","457","206","1","1274"
"21","27","6","1","00:02:03","353","227","0","1275"
"23","78","134","1","00:06:14","457","49","1","1276"
"78","116","95","1","00:02:51","100","206","1","1277"
"34","195","183","1","00:06:14","300","150","1","1278"
"247","280","265","1","00:06:14","300","150","0","1279"
"73","35","2","1","00:05:18","457","49","0","1280"
"54","97","31","1","00:02:03","203","227","0","1281"
"31","15","11","1","00:06:15","300","150","0","1282"
"37","23","183","1","00:02:51","457","206","1","1283"
"4","116","59","1","00:02:03","457","206","0","1284"
"34","21","117","1","00:06:15","300","150","1","1285"
"35","88","120","1","00:06:15","500","94","0","1286"
"42","57","165","1","00:02:52","143","251","1","1287"
"34","76","5","1","00:05:18","300","150","0","1288"
"34","75","128","1","00:02:53","143","251","1","1289"
"57","1","127","1","00:05:18","100","206","0","1290"
"1","42","157","1","00:05:18","100","49","1","1291"
"210","227","189","1","00:05:18","100","49","1","1292"
"78","76","184","1","00:06:15","247","273","0","1293"
"116","97","156","1","00:02:03","353","27","0","1295"
"23","35","107","1","00:05:19","300","150","1","1296"
"31","75","17","1","00:02:04","100","49","0","1298"
"98","116","33","1","00:02:54","100","206","1","1299"
"89","78","145","1","00:06:16","100","206","1","1300"
"97","81","20","1","00:02:04","500","94","0","1302"
"21","76","204","1","00:06:17","100","206","1","1303"
"31","88","106","1","00:02:54","353","27","1","1304"
"1","31","64","1","00:06:18","457","49","1","1305"
"78","57","185","1","00:06:18","100","206","1","1307"
"212","206","104","1","00:02:04","457","206","0","1308"
"34","31","236","1","00:02:54","300","150","0","1309"
"4","73","29","1","00:05:21","457","49","1","1310"
"101","231","135","1","00:02:04","300","150","0","1311"
"316","40","248","1","00:02:54","100","206","1","1312"
"27","35","60","1","00:05:21","457","206","1","1313"
"75","21","63","1","00:06:19","100","206","0","1314"
"86","34","164","1","00:02:04","457","49","0","1315"
"76","31","116","1","00:06:19","457","206","0","1316"
"34","76","261","1","00:02:54","300","150","0","1317"
"34","183","179","1","00:02:04","300","150","1","1318"
"34","195","183","1","00:06:19","457","206","1","1320"
"224","316","261","1","00:06:19","143","94","0","1321"
"31","88","37","1","00:06:20","457","206","1","1323"
"116","49","97","1","00:06:20","300","150","1","1324"
"39","1","190","1","00:02:04","457","206","1","1325"
"97","86","153","1","00:06:20","300","150","1","1326"
"109","116","4","1","00:05:22","100","206","1","1327"
"244","45","248","1","00:02:04","100","206","0","1329"
"42","81","46","1","00:06:21","500","251","1","1330"
"110","86","48","1","00:05:22","100","49","0","1331"
"183","31","182","1","00:02:55","247","73","0","1332"
"31","183","180","1","00:06:21","457","206","1","1333"
"101","23","63","1","00:05:22","457","49","1","1334"
"205","34","240","1","00:06:21","100","49","0","1335"
"138","23","216","1","00:02:55","143","251","1","1336"
"125","183","118","1","00:05:22","100","206","1","1337"
"75","30","47","1","00:06:22","457","206","0","1339"
"78","58","251","1","00:02:55","100","206","0","1340"
"30","23","149","1","00:05:22","100","49","0","1341"
"201","16","190","1","00:06:22","300","150","1","1342"
"280","58","260","1","00:06:22","457","49","0","1343"
"98","27","180","1","00:02:56","300","150","0","1344"
"243","45","269","1","00:06:22","100","206","1","1346"
"30","23","58","1","00:06:23","100","206","0","1347"
"30","75","67","1","00:06:23","100","206","0","1348"
"195","101","181","1","00:02:56","143","94","1","1349"
"101","31","47","1","00:02:06","100","49","1","1350"
"34","1","68","1","00:06:23","143","251","1","1351"
"30","21","156","1","00:06:23","100","206","1","1352"
"30","101","199","1","00:05:22","457","49","0","1353"
"280","61","243","1","00:06:23","247","73","1","1354"
"30","78","121","1","00:02:06","457","206","0","1355"
"114","195","239","1","00:02:56","143","94","1","1356"
"23","31","20","1","00:06:24","500","94","1","1357"
"206","57","260","1","00:05:22","457","49","0","1358"
"1","227","112","1","00:06:24","100","49","1","1359"
"205","89","150","1","00:02:06","143","251","1","1360"
"45","35","258","1","00:02:56","457","49","0","1361"
"220","78","151","1","00:05:23","100","49","0","1362"
"31","34","170","1","00:06:24","457","49","0","1363"
"190","76","210","1","00:02:06","203","27","1","1364"
"88","31","172","1","00:05:23","143","251","0","1366"
"157","57","199","1","00:06:24","100","206","0","1367"
"35","30","9","1","00:02:07","457","49","1","1368"
"57","75","41","1","00:02:57","457","49","0","1369"
"76","191","241","1","00:06:24","457","49","0","1370"
"35","116","73","1","00:02:07","100","49","1","1372"
"21","34","252","1","00:06:24","457","206","0","1373"
"57","1","162","1","00:02:58","100","49","1","1374"
"31","57","37","1","00:05:24","457","49","0","1375"
"13","23","95","1","00:02:07","100","206","0","1376"
"76","4","14","1","00:06:25","100","49","1","1377"
"78","76","255","1","00:02:58","100","206","1","1378"
"75","204","177","1","00:06:25","100","206","0","1379"
"31","57","137","1","00:05:25","100","49","0","1380"
"89","61","231","1","00:02:07","457","49","0","1381"
"30","23","256","1","00:02:07","143","94","1","1383"
"97","42","12","1","00:06:26","100","206","1","1384"
"1","89","246","1","00:05:25","457","49","1","1385"
"190","205","265","1","00:06:26","300","150","0","1386"
"78","34","32","1","00:06:27","457","49","0","1389"
"227","1","179","1","00:06:27","300","150","1","1391"
"31","23","33","1","00:02:08","203","27","0","1392"
"73","212","218","1","00:06:27","203","227","1","1393"
"1","57","65","1","00:02:59","100","49","1","1394"
"88","227","249","1","00:06:27","100","49","0","1395"
"116","57","137","1","00:02:08","100","49","0","1396"
"23","30","175","1","00:02:59","457","206","0","1397"
"39","78","121","1","00:05:26","100","206","1","1398"
"31","220","254","1","00:02:08","300","150","1","1399"
"75","101","140","1","00:05:26","500","94","0","1400"
"42","27","179","1","00:02:59","457","206","0","1401"
"34","75","266","1","00:02:08","397","273","0","1402"
"86","191","159","1","00:05:26","300","150","1","1403"
"49","21","147","1","00:06:28","457","49","0","1404"
"195","76","204","1","00:05:26","300","150","1","1405"
"191","89","136","1","00:02:09","300","150","0","1406"
"78","57","185","1","00:02:59","100","49","0","1407"
"1","244","255","1","00:05:26","100","206","0","1408"
"16","101","171","1","00:02:09","100","206","0","1409"
"21","76","204","1","00:02:59","100","206","1","1410"
"78","39","173","1","00:06:28","300","150","0","1411"
"75","23","84","1","00:02:10","100","49","1","1412"
"34","118","43","1","00:03:00","300","150","1","1413"
"101","30","212","1","00:06:28","100","49","1","1414"
"224","220","229","1","00:06:28","247","273","0","1415"
"57","65","41","1","00:06:29","457","206","0","1416"
"30","23","256","1","00:05:26","100","206","1","1417"
"65","58","72","1","00:03:00","100","206","0","1418"
"97","101","208","1","00:05:27","353","227","1","1420"
"78","23","94","1","00:06:29","100","49","0","1421"
"49","103","94","1","00:03:00","457","206","0","1422"
"183","34","157","1","00:06:29","457","206","0","1423"
"75","31","30","1","00:06:30","457","49","0","1424"
"42","31","46","1","00:06:30","500","94","0","1425"
"227","220","226","1","00:02:10","143","94","1","1426"
"76","1","105","1","00:03:00","300","150","1","1427"
"89","23","142","1","00:06:30","100","49","1","1428"
"227","183","148","1","00:06:30","500","251","1","1430"
"138","313","261","1","00:02:10","100","206","1","1431"
"57","78","69","1","00:05:28","457","49","1","1432"
"205","27","148","1","00:03:00","143","94","1","1433"
"42","78","56","1","00:02:11","457","49","1","1434"
"57","21","206","1","00:06:30","457","206","0","1435"
"57","34","39","1","00:03:01","457","49","1","1436"
"214","101","140","1","00:02:11","300","150","1","1437"
"57","42","155","1","00:03:01","457","206","1","1438"
"183","58","251","1","00:03:01","300","150","0","1439"
"57","248","215","1","00:02:11","100","206","1","1440"
"189","205","265","1","00:02:11","100","206","1","1441"
"31","88","37","1","00:06:31","457","49","1","1442"
"57","89","178","1","00:05:28","143","251","1","1444"
"78","21","147","1","00:06:31","457","49","0","1445"
"39","126","5","1","00:02:12","143","251","0","1446"
"30","76","66","1","00:03:02","353","227","0","1447"
"101","138","268","1","00:05:28","100","49","1","1448"
"58","75","18","1","00:06:32","100","49","0","1449"
"97","86","169","1","00:02:12","100","206","0","1450"
"13","31","173","1","00:03:02","457","49","1","1451"
"23","58","28","1","00:05:29","300","150","0","1452"
"78","39","32","1","00:05:30","100","206","1","1453"
"42","97","24","1","00:06:32","143","251","1","1454"
"76","31","116","1","00:03:03","457","49","0","1456"
"78","116","182","1","00:06:32","247","273","0","1457"
"35","31","46","1","00:05:30","300","150","0","1458"
"34","4","236","1","00:06:32","300","150","1","1459"
"4","75","54","1","00:05:30","457","49","1","1461"
"4","195","207","1","00:06:33","457","49","1","1462"
"1","34","32","1","00:06:34","457","49","0","1463"
"89","30","158","1","00:03:03","100","206","1","1464"
"75","23","63","1","00:06:34","100","206","1","1465"
"78","39","99","1","00:06:35","300","150","1","1466"
"205","1","228","1","00:05:30","143","94","0","1467"
"31","57","176","1","00:03:03","100","49","1","1468"
"73","101","235","1","00:03:03","457","206","1","1470"
"34","27","46","1","00:05:31","457","206","0","1471"
"31","183","180","1","00:06:37","457","206","0","1472"
"97","31","119","1","00:05:31","457","49","0","1473"
"30","88","137","1","00:03:04","457","206","0","1474"
"4","201","188","1","00:06:37","203","227","1","1475"
"31","73","238","1","00:06:37","100","206","0","1476"
"86","231","164","1","00:05:31","353","227","0","1477"
"61","88","264","1","00:03:04","457","49","1","1479"
"42","21","24","1","00:06:38","143","251","0","1480"
"23","73","203","1","00:05:31","100","49","0","1481"
"55","65","41","1","00:06:38","300","150","1","1482"
"86","56","71","1","00:06:38","457","206","1","1483"
"76","21","84","1","00:06:38","457","49","0","1484"
"34","31","161","1","00:06:38","300","150","0","1485"
"42","1","179","1","00:06:38","203","27","1","1486"
"1","57","65","1","00:03:05","300","150","0","1487"
"30","57","37","1","00:05:32","457","206","1","1488"
"23","183","123","1","00:06:39","457","206","1","1489"
"88","75","108","1","00:03:05","300","150","1","1490"
"21","57","181","1","00:06:39","500","251","0","1491"
"224","31","236","1","00:05:32","300","150","0","1492"
"23","183","134","1","00:03:05","100","49","0","1493"
"23","31","168","1","00:05:33","457","206","0","1494"
"280","34","240","1","00:05:33","300","150","1","1495"
"57","36","167","1","00:03:05","100","206","1","1497"
"114","88","44","1","00:07:23","300","150","0","1499"
"27","86","13","1","00:06:40","100","49","1","1500"
"23","31","262","1","00:03:05","457","49","1","1501"
"31","34","110","1","00:06:40","300","150","0","1502"
"42","23","117","1","00:06:40","500","94","0","1503"
"34","58","53","1","00:07:23","500","251","1","1504"
"224","212","178","1","00:06:40","143","94","1","1505"
"23","156","6","1","00:05:34","457","206","1","1506"
"78","31","213","1","00:06:40","100","206","1","1507"
"280","1","228","1","00:03:06","397","273","1","1508"
"30","23","149","1","00:07:23","100","206","1","1509"
"21","101","90","1","00:05:34","100","206","0","1510"
"73","224","245","1","00:06:40","457","206","0","1511"
"110","31","163","1","00:07:23","100","49","0","1512"
"23","30","6","1","00:03:07","100","49","1","1513"
"21","89","204","1","00:07:23","100","49","1","1514"
"39","1","121","1","00:03:07","457","206","0","1515"
"61","58","264","1","00:07:23","100","49","1","1517"
"57","34","39","1","00:06:41","300","150","1","1518"
"57","76","178","1","00:05:34","143","251","0","1519"
"21","57","181","1","00:06:41","500","251","0","1520"
"21","89","169","1","00:03:07","100","49","1","1521"
"4","248","253","1","00:07:24","353","27","0","1522"
"15","97","23","1","00:05:35","300","150","1","1523"
"15","65","255","1","00:07:24","100","49","0","1524"
"142","31","62","1","00:05:35","457","49","1","1525"
"31","78","190","1","00:03:07","457","206","0","1526"
"31","35","146","1","00:07:25","100","206","1","1527"
"42","57","71","1","00:05:35","300","150","0","1528"
"88","39","201","1","00:07:25","100","206","1","1530"
"31","47","214","1","00:03:08","100","206","1","1531"
"21","205","107","1","00:06:42","457","49","1","1532"
"210","227","189","1","00:05:35","100","49","0","1533"
"4","97","207","1","00:07:25","203","227","1","1534"
"31","209","253","1","00:06:42","100","206","1","1535"
"34","1","234","1","00:03:08","247","73","0","1536"
"31","73","154","1","00:06:43","457","49","0","1537"
"75","138","211","1","00:07:25","143","94","1","1538"
"30","1","190","1","00:06:43","353","227","0","1539"
"248","280","223","1","00:05:35","500","94","1","1540"
"58","15","237","1","00:06:43","457","49","1","1541"
"15","205","269","1","00:07:25","100","206","1","1542"
"57","23","244","1","00:06:43","100","206","1","1543"
"75","15","14","1","00:05:36","100","206","1","1544"
"31","65","267","1","00:03:08","100","49","1","1545"
"201","1","190","1","00:07:26","100","206","1","1546"
"78","21","225","1","00:06:44","457","49","0","1547"
"195","58","233","1","00:07:26","457","206","0","1549"
"57","34","39","1","00:03:09","457","49","0","1550"
"34","125","61","1","00:06:45","203","227","1","1551"
"23","87","107","1","00:05:36","100","49","0","1552"
"34","65","261","1","00:07:26","143","251","0","1553"
"30","88","103","1","00:06:45","457","49","0","1554"
"49","97","94","1","00:03:09","457","49","1","1555"
"39","78","121","1","00:05:36","100","206","1","1556"
"81","76","17","1","00:07:27","203","27","1","1557"
"30","23","131","1","00:06:45","457","49","0","1558"
"23","75","204","1","00:06:45","457","49","0","1559"
"75","88","140","1","00:05:36","500","251","0","1560"
"57","89","108","1","00:07:27","100","49","0","1561"
"76","34","245","1","00:03:09","100","206","0","1562"
"73","88","235","1","00:06:45","457","206","0","1563"
"65","1","118","1","00:07:27","100","49","0","1564"
"34","97","259","1","00:05:36","143","251","1","1565"
"81","100","66","1","00:06:46","500","251","0","1566"
"21","78","96","1","00:06:46","353","227","0","1569"
"21","31","6","1","00:07:28","203","227","1","1571"
"78","231","112","1","00:06:46","300","150","1","1572"
"97","34","124","1","00:05:37","100","49","0","1573"
"88","30","3","1","00:03:10","353","27","1","1574"
"30","224","106","1","00:07:28","353","27","1","1575"
"58","30","172","1","00:05:37","500","94","0","1576"
"76","195","195","1","00:05:37","100","49","1","1577"
"61","21","247","1","00:07:28","353","27","0","1578"
"23","30","55","1","00:03:10","457","206","0","1579"
"30","18","11","1","00:07:29","457","49","1","1580"
"227","21","130","1","00:06:46","397","73","1","1581"
"49","81","99","1","00:07:29","143","251","0","1582"
"61","280","214","1","00:05:37","100","206","0","1583"
"1","86","184","1","00:03:10","500","94","0","1584"
"205","183","143","1","00:06:46","143","94","1","1585"
"102","30","265","1","00:07:29","353","227","0","1586"
"183","39","173","1","00:06:46","203","227","1","1587"
"76","98","30","1","00:07:30","457","206","1","1588"
"34","183","259","1","00:03:10","300","150","0","1589"
"78","116","182","1","00:06:46","143","251","0","1590"
"42","100","238","1","00:05:37","100","206","1","1591"
"88","101","41","1","00:07:30","457","49","0","1592"
"78","4","213","1","00:06:46","100","49","0","1593"
"4","183","127","1","00:07:30","203","227","0","1594"
"21","97","230","1","00:06:47","100","206","1","1595"
"73","21","241","1","00:06:47","300","150","1","1596"
"88","23","15","1","00:06:48","457","206","0","1598"
"280","31","258","1","00:07:30","457","49","1","1599"
"31","1","87","1","00:06:48","300","150","1","1600"
"101","138","268","1","00:05:37","353","27","1","1601"
"57","78","127","1","00:06:48","300","150","0","1602"
"21","4","262","1","00:07:30","457","49","1","1603"
"16","42","16","1","00:05:38","100","206","1","1605"
"115","42","12","1","00:06:49","100","49","0","1608"
"30","57","37","1","00:05:38","457","49","1","1609"
"31","91","33","1","00:06:49","203","227","1","1610"
"156","58","49","1","00:06:49","457","206","1","1612"
"115","1","38","1","00:07:31","100","49","1","1613"
"224","76","108","1","00:06:49","100","206","0","1614"
"21","4","132","1","00:06:49","300","150","0","1615"
"65","81","47","1","00:07:31","353","27","1","1616"
"89","91","211","1","00:06:49","143","251","0","1617"
"1","227","112","1","00:07:31","300","150","0","1619"
"89","23","111","1","00:06:50","100","206","0","1620"
"191","89","136","1","00:06:50","100","49","1","1621"
"27","101","67","1","00:05:38","300","150","1","1622"
"57","183","162","1","00:07:31","203","227","0","1623"
"58","224","268","1","00:06:50","457","206","0","1624"
"97","88","28","1","00:07:32","457","49","1","1626"
"81","75","66","1","00:06:51","300","150","0","1627"
"76","23","92","1","00:07:32","100","49","0","1628"
"13","42","139","1","00:06:51","100","49","1","1629"
"97","212","100","1","00:07:32","100","49","0","1630"
"31","4","137","1","00:07:32","457","49","0","1631"
"23","73","203","1","00:06:51","100","49","0","1632"
"75","109","14","1","00:03:11","300","150","1","1634"
"195","76","204","1","00:07:32","100","49","1","1635"
"115","146","12","1","00:06:52","100","49","1","1636"
"244","58","235","1","00:07:32","300","150","1","1637"
"25","78","38","1","00:06:52","100","49","1","1638"
"183","65","255","1","00:07:32","100","49","0","1639"
"31","1","42","1","00:03:12","457","206","1","1640"
"1","42","48","1","00:06:52","457","206","0","1641"
"224","27","101","1","00:07:33","500","251","0","1642"
"224","78","259","1","00:06:53","300","150","1","1643"
"110","98","64","1","00:03:12","100","49","1","1644"
"201","1","121","1","00:07:33","100","206","1","1646"
"42","78","179","1","00:06:54","457","49","1","1647"
"76","78","45","1","00:07:34","203","227","1","1649"
"31","42","60","1","00:07:34","457","206","1","1650"
"57","23","144","1","00:07:34","457","49","1","1651"
"54","23","31","1","00:07:35","457","206","0","1653"
"15","54","34","1","00:07:35","300","150","1","1654"
"205","97","102","1","00:07:35","100","49","1","1655"
"30","205","146","1","00:07:35","353","27","1","1656"
"4","23","160","1","00:07:35","100","206","0","1657"
"169","4","181","1","00:07:35","143","94","1","1658"
"4","316","238","1","00:07:35","100","49","1","1659"
"54","86","26","1","00:07:36","300","150","0","1660"
"4","183","127","1","00:07:36","100","206","1","1661"
"4","42","167","1","00:07:36","457","206","0","1662"
"88","30","188","1","00:06:54","353","227","1","1663"
"30","73","232","1","00:07:36","500","94","1","1665"
"75","227","177","1","00:06:55","100","49","1","1666"
"34","76","261","1","00:07:36","247","73","1","1667"
"30","1","190","1","00:06:55","203","27","1","1668"
"115","65","40","1","00:07:37","300","150","1","1669"
"31","97","131","1","00:07:37","100","206","0","1670"
"89","280","223","1","00:07:37","500","94","1","1671"
"98","195","156","1","00:07:38","203","27","1","1672"
"78","65","187","1","00:07:38","100","206","0","1673"
"73","42","227","1","00:07:38","457","49","0","1674"
"65","81","47","1","00:07:39","100","49","1","1675"
"214","39","174","1","00:07:39","100","49","0","1676"
"30","1","180","1","00:07:39","300","150","1","1677"
"183","31","182","1","00:07:39","300","150","1","1678"
"248","280","223","1","00:07:39","500","94","0","1679"
"81","65","67","1","00:07:40","100","49","0","1681"
"4","109","69","1","00:06:56","457","49","0","1683"
"31","78","85","1","00:07:40","457","49","1","1684"
"13","31","89","1","00:06:56","100","49","1","1685"
"23","78","97","1","00:06:56","457","49","1","1686"
"13","42","139","1","00:06:56","100","49","1","1687"
"227","188","239","1","00:07:40","500","94","1","1688"
"97","76","203","1","00:06:56","300","150","1","1689"
"97","78","96","1","00:07:41","457","49","1","1690"
"101","57","10","1","00:06:57","100","49","1","1691"
"31","75","166","1","00:06:57","457","49","1","1692"
"76","205","104","1","00:07:41","143","94","1","1693"
"35","76","128","1","00:07:42","500","251","1","1694"
"190","15","230","1","00:06:57","300","150","0","1696"
"57","1","69","1","00:07:43","300","150","0","1697"
"49","81","99","1","00:07:43","143","251","1","1699"
"57","21","59","1","00:06:58","457","49","1","1700"
"89","23","142","1","00:06:58","457","206","1","1701"
"101","183","151","1","00:06:58","457","206","1","1702"
"44","30","161","1","00:07:43","300","150","0","1703"
"31","224","103","1","00:06:59","300","150","1","1704"
"1","4","171","1","00:06:59","100","49","1","1705"
"23","42","51","1","00:07:44","100","206","0","1706"
"206","248","217","1","00:07:00","500","94","0","1707"
"88","190","219","1","00:07:00","300","150","1","1708"
"30","101","66","1","00:07:44","500","251","0","1709"
"183","31","182","1","00:07:44","300","150","1","1710"
"73","101","222","1","00:07:44","100","49","0","1711"
"15","89","220","1","00:07:00","100","206","1","1712"
"66","88","235","1","00:07:44","457","206","0","1713"
"34","75","266","1","00:07:00","397","273","1","1714"
"23","75","40","1","00:07:01","203","27","1","1715"
"34","15","259","1","00:07:44","143","251","1","1716"
"76","31","158","1","00:07:01","457","206","0","1717"
"49","81","99","1","00:07:45","143","251","0","1718"
"72","21","206","1","00:07:45","300","150","1","1719"
"4","31","172","1","00:07:01","500","251","1","1720"
"57","183","162","1","00:07:46","100","206","1","1721"
"27","86","13","1","00:07:02","203","27","0","1722"
"244","138","245","1","00:07:46","457","49","0","1723"
"30","115","33","1","00:07:02","353","227","1","1724"
"142","23","59","1","00:07:47","457","206","1","1727"
"227","4","120","1","00:07:47","143","94","1","1728"
"104","1","134","1","00:07:47","100","206","0","1729"
"1","34","16","1","00:07:03","203","27","0","1730"
"23","88","209","1","00:07:47","457","49","1","1731"
"142","125","41","1","00:07:03","457","49","1","1732"
"42","23","73","1","00:07:48","457","49","0","1733"
"125","17","105","1","00:07:03","143","94","1","1734"
"15","39","213","1","00:07:03","353","227","0","1735"
"217","1","127","1","00:07:48","300","150","0","1736"
"227","31","231","1","00:07:03","500","94","0","1737"
"31","4","137","1","00:07:48","457","49","0","1738"
"23","15","38","1","00:07:04","353","227","1","1739"
"88","97","144","1","00:07:48","300","150","0","1740"
"34","31","46","1","00:07:04","397","73","1","1741"
"76","98","158","1","00:07:48","457","206","1","1742"
"195","76","203","1","00:07:48","300","150","1","1743"
"1","34","250","1","00:07:48","100","206","1","1744"
"30","42","60","1","00:07:04","457","206","0","1745"
"192","183","126","1","00:07:04","457","206","0","1747"
"49","105","94","1","00:07:49","457","49","1","1748"
"39","57","106","1","00:07:49","300","150","0","1749"
"1","34","250","1","00:07:50","100","206","1","1750"
"13","75","266","1","00:07:50","143","94","1","1751"
"31","142","37","1","00:07:51","100","206","1","1752"
"76","1","52","1","00:07:51","100","49","0","1753"
"204","73","128","1","00:07:04","143","94","0","1754"
"156","117","87","1","00:07:51","353","27","1","1755"
"224","30","152","1","00:07:04","457","206","0","1756"
"21","4","115","1","00:07:51","300","150","0","1757"
"98","86","154","1","00:07:04","203","27","0","1758"
"76","31","158","1","00:07:04","457","206","1","1759"
"67","183","118","1","00:07:51","457","206","1","1760"
"21","4","181","1","00:07:04","500","94","0","1761"
"31","76","67","1","00:07:05","457","206","0","1762"
"57","231","135","1","00:07:51","397","73","1","1763"
"34","280","221","1","00:07:05","143","251","0","1764"
"73","183","218","1","00:07:51","100","49","0","1765"
"81","142","49","1","00:07:06","100","206","1","1766"
"244","89","257","1","00:07:51","457","49","1","1767"
"75","1","45","1","00:07:52","353","27","0","1768"
"21","86","169","1","00:07:52","300","150","0","1769"
"23","49","96","1","00:07:07","100","206","1","1770"
"4","316","267","1","00:07:52","100","206","0","1771"
"21","75","90","1","00:07:53","353","227","0","1773"
"4","49","127","1","00:07:07","457","206","0","1774"
"39","4","176","1","00:07:07","457","206","1","1775"
"224","15","234","1","00:07:07","300","150","1","1776"
"30","75","138","1","00:07:53","300","150","1","1777"
"78","227","246","1","00:07:07","457","49","0","1778"
"101","15","237","1","00:07:53","100","206","1","1779"
"73","280","248","1","00:07:53","100","206","0","1781"
"78","75","57","1","00:07:08","457","49","1","1782"
"109","97","4","1","00:07:54","300","150","1","1783"
"57","21","59","1","00:07:08","457","49","0","1784"
"13","21","94","1","00:07:08","300","150","1","1785"
"201","76","154","1","00:07:54","100","49","0","1786"
"227","78","179","1","00:07:54","100","49","1","1787"
"58","42","167","1","00:07:08","457","49","0","1789"
"76","183","218","1","00:07:08","100","49","1","1791"
"23","30","55","1","00:07:09","100","206","0","1792"
"227","75","114","1","00:07:56","500","251","1","1793"
"89","42","189","1","00:07:57","457","206","1","1795"
"78","30","89","1","00:07:09","203","27","0","1796"
"75","34","211","1","00:07:57","143","94","0","1797"
"1","39","99","1","00:07:09","500","251","1","1798"
"101","78","101","1","00:07:58","143","251","1","1799"
"30","42","110","1","00:07:09","457","49","1","1800"
"76","30","248","1","00:07:09","457","49","1","1801"
"23","138","252","1","00:07:58","100","49","0","1802"
"125","183","118","1","00:05:38","100","206","1","1803"
"21","57","115","1","00:07:59","457","49","1","1806"
"30","183","180","1","00:05:38","100","49","0","1807"
"75","30","116","1","00:07:59","457","49","0","1808"
"76","78","45","1","00:05:39","457","49","0","1809"
"97","30","6","1","00:08:01","100","206","0","1812"
"35","75","61","1","00:08:01","100","206","0","1813"
"1","142","34","1","00:07:11","457","49","1","1814"
"156","65","66","1","00:07:11","300","150","1","1815"
"23","31","175","1","00:08:01","457","206","1","1816"
"88","206","212","1","00:07:11","457","49","1","1817"
"97","88","251","1","00:07:11","457","49","0","1818"
"1","21","23","1","00:08:02","300","150","0","1819"
"61","244","267","1","00:07:11","457","206","1","1820"
"280","88","260","1","00:07:12","500","94","1","1821"
"21","75","90","1","00:08:02","353","27","1","1822"
"57","15","19","1","00:07:13","457","49","0","1824"
"30","76","154","1","00:08:02","100","206","1","1825"
"1","88","65","1","00:07:13","300","150","1","1826"
"76","31","47","1","00:05:39","353","27","0","1827"
"89","31","158","1","00:05:39","100","206","1","1829"
"49","31","173","1","00:05:39","457","49","0","1830"
"109","21","4","1","00:08:03","457","206","1","1831"
"34","21","130","1","00:08:03","500","94","1","1832"
"31","101","199","1","00:05:39","100","206","1","1833"
"39","116","43","1","00:05:40","353","27","1","1834"
"76","195","195","1","00:08:03","457","49","1","1835"
"109","39","48","1","00:05:40","203","227","1","1836"
"31","88","137","1","00:05:40","100","49","0","1837"
"34","15","259","1","00:08:03","500","94","0","1838"
"183","231","157","1","00:07:13","457","49","0","1839"
"75","88","140","1","00:05:40","500","251","0","1840"
"76","21","159","1","00:07:13","353","227","0","1842"
"34","65","261","1","00:07:13","143","94","1","1843"
"23","227","186","1","00:05:40","100","49","0","1844"
"31","21","149","1","00:08:04","457","206","1","1845"
"31","78","190","1","00:05:40","100","206","1","1847"
"23","1","50","1","00:07:14","300","150","0","1848"
"4","30","201","1","00:08:04","100","206","1","1849"
"280","1","228","1","00:03:12","247","73","0","1850"
"23","34","12","1","00:05:41","100","206","1","1851"
"75","23","196","1","00:07:14","300","150","1","1852"
"88","189","219","1","00:08:04","457","206","0","1853"
"39","4","197","1","00:07:14","100","206","0","1854"
"34","78","24","1","00:05:41","143","251","0","1855"
"34","75","114","1","00:03:14","300","150","1","1856"
"36","30","221","1","00:08:04","500","94","0","1858"
"227","4","165","1","00:03:14","500","94","0","1859"
"38","1","68","1","00:05:41","500","94","0","1860"
"61","23","247","1","00:08:04","457","206","0","1861"
"149","97","73","1","00:05:41","100","206","1","1862"
"30","1","85","1","00:07:15","100","49","0","1863"
"34","1","234","1","00:03:14","500","251","1","1864"
"39","58","254","1","00:08:04","457","206","0","1865"
"13","23","98","1","00:07:15","203","27","0","1866"
"23","76","136","1","00:07:15","100","206","0","1867"
"75","15","14","1","00:08:05","100","49","1","1868"
"39","76","138","1","00:05:41","457","206","1","1869"
"30","23","149","1","00:07:15","100","206","0","1870"
"39","57","103","1","00:08:05","100","49","0","1872"
"26","206","170","1","00:05:41","100","49","1","1873"
"34","86","150","1","00:07:15","500","251","1","1874"
"76","31","174","1","00:05:42","100","49","1","1875"
"224","23","191","1","00:07:15","100","49","0","1876"
"34","21","24","1","00:03:15","500","251","0","1877"
"15","73","255","1","00:07:15","353","27","1","1878"
"116","191","131","1","00:08:05","300","150","1","1879"
"17","61","213","1","00:05:42","353","227","1","1881"
"57","1","69","1","00:03:15","457","206","1","1882"
"227","78","143","1","00:08:05","500","94","0","1883"
"21","42","12","1","00:07:16","300","150","0","1884"
"75","125","140","1","00:03:15","500","94","1","1885"
"88","190","144","1","00:08:05","457","206","0","1886"
"31","76","154","1","00:08:05","100","206","1","1887"
"4","231","155","1","00:03:15","300","150","0","1888"
"58","73","54","1","00:07:16","100","49","0","1889"
"34","89","114","1","00:07:16","500","94","0","1890"
"42","30","161","1","00:08:05","300","150","1","1891"
"34","280","221","1","00:03:15","300","150","0","1893"
"102","205","265","1","00:08:05","457","206","0","1894"
"105","76","40","1","00:05:43","300","150","1","1895"
"31","42","13","1","00:03:16","100","206","0","1896"
"4","1","162","1","00:05:43","100","49","0","1897"
"57","31","188","1","00:05:43","457","49","1","1898"
"16","30","269","1","00:05:43","100","206","1","1900"
"138","58","229","1","00:07:16","500","94","0","1901"
"1","42","139","1","00:03:16","457","49","0","1902"
"73","30","116","1","00:08:06","457","206","0","1903"
"142","109","19","1","00:05:44","457","206","1","1904"
"101","21","244","1","00:07:16","203","27","1","1905"
"30","35","60","1","00:05:44","100","206","0","1906"
"39","35","146","1","00:07:17","100","206","0","1907"
"195","31","168","1","00:07:17","457","49","0","1908"
"78","209","187","1","00:07:17","300","150","0","1909"
"21","89","204","1","00:07:17","100","49","1","1910"
"227","183","179","1","00:08:06","203","27","0","1911"
"183","210","184","1","00:05:44","500","94","1","1912"
"42","1","56","1","00:07:18","203","227","1","1913"
"101","195","219","1","00:05:44","100","49","1","1914"
"23","1","230","1","00:08:06","203","227","1","1915"
"224","49","101","1","00:07:18","300","150","1","1916"
"21","4","262","1","00:07:18","203","27","0","1917"
"30","189","256","1","00:05:44","100","206","0","1918"
"75","39","116","1","00:07:19","457","206","1","1919"
"21","183","134","1","00:07:19","100","206","1","1921"
"57","21","191","1","00:08:07","100","49","1","1923"
"4","195","144","1","00:05:45","300","150","1","1924"
"42","57","71","1","00:07:20","100","206","0","1925"
"195","42","107","1","00:07:20","300","150","1","1928"
"26","42","170","1","00:05:45","100","49","1","1929"
"138","183","259","1","00:07:20","247","273","0","1930"
"78","57","185","1","00:05:45","300","150","1","1932"
"21","27","6","1","00:07:21","100","206","0","1933"
"34","114","43","1","00:03:17","100","206","0","1934"
"34","1","68","1","00:08:08","143","94","0","1935"
"89","227","189","1","00:05:45","100","206","1","1936"
"227","42","231","1","00:05:45","500","94","1","1937"
"39","156","46","1","00:07:21","500","251","0","1938"
"101","78","101","1","00:08:08","143","251","0","1939"
"57","31","62","1","00:03:17","100","49","1","1940"
"58","1","69","1","00:07:21","100","49","0","1941"
"76","23","92","1","00:07:21","100","49","1","1942"
"183","42","157","1","00:07:21","300","150","0","1943"
"231","78","148","1","00:08:09","143","251","1","1944"
"98","23","131","1","00:03:17","457","49","0","1945"
"81","116","58","1","00:07:22","300","150","1","1946"
"23","34","186","1","00:07:22","100","49","1","1947"
"88","248","215","1","00:08:09","100","206","0","1948"
"227","101","226","1","00:08:09","143","94","0","1949"
"76","285","248","1","00:03:17","100","206","1","1950"
"39","78","190","1","00:08:10","457","49","0","1951"
"101","34","268","1","00:05:45","457","49","0","1952"
"78","57","65","1","00:03:18","100","206","0","1953"
"4","116","59","1","00:05:46","203","27","1","1954"
"57","31","152","1","00:08:37","100","49","0","1956"
"27","49","87","1","00:03:18","457","49","0","1957"
"27","195","147","1","00:05:46","353","227","0","1959"
"4","31","200","1","00:03:18","203","27","0","1960"
"205","58","260","1","00:08:37","300","150","0","1961"
"30","76","166","1","00:05:46","203","27","0","1962"
"23","30","6","1","00:08:38","100","206","1","1963"
"313","78","218","1","00:03:18","457","206","1","1964"
"58","109","19","1","00:08:38","300","150","1","1965"
"195","224","181","1","00:05:46","300","150","1","1966"
"88","23","31","1","00:03:19","100","206","0","1967"
"57","21","144","1","00:08:38","457","206","1","1968"
"21","4","132","1","00:03:19","300","150","1","1970"
"1","191","147","1","00:08:38","457","49","1","1971"
"73","1","218","1","00:05:47","353","227","1","1972"
"34","75","128","1","00:08:11","500","251","1","1974"
"161","116","152","1","00:03:19","100","206","1","1976"
"31","76","166","1","00:08:11","100","206","1","1977"
"15","116","99","1","00:05:48","143","251","1","1978"
"23","109","38","1","00:08:12","100","206","1","1979"
"42","78","68","1","00:03:20","143","94","1","1980"
"86","30","158","1","00:05:48","300","150","1","1981"
"195","76","204","1","00:05:48","100","49","1","1982"
"76","23","111","1","00:03:20","457","49","1","1983"
"1","89","220","1","00:05:48","100","206","1","1984"
"4","98","188","1","00:03:20","353","27","1","1985"
"61","244","224","1","00:08:38","300","150","0","1986"
"280","1","228","1","00:03:20","143","251","0","1987"
"23","58","28","1","00:08:39","457","49","1","1988"
"20","39","51","1","00:08:12","100","206","0","1989"
"23","34","51","1","00:08:39","457","49","1","1990"
"15","89","246","1","00:08:39","100","49","1","1991"
"89","23","239","1","00:03:20","300","150","1","1992"
"227","42","231","1","00:05:48","500","94","1","1993"
"30","21","58","1","00:08:12","353","227","0","1994"
"30","88","137","1","00:03:21","457","206","0","1995"
"31","34","13","1","00:08:40","457","49","1","1998"
"21","57","115","1","00:08:12","457","49","1","1999"
"89","42","164","1","00:03:21","203","27","0","2000"
"1","23","23","1","00:08:40","457","206","1","2001"
"89","21","142","1","00:08:40","100","49","0","2003"
"34","23","130","1","00:08:12","500","94","0","2004"
"227","49","143","1","00:08:40","300","150","0","2005"
"98","42","60","1","00:05:49","100","49","1","2006"
"183","227","112","1","00:08:41","353","227","1","2007"
"78","39","213","1","00:08:12","100","206","0","2008"
"89","183","145","1","00:08:41","457","49","1","2009"
"224","227","167","1","00:08:41","300","150","0","2010"
"88","248","215","1","00:08:12","100","206","1","2012"
"30","31","243","1","00:05:49","143","251","1","2014"
"76","88","10","1","00:08:42","457","206","1","2015"
"57","23","219","1","00:08:12","353","227","1","2016"
"58","89","215","1","00:03:21","353","27","1","2017"
"30","57","49","1","00:05:50","457","49","0","2018"
"76","58","235","1","00:08:12","100","206","0","2019"
"57","30","3","1","00:03:22","300","150","0","2020"
"35","1","56","1","00:05:50","457","206","0","2021"
"191","224","132","1","00:05:50","457","206","0","2022"
"15","35","16","1","00:03:22","100","206","0","2023"
"42","1","56","1","00:08:42","100","49","1","2024"
"30","58","137","1","00:05:50","353","227","0","2025"
"31","23","58","1","00:08:42","353","27","1","2026"
"58","227","135","1","00:03:22","500","251","0","2027"
"231","30","161","1","00:05:50","457","49","1","2028"
"31","23","149","1","00:03:22","457","206","1","2029"
"16","21","4","1","00:08:13","100","206","1","2030"
"97","116","168","1","00:05:50","300","150","0","2031"
"156","88","103","1","00:08:42","100","49","0","2032"
"35","4","165","1","00:03:22","500","251","1","2033"
"23","75","204","1","00:08:42","457","206","1","2034"
"1","89","220","1","00:08:42","100","49","0","2036"
"1","31","182","1","00:05:50","397","273","1","2037"
"34","27","9","1","00:08:13","300","150","1","2039"
"23","30","55","1","00:03:23","457","49","1","2040"
"84","109","85","1","00:08:43","353","27","1","2041"
"30","224","106","1","00:03:23","100","49","1","2042"
"21","81","55","1","00:08:13","100","206","1","2043"
"78","39","48","1","00:08:44","457","49","0","2044"
"21","210","203","1","00:08:44","203","27","1","2045"
"42","101","264","1","00:05:50","100","49","0","2046"
"57","78","127","1","00:08:14","457","49","1","2048"
"1","4","213","1","00:08:44","100","49","0","2049"
"58","15","237","1","00:08:44","100","49","1","2050"
"1","88","34","1","00:05:51","397","273","1","2051"
"30","75","67","1","00:05:51","457","49","1","2054"
"88","23","31","1","00:03:26","203","27","1","2055"
"42","25","73","1","00:03:26","457","206","1","2057"
"78","156","89","1","00:05:52","457","206","1","2059"
"42","57","125","1","00:03:26","143","94","1","2060"
"142","75","41","1","00:08:45","203","227","0","2061"
"76","31","227","1","00:03:26","300","150","0","2062"
"35","97","130","1","00:08:45","300","150","1","2063"
"231","78","148","1","00:08:14","143","94","0","2065"
"30","224","240","1","00:03:26","143","94","1","2066"
"16","116","4","1","00:05:53","100","206","1","2067"
"205","190","256","1","00:03:26","143","94","1","2068"
"105","27","55","1","00:05:53","300","150","0","2069"
"23","4","262","1","00:03:26","100","49","0","2070"
"101","39","188","1","00:08:14","353","27","1","2071"
"195","210","204","1","00:08:14","457","49","1","2072"
"65","97","63","1","00:05:53","457","49","1","2075"
"23","78","96","1","00:08:15","457","206","0","2077"
"42","31","46","1","00:03:27","457","206","0","2078"
"78","23","225","1","00:08:15","457","206","0","2079"
"23","13","96","1","00:05:53","457","206","1","2080"
"34","21","130","1","00:03:27","247","273","1","2081"
"15","116","99","1","00:05:53","143","251","1","2082"
"101","78","237","1","00:08:15","457","49","1","2083"
"189","217","208","1","00:05:53","100","49","0","2084"
"21","101","181","1","00:03:27","143","251","1","2085"
"29","73","17","1","00:05:54","100","49","1","2086"
"35","217","125","1","00:05:54","300","150","1","2088"
"25","4","209","1","00:03:27","203","227","0","2089"
"23","224","132","1","00:05:54","457","206","0","2090"
"66","13","14","1","00:08:16","457","206","0","2091"
"4","31","201","1","00:05:54","353","227","0","2092"
"21","73","203","1","00:05:54","100","206","1","2095"
"220","21","160","1","00:08:16","353","227","1","2096"
"316","101","235","1","00:05:54","100","49","0","2097"
"78","89","187","1","00:03:28","100","206","1","2098"
"57","30","62","1","00:08:17","100","206","1","2099"
"34","97","259","1","00:05:54","247","273","1","2100"
"138","76","261","1","00:05:54","100","49","0","2101"
"23","78","50","1","00:03:29","353","227","1","2102"
"116","191","131","1","00:08:17","203","227","0","2103"
"23","13","96","1","00:03:29","100","206","1","2105"
"210","21","196","1","00:03:29","457","49","1","2107"
"61","75","54","1","00:08:18","100","49","0","2108"
"57","27","151","1","00:08:18","300","150","0","2109"
"4","30","201","1","00:03:29","100","206","0","2110"
"280","1","228","1","00:08:18","143","251","1","2111"
"76","58","10","1","00:03:30","143","251","1","2113"
"31","57","37","1","00:08:19","100","206","1","2114"
"30","105","58","1","00:05:55","100","206","1","2115"
"88","76","18","1","00:05:56","300","150","0","2116"
"54","97","31","1","00:05:56","457","49","1","2118"
"116","101","103","1","00:08:19","100","49","0","2119"
"280","101","260","1","00:05:56","457","206","1","2120"
"23","32","175","1","00:08:19","203","227","0","2122"
"89","23","239","1","00:08:19","500","94","0","2123"
"15","42","16","1","00:05:57","457","206","0","2126"
"30","78","85","1","00:03:31","100","206","0","2128"
"34","142","53","1","00:05:57","397","273","1","2129"
"125","42","36","1","00:08:20","143","251","0","2130"
"34","89","150","1","00:03:31","500","94","1","2131"
"34","78","259","1","00:08:20","500","94","1","2132"
"42","78","179","1","00:03:31","457","49","1","2134"
"4","125","108","1","00:05:57","457","49","1","2135"
"16","31","213","1","00:03:31","100","49","1","2136"
"1","76","57","1","00:08:21","100","206","0","2137"
"1","205","112","1","00:05:57","457","206","1","2138"
"98","49","87","1","00:08:21","353","27","0","2140"
"34","280","221","1","00:03:31","500","94","0","2141"
"23","78","96","1","00:08:21","300","150","1","2142"
"53","35","26","1","00:03:32","500","94","1","2143"
"25","4","208","1","00:08:21","203","27","0","2144"
"21","4","132","1","00:03:32","457","49","0","2145"
"89","13","14","1","00:08:22","203","27","0","2146"
"57","31","200","1","00:05:58","100","49","0","2147"
"227","206","223","1","00:05:58","143","94","0","2148"
"76","97","111","1","00:08:22","300","150","1","2149"
"189","4","208","1","00:03:32","457","49","0","2150"
"4","280","214","1","00:08:22","100","49","1","2151"
"39","75","61","1","00:08:23","300","150","1","2153"
"78","86","187","1","00:03:33","300","150","0","2154"
"15","31","99","1","00:05:59","143","251","0","2155"
"73","23","84","1","00:08:23","100","49","0","2156"
"61","76","238","1","00:03:33","100","49","0","2157"
"21","75","136","1","00:08:23","457","49","0","2159"
"57","21","144","1","00:08:23","457","206","0","2160"
"86","23","142","1","00:03:34","100","49","0","2161"
"101","97","25","1","00:06:00","100","49","0","2164"
"57","31","152","1","00:03:34","457","49","0","2165"
"78","75","133","1","00:08:24","457","49","1","2166"
"195","57","115","1","00:06:00","100","49","1","2167"
"57","34","135","1","00:08:24","500","94","1","2168"
"4","23","206","1","00:06:00","353","27","1","2169"
"224","30","172","1","00:03:34","143","251","0","2170"
"86","1","145","1","00:08:24","457","206","0","2171"
"190","1","230","1","00:03:34","100","206","0","2172"
"205","15","228","1","00:06:00","500","94","0","2173"
"40","76","150","1","00:08:24","500","94","1","2174"
"114","57","44","1","00:03:35","457","206","1","2177"
"1","42","157","1","00:08:24","100","49","0","2178"
"39","15","56","1","00:03:35","300","150","1","2179"
"1","220","113","1","00:03:35","203","27","1","2180"
"76","21","195","1","00:08:24","457","206","1","2181"
"76","34","36","1","00:06:03","500","251","0","2182"
"97","31","213","1","00:08:24","100","49","1","2183"
"30","89","217","1","00:03:35","500","94","0","2184"
"65","30","116","1","00:06:03","457","206","0","2185"
"34","75","128","1","00:06:03","143","251","1","2186"
"65","58","222","1","00:08:24","100","49","0","2187"
"78","191","225","1","00:03:35","457","206","0","2188"
"57","34","167","1","00:06:03","300","150","0","2189"
"245","248","242","1","00:08:24","300","150","1","2190"
"58","23","59","1","00:03:36","457","49","0","2191"
"42","23","183","1","00:06:03","457","206","0","2192"
"20","39","51","1","00:08:25","100","206","0","2193"
"31","21","131","1","00:03:36","353","27","1","2194"
"44","4","165","1","00:08:25","500","94","1","2196"
"78","4","185","1","00:08:25","300","150","0","2197"
"101","39","188","1","00:08:25","203","27","0","2198"
"231","199","161","1","00:03:36","457","206","1","2199"
"183","214","133","1","00:03:37","100","49","1","2200"
"280","78","228","1","00:08:25","500","94","1","2201"
"75","34","36","1","00:03:38","247","73","0","2202"
"88","86","39","1","00:03:38","100","49","0","2203"
"57","89","178","1","00:03:38","143","94","1","2204"
"58","21","219","1","00:03:38","300","150","0","2205"
"89","23","239","1","00:03:38","300","150","0","2207"
"31","4","11","1","00:09:58","300","150","1","2208"
"34","73","128","1","00:09:58","143","251","0","2210"
"21","42","12","1","00:09:59","100","206","1","2211"
"101","97","25","1","00:09:59","457","49","1","2213"
"98","115","33","1","00:09:59","457","49","1","2214"
"75","88","140","1","00:09:59","500","94","0","2215"
"30","205","146","1","00:09:59","300","150","1","2216"
"42","21","183","1","00:09:59","300","150","1","2218"
"31","57","106","1","00:10:00","100","49","1","2220"
"34","30","35","1","00:08:26","143","251","0","2221"
"227","190","102","1","00:08:26","457","49","0","2223"
"34","73","5","1","00:10:01","143","94","1","2224"
"13","138","89","1","00:10:01","457","49","0","2225"
"89","42","21","1","00:08:27","100","206","1","2226"
"31","73","138","1","00:10:01","457","49","0","2227"
"34","75","61","1","00:08:27","100","206","0","2228"
"31","23","156","1","00:10:01","203","27","1","2229"
"78","55","65","1","00:08:29","457","206","1","2230"
"21","30","175","1","00:10:01","100","49","0","2231"
"4","195","191","1","00:10:01","100","206","1","2232"
"27","105","58","1","00:10:02","457","49","1","2233"
"39","224","137","1","00:10:02","300","150","1","2234"
"88","25","244","1","00:10:02","457","206","1","2235"
"97","58","251","1","00:10:02","457","206","0","2236"
"34","125","61","1","00:10:03","203","227","1","2237"
"101","78","101","1","00:10:03","500","251","1","2238"
"42","30","161","1","00:10:03","203","27","1","2239"
"42","88","120","1","00:08:29","143","251","1","2240"
"98","76","17","1","00:10:04","100","49","1","2241"
"4","75","54","1","00:10:04","457","49","0","2242"
"109","27","27","1","00:11:20","457","49","1","2243"
"86","20","142","1","00:08:29","203","227","1","2244"
"88","23","15","1","00:10:05","100","206","0","2245"
"39","231","146","1","00:08:29","457","49","0","2246"
"101","34","21","1","00:10:05","100","49","1","2247"
"75","97","84","1","00:11:20","100","49","0","2248"
"146","78","68","1","00:10:05","143","94","0","2249"
"31","76","166","1","00:08:29","100","206","0","2250"
"42","21","117","1","00:10:05","143","94","0","2251"
"114","73","166","1","00:10:05","100","49","0","2252"
"115","21","239","1","00:10:05","500","94","0","2253"
"244","42","227","1","00:08:29","100","206","0","2254"
"224","209","266","1","00:08:29","300","150","0","2257"
"75","31","47","1","00:10:06","100","206","0","2258"
"76","78","52","1","00:10:06","457","49","1","2260"
"57","35","26","1","00:10:07","143","94","1","2261"
"78","42","32","1","00:08:31","100","206","0","2262"
"58","116","59","1","00:10:07","100","206","1","2263"
"31","1","121","1","00:10:07","100","49","0","2264"
"57","21","144","1","00:08:31","457","206","1","2265"
"42","224","125","1","00:10:07","300","150","1","2266"
"101","97","144","1","00:10:07","300","150","1","2267"
"89","195","159","1","00:10:07","100","206","1","2268"
"61","76","238","1","00:10:07","203","27","0","2269"
"39","78","24","1","00:08:32","500","94","0","2270"
"190","205","265","1","00:10:07","353","27","1","2271"
"58","36","268","1","00:10:07","300","150","0","2272"
"65","31","30","1","00:08:32","457","49","1","2273"
"105","34","51","1","00:08:32","300","150","0","2275"
"78","89","246","1","00:10:08","457","49","0","2276"
"16","30","173","1","00:08:32","353","227","0","2277"
"21","4","262","1","00:10:08","457","49","0","2278"
"4","157","200","1","00:08:32","100","206","1","2279"
"201","65","267","1","00:10:08","457","206","1","2280"
"39","81","35","1","00:10:09","500","94","1","2281"
"57","23","206","1","00:08:32","457","49","1","2282"
"42","21","73","1","00:10:09","300","150","0","2283"
"195","76","204","1","00:10:09","457","49","1","2284"
"280","138","240","1","00:10:09","203","227","0","2285"
"16","42","16","1","00:10:10","100","206","1","2286"
"156","75","66","1","00:10:10","500","94","0","2287"
"30","15","11","1","00:08:33","457","206","1","2288"
"101","97","84","1","00:10:10","203","27","0","2289"
"183","23","147","1","00:08:33","457","49","0","2290"
"15","31","99","1","00:10:10","143","251","1","2291"
"89","78","145","1","00:10:10","457","49","0","2292"
"101","138","152","1","00:10:10","100","206","1","2293"
"15","244","255","1","00:10:10","100","206","1","2294"
"30","89","217","1","00:08:33","500","251","1","2295"
"4","101","254","1","00:10:11","457","49","1","2296"
"227","30","223","1","00:08:33","397","273","0","2298"
"101","15","237","1","00:08:33","457","206","0","2300"
"4","23","160","1","00:10:12","457","49","1","2301"
"73","89","257","1","00:08:33","457","206","1","2302"
"88","227","249","1","00:10:12","300","150","1","2303"
"280","35","258","1","00:10:12","457","49","1","2304"
"21","78","126","1","00:08:34","353","227","0","2305"
"76","21","25","1","00:10:13","457","49","1","2306"
"31","75","138","1","00:08:34","100","206","1","2307"
"65","23","86","1","00:11:20","100","49","1","2308"
"30","42","146","1","00:10:13","203","227","1","2309"
"25","57","209","1","00:10:13","203","27","1","2310"
"1","31","27","1","00:08:35","457","49","1","2311"
"76","34","177","1","00:10:14","203","27","1","2312"
"142","86","39","1","00:08:35","100","206","0","2313"
"89","42","231","1","00:10:14","500","251","0","2314"
"35","30","46","1","00:08:35","143","251","1","2315"
"30","1","87","1","00:10:15","100","49","1","2316"
"78","31","163","1","00:10:15","100","49","0","2317"
"34","21","117","1","00:11:20","143","251","1","2318"
"78","23","225","1","00:10:15","100","206","1","2319"
"21","205","265","1","00:10:15","457","49","1","2320"
"189","78","123","1","00:11:20","457","206","1","2321"
"34","21","183","1","00:10:16","100","206","1","2322"
"16","224","171","1","00:08:35","100","206","0","2323"
"13","138","89","1","00:10:17","457","49","1","2324"
"217","21","207","1","00:11:20","457","49","1","2325"
"23","101","233","1","00:10:17","457","49","0","2327"
"227","30","223","1","00:11:20","500","94","1","2329"
"97","42","51","1","00:10:18","457","206","1","2330"
"86","102","43","1","00:08:36","457","206","0","2331"
"97","88","251","1","00:11:20","457","206","1","2332"
"39","34","110","1","00:08:36","457","206","1","2333"
"65","75","257","1","00:11:20","100","49","1","2335"
"30","128","17","1","00:11:21","300","150","1","2336"
"227","4","231","1","00:10:18","300","150","0","2337"
"34","1","68","1","00:11:21","143","251","0","2339"
"79","157","175","1","00:10:19","300","150","0","2340"
"31","23","33","1","00:10:20","203","227","1","2341"
"98","78","85","1","00:10:20","300","150","1","2342"
"97","89","100","1","00:10:20","457","49","0","2343"
"72","195","206","1","00:10:20","100","49","0","2344"
"76","58","10","1","00:10:21","300","150","0","2345"
"23","4","209","1","00:11:21","100","206","0","2346"
"30","76","67","1","00:10:21","100","206","1","2347"
"138","76","67","1","00:12:31","100","206","1","2348"
"75","23","196","1","00:10:21","457","206","1","2349"
"201","65","267","1","00:10:21","457","206","0","2350"
"97","86","12","1","00:11:22","300","150","0","2351"
"30","88","22","1","00:10:22","100","206","1","2352"
"227","15","148","1","00:10:22","500","94","0","2353"
"58","34","26","1","00:11:22","143","251","0","2354"
"97","65","90","1","00:12:31","300","150","1","2355"
"190","73","210","1","00:12:31","457","49","1","2356"
"102","88","44","1","00:11:22","300","150","0","2357"
"248","88","226","1","00:12:31","500","94","0","2358"
"109","27","64","1","00:11:22","457","206","1","2360"
"30","1","190","1","00:10:22","457","49","1","2361"
"23","39","51","1","00:12:32","100","49","1","2362"
"75","181","118","1","00:11:22","100","206","1","2363"
"1","23","109","1","00:12:32","203","27","1","2364"
"76","42","164","1","00:12:32","100","49","0","2366"
"31","76","17","1","00:10:24","100","206","1","2369"
"1","31","64","1","00:12:33","353","27","0","2370"
"21","78","134","1","00:10:24","457","49","1","2371"
"78","31","89","1","00:12:33","353","27","0","2372"
"89","224","140","1","00:11:22","457","206","1","2373"
"42","97","24","1","00:10:25","500","251","1","2374"
"42","31","35","1","00:10:25","500","94","0","2375"
"205","83","141","1","00:12:33","143","94","1","2376"
"224","30","221","1","00:11:22","500","94","0","2377"
"23","15","38","1","00:10:25","100","206","0","2378"
"76","34","21","1","00:12:34","100","49","1","2379"
"34","78","234","1","00:11:22","500","94","1","2380"
"101","23","92","1","00:10:26","457","49","0","2381"
"39","78","190","1","00:10:26","457","49","1","2382"
"39","224","137","1","00:12:34","457","206","1","2383"
"31","4","106","1","00:11:23","203","27","1","2384"
"190","57","233","1","00:10:26","353","227","1","2385"
"78","101","171","1","00:12:34","100","206","0","2386"
"189","42","186","1","00:11:23","457","206","0","2387"
"78","212","184","1","00:12:34","500","94","1","2389"
"65","227","189","1","00:11:23","100","49","1","2391"
"104","34","252","1","00:12:34","457","49","0","2392"
"224","15","234","1","00:10:27","397","73","0","2393"
"23","72","209","1","00:11:23","100","206","1","2394"
"280","224","240","1","00:10:27","143","94","1","2395"
"21","31","262","1","00:10:27","457","49","0","2396"
"16","23","4","1","00:12:35","100","206","0","2398"
"65","34","2","1","00:10:28","100","206","1","2399"
"23","101","88","1","00:12:35","100","49","1","2400"
"23","31","20","1","00:11:24","143","251","1","2401"
"23","78","96","1","00:10:28","457","206","0","2402"
"30","88","106","1","00:10:29","457","206","1","2403"
"42","76","128","1","00:12:35","143","251","1","2404"
"78","32","99","1","00:11:24","143","94","1","2405"
"23","75","203","1","00:12:35","457","49","1","2406"
"89","31","158","1","00:10:29","100","206","1","2407"
"30","97","228","1","00:11:24","500","94","0","2408"
"4","34","167","1","00:10:29","100","49","0","2409"
"224","58","229","1","00:10:29","300","150","1","2410"
"116","101","103","1","00:11:25","300","150","0","2411"
"34","31","236","1","00:10:29","143","94","0","2412"
"23","57","132","1","00:11:25","457","49","0","2414"
"78","88","65","1","00:10:31","300","150","1","2415"
"280","227","217","1","00:12:35","247","273","1","2416"
"21","224","181","1","00:10:32","500","251","1","2420"
"109","97","23","1","00:12:36","457","49","1","2421"
"73","57","222","1","00:10:32","100","206","0","2422"
"23","205","265","1","00:10:32","100","49","1","2423"
"76","57","72","1","00:12:36","457","49","1","2424"
"224","89","266","1","00:10:32","397","73","1","2425"
"244","4","227","1","00:11:25","457","206","1","2428"
"88","81","3","1","00:10:33","300","150","0","2429"
"30","89","166","1","00:12:37","457","206","0","2430"
"23","15","38","1","00:10:33","353","27","0","2431"
"280","34","240","1","00:11:25","100","206","0","2432"
"39","57","103","1","00:10:33","203","227","0","2433"
"161","34","211","1","00:12:37","500","251","0","2434"
"97","65","255","1","00:11:25","100","206","1","2435"
"21","15","230","1","00:12:37","300","150","0","2436"
"4","31","152","1","00:10:33","300","150","1","2437"
"89","21","159","1","00:10:33","203","227","1","2440"
"115","39","12","1","00:12:38","100","49","1","2441"
"98","35","170","1","00:10:33","100","49","0","2442"
"23","224","252","1","00:10:33","457","206","1","2443"
"224","138","152","1","00:12:38","100","49","1","2444"
"31","73","224","1","00:12:38","100","49","1","2446"
"1","156","64","1","00:10:34","100","49","0","2447"
"39","78","190","1","00:10:35","353","27","1","2448"
"73","205","248","1","00:12:38","300","150","1","2450"
"142","78","259","1","00:10:35","500","94","0","2451"
"23","78","97","1","00:11:26","100","49","0","2452"
"42","227","253","1","00:12:38","100","206","0","2453"
"57","73","129","1","00:12:39","300","150","0","2456"
"76","42","36","1","00:10:36","143","94","0","2457"
"4","42","135","1","00:12:39","143","251","1","2458"
"76","21","195","1","00:11:27","100","49","0","2459"
"31","78","180","1","00:12:39","353","27","0","2460"
"42","58","264","1","00:11:27","203","227","0","2461"
"21","76","88","1","00:11:28","100","206","0","2463"
"78","21","98","1","00:12:40","100","49","0","2464"
"75","142","72","1","00:10:36","100","49","1","2465"
"39","97","131","1","00:11:28","100","206","1","2466"
"183","30","269","1","00:10:36","100","49","1","2467"
"34","39","236","1","00:11:28","143","251","1","2468"
"4","34","167","1","00:10:37","100","206","0","2469"
"31","88","22","1","00:10:38","457","49","1","2472"
"42","31","9","1","00:11:30","457","49","1","2473"
"217","75","129","1","00:10:38","457","49","0","2474"
"142","35","39","1","00:11:30","457","206","1","2475"
"183","42","157","1","00:10:38","100","206","1","2476"
"81","57","49","1","00:11:30","457","206","1","2477"
"25","89","153","1","00:11:30","203","27","0","2478"
"58","78","162","1","00:11:30","100","206","1","2479"
"63","34","177","1","00:11:30","457","206","0","2480"
"4","138","188","1","00:10:38","300","150","1","2481"
"23","138","252","1","00:11:30","457","49","1","2482"
"205","31","258","1","00:10:38","100","49","0","2483"
"34","78","259","1","00:11:30","500","94","1","2484"
"76","34","2","1","00:10:39","457","49","0","2487"
"34","30","9","1","00:11:31","457","206","0","2488"
"76","98","47","1","00:11:31","457","206","1","2489"
"78","76","57","1","00:11:32","100","206","1","2490"
"1","114","182","1","00:10:39","500","94","1","2491"
"65","23","86","1","00:11:32","100","49","1","2492"
"116","42","110","1","00:11:32","300","150","1","2494"
"13","23","98","1","00:10:40","100","206","1","2495"
"205","73","232","1","00:11:32","500","94","0","2496"
"142","78","15","1","00:11:33","457","206","0","2498"
"97","30","119","1","00:11:34","353","27","0","2501"
"76","15","218","1","00:11:34","100","206","0","2502"
"224","97","234","1","00:10:41","397","73","1","2503"
"316","34","245","1","00:11:34","457","49","0","2504"
"23","35","12","1","00:10:42","203","227","1","2505"
"142","42","135","1","00:10:42","143","94","0","2507"
"21","1","50","1","00:11:35","457","206","0","2508"
"245","61","243","1","00:10:42","143","251","0","2509"
"114","58","226","1","00:11:35","500","251","1","2510"
"31","4","197","1","00:10:43","100","206","1","2511"
"35","30","35","1","00:11:36","247","73","0","2512"
"97","4","50","1","00:11:36","457","206","0","2514"
"16","97","109","1","00:11:36","353","27","1","2515"
"30","1","190","1","00:11:36","300","150","1","2516"
"31","42","13","1","00:11:37","457","206","1","2517"
"75","13","14","1","00:11:37","457","206","1","2519"
"142","75","41","1","00:11:37","457","49","0","2520"
"75","26","263","1","00:11:37","143","251","1","2521"
"57","23","31","1","00:11:38","203","27","0","2523"
"81","21","58","1","00:11:38","457","49","1","2524"
"150","190","102","1","00:11:38","300","150","0","2525"
"35","81","46","1","00:10:44","143","251","1","2527"
"35","76","61","1","00:10:44","203","227","1","2528"
"21","13","97","1","00:10:44","100","49","0","2529"
"204","78","148","1","00:10:44","500","94","0","2530"
"31","57","37","1","00:10:45","300","150","1","2531"
"76","31","116","1","00:10:45","203","27","1","2532"
"76","42","164","1","00:10:45","300","150","1","2533"
"57","280","212","1","00:10:45","457","49","1","2534"
"23","57","115","1","00:11:38","100","206","0","2535"
"21","75","88","1","00:10:46","100","49","1","2536"
"57","30","152","1","00:11:38","353","227","1","2537"
"25","4","208","1","00:11:38","300","150","1","2538"
"61","280","214","1","00:11:38","203","227","0","2539"
"76","227","257","1","00:11:38","300","150","1","2540"
"39","88","106","1","00:10:46","457","206","0","2542"
"75","15","105","1","00:11:39","300","150","1","2543"
"30","65","138","1","00:10:46","100","206","0","2544"
"21","75","169","1","00:10:46","457","49","1","2545"
"73","49","145","1","00:10:47","457","206","1","2546"
"34","15","56","1","00:10:48","100","206","1","2547"
"76","57","72","1","00:10:48","300","150","1","2548"
"42","25","117","1","00:11:39","300","150","0","2549"
"57","76","178","1","00:10:48","500","251","0","2550"
"76","42","2","1","00:10:49","300","150","0","2551"
"34","78","234","1","00:11:39","500","94","1","2552"
"21","78","50","1","00:11:40","457","206","0","2553"
"21","78","126","1","00:11:40","300","150","0","2554"
"205","1","148","1","00:11:40","300","150","0","2555"
"81","57","49","1","00:11:41","100","206","1","2556"
"76","34","189","1","00:11:41","100","49","1","2557"
"76","15","45","1","00:11:42","457","206","0","2558"
"101","21","92","1","00:11:42","457","49","0","2559"
"23","34","107","1","00:11:42","100","49","1","2560"
"61","280","214","1","00:11:42","203","227","1","2561"
"31","23","247","1","00:11:42","353","27","1","2562"
"30","13","11","1","00:10:49","457","49","1","2563"
"21","30","265","1","00:11:42","203","27","0","2564"
"149","141","53","1","00:10:49","143","251","0","2565"
"30","75","17","1","00:11:44","353","227","0","2568"
"116","231","146","1","00:11:44","457","206","0","2569"
"21","31","6","1","00:10:50","203","27","0","2570"
"78","76","184","1","00:11:44","397","273","0","2571"
"97","30","6","1","00:11:45","100","206","0","2572"
"57","115","144","1","00:11:45","457","206","1","2573"
"23","76","203","1","00:11:45","457","49","1","2574"
"1","4","185","1","00:11:46","353","27","0","2576"
"57","1","151","1","00:11:47","100","206","1","2577"
"1","86","187","1","00:11:47","300","150","1","2578"
"31","88","199","1","00:11:47","353","27","0","2579"
"30","73","67","1","00:11:48","100","206","1","2581"
"73","88","235","1","00:11:48","203","227","1","2582"
"73","195","241","1","00:11:48","100","206","0","2583"
"88","86","26","1","00:11:49","500","251","1","2585"
"1","34","112","1","00:11:49","300","150","0","2586"
"4","21","191","1","00:11:49","353","27","1","2587"
"115","1","38","1","00:11:50","353","227","0","2589"
"27","142","49","1","00:11:50","100","49","1","2590"
"156","49","85","1","00:11:51","100","206","1","2591"
"89","118","105","1","00:11:51","300","150","0","2592"
"23","58","28","1","00:11:52","100","49","1","2594"
"21","49","70","1","00:11:52","100","206","1","2595"
"195","89","169","1","00:11:52","457","49","1","2596"
"89","224","211","1","00:11:52","143","94","1","2597"
"76","15","218","1","00:11:52","100","49","0","2598"
"73","4","227","1","00:11:52","100","206","1","2599"
"101","98","47","1","00:11:53","100","206","1","2601"
"30","78","87","1","00:11:53","100","206","1","2602"
"34","57","125","1","00:11:53","500","94","1","2603"
"101","23","244","1","00:11:53","457","49","0","2604"
"18","156","89","1","00:11:54","457","49","0","2605"
"23","34","107","1","00:11:54","100","49","1","2606"
"57","35","135","1","00:11:54","300","150","1","2607"
"34","30","9","1","00:11:55","457","49","1","2608"
"97","138","250","1","00:11:55","100","206","1","2609"
"98","34","13","1","00:11:56","100","49","0","2610"
"109","21","23","1","00:11:56","353","227","0","2611"
"88","89","108","1","00:11:56","100","206","1","2612"
"190","57","132","1","00:11:56","457","206","0","2613"
"34","210","150","1","00:11:56","500","251","0","2614"
"280","248","242","1","00:11:56","300","150","1","2615"
"16","195","109","1","00:11:57","457","206","0","2616"
"78","76","133","1","00:11:57","353","27","1","2617"
"34","4","165","1","00:11:57","143","94","1","2618"
"31","42","110","1","00:11:58","100","206","1","2619"
"98","76","154","1","00:08:46","100","206","1","2620"
"224","78","162","1","00:08:46","100","206","1","2621"
"76","191","159","1","00:11:58","300","150","0","2622"
"116","224","176","1","00:08:46","457","206","0","2623"
"1","4","185","1","00:11:58","300","150","1","2625"
"35","227","253","1","00:11:58","300","150","1","2626"
"101","23","244","1","00:11:59","457","206","1","2627"
"42","100","5","1","00:12:00","300","150","1","2629"
"73","88","10","1","00:08:49","457","49","0","2630"
"97","76","90","1","00:08:49","353","227","0","2631"
"57","101","18","1","00:12:00","300","150","0","2632"
"116","101","137","1","00:08:49","457","206","0","2633"
"23","42","262","1","00:08:49","457","206","1","2634"
"23","31","20","1","00:08:50","500","94","1","2635"
"35","195","102","1","00:08:50","457","206","0","2636"
"57","45","212","1","00:08:50","457","49","1","2637"
"57","23","144","1","00:12:00","100","49","0","2638"
"42","101","61","1","00:08:51","100","49","0","2639"
"116","88","106","1","00:08:51","457","49","0","2640"
"31","21","156","1","00:12:00","300","150","1","2641"
"313","101","222","1","00:08:51","353","27","1","2642"
"227","30","223","1","00:08:51","300","150","1","2643"
"57","31","188","1","00:12:00","100","49","0","2644"
"4","55","65","1","00:08:52","100","206","1","2645"
"73","195","195","1","00:12:00","300","150","1","2646"
"34","190","117","1","00:08:52","247","73","1","2647"
"205","98","141","1","00:08:52","500","251","0","2648"
"149","138","250","1","00:12:00","100","206","1","2649"
"42","31","46","1","00:08:53","247","73","1","2650"
"195","97","230","1","00:08:53","100","49","1","2651"
"1","125","29","1","00:12:01","457","49","1","2652"
"42","109","56","1","00:12:01","457","49","1","2655"
"30","34","110","1","00:08:54","457","49","1","2656"
"117","57","65","1","00:12:01","457","49","1","2657"
"280","21","256","1","00:08:55","300","150","1","2658"
"81","101","66","1","00:12:01","143","251","0","2660"
"39","97","43","1","00:08:56","457","206","0","2661"
"21","201","168","1","00:12:01","203","27","1","2662"
"30","75","67","1","00:08:56","457","206","1","2663"
"23","27","55","1","00:08:57","100","206","0","2664"
"31","73","238","1","00:12:01","457","206","1","2665"
"199","97","156","1","00:08:57","353","27","0","2666"
"73","58","235","1","00:08:57","457","49","0","2667"
"30","88","37","1","00:12:02","457","49","1","2668"
"23","30","119","1","00:08:58","300","150","0","2670"
"190","316","210","1","00:12:02","100","206","1","2671"
"42","88","120","1","00:08:58","143","251","1","2672"
"58","65","54","1","00:08:59","100","49","0","2675"
"31","36","170","1","00:12:03","457","49","1","2676"
"183","31","182","1","00:12:03","500","94","0","2678"
"23","76","8","1","00:09:00","100","206","1","2679"
"76","21","63","1","00:09:00","300","150","0","2680"
"199","73","224","1","00:09:00","300","150","0","2682"
"25","78","123","1","00:09:01","457","49","0","2683"
"105","16","50","1","00:12:04","353","27","0","2684"
"76","183","145","1","00:09:01","457","49","1","2685"
"78","114","220","1","00:09:01","100","206","1","2686"
"149","4","120","1","00:12:04","500","251","0","2687"
"57","183","127","1","00:12:04","100","49","1","2689"
"17","23","23","1","00:09:02","353","227","1","2690"
"88","30","212","1","00:12:04","457","206","0","2691"
"1","31","27","1","00:09:02","457","49","1","2692"
"42","31","46","1","00:09:02","143","94","1","2693"
"42","101","61","1","00:09:02","100","49","1","2695"
"97","142","115","1","00:09:02","353","227","1","2697"
"21","89","153","1","00:09:02","300","150","1","2698"
"125","39","116","1","00:12:05","203","227","1","2699"
"116","224","176","1","00:09:02","457","206","0","2700"
"4","30","201","1","00:12:05","100","206","0","2701"
"4","58","264","1","00:09:02","457","206","1","2702"
"78","30","269","1","00:09:02","100","206","0","2703"
"192","57","209","1","00:12:05","457","206","1","2704"
"23","31","262","1","00:09:03","100","49","0","2706"
"15","23","4","1","00:12:06","300","150","0","2707"
"65","15","14","1","00:09:04","300","150","0","2709"
"78","39","48","1","00:12:06","100","206","1","2710"
"101","78","52","1","00:09:04","100","206","0","2711"
"88","1","69","1","00:12:06","100","206","1","2712"
"205","78","143","1","00:09:04","397","73","1","2713"
"75","78","25","1","00:09:05","100","49","0","2714"
"189","4","208","1","00:12:06","353","227","1","2715"
"39","57","53","1","00:09:05","500","94","1","2716"
"35","78","56","1","00:09:05","353","227","0","2717"
"35","27","148","1","00:09:06","397","73","1","2718"
"39","114","43","1","00:09:07","457","206","1","2719"
"23","35","107","1","00:09:08","100","206","1","2720"
"42","4","120","1","00:09:08","397","273","1","2721"
"224","30","152","1","00:09:08","300","150","0","2722"
"76","21","196","1","00:09:08","457","206","0","2723"
"23","75","204","1","00:09:08","353","227","1","2724"
"23","76","8","1","00:09:09","457","206","0","2725"
"210","42","177","1","00:09:09","100","206","0","2726"
"39","101","199","1","00:09:09","100","206","0","2727"
"34","57","125","1","00:09:10","500","251","0","2730"
"101","97","191","1","00:09:10","457","49","0","2731"
"42","73","238","1","00:09:10","457","49","1","2732"
"39","58","71","1","00:09:11","100","49","1","2733"
"214","195","111","1","00:09:11","100","49","0","2734"
"4","195","144","1","00:09:11","353","227","0","2735"
"138","224","103","1","00:12:40","457","206","0","2738"
"30","88","37","1","00:09:12","300","150","1","2739"
"76","21","84","1","00:09:12","457","49","1","2740"
"224","244","261","1","00:09:12","500","94","1","2741"
"65","116","116","1","00:12:40","457","206","1","2742"
"73","21","92","1","00:09:13","100","206","0","2743"
"188","39","175","1","00:09:13","457","49","1","2744"
"272","280","214","1","00:12:40","457","49","0","2746"
"78","76","255","1","00:12:06","457","206","1","2748"
"97","142","44","1","00:12:41","300","150","1","2749"
"156","75","67","1","00:12:41","100","49","1","2751"
"76","34","164","1","00:12:41","457","206","1","2752"
"34","97","24","1","00:09:14","143","94","1","2753"
"31","73","224","1","00:12:42","203","27","1","2754"
"34","30","46","1","00:09:14","500","251","1","2755"
"30","35","13","1","00:09:15","353","227","0","2756"
"73","88","235","1","00:09:15","203","227","1","2757"
"280","227","242","1","00:09:15","143","251","0","2759"
"58","109","19","1","00:12:07","457","206","0","2761"
"31","57","22","1","00:09:16","100","206","1","2762"
"34","57","125","1","00:09:17","500","251","1","2763"
"75","88","140","1","00:09:17","203","27","1","2764"
"21","34","252","1","00:09:18","203","227","1","2765"
"280","76","232","1","00:09:19","300","150","1","2766"
"23","32","119","1","00:09:20","457","206","0","2767"
"23","57","44","1","00:12:07","457","49","0","2768"
"4","42","155","1","00:09:20","457","49","0","2769"
"89","224","211","1","00:12:07","143","251","0","2770"
"224","4","236","1","00:09:20","500","94","1","2771"
"189","30","265","1","00:12:07","457","49","0","2773"
"205","39","258","1","00:09:20","457","49","0","2774"
"1","31","182","1","00:09:21","500","94","1","2775"
"101","27","47","1","00:12:08","353","227","1","2776"
"1","39","173","1","00:12:08","100","49","1","2777"
"57","227","215","1","00:09:22","457","206","1","2778"
"89","34","104","1","00:09:23","300","150","0","2782"
"89","42","21","1","00:12:43","300","150","0","2783"
"1","4","113","1","00:09:23","457","206","0","2784"
"42","1","56","1","00:12:43","100","49","0","2785"
"1","195","147","1","00:09:23","457","206","0","2786"
"31","58","176","1","00:12:08","457","206","1","2787"
"23","76","88","1","00:12:43","100","49","1","2788"
"75","23","25","1","00:12:09","100","206","1","2789"
"73","88","122","1","00:12:43","100","206","0","2790"
"34","195","216","1","00:12:09","500","94","1","2791"
"161","220","226","1","00:12:09","143","94","1","2792"
"72","195","219","1","00:12:43","457","49","0","2793"
"31","316","267","1","00:12:09","100","206","1","2794"
"88","81","3","1","00:12:44","100","49","0","2795"
"31","78","42","1","00:12:44","100","49","1","2797"
"195","75","169","1","00:09:23","457","49","1","2798"
"34","105","43","1","00:12:44","100","206","0","2799"
"1","76","184","1","00:09:23","143","94","1","2800"
"23","75","136","1","00:12:44","457","49","0","2801"
"1","76","187","1","00:09:23","457","206","1","2802"
"76","21","241","1","00:09:23","457","49","1","2804"
"58","109","19","1","00:12:10","457","206","1","2806"
"31","57","37","1","00:12:45","457","206","0","2808"
"31","58","22","1","00:12:10","100","206","1","2809"
"75","35","36","1","00:09:24","500","251","0","2810"
"227","21","117","1","00:09:24","397","73","1","2811"
"78","31","89","1","00:12:45","203","227","0","2812"
"86","243","218","1","00:12:45","457","49","1","2813"
"31","227","146","1","00:09:25","300","150","1","2814"
"1","4","185","1","00:12:10","300","150","1","2815"
"86","201","158","1","00:12:46","457","49","1","2816"
"66","57","72","1","00:09:26","100","49","0","2817"
"58","1","162","1","00:09:26","457","49","0","2819"
"1","88","34","1","00:12:47","457","49","0","2820"
"183","57","171","1","00:09:26","457","49","0","2821"
"78","138","173","1","00:12:47","100","206","1","2823"
"4","98","27","1","00:09:27","300","150","0","2824"
"101","39","188","1","00:12:48","457","206","0","2825"
"30","88","37","1","00:09:27","100","49","1","2826"
"109","42","48","1","00:09:27","100","206","1","2827"
"89","269","239","1","00:12:48","500","94","1","2828"
"73","39","227","1","00:12:10","457","49","0","2829"
"76","78","52","1","00:09:27","457","49","1","2830"
"49","98","64","1","00:09:27","100","49","1","2832"
"1","125","29","1","00:12:11","100","49","0","2833"
"78","73","29","1","00:09:28","100","206","1","2834"
"30","4","106","1","00:12:11","100","206","1","2835"
"23","1","70","1","00:09:28","100","49","1","2836"
"4","23","144","1","00:09:28","457","206","1","2838"
"88","65","54","1","00:12:12","100","49","1","2839"
"39","195","149","1","00:09:28","100","206","0","2840"
"1","57","251","1","00:12:48","100","206","0","2841"
"97","125","100","1","00:12:12","100","49","1","2842"
"31","42","170","1","00:09:28","100","49","0","2843"
"76","34","104","1","00:12:49","143","94","1","2844"
"88","32","172","1","00:09:28","500","251","1","2845"
"1","195","147","1","00:12:49","300","150","0","2846"
"280","58","260","1","00:12:49","457","49","1","2848"
"34","89","114","1","00:09:29","500","94","0","2849"
"31","21","131","1","00:09:29","100","49","1","2851"
"97","88","115","1","00:12:12","100","206","0","2852"
"42","101","5","1","00:12:50","500","94","0","2853"
"149","75","133","1","00:09:29","100","206","1","2854"
"31","227","146","1","00:12:12","457","49","0","2855"
"81","4","11","1","00:12:50","457","49","1","2856"
"57","191","219","1","00:09:29","100","206","1","2857"
"4","101","54","1","00:12:50","100","49","0","2858"
"205","27","148","1","00:12:12","500","94","0","2859"
"195","58","233","1","00:09:29","300","150","1","2860"
"31","34","60","1","00:12:50","457","49","1","2862"
"39","101","176","1","00:12:50","457","49","1","2865"
"21","76","8","1","00:09:30","300","150","0","2866"
"78","23","147","1","00:12:13","100","49","0","2867"
"21","15","230","1","00:12:50","300","150","0","2868"
"78","21","95","1","00:09:30","300","150","1","2869"
"39","4","197","1","00:12:13","300","150","0","2870"
"205","27","148","1","00:09:30","143","94","1","2871"
"65","89","257","1","00:12:52","100","49","1","2872"
"89","190","239","1","00:12:13","143","251","1","2873"
"40","101","260","1","00:12:13","457","206","1","2875"
"21","42","262","1","00:12:52","300","150","0","2876"
"81","76","67","1","00:09:31","457","49","0","2877"
"201","101","264","1","00:12:52","300","150","1","2878"
"89","42","104","1","00:09:31","500","251","0","2879"
"35","27","9","1","00:12:53","457","206","0","2880"
"114","183","180","1","00:09:31","457","49","1","2881"
"205","89","150","1","00:12:14","500","94","0","2882"
"30","31","243","1","00:09:31","500","251","0","2883"
"73","15","14","1","00:12:53","100","206","0","2884"
"49","116","173","1","00:09:32","457","206","0","2885"
"42","4","165","1","00:12:14","143","94","1","2886"
"15","21","225","1","00:12:15","100","206","1","2887"
"316","89","257","1","00:12:15","353","27","0","2888"
"57","65","41","1","00:12:53","300","150","1","2889"
"23","4","262","1","00:12:15","457","49","1","2890"
"101","31","201","1","00:09:32","100","206","0","2891"
"224","42","135","1","00:09:33","500","94","0","2893"
"23","30","55","1","00:12:16","100","49","0","2894"
"78","98","64","1","00:12:53","457","49","1","2896"
"39","206","110","1","00:12:16","457","206","1","2897"
"1","31","27","1","00:12:54","457","49","1","2898"
"97","55","44","1","00:09:34","100","206","0","2900"
"75","88","140","1","00:09:34","143","251","0","2901"
"57","138","152","1","00:12:54","100","206","1","2902"
"316","39","227","1","00:12:16","300","150","1","2903"
"65","57","10","1","00:09:35","300","150","0","2904"
"34","21","24","1","00:09:35","143","94","1","2905"
"30","101","199","1","00:12:54","457","206","0","2906"
"97","86","51","1","00:09:35","300","150","0","2908"
"76","21","241","1","00:12:54","457","49","0","2909"
"78","31","99","1","00:09:35","143","94","1","2911"
"65","39","36","1","00:12:17","300","150","1","2912"
"116","224","106","1","00:12:55","457","206","0","2913"
"31","227","146","1","00:09:35","457","206","1","2914"
"31","73","224","1","00:09:35","457","206","1","2915"
"1","75","57","1","00:12:17","457","206","0","2916"
"58","78","237","1","00:12:55","457","49","1","2917"
"21","17","230","1","00:09:35","300","150","1","2918"
"76","23","86","1","00:09:36","100","206","0","2920"
"23","34","107","1","00:09:36","100","206","0","2921"
"1","23","109","1","00:09:36","100","49","1","2922"
"21","78","96","1","00:12:17","203","27","0","2923"
"30","76","138","1","00:09:36","457","206","0","2924"
"183","45","139","1","00:09:36","457","49","1","2925"
"31","101","137","1","00:12:17","457","49","0","2926"
"58","21","15","1","00:12:18","457","206","0","2929"
"31","1","85","1","00:09:37","457","49","1","2930"
"73","40","248","1","00:09:37","457","49","1","2931"
"110","101","185","1","00:12:56","300","150","0","2932"
"34","316","261","1","00:09:37","143","251","1","2933"
"65","105","84","1","00:12:57","457","49","1","2934"
"101","4","72","1","00:09:38","300","150","1","2936"
"42","191","130","1","00:09:38","500","251","1","2937"
"4","75","108","1","00:12:57","457","49","1","2938"
"183","75","133","1","00:09:38","100","206","0","2939"
"116","27","180","1","00:12:57","203","227","1","2940"
"23","34","252","1","00:12:57","457","49","1","2941"
"21","30","168","1","00:09:38","100","206","0","2944"
"78","81","20","1","00:12:58","500","94","0","2945"
"65","97","25","1","00:12:58","457","49","1","2946"
"78","224","185","1","00:09:38","457","206","0","2947"
"138","23","216","1","00:09:38","143","251","1","2948"
"23","101","40","1","00:12:58","353","227","1","2949"
"23","78","50","1","00:09:39","457","49","0","2950"
"191","89","136","1","00:09:39","300","150","1","2951"
"78","57","185","1","00:12:58","300","150","1","2952"
"42","31","161","1","00:09:39","457","206","0","2953"
"280","89","217","1","00:12:58","500","94","1","2954"
"280","1","228","1","00:09:39","500","94","1","2955"
"61","244","238","1","00:09:39","300","150","1","2957"
"42","89","114","1","00:12:59","500","94","0","2959"
"75","88","140","1","00:09:40","143","251","0","2960"
"42","195","183","1","00:09:40","100","49","0","2961"
"76","21","241","1","00:12:59","300","150","0","2962"
"101","31","47","1","00:12:18","457","206","1","2963"
"248","269","239","1","00:09:40","397","273","1","2964"
"65","31","30","1","00:13:00","100","49","1","2965"
"1","36","16","1","00:09:41","100","206","1","2966"
"13","116","94","1","00:12:18","100","206","0","2967"
"142","49","69","1","00:13:00","203","227","1","2968"
"16","39","99","1","00:12:18","143","94","1","2969"
"280","227","242","1","00:13:00","143","251","1","2970"
"125","27","47","1","00:09:41","457","49","1","2971"
"32","25","149","1","00:12:18","300","150","1","2972"
"4","78","101","1","00:09:41","500","94","1","2973"
"78","116","163","1","00:12:18","100","206","0","2974"
"212","97","195","1","00:09:41","300","150","1","2975"
"78","227","246","1","00:09:41","100","49","1","2976"
"31","76","138","1","00:13:01","100","206","1","2977"
"76","57","222","1","00:12:18","300","150","0","2978"
"31","76","224","1","00:12:18","300","150","1","2979"
"231","201","161","1","00:13:01","100","206","1","2980"
"86","105","73","1","00:09:42","100","49","1","2982"
"78","42","112","1","00:09:42","100","206","1","2984"
"76","30","174","1","00:09:42","100","49","0","2985"
"23","75","90","1","00:13:02","457","49","0","2986"
"34","239","229","1","00:12:18","143","94","1","2987"
"97","75","203","1","00:09:42","457","49","1","2988"
"78","97","95","1","00:13:02","100","206","1","2989"
"49","31","99","1","00:13:02","500","94","0","2991"
"156","76","67","1","00:09:43","300","150","0","2992"
"31","16","121","1","00:09:43","100","206","0","2993"
"34","30","46","1","00:12:19","143","251","1","2994"
"224","78","127","1","00:09:43","457","206","0","2995"
"86","92","73","1","00:12:19","457","206","0","2996"
"1","86","184","1","00:09:43","500","251","1","2997"
"49","183","234","1","00:12:19","500","251","0","2998"
"101","23","207","1","00:09:43","100","206","0","2999"
"101","97","25","1","00:09:44","457","206","0","3001"
"31","42","60","1","00:09:44","300","150","0","3002"
"227","31","141","1","00:09:44","143","251","0","3003"
"31","227","146","1","00:09:44","457","206","1","3004"
"21","30","175","1","00:09:44","100","206","1","3005"
"76","58","10","1","00:13:03","300","150","0","3006"
"88","30","212","1","00:09:44","100","206","0","3007"
"15","61","213","1","00:09:44","100","206","0","3008"
"116","65","8","1","00:13:04","100","206","0","3009"
"57","101","18","1","00:12:20","457","49","1","3010"
"58","15","19","1","00:12:20","457","49","1","3012"
"76","23","86","1","00:09:45","100","49","1","3013"
"81","23","33","1","00:13:04","457","49","0","3014"
"31","78","42","1","00:12:20","203","27","1","3015"
"78","224","185","1","00:09:45","100","206","0","3016"
"88","78","69","1","00:12:20","457","49","1","3017"
"21","76","136","1","00:13:04","300","150","1","3018"
"1","205","269","1","00:09:45","300","150","1","3019"
"58","21","59","1","00:12:21","100","49","1","3020"
"101","88","72","1","00:09:46","457","49","1","3021"
"1","26","255","1","00:12:21","457","49","1","3022"
"91","30","175","1","00:13:04","353","227","1","3023"
"42","4","125","1","00:09:46","143","251","1","3024"
"39","101","176","1","00:13:04","353","27","1","3026"
"1","88","34","1","00:09:47","457","49","1","3027"
"280","58","260","1","00:13:04","457","49","1","3028"
"31","1","85","1","00:09:47","203","27","0","3029"
"150","190","102","1","00:09:47","300","150","0","3031"
"97","57","44","1","00:09:48","100","206","1","3032"
"98","42","60","1","00:13:05","203","227","1","3033"
"86","24","73","1","00:09:48","100","206","0","3034"
"217","34","155","1","00:13:05","457","206","0","3035"
"65","105","84","1","00:09:48","300","150","1","3036"
"212","42","104","1","00:09:48","500","94","0","3037"
"42","31","9","1","00:13:06","100","206","0","3038"
"21","30","168","1","00:09:48","100","206","0","3039"
"45","42","258","1","00:13:06","457","206","1","3040"
"15","21","225","1","00:09:48","100","49","0","3041"
"1","78","23","1","00:13:07","300","150","1","3044"
"115","53","28","1","00:09:49","100","49","0","3045"
"21","42","124","1","00:09:49","203","27","0","3046"
"4","76","108","1","00:13:07","353","227","0","3047"
"42","195","183","1","00:09:49","100","49","1","3048"
"30","89","217","1","00:13:07","143","251","0","3049"
"75","23","111","1","00:09:50","100","206","1","3050"
"31","76","267","1","00:12:21","100","49","1","3051"
"15","76","255","1","00:13:07","100","206","0","3053"
"34","31","9","1","00:09:51","353","227","1","3054"
"78","89","246","1","00:13:08","100","206","1","3055"
"65","21","63","1","00:09:51","100","49","0","3056"
"78","75","133","1","00:12:22","457","49","0","3057"
"31","76","224","1","00:09:51","100","49","1","3058"
"31","42","60","1","00:09:52","457","49","1","3063"
"57","198","188","1","00:09:52","457","49","0","3064"
"34","65","261","1","00:09:52","300","150","1","3065"
"65","35","36","1","00:12:23","300","150","0","3066"
"75","4","122","1","00:12:23","100","206","0","3067"
"65","97","25","1","00:13:09","100","49","0","3068"
"57","75","129","1","00:12:23","457","49","0","3069"
"98","42","60","1","00:13:09","300","150","1","3070"
"76","88","122","1","00:09:53","100","49","0","3071"
"75","88","140","1","00:12:23","500","94","0","3072"
"101","31","201","1","00:13:09","457","49","1","3073"
"34","280","221","1","00:09:53","143","251","0","3074"
"42","21","183","1","00:12:23","353","27","0","3075"
"31","280","214","1","00:13:09","100","206","1","3076"
"73","224","245","1","00:13:09","457","206","1","3077"
"1","30","64","1","00:09:54","100","206","0","3078"
"4","189","247","1","00:12:23","100","206","1","3079"
"73","21","86","1","00:09:54","457","206","0","3081"
"212","42","104","1","00:09:54","500","251","0","3082"
"39","27","46","1","00:13:10","143","251","1","3083"
"104","39","119","1","00:09:54","353","227","0","3084"
"57","42","167","1","00:09:54","457","206","1","3085"
"1","156","99","1","00:12:24","247","73","1","3086"
"76","88","222","1","00:09:54","100","49","1","3087"
"78","23","147","1","00:12:24","457","206","0","3088"
"1","205","269","1","00:09:54","203","27","1","3089"
"31","73","267","1","00:13:10","100","206","1","3090"
"101","190","219","1","00:12:24","300","150","1","3091"
"88","31","3","1","00:09:55","457","49","0","3092"
"76","205","248","1","00:12:24","353","227","0","3093"
"21","76","204","1","00:09:55","100","206","0","3094"
"248","21","239","1","00:09:55","143","94","1","3095"
"21","49","96","1","00:09:56","457","49","1","3096"
"101","78","151","1","00:09:56","100","206","0","3097"
"57","23","219","1","00:09:56","457","206","0","3098"
"101","105","84","1","00:09:57","100","206","1","3099"
"75","316","263","1","00:09:57","143","251","1","3101"
"201","65","267","1","00:09:57","457","206","0","3102"
"78","231","112","1","00:13:11","457","206","0","3103"
"49","78","259","1","00:12:24","500","94","0","3104"
"23","1","123","1","00:13:11","300","150","0","3105"
"195","97","230","1","00:12:25","100","49","1","3106"
"227","98","141","1","00:13:11","500","251","1","3108"
"35","75","61","1","00:12:26","457","49","1","3109"
"4","65","54","1","00:13:12","457","49","1","3110"
"97","75","136","1","00:12:26","457","49","0","3111"
"75","78","118","1","00:13:12","100","206","1","3112"
"42","125","125","1","00:13:12","500","94","1","3113"
"88","30","172","1","00:13:52","143","94","0","3114"
"78","42","157","1","00:13:12","457","49","0","3115"
"57","31","200","1","00:12:26","457","49","0","3116"
"227","97","102","1","00:13:53","100","49","1","3117"
"31","58","137","1","00:13:53","457","206","0","3118"
"30","86","13","1","00:12:27","203","27","1","3119"
"1","89","220","1","00:13:53","100","206","1","3120"
"21","224","252","1","00:13:53","457","49","1","3121"
"191","30","265","1","00:13:54","457","49","0","3124"
"75","138","211","1","00:13:12","143","251","0","3126"
"58","35","26","1","00:13:55","500","94","1","3127"
"57","201","188","1","00:13:55","300","150","0","3128"
"244","205","248","1","00:13:12","100","206","0","3130"
"78","34","48","1","00:13:56","300","150","1","3131"
"161","75","108","1","00:12:27","457","49","1","3132"
"97","76","153","1","00:13:13","100","206","0","3133"
"248","280","223","1","00:13:13","500","251","1","3135"
"76","81","47","1","00:13:57","100","49","1","3136"
"201","57","264","1","00:13:13","457","49","1","3137"
"30","15","87","1","00:13:57","457","49","1","3138"
"1","34","112","1","00:13:57","457","206","0","3139"
"75","30","116","1","00:13:58","457","206","0","3141"
"280","21","256","1","00:13:58","143","251","0","3142"
"88","30","188","1","00:12:27","457","206","0","3143"
"35","31","46","1","00:13:59","300","150","1","3144"
"13","21","109","1","00:13:59","100","49","1","3146"
"57","30","3","1","00:13:14","100","49","0","3149"
"30","34","60","1","00:12:28","353","227","0","3151"
"73","34","2","1","00:14:00","457","206","1","3152"
"23","101","88","1","00:12:28","100","49","1","3153"
"1","57","34","1","00:14:00","300","150","0","3154"
"91","109","38","1","00:14:00","203","27","1","3155"
"57","23","206","1","00:14:00","100","49","1","3156"
"57","75","108","1","00:14:01","457","206","1","3157"
"1","34","112","1","00:14:01","300","150","1","3158"
"31","227","146","1","00:12:28","203","227","1","3159"
"27","231","157","1","00:12:28","457","206","0","3162"
"31","34","13","1","00:14:03","457","49","1","3163"
"42","30","161","1","00:12:28","100","206","1","3164"
"30","205","146","1","00:14:03","353","227","0","3165"
"30","195","156","1","00:14:03","457","206","1","3166"
"34","243","259","1","00:12:28","300","150","1","3167"
"244","39","227","1","00:14:04","457","49","0","3168"
"76","97","92","1","00:14:05","100","49","1","3170"
"63","15","105","1","00:14:05","300","150","0","3171"
"23","183","126","1","00:14:05","300","150","1","3172"
"31","86","154","1","00:14:05","100","206","1","3173"
"76","138","245","1","00:14:05","457","49","0","3174"
"23","73","8","1","00:14:06","457","49","0","3175"
"89","21","111","1","00:14:06","300","150","0","3176"
"86","81","35","1","00:12:29","500","94","0","3177"
"4","34","167","1","00:14:06","300","150","0","3178"
"15","34","16","1","00:14:07","100","206","1","3179"
"31","57","37","1","00:12:29","353","27","1","3180"
"31","57","176","1","00:14:07","100","206","0","3181"
"23","73","204","1","00:14:07","457","49","0","3182"
"58","21","59","1","00:12:29","100","49","0","3183"
"61","316","224","1","00:14:07","100","206","1","3184"
"4","63","267","1","00:14:07","100","49","1","3185"
"75","97","86","1","00:12:29","100","206","0","3186"
"86","97","142","1","00:14:08","203","27","1","3187"
"35","4","125","1","00:12:29","143","251","1","3188"
"57","201","188","1","00:14:08","100","206","0","3189"
"89","23","142","1","00:14:09","100","49","1","3190"
"191","4","181","1","00:14:09","500","94","0","3191"
"1","89","220","1","00:14:09","100","206","0","3192"
"73","23","86","1","00:14:10","457","206","0","3194"
"78","30","89","1","00:14:10","457","49","1","3195"
"58","224","268","1","00:14:10","300","150","1","3196"
"23","15","38","1","00:14:11","203","27","1","3198"
"65","97","63","1","00:14:11","457","49","0","3199"
"31","88","254","1","00:12:29","457","49","0","3200"
"76","88","140","1","00:14:11","143","251","0","3201"
"42","21","183","1","00:14:11","300","150","1","3202"
"42","73","128","1","00:12:30","143","251","0","3203"
"31","191","131","1","00:12:30","100","206","1","3205"
"49","42","139","1","00:14:12","457","206","1","3206"
"88","201","200","1","00:14:12","457","49","0","3207"
"21","1","134","1","00:12:30","300","150","1","3208"
"34","30","221","1","00:14:12","500","94","1","3209"
"61","313","224","1","00:14:12","300","150","1","3210"
"30","23","256","1","00:12:30","500","94","0","3211"
"78","30","269","1","00:14:12","457","49","0","3212"
"1","75","29","1","00:14:13","300","150","0","3214"
"1","57","34","1","00:14:13","100","206","0","3216"
"75","78","118","1","00:14:13","300","150","1","3217"
"224","75","108","1","00:14:14","457","206","0","3219"
"31","57","197","1","00:14:14","100","206","0","3220"
"31","224","106","1","00:14:15","100","206","1","3221"
"61","313","224","1","00:14:15","457","206","1","3222"
"88","269","244","1","00:14:15","457","206","0","3223"
"269","61","262","1","00:14:15","100","49","1","3224"
"23","42","124","1","00:14:16","457","206","1","3226"
"39","142","53","1","00:14:18","500","251","0","3227"
"1","156","64","1","00:14:18","353","27","1","3228"
"1","231","157","1","00:14:18","457","49","0","3229"
"31","57","176","1","00:14:18","353","27","0","3230"
"224","58","229","1","00:14:18","500","94","0","3231"
"35","58","254","1","00:14:18","300","150","0","3232"
"23","206","265","1","00:14:18","457","49","0","3233"
"101","35","2","1","00:14:19","457","206","0","3234"
"30","76","67","1","00:15:12","457","49","1","3235"
"224","23","216","1","00:14:19","143","251","0","3236"
"245","4","243","1","00:14:19","143","251","1","3237"
"15","21","147","1","00:15:12","203","27","0","3239"
"75","23","25","1","00:14:20","457","206","0","3240"
"78","30","163","1","00:15:12","457","206","1","3241"
"39","75","61","1","00:14:20","457","49","1","3242"
"23","88","209","1","00:15:12","100","49","0","3243"
"23","183","126","1","00:14:20","100","49","1","3244"
"116","58","28","1","00:15:13","203","27","0","3245"
"88","31","201","1","00:14:20","457","49","0","3246"
"316","101","222","1","00:14:20","100","206","0","3247"
"73","138","245","1","00:15:13","100","206","0","3248"
"78","209","246","1","00:14:20","100","206","0","3249"
"30","88","49","1","00:15:15","353","27","1","3250"
"4","31","62","1","00:14:21","457","49","0","3251"
"98","78","85","1","00:14:21","353","227","1","3252"
"4","75","54","1","00:15:15","457","49","0","3253"
"49","42","139","1","00:14:21","353","27","1","3254"
"16","224","171","1","00:15:15","457","206","0","3255"
"31","42","170","1","00:14:21","100","206","1","3256"
"224","58","229","1","00:14:21","500","251","0","3257"
"42","31","9","1","00:15:17","100","206","0","3258"
"58","224","268","1","00:14:21","353","27","1","3259"
"35","142","71","1","00:15:17","100","49","1","3260"
"98","58","22","1","00:14:22","100","49","0","3261"
"15","81","99","1","00:15:17","143","94","0","3262"
"204","76","128","1","00:14:22","143","251","1","3263"
"23","57","132","1","00:15:17","100","49","1","3264"
"88","89","249","1","00:14:22","457","206","1","3265"
"57","23","191","1","00:14:23","203","27","1","3266"
"21","57","233","1","00:15:17","300","150","1","3267"
"78","39","99","1","00:14:24","143","251","0","3268"
"205","78","148","1","00:14:24","500","94","1","3269"
"76","89","257","1","00:15:17","457","49","1","3270"
"57","21","207","1","00:14:24","353","227","0","3271"
"20","86","51","1","00:14:25","300","150","1","3272"
"35","1","56","1","00:14:25","100","49","0","3273"
"31","23","33","1","00:15:18","457","49","1","3274"
"86","142","71","1","00:14:25","300","150","1","3275"
"13","23","95","1","00:14:25","300","150","0","3276"
"39","161","103","1","00:14:25","457","206","1","3277"
"1","157","182","1","00:14:25","300","150","1","3278"
"42","97","183","1","00:14:25","100","49","0","3279"
"86","23","73","1","00:15:18","457","206","1","3281"
"75","98","30","1","00:14:26","353","27","1","3282"
"81","75","66","1","00:14:26","143","251","0","3283"
"89","97","142","1","00:14:26","100","206","0","3284"
"244","61","227","1","00:14:26","203","227","0","3286"
"81","65","17","1","00:15:19","353","27","0","3287"
"21","206","265","1","00:14:26","100","206","1","3288"
"78","27","64","1","00:15:19","300","150","0","3289"
"4","21","23","1","00:14:27","300","150","0","3290"
"116","21","131","1","00:14:27","100","206","0","3291"
"39","109","68","1","00:15:20","143","94","0","3292"
"89","34","211","1","00:14:27","500","251","1","3293"
"195","89","153","1","00:14:28","457","206","0","3294"
"73","88","72","1","00:15:20","457","206","1","3295"
"31","76","166","1","00:14:28","100","206","1","3296"
"78","75","184","1","00:14:28","143","251","0","3297"
"58","75","129","1","00:15:20","457","49","0","3298"
"78","34","250","1","00:14:28","100","206","0","3299"
"75","31","47","1","00:14:29","203","27","0","3300"
"205","190","102","1","00:14:29","100","49","1","3301"
"86","30","158","1","00:15:20","353","27","0","3302"
"57","23","191","1","00:14:29","100","206","0","3303"
"114","4","197","1","00:15:20","457","49","0","3305"
"101","21","63","1","00:14:30","457","49","0","3306"
"21","1","70","1","00:14:30","300","150","1","3307"
"76","34","2","1","00:15:21","100","49","0","3308"
"65","57","122","1","00:14:30","457","49","1","3309"
"4","76","129","1","00:14:30","100","206","0","3310"
"15","23","4","1","00:15:21","300","150","1","3311"
"31","58","254","1","00:14:30","203","227","1","3312"
"76","21","92","1","00:15:21","457","49","0","3313"
"175","76","184","1","00:15:21","300","150","0","3316"
"57","189","219","1","00:15:21","457","49","0","3318"
"31","58","22","1","00:14:31","100","206","1","3319"
"39","190","247","1","00:14:31","100","206","0","3320"
"21","78","134","1","00:15:22","457","49","0","3321"
"34","75","266","1","00:14:31","300","150","0","3322"
"75","23","195","1","00:14:32","203","227","1","3323"
"97","4","132","1","00:14:33","457","206","1","3324"
"138","102","216","1","00:15:22","300","150","1","3325"
"183","42","157","1","00:14:33","457","49","0","3326"
"5","57","65","1","00:15:23","300","150","1","3327"
"30","23","256","1","00:14:33","500","94","1","3328"
"34","23","43","1","00:14:34","203","27","1","3329"
"30","73","67","1","00:15:23","457","49","0","3330"
"23","138","55","1","00:14:34","457","49","1","3331"
"27","92","58","1","00:14:34","457","206","1","3332"
"21","65","88","1","00:14:34","100","206","1","3333"
"49","76","187","1","00:15:23","457","49","1","3334"
"78","88","113","1","00:14:34","353","27","1","3335"
"89","21","195","1","00:15:23","100","206","0","3336"
"42","1","68","1","00:14:35","500","251","1","3337"
"31","1","87","1","00:14:35","457","49","1","3338"
"224","280","221","1","00:15:23","143","94","1","3339"
"21","1","70","1","00:14:36","100","206","0","3340"
"23","78","123","1","00:15:24","457","49","1","3341"
"13","23","95","1","00:14:36","457","206","1","3342"
"23","89","153","1","00:14:36","300","150","0","3343"
"76","31","227","1","00:15:24","100","49","1","3344"
"20","4","209","1","00:14:36","100","206","1","3345"
"30","34","240","1","00:14:36","300","150","1","3346"
"76","280","248","1","00:14:36","457","49","0","3348"
"30","1","11","1","00:14:37","457","206","1","3349"
"65","78","45","1","00:15:25","100","49","1","3350"
"78","21","98","1","00:14:37","353","227","0","3351"
"105","57","44","1","00:15:26","300","150","0","3352"
"23","78","230","1","00:14:37","457","49","1","3353"
"30","34","13","1","00:14:38","100","49","0","3354"
"98","73","154","1","00:15:26","457","206","0","3355"
"42","97","24","1","00:14:38","397","73","0","3356"
"97","138","250","1","00:15:26","100","206","0","3357"
"198","101","103","1","00:14:38","457","206","1","3358"
"21","138","252","1","00:15:26","100","206","1","3359"
"86","58","71","1","00:14:39","100","49","1","3360"
"138","15","259","1","00:15:26","143","94","0","3361"
"1","116","99","1","00:14:39","300","150","1","3362"
"35","142","71","1","00:15:27","457","206","1","3363"
"1","231","112","1","00:14:39","457","206","1","3364"
"21","53","115","1","00:14:39","353","27","1","3365"
"146","189","102","1","00:15:27","100","49","1","3366"
"4","191","191","1","00:14:39","203","227","0","3367"
"20","4","209","1","00:14:39","100","206","1","3368"
"34","75","114","1","00:15:27","500","251","1","3369"
"285","57","260","1","00:14:39","143","251","0","3370"
"34","23","117","1","00:15:27","143","251","1","3371"
"34","21","216","1","00:15:27","143","94","1","3373"
"280","49","240","1","00:15:27","143","94","1","3375"
"88","1","101","1","00:15:28","397","73","0","3377"
"231","101","165","1","00:15:28","300","150","0","3379"
"57","21","59","1","00:14:40","457","49","0","3380"
"201","101","199","1","00:13:14","203","27","1","3381"
"75","138","211","1","00:14:40","300","150","0","3382"
"57","227","215","1","00:15:28","300","150","0","3383"
"30","1","228","1","00:14:41","143","251","1","3384"
"34","21","216","1","00:15:28","143","94","1","3386"
"89","23","142","1","00:14:42","100","206","1","3387"
"101","42","155","1","00:14:42","100","49","1","3390"
"39","277","214","1","00:14:42","457","206","1","3391"
"21","35","107","1","00:13:15","457","49","1","3392"
"76","42","164","1","00:15:29","457","206","0","3393"
"88","91","268","1","00:14:42","457","206","1","3394"
"31","195","149","1","00:13:15","100","49","0","3395"
"23","57","208","1","00:15:29","100","49","0","3396"
"4","31","62","1","00:14:43","457","49","0","3397"
"76","15","14","1","00:13:16","100","49","0","3398"
"57","21","244","1","00:15:29","457","206","0","3399"
"65","78","118","1","00:14:43","100","49","1","3400"
"65","280","248","1","00:14:43","457","206","0","3401"
"16","39","16","1","00:13:16","300","150","1","3402"
"183","212","184","1","00:13:16","143","251","1","3406"
"30","76","67","1","00:14:44","457","49","1","3407"
"42","23","117","1","00:14:44","247","273","0","3408"
"15","31","27","1","00:15:30","300","150","1","3409"
"73","25","241","1","00:14:44","100","206","1","3410"
"54","39","26","1","00:13:17","300","150","0","3411"
"189","30","265","1","00:14:44","100","206","1","3412"
"201","205","170","1","00:13:17","100","206","0","3413"
"97","101","8","1","00:14:45","300","150","1","3414"
"23","1","126","1","00:15:30","100","49","0","3415"
"149","57","185","1","00:13:17","300","150","0","3416"
"1","116","99","1","00:14:45","247","73","1","3417"
"34","57","125","1","00:14:45","143","251","0","3418"
"31","42","170","1","00:14:45","457","206","1","3420"
"21","26","175","1","00:14:45","100","206","0","3421"
"76","42","21","1","00:15:31","457","206","0","3422"
"101","97","237","1","00:14:45","300","150","0","3423"
"30","1","85","1","00:15:31","100","49","1","3424"
"30","34","13","1","00:14:46","100","206","1","3425"
"224","35","135","1","00:14:46","500","94","0","3426"
"199","21","149","1","00:15:31","100","49","1","3427"
"31","78","42","1","00:14:47","100","49","1","3428"
"76","161","30","1","00:13:18","457","49","1","3429"
"142","34","155","1","00:14:47","457","49","1","3430"
"227","25","239","1","00:15:31","397","73","1","3431"
"1","97","147","1","00:13:18","457","49","1","3432"
"57","78","162","1","00:14:47","300","150","1","3433"
"88","195","191","1","00:13:18","100","206","0","3435"
"34","31","9","1","00:14:48","100","206","1","3437"
"4","23","144","1","00:15:32","300","150","0","3438"
"76","31","227","1","00:13:18","100","49","1","3439"
"183","34","157","1","00:14:48","300","150","1","3440"
"30","115","33","1","00:14:49","457","206","1","3441"
"105","78","70","1","00:13:19","100","206","1","3442"
"35","101","5","1","00:13:20","500","94","1","3444"
"23","81","20","1","00:15:33","500","94","0","3445"
"30","75","138","1","00:13:20","353","27","0","3446"
"65","30","47","1","00:15:33","100","49","0","3447"
"4","31","188","1","00:13:20","457","206","1","3448"
"78","34","139","1","00:15:33","457","49","1","3449"
"23","86","169","1","00:14:49","100","49","1","3450"
"89","49","145","1","00:15:33","100","206","0","3451"
"189","4","208","1","00:14:49","100","206","1","3452"
"78","65","255","1","00:15:33","457","49","0","3453"
"78","224","250","1","00:14:49","457","206","1","3454"
"142","98","62","1","00:13:21","457","206","1","3455"
"30","21","149","1","00:15:34","100","49","0","3456"
"149","21","73","1","00:14:50","203","227","1","3457"
"30","21","131","1","00:14:50","457","206","1","3458"
"1","58","185","1","00:14:50","457","206","0","3459"
"21","101","181","1","00:15:34","300","150","1","3460"
"20","78","97","1","00:13:21","100","49","0","3461"
"78","65","184","1","00:15:34","143","251","1","3462"
"114","58","226","1","00:15:34","500","94","1","3464"
"1","206","269","1","00:15:34","457","206","1","3465"
"58","23","206","1","00:14:50","100","49","1","3466"
"21","13","97","1","00:15:35","300","150","0","3467"
"17","39","213","1","00:14:50","100","206","1","3468"
"45","198","242","1","00:14:50","500","94","1","3469"
"23","31","119","1","00:15:35","300","150","1","3470"
"32","75","166","1","00:15:35","457","49","0","3471"
"23","63","210","1","00:15:35","300","150","1","3472"
"81","55","37","1","00:13:22","300","150","1","3473"
"30","15","42","1","00:15:36","100","206","1","3475"
"15","21","23","1","00:14:51","300","150","0","3477"
"44","190","102","1","00:15:36","457","206","0","3478"
"31","58","37","1","00:14:51","457","49","0","3479"
"31","75","138","1","00:15:36","457","49","1","3480"
"81","65","66","1","00:14:51","500","251","0","3481"
"98","73","154","1","00:15:36","457","49","0","3482"
"76","34","164","1","00:14:51","457","49","0","3483"
"4","39","201","1","00:15:36","457","49","1","3485"
"217","23","207","1","00:15:36","457","206","1","3487"
"58","195","219","1","00:15:36","457","49","0","3488"
"105","65","40","1","00:14:52","203","27","1","3489"
"42","220","120","1","00:14:52","143","94","1","3490"
"190","183","134","1","00:14:52","457","49","1","3491"
"78","30","163","1","00:14:52","100","206","1","3492"
"138","31","236","1","00:15:36","500","251","1","3493"
"76","280","248","1","00:14:52","457","49","0","3494"
"44","30","46","1","00:15:37","300","150","1","3495"
"210","1","259","1","00:14:52","143","251","0","3496"
"76","31","174","1","00:15:37","100","49","1","3497"
"75","42","177","1","00:15:37","100","206","1","3498"
"280","244","232","1","00:15:37","143","251","1","3500"
"73","23","159","1","00:14:53","457","206","0","3501"
"58","73","54","1","00:15:38","100","49","1","3502"
"30","89","217","1","00:14:53","143","251","1","3503"
"57","227","215","1","00:15:38","100","206","1","3504"
"97","30","6","1","00:14:54","100","206","1","3505"
"34","23","43","1","00:14:54","457","206","1","3507"
"138","101","103","1","00:14:54","100","49","0","3509"
"13","156","89","1","00:15:39","300","150","1","3511"
"4","76","29","1","00:14:55","300","150","0","3512"
"75","78","45","1","00:14:55","100","206","0","3513"
"76","21","92","1","00:15:39","457","49","0","3514"
"76","34","189","1","00:15:39","457","206","0","3516"
"65","98","30","1","00:14:56","457","206","0","3517"
"23","58","44","1","00:14:56","457","206","0","3519"
"101","53","10","1","00:15:40","100","206","0","3520"
"65","88","122","1","00:14:56","457","49","0","3521"
"78","31","99","1","00:15:40","300","150","1","3522"
"73","34","189","1","00:14:56","457","206","1","3523"
"78","30","173","1","00:15:40","457","49","0","3524"
"88","109","19","1","00:14:57","457","49","1","3527"
"65","201","116","1","00:14:57","100","49","1","3529"
"101","1","237","1","00:14:57","100","206","1","3530"
"20","149","51","1","00:14:58","457","49","0","3531"
"195","76","203","1","00:14:58","300","150","1","3533"
"227","97","117","1","00:15:42","300","150","0","3534"
"15","21","4","1","00:14:59","457","206","0","3535"
"1","76","187","1","00:15:42","457","49","1","3536"
"30","76","67","1","00:14:59","300","150","0","3537"
"57","1","237","1","00:15:42","300","150","1","3538"
"78","21","98","1","00:14:59","457","49","1","3539"
"42","23","117","1","00:14:59","397","273","1","3540"
"78","142","34","1","00:15:43","100","206","1","3541"
"4","57","254","1","00:14:59","100","206","1","3542"
"32","16","190","1","00:15:43","300","150","0","3543"
"210","1","259","1","00:14:59","143","251","0","3544"
"76","57","222","1","00:15:43","100","49","1","3545"
"30","1","190","1","00:15:00","300","150","1","3546"
"16","86","32","1","00:15:01","300","150","0","3547"
"101","63","10","1","00:15:44","100","206","0","3548"
"42","88","53","1","00:15:01","500","251","1","3549"
"183","34","157","1","00:15:01","457","49","0","3550"
"30","31","243","1","00:15:01","300","150","0","3551"
"23","27","20","1","00:15:44","300","150","0","3552"
"142","23","31","1","00:15:44","457","49","0","3554"
"1","30","64","1","00:15:02","203","227","1","3555"
"98","42","60","1","00:15:44","203","27","0","3556"
"35","201","141","1","00:15:02","500","94","0","3557"
"86","57","71","1","00:15:44","300","150","1","3558"
"73","205","248","1","00:15:02","100","49","1","3559"
"23","89","136","1","00:15:03","100","49","1","3560"
"31","21","149","1","00:15:44","203","27","1","3561"
"15","280","269","1","00:15:03","457","49","1","3562"
"23","73","153","1","00:15:44","300","150","1","3563"
"142","86","39","1","00:15:04","353","27","0","3564"
"116","58","137","1","00:15:04","457","206","0","3566"
"75","1","45","1","00:15:45","300","150","1","3570"
"1","75","187","1","00:15:05","457","49","0","3571"
"195","89","204","1","00:15:45","100","49","1","3572"
"138","61","236","1","00:15:05","143","251","1","3573"
"4","23","207","1","00:15:45","457","206","0","3574"
"125","35","36","1","00:15:46","397","273","1","3576"
"57","21","160","1","00:15:46","100","206","1","3578"
"227","34","211","1","00:15:46","247","273","1","3579"
"89","4","231","1","00:15:46","247","273","0","3580"
"88","15","19","1","00:15:47","457","49","1","3581"
"39","231","146","1","00:15:47","300","150","1","3582"
"88","97","15","1","00:15:06","100","206","1","3584"
"189","76","203","1","00:15:06","100","206","1","3585"
"88","248","215","1","00:15:06","353","27","0","3586"
"30","23","33","1","00:15:07","457","206","1","3587"
"1","42","48","1","00:15:07","100","206","1","3588"
"26","101","106","1","00:15:08","100","49","0","3589"
"15","116","99","1","00:15:09","143","251","1","3590"
"76","97","111","1","00:15:09","100","206","1","3591"
"114","23","131","1","00:15:48","457","206","0","3592"
"21","26","175","1","00:15:09","457","49","0","3593"
"76","32","158","1","00:15:48","100","49","1","3594"
"78","57","171","1","00:15:48","457","49","0","3595"
"57","31","172","1","00:15:48","143","251","1","3596"
"61","192","264","1","00:15:48","300","150","1","3597"
"65","27","47","1","00:15:49","100","206","0","3598"
"21","76","210","1","00:15:49","100","49","1","3599"
"34","23","24","1","00:15:50","300","150","0","3602"
"116","78","38","1","00:15:50","300","150","0","3603"
"101","34","21","1","00:15:10","457","206","0","3604"
"49","97","95","1","00:15:50","457","49","1","3605"
"30","58","49","1","00:15:10","457","49","0","3606"
"21","75","136","1","00:15:50","100","206","1","3607"
"1","21","147","1","00:15:50","203","227","1","3608"
"30","97","149","1","00:15:10","457","206","1","3609"
"21","4","181","1","00:15:51","300","150","0","3610"
"57","23","219","1","00:15:10","100","206","0","3611"
"61","73","238","1","00:15:51","457","49","0","3612"
"57","35","26","1","00:15:11","500","251","1","3613"
"34","88","229","1","00:15:11","247","73","0","3614"
"75","23","195","1","00:16:27","100","206","1","3615"
"57","31","201","1","00:16:27","100","206","0","3616"
"248","58","226","1","00:16:27","500","251","1","3617"
"156","57","49","1","00:16:28","457","49","1","3618"
"189","39","119","1","00:16:28","100","206","1","3619"
"1","89","184","1","00:16:28","300","150","0","3620"
"78","42","157","1","00:16:29","203","27","0","3623"
"76","195","159","1","00:16:29","300","150","0","3624"
"75","98","116","1","00:16:30","457","206","0","3625"
"76","31","158","1","00:16:30","457","49","0","3626"
"138","101","229","1","00:16:30","500","94","0","3627"
"224","4","236","1","00:16:30","143","94","1","3628"
"78","57","251","1","00:16:30","100","49","1","3629"
"30","58","22","1","00:16:31","100","206","0","3630"
"42","92","73","1","00:16:31","457","206","1","3631"
"125","103","92","1","00:16:31","457","206","0","3632"
"227","78","143","1","00:16:31","143","94","0","3633"
"57","227","249","1","00:16:31","300","150","0","3634"
"191","61","262","1","00:16:31","100","49","1","3635"
"21","30","55","1","00:16:32","457","206","1","3637"
"58","105","59","1","00:16:32","100","49","0","3638"
"34","26","35","1","00:16:33","143","94","1","3639"
"23","42","51","1","00:16:33","100","206","1","3640"
"103","65","88","1","00:16:33","100","49","0","3641"
"31","73","267","1","00:16:33","300","150","0","3642"
"98","23","156","1","00:16:34","457","206","0","3643"
"73","4","227","1","00:16:34","300","150","1","3644"
"4","39","48","1","00:16:35","100","206","0","3645"
"34","4","165","1","00:16:35","500","94","1","3646"
"201","76","166","1","00:16:35","100","206","0","3647"
"244","15","218","1","00:16:35","100","206","0","3648"
"138","101","229","1","00:16:35","500","251","0","3649"
"81","116","33","1","00:16:36","353","27","0","3650"
"75","23","111","1","00:16:36","100","206","0","3651"
"1","34","112","1","00:16:36","203","227","1","3652"
"1","31","173","1","00:16:36","300","150","0","3653"
"248","206","223","1","00:16:36","300","150","0","3654"
"156","142","49","1","00:16:37","457","49","1","3656"
"183","75","187","1","00:16:37","457","49","0","3657"
"78","73","255","1","00:16:37","100","206","0","3658"
"97","34","107","1","00:16:38","457","49","1","3659"
"31","58","22","1","00:16:39","100","206","1","3660"
"65","30","174","1","00:16:39","353","27","1","3661"
"23","78","50","1","00:16:40","457","206","1","3663"
"1","156","64","1","00:16:40","300","150","0","3664"
"30","205","146","1","00:16:41","300","150","0","3666"
"31","57","199","1","00:16:41","100","49","0","3667"
"58","34","268","1","00:16:41","457","206","1","3668"
"97","142","44","1","00:16:42","457","206","0","3670"
"49","30","221","1","00:16:42","500","94","0","3671"
"183","34","250","1","00:16:42","100","49","1","3672"
"42","76","5","1","00:16:43","247","73","1","3673"
"23","42","186","1","00:16:43","100","49","1","3674"
"58","1","19","1","00:16:44","457","49","1","3675"
"73","161","72","1","00:16:44","457","206","1","3676"
"1","75","187","1","00:16:44","353","227","0","3677"
"75","23","92","1","00:16:45","100","206","1","3679"
"76","21","159","1","00:16:45","457","49","0","3680"
"73","42","164","1","00:16:45","457","206","1","3681"
"97","101","209","1","00:16:45","100","206","1","3682"
"21","30","20","1","00:16:46","300","150","1","3684"
"42","97","73","1","00:16:46","100","206","1","3685"
"39","231","146","1","00:15:52","457","206","0","3686"
"227","76","114","1","00:16:46","500","251","1","3687"
"195","89","153","1","00:16:46","300","150","1","3688"
"31","23","149","1","00:15:52","203","227","0","3690"
"42","30","141","1","00:16:47","143","94","1","3691"
"39","57","254","1","00:15:52","100","206","1","3692"
"183","97","147","1","00:16:47","100","206","0","3693"
"21","4","262","1","00:15:52","203","227","0","3694"
"57","227","167","1","00:16:48","300","150","1","3695"
"42","114","253","1","00:16:48","100","206","0","3696"
"89","73","263","1","00:15:52","500","94","0","3697"
"78","30","269","1","00:16:48","203","227","0","3698"
"34","75","114","1","00:15:53","500","94","0","3699"
"34","30","46","1","00:16:49","300","150","1","3701"
"31","35","13","1","00:16:50","300","150","0","3702"
"81","88","49","1","00:16:50","100","206","1","3703"
"34","142","53","1","00:16:50","500","251","1","3704"
"98","109","87","1","00:16:50","300","150","1","3705"
"76","31","174","1","00:15:53","100","49","1","3706"
"39","224","176","1","00:16:50","457","206","0","3707"
"195","73","210","1","00:16:50","300","150","0","3708"
"31","21","58","1","00:16:51","100","206","1","3709"
"88","78","101","1","00:16:51","500","94","0","3710"
"78","101","185","1","00:16:51","100","206","1","3711"
"4","31","188","1","00:16:51","100","206","1","3712"
"20","101","40","1","00:16:52","100","206","0","3714"
"191","212","100","1","00:16:52","100","206","1","3715"
"75","49","105","1","00:16:52","300","150","1","3716"
"76","21","196","1","00:16:52","100","206","0","3717"
"101","189","207","1","00:16:52","300","150","1","3718"
"81","1","42","1","00:16:54","353","27","0","3719"
"78","156","64","1","00:16:54","457","206","1","3720"
"97","78","70","1","00:16:54","100","206","1","3721"
"189","183","123","1","00:16:54","100","49","1","3722"
"57","42","167","1","00:16:54","100","49","0","3723"
"27","1","11","1","00:16:55","100","49","1","3724"
"23","156","55","1","00:16:55","100","49","1","3725"
"98","1","87","1","00:16:55","353","227","0","3726"
"13","23","95","1","00:16:55","457","49","1","3727"
"101","21","191","1","00:16:55","457","206","1","3728"
"23","34","51","1","00:16:56","100","49","1","3730"
"34","97","73","1","00:16:56","100","206","1","3731"
"34","157","161","1","00:16:56","457","206","1","3732"
"101","110","162","1","00:16:56","457","206","1","3733"
"23","101","208","1","00:15:53","100","206","1","3734"
"61","21","247","1","00:16:57","100","206","1","3736"
"97","78","70","1","00:16:58","300","150","1","3737"
"39","58","103","1","00:16:58","203","227","1","3738"
"1","75","187","1","00:16:58","100","49","0","3739"
"39","16","190","1","00:16:58","100","206","1","3740"
"30","78","87","1","00:15:54","353","27","1","3741"
"13","31","89","1","00:17:00","457","49","0","3742"
"191","212","100","1","00:17:00","457","206","1","3743"
"205","316","232","1","00:15:54","143","94","1","3744"
"88","89","249","1","00:17:00","300","150","0","3745"
"31","101","264","1","00:17:00","203","227","1","3747"
"57","78","127","1","00:15:55","300","150","0","3748"
"57","183","151","1","00:15:55","100","206","1","3751"
"280","224","240","1","00:15:55","100","49","0","3753"
"31","55","37","1","00:17:01","100","206","1","3754"
"23","61","169","1","00:17:01","100","49","0","3755"
"23","49","252","1","00:15:55","100","49","1","3756"
"81","88","22","1","00:15:56","457","49","1","3757"
"57","23","31","1","00:15:56","457","206","1","3758"
"34","97","259","1","00:17:02","300","150","1","3759"
"58","23","15","1","00:17:03","457","206","0","3760"
"78","97","94","1","00:17:03","457","49","0","3761"
"30","49","121","1","00:17:03","457","206","1","3762"
"1","190","225","1","00:17:03","300","150","0","3763"
"31","227","253","1","00:17:03","353","27","1","3764"
"75","23","92","1","00:17:05","457","49","0","3765"
"23","316","210","1","00:17:05","300","150","1","3766"
"4","78","162","1","00:15:56","457","49","0","3767"
"23","73","8","1","00:17:06","353","27","1","3768"
"195","101","233","1","00:15:56","100","49","1","3769"
"97","89","246","1","00:15:56","457","206","1","3770"
"274","88","254","1","00:15:57","100","206","1","3772"
"100","217","222","1","00:17:06","100","49","0","3774"
"31","34","13","1","00:17:07","300","150","0","3776"
"98","42","60","1","00:15:58","457","206","0","3777"
"31","89","138","1","00:17:07","300","150","0","3778"
"75","57","72","1","00:15:58","353","27","0","3779"
"4","39","188","1","00:17:07","100","206","0","3780"
"1","21","109","1","00:15:58","457","49","1","3781"
"13","21","98","1","00:15:59","457","49","0","3783"
"73","42","36","1","00:17:08","143","94","0","3784"
"32","78","180","1","00:17:08","457","49","1","3785"
"78","86","184","1","00:17:08","143","251","1","3786"
"224","195","160","1","00:15:59","300","150","1","3787"
"205","31","258","1","00:17:08","353","27","0","3788"
"57","42","167","1","00:17:09","100","206","1","3789"
"23","65","136","1","00:17:10","100","49","1","3790"
"227","57","165","1","00:17:10","500","94","1","3791"
"89","138","211","1","00:17:10","143","251","1","3792"
"4","30","214","1","00:17:10","100","206","1","3793"
"78","76","255","1","00:17:10","203","27","0","3794"
"88","115","31","1","00:17:11","457","206","1","3797"
"21","4","115","1","00:10:50","300","150","0","3798"
"4","73","224","1","00:17:11","100","206","1","3799"
"15","34","16","1","00:17:12","300","150","0","3800"
"224","30","221","1","00:10:50","500","251","1","3801"
"97","57","209","1","00:17:12","457","49","0","3802"
"34","42","236","1","00:10:50","500","251","0","3803"
"248","190","239","1","00:17:12","500","251","1","3804"
"65","75","257","1","00:17:12","100","49","1","3806"
"88","35","39","1","00:10:51","353","27","1","3807"
"81","1","11","1","00:17:13","457","206","1","3808"
"97","156","55","1","00:10:51","100","49","0","3809"
"244","42","227","1","00:10:51","457","206","0","3810"
"227","116","263","1","00:10:51","500","94","1","3811"
"13","35","32","1","00:17:13","457","49","0","3812"
"34","89","266","1","00:10:51","143","251","1","3813"
"35","30","46","1","00:17:13","500","251","0","3814"
"20","86","51","1","00:17:13","203","227","0","3816"
"1","101","171","1","00:17:13","100","49","0","3817"
"138","21","216","1","00:17:13","397","73","0","3818"
"4","116","59","1","00:17:14","300","150","1","3819"
"13","23","95","1","00:17:14","457","206","0","3820"
"89","31","174","1","00:17:14","457","49","0","3821"
"97","210","203","1","00:17:14","457","49","0","3822"
"42","76","5","1","00:10:52","300","150","1","3823"
"34","73","5","1","00:17:15","500","94","0","3824"
"97","30","20","1","00:10:52","500","94","0","3825"
"105","78","70","1","00:10:52","457","49","1","3826"
"34","23","24","1","00:17:15","143","251","1","3827"
"97","1","123","1","00:10:52","100","206","0","3828"
"30","88","49","1","00:10:53","457","49","1","3829"
"88","39","201","1","00:10:53","300","150","0","3830"
"227","76","150","1","00:17:15","500","94","0","3831"
"244","1","218","1","00:10:53","100","206","1","3832"
"58","89","215","1","00:17:15","100","49","1","3833"
"78","21","147","1","00:10:54","300","150","0","3835"
"15","101","29","1","00:10:55","457","206","1","3836"
"31","183","190","1","00:10:55","100","49","1","3837"
"31","206","214","1","00:10:55","100","206","1","3838"
"205","34","240","1","00:10:55","300","150","0","3839"
"57","21","15","1","00:10:56","300","150","0","3840"
"224","30","221","1","00:10:56","500","94","0","3841"
"30","224","176","1","00:10:57","457","206","1","3842"
"78","81","99","1","00:10:58","143","94","0","3844"
"31","86","154","1","00:10:58","457","206","1","3845"
"78","4","185","1","00:10:58","203","27","1","3846"
"89","34","189","1","00:10:59","353","27","0","3847"
"23","57","208","1","00:10:59","100","49","0","3848"
"138","76","261","1","00:10:59","500","251","0","3849"
"31","58","22","1","00:11:00","100","49","0","3851"
"97","78","50","1","00:11:00","353","227","1","3852"
"78","4","113","1","00:11:00","300","150","1","3853"
"76","42","36","1","00:11:03","300","150","0","3854"
"65","1","45","1","00:11:03","100","49","1","3855"
"49","73","133","1","00:11:03","457","206","0","3856"
"30","76","232","1","00:17:15","500","251","1","3857"
"224","1","234","1","00:17:15","143","251","0","3858"
"34","97","234","1","00:11:03","143","251","1","3861"
"30","88","22","1","00:17:16","300","150","0","3862"
"57","89","108","1","00:11:04","100","49","0","3864"
"101","39","188","1","00:17:16","100","206","0","3865"
"190","49","134","1","00:11:04","300","150","1","3866"
"285","42","243","1","00:17:16","500","94","0","3867"
"169","161","181","1","00:11:04","247","273","1","3868"
"1","31","64","1","00:17:17","100","206","0","3869"
"21","35","107","1","00:17:17","100","206","1","3871"
"15","65","29","1","00:11:05","457","206","0","3872"
"30","195","156","1","00:11:05","203","27","1","3873"
"31","227","146","1","00:17:17","353","27","1","3875"
"224","35","155","1","00:17:17","457","49","0","3876"
"88","35","39","1","00:11:06","353","227","0","3877"
"30","138","240","1","00:17:17","143","251","1","3878"
"23","88","44","1","00:11:06","203","27","0","3879"
"34","1","259","1","00:17:17","143","94","1","3880"
"35","1","56","1","00:11:06","203","27","0","3881"
"23","75","88","1","00:11:06","100","49","0","3883"
"4","39","172","1","00:11:06","143","251","0","3885"
"316","23","241","1","00:11:06","457","206","0","3886"
"4","57","264","1","00:11:06","457","206","1","3887"
"35","23","73","1","00:11:07","100","206","0","3888"
"31","195","149","1","00:11:07","457","206","0","3890"
"244","58","235","1","00:17:18","100","206","1","3891"
"97","58","28","1","00:17:19","203","227","0","3893"
"58","76","18","1","00:11:08","300","150","1","3894"
"34","1","234","1","00:11:08","143","251","0","3895"
"78","65","57","1","00:17:19","353","27","0","3896"
"280","88","260","1","00:11:08","457","49","1","3897"
"13","23","95","1","00:17:19","457","206","0","3898"
"57","30","62","1","00:11:09","353","227","1","3900"
"316","138","245","1","00:11:09","100","206","0","3901"
"76","1","52","1","00:11:10","457","206","0","3903"
"78","73","133","1","00:11:10","457","206","0","3904"
"86","34","164","1","00:11:10","100","49","1","3905"
"116","75","166","1","00:11:10","203","27","0","3906"
"31","57","197","1","00:11:10","100","49","1","3907"
"57","21","244","1","00:11:10","457","49","0","3908"
"63","73","54","1","00:11:11","457","49","0","3909"
"23","76","204","1","00:11:11","100","49","1","3910"
"224","245","221","1","00:11:11","300","150","0","3911"
"39","89","138","1","00:11:12","300","150","0","3912"
"101","248","215","1","00:11:12","100","206","1","3913"
"100","101","222","1","00:11:12","100","49","0","3914"
"57","30","3","1","00:11:13","100","206","1","3916"
"39","224","106","1","00:17:20","457","206","1","3917"
"31","4","137","1","00:17:20","203","227","1","3918"
"86","97","142","1","00:11:13","100","49","0","3919"
"103","30","6","1","00:17:21","300","150","0","3921"
"57","21","160","1","00:11:13","457","206","1","3922"
"34","58","53","1","00:17:21","500","251","1","3923"
"15","39","173","1","00:11:14","353","27","0","3924"
"73","227","104","1","00:17:21","397","73","1","3925"
"97","89","220","1","00:11:14","100","206","0","3926"
"23","30","6","1","00:11:15","457","206","1","3931"
"42","1","148","1","00:17:21","143","251","1","3932"
"78","42","139","1","00:17:22","100","206","1","3933"
"42","31","46","1","00:11:15","300","150","0","3934"
"227","30","223","1","00:17:22","500","94","0","3935"
"34","1","56","1","00:11:15","100","206","0","3937"
"78","224","250","1","00:17:23","300","150","0","3938"
"34","1","68","1","00:11:15","500","94","1","3939"
"89","227","164","1","00:11:15","100","49","0","3940"
"101","97","206","1","00:11:15","100","206","0","3941"
"280","189","256","1","00:11:15","143","94","1","3942"
"23","75","136","1","00:17:24","100","49","1","3945"
"23","125","181","1","00:17:24","300","150","0","3946"
"23","34","186","1","00:17:24","457","49","0","3947"
"61","65","267","1","00:17:24","457","206","1","3948"
"15","31","27","1","00:17:25","100","49","0","3950"
"125","78","118","1","00:17:26","457","49","0","3952"
"58","75","18","1","00:11:16","300","150","1","3954"
"316","39","227","1","00:17:26","100","49","0","3955"
"30","75","67","1","00:11:16","100","206","1","3956"
"34","27","179","1","00:11:16","300","150","1","3958"
"23","81","55","1","00:17:27","100","49","0","3959"
"75","195","196","1","00:11:16","457","206","1","3960"
"23","88","209","1","00:11:16","100","206","1","3961"
"149","142","71","1","00:17:27","100","206","1","3962"
"35","23","24","1","00:11:17","500","94","1","3963"
"30","205","110","1","00:11:17","457","206","1","3964"
"53","280","212","1","00:11:17","100","206","1","3965"
"76","58","235","1","00:11:17","457","49","1","3966"
"81","57","49","1","00:11:18","353","27","0","3968"
"81","58","22","1","00:11:19","457","49","0","3969"
"65","1","52","1","00:11:19","300","150","0","3970"
"73","31","116","1","00:11:19","100","206","0","3971"
"57","34","155","1","00:11:19","457","49","0","3972"
"23","34","252","1","00:17:42","300","150","1","3973"
"34","214","114","1","00:17:43","457","49","1","3976"
"88","39","172","1","00:17:43","143","251","0","3977"
"76","30","47","1","00:17:44","100","49","1","3980"
"76","97","92","1","00:17:44","300","150","1","3981"
"4","97","144","1","00:17:44","203","227","1","3982"
"42","116","161","1","00:17:44","457","49","1","3983"
"21","57","44","1","00:17:45","353","227","0","3984"
"39","97","149","1","00:17:45","300","150","1","3985"
"125","88","72","1","00:17:46","457","49","0","3986"
"97","49","97","1","00:17:46","300","150","1","3987"
"195","42","107","1","00:17:46","300","150","1","3988"
"88","34","268","1","00:17:46","100","206","0","3989"
"15","30","269","1","00:17:46","100","206","1","3990"
"16","39","213","1","00:17:47","100","49","0","3991"
"30","15","11","1","00:17:48","203","227","1","3992"
"1","75","133","1","00:17:48","300","150","0","3993"
"105","34","51","1","00:17:49","100","206","0","3996"
"76","34","245","1","00:17:49","457","49","0","3997"
"65","78","45","1","00:17:50","100","206","1","3999"
"125","88","72","1","00:17:50","457","49","0","4000"
"31","78","87","1","00:17:50","457","49","0","4001"
"227","21","117","1","00:17:51","143","94","0","4002"
"4","280","214","1","00:17:51","457","49","1","4003"
"15","21","225","1","00:17:51","100","206","1","4004"
"1","156","27","1","00:17:52","457","49","1","4006"
"81","105","58","1","00:17:52","300","150","0","4007"
"190","316","210","1","00:17:52","100","206","1","4008"
"34","31","46","1","00:17:53","500","94","0","4010"
"35","1","68","1","00:17:53","500","94","0","4011"
"88","31","201","1","00:17:53","300","150","1","4012"
"57","280","212","1","00:17:53","457","206","0","4013"
"75","313","263","1","00:17:53","500","251","1","4014"
"15","280","269","1","00:17:53","100","49","0","4015"
"75","78","25","1","00:17:54","203","227","1","4019"
"98","1","85","1","00:17:54","457","49","0","4020"
"34","91","102","1","00:17:54","300","150","1","4021"
"75","88","140","1","00:17:54","500","94","0","4022"
"57","31","152","1","00:17:54","300","150","0","4023"
"138","313","261","1","00:17:54","143","251","1","4024"
"39","88","197","1","00:17:55","457","49","0","4026"
"58","76","18","1","00:17:56","300","150","1","4028"
"30","75","66","1","00:17:56","500","94","0","4029"
"195","42","107","1","00:17:56","300","150","0","4030"
"78","88","113","1","00:17:56","457","49","1","4031"
"76","31","116","1","00:17:56","100","206","0","4032"
"58","76","178","1","00:17:57","143","94","0","4034"
"89","53","226","1","00:17:57","500","251","0","4035"
"75","23","84","1","00:17:58","457","49","1","4036"
"183","89","246","1","00:17:58","300","150","0","4037"
"58","76","18","1","00:17:59","457","206","1","4039"
"4","42","155","1","00:17:59","100","206","0","4040"
"138","227","170","1","00:17:59","300","150","0","4041"
"57","21","207","1","00:17:59","457","49","0","4042"
"97","76","8","1","00:18:00","300","150","0","4043"
"76","88","122","1","00:18:00","457","49","0","4044"
"183","39","173","1","00:18:00","457","49","1","4045"
"30","75","66","1","00:18:01","500","94","0","4046"
"49","97","109","1","00:18:01","457","206","1","4047"
"227","214","114","1","00:18:01","100","49","1","4048"
"76","21","142","1","00:18:01","353","27","1","4049"
"31","75","166","1","00:18:01","353","27","0","4050"
"23","39","262","1","00:18:01","100","49","0","4051"
"76","34","21","1","00:18:02","100","49","1","4053"
"57","97","31","1","00:18:02","457","49","1","4054"
"31","142","106","1","00:18:02","100","206","1","4055"
"58","89","215","1","00:18:02","457","49","1","4056"
"280","224","240","1","00:18:02","300","150","0","4057"
"156","105","58","1","00:18:03","457","206","1","4058"
"30","73","154","1","00:18:03","203","27","0","4059"
"224","89","266","1","00:18:03","500","94","0","4060"
"109","86","48","1","00:18:05","457","49","0","4065"
"30","42","60","1","00:18:05","457","206","0","4066"
"1","231","157","1","00:18:05","457","206","0","4067"
"73","138","245","1","00:18:05","457","49","1","4068"
"76","21","25","1","00:18:06","100","49","0","4070"
"23","88","44","1","00:18:06","457","49","0","4071"
"13","21","98","1","00:18:06","203","27","1","4072"
"101","231","135","1","00:18:06","143","94","0","4073"
"42","86","150","1","00:18:06","247","273","0","4074"
"1","89","246","1","00:18:06","100","206","0","4075"
"65","42","2","1","00:18:07","100","206","0","4076"
"76","97","63","1","00:18:07","457","49","0","4077"
"57","78","69","1","00:18:07","457","206","1","4078"
"316","269","241","1","00:18:07","353","227","0","4079"
"190","34","252","1","00:18:07","457","49","0","4080"
"4","183","127","1","00:18:08","100","49","0","4081"
"76","34","189","1","00:18:08","300","150","1","4082"
"66","23","196","1","00:18:08","100","206","1","4083"
"34","23","216","1","00:18:08","300","150","0","4084"
"23","35","12","1","00:18:09","100","206","0","4085"
"27","65","17","1","00:18:09","300","150","0","4086"
"23","57","132","1","00:18:09","457","49","1","4087"
"42","224","125","1","00:13:22","143","94","1","4088"
"227","157","161","1","00:13:22","100","49","0","4089"
"39","244","224","1","00:13:22","100","49","1","4090"
"205","34","240","1","00:13:22","300","150","0","4091"
"75","42","2","1","00:13:23","457","206","1","4092"
"88","65","18","1","00:13:23","457","206","0","4093"
"35","78","68","1","00:13:23","143","251","1","4094"
"168","1","85","1","00:13:23","353","227","0","4095"
"13","31","99","1","00:13:23","500","94","0","4096"
"4","20","206","1","00:13:23","100","206","1","4097"
"31","4","199","1","00:13:24","457","206","0","4099"
"31","1","121","1","00:13:25","457","206","0","4100"
"183","88","251","1","00:13:25","457","49","1","4101"
"31","73","17","1","00:13:26","300","150","1","4102"
"73","31","116","1","00:13:26","457","49","0","4103"
"86","78","145","1","00:13:26","100","49","1","4104"
"157","75","166","1","00:13:26","203","227","1","4105"
"58","190","244","1","00:13:26","203","27","0","4106"
"15","101","29","1","00:13:27","457","206","0","4108"
"30","42","60","1","00:13:27","457","49","1","4109"
"191","212","100","1","00:13:27","457","49","1","4110"
"45","78","143","1","00:13:27","143","251","1","4111"
"35","195","102","1","00:13:28","457","49","1","4112"
"214","220","122","1","00:13:28","100","206","1","4113"
"89","42","164","1","00:13:28","457","206","0","4114"
"31","227","110","1","00:17:27","300","150","1","4115"
"58","39","26","1","00:13:29","143","251","0","4116"
"205","31","141","1","00:17:27","500","94","0","4117"
"75","49","211","1","00:17:27","397","273","1","4118"
"190","212","100","1","00:13:29","100","49","1","4119"
"23","183","123","1","00:13:29","457","49","1","4121"
"4","227","135","1","00:13:29","500","94","1","4122"
"89","42","189","1","00:13:29","353","227","1","4123"
"76","34","2","1","00:17:28","203","227","0","4126"
"75","205","177","1","00:17:28","100","206","0","4127"
"30","75","17","1","00:13:30","457","49","1","4128"
"65","89","257","1","00:17:28","203","27","1","4129"
"65","21","25","1","00:13:30","457","206","0","4131"
"97","75","88","1","00:13:30","100","206","0","4133"
"58","21","15","1","00:17:29","100","49","1","4134"
"78","98","20","1","00:17:29","247","73","0","4135"
"23","78","134","1","00:13:30","457","206","1","4136"
"57","31","62","1","00:17:29","100","49","1","4137"
"97","57","208","1","00:13:30","457","49","1","4138"
"86","78","145","1","00:17:29","457","49","0","4139"
"58","248","215","1","00:17:29","100","206","0","4140"
"97","57","209","1","00:13:30","100","206","0","4141"
"227","30","223","1","00:17:29","500","94","1","4142"
"125","1","127","1","00:17:30","203","227","1","4143"
"57","23","160","1","00:17:30","203","227","1","4144"
"88","15","237","1","00:17:30","457","206","0","4145"
"21","91","252","1","00:17:30","203","227","1","4146"
"21","73","8","1","00:17:31","100","206","0","4147"
"76","31","227","1","00:13:30","203","227","0","4148"
"57","35","26","1","00:17:31","500","94","1","4149"
"115","101","40","1","00:17:31","100","49","0","4150"
"89","21","159","1","00:13:31","100","206","0","4151"
"39","4","53","1","00:17:31","300","150","0","4152"
"57","76","178","1","00:17:31","500","251","0","4153"
"34","195","183","1","00:13:31","457","206","0","4154"
"78","86","184","1","00:17:31","143","251","1","4155"
"42","1","56","1","00:13:32","457","49","1","4156"
"35","58","264","1","00:17:31","100","206","0","4157"
"20","35","107","1","00:13:32","100","206","1","4158"
"58","1","69","1","00:17:32","457","206","1","4159"
"227","157","161","1","00:13:32","100","49","1","4160"
"97","100","203","1","00:17:32","300","150","0","4161"
"97","101","208","1","00:17:32","100","206","1","4162"
"78","23","94","1","00:13:33","457","206","1","4165"
"23","36","186","1","00:13:33","457","206","1","4167"
"15","31","27","1","00:17:33","203","27","0","4168"
"316","30","248","1","00:13:33","100","206","1","4169"
"75","23","86","1","00:17:33","100","206","0","4170"
"4","244","238","1","00:13:34","457","206","1","4171"
"49","42","112","1","00:17:34","100","206","1","4172"
"31","76","267","1","00:13:34","100","49","1","4173"
"78","31","163","1","00:17:34","100","206","0","4174"
"102","30","55","1","00:13:35","100","206","0","4175"
"57","23","191","1","00:17:34","457","206","0","4176"
"31","1","85","1","00:13:35","457","206","1","4177"
"72","39","201","1","00:17:34","353","27","0","4178"
"30","42","258","1","00:13:35","457","206","0","4179"
"88","34","268","1","00:17:34","100","206","0","4180"
"280","88","260","1","00:13:35","143","94","0","4181"
"42","1","143","1","00:17:35","143","94","0","4182"
"39","75","138","1","00:13:36","457","49","1","4183"
"4","34","167","1","00:17:35","300","150","1","4184"
"4","23","206","1","00:17:35","457","49","1","4185"
"227","183","148","1","00:13:36","500","251","0","4186"
"31","88","22","1","00:17:36","100","206","1","4187"
"75","78","25","1","00:17:36","457","206","1","4188"
"30","88","22","1","00:13:37","300","150","1","4189"
"16","73","29","1","00:17:36","100","49","0","4190"
"21","224","132","1","00:13:37","300","150","0","4191"
"227","214","114","1","00:17:36","500","251","1","4192"
"125","78","118","1","00:17:36","457","49","0","4193"
"214","101","140","1","00:13:37","397","73","0","4194"
"227","78","148","1","00:17:36","143","94","1","4195"
"244","88","222","1","00:13:37","457","206","0","4196"
"34","183","179","1","00:17:36","457","49","0","4197"
"205","189","256","1","00:13:37","143","94","1","4198"
"21","30","6","1","00:17:37","457","49","1","4199"
"57","1","19","1","00:17:37","300","150","0","4200"
"23","109","50","1","00:13:38","457","49","1","4201"
"35","1","68","1","00:17:37","143","251","0","4202"
"195","1","230","1","00:17:37","457","49","1","4203"
"78","23","147","1","00:13:38","100","206","0","4204"
"245","76","232","1","00:17:37","300","150","0","4205"
"157","69","67","1","00:17:38","100","206","1","4206"
"31","86","154","1","00:13:38","353","27","1","4207"
"75","23","196","1","00:17:38","457","49","1","4208"
"205","138","240","1","00:17:38","143","251","0","4209"
"42","57","165","1","00:13:38","500","94","1","4210"
"316","34","245","1","00:17:38","457","49","0","4211"
"88","98","201","1","00:13:39","300","150","1","4212"
"205","31","258","1","00:17:38","457","49","0","4213"
"34","21","24","1","00:13:41","143","251","1","4214"
"89","31","30","1","00:17:39","100","49","0","4215"
"58","89","215","1","00:13:41","457","49","1","4216"
"78","23","98","1","00:17:39","100","49","1","4217"
"89","231","177","1","00:18:09","100","49","1","4218"
"4","241","264","1","00:13:41","100","49","1","4219"
"57","34","155","1","00:17:39","300","150","1","4220"
"30","75","66","1","00:13:42","300","150","1","4222"
"89","206","223","1","00:17:39","300","150","0","4223"
"78","21","95","1","00:13:42","100","49","0","4225"
"42","21","24","1","00:17:40","247","73","1","4226"
"76","31","227","1","00:13:42","100","49","1","4227"
"35","76","114","1","00:17:40","247","273","0","4228"
"61","206","214","1","00:18:09","100","206","1","4229"
"89","88","140","1","00:17:40","457","49","1","4230"
"4","280","214","1","00:17:40","457","49","0","4231"
"21","57","44","1","00:17:41","100","206","1","4232"
"142","31","62","1","00:17:41","457","49","0","4233"
"23","78","96","1","00:17:41","300","150","1","4234"
"98","1","87","1","00:13:43","100","206","0","4235"
"35","98","141","1","00:17:41","500","251","0","4236"
"204","183","148","1","00:13:43","500","251","1","4238"
"76","227","164","1","00:13:43","457","206","0","4239"
"1","195","225","1","00:13:43","300","150","1","4240"
"1","142","113","1","00:13:44","100","49","0","4241"
"42","23","247","1","00:13:44","100","206","0","4242"
"34","191","102","1","00:18:10","353","27","1","4243"
"13","30","89","1","00:13:45","457","49","0","4244"
"23","57","208","1","00:13:45","457","206","0","4245"
"42","23","73","1","00:13:46","457","206","1","4246"
"23","1","134","1","00:13:46","100","49","0","4247"
"61","31","158","1","00:13:46","457","49","1","4248"
"76","21","142","1","00:18:10","203","227","0","4249"
"15","31","99","1","00:13:47","143","251","1","4250"
"183","138","250","1","00:18:10","100","49","0","4251"
"89","23","195","1","00:13:47","100","206","1","4252"
"31","316","267","1","00:18:10","203","27","0","4253"
"34","21","130","1","00:13:48","143","251","0","4254"
"42","57","53","1","00:18:11","143","94","1","4255"
"183","31","163","1","00:18:11","100","49","1","4256"
"23","32","168","1","00:13:48","457","49","0","4257"
"58","248","249","1","00:18:11","100","49","0","4258"
"73","34","2","1","00:13:49","353","227","0","4259"
"23","78","50","1","00:18:12","300","150","1","4260"
"88","35","39","1","00:13:49","353","227","0","4261"
"30","75","66","1","00:18:12","500","251","1","4262"
"88","97","237","1","00:13:49","100","206","0","4263"
"4","101","254","1","00:13:49","300","150","0","4265"
"34","76","261","1","00:13:49","300","150","0","4267"
"15","97","4","1","00:13:50","100","49","1","4269"
"76","81","30","1","00:18:13","100","206","0","4270"
"78","76","133","1","00:18:13","353","227","0","4271"
"214","88","140","1","00:13:50","143","251","0","4272"
"39","76","138","1","00:18:13","100","206","1","4273"
"34","78","259","1","00:13:50","500","251","0","4274"
"76","78","145","1","00:18:13","457","49","0","4275"
"183","280","269","1","00:13:50","457","206","0","4276"
"30","227","217","1","00:18:13","300","150","0","4277"
"32","58","254","1","00:18:13","100","206","0","4279"
"31","42","13","1","00:13:51","457","206","1","4282"
"42","31","46","1","00:18:14","500","251","0","4283"
"58","23","191","1","00:18:14","100","49","0","4284"
"280","58","260","1","00:18:14","500","251","0","4285"
"97","76","8","1","00:18:15","100","49","1","4286"
"88","75","54","1","00:18:15","100","206","0","4287"
"39","88","137","1","00:18:15","300","150","0","4288"
"98","116","33","1","00:13:51","203","27","1","4289"
"4","316","238","1","00:18:15","300","150","0","4290"
"88","76","41","1","00:13:51","300","150","1","4291"
"34","31","35","1","00:18:16","143","94","1","4293"
"1","58","65","1","00:13:51","300","150","0","4294"
"66","80","47","1","00:18:16","100","206","0","4295"
"35","23","73","1","00:13:51","300","150","1","4296"
"30","88","49","1","00:18:16","457","49","0","4297"
"183","138","250","1","00:18:16","100","49","1","4298"
"78","21","95","1","00:13:51","100","206","1","4299"
"16","73","255","1","00:18:16","353","227","0","4300"
"31","21","149","1","00:13:51","100","49","1","4301"
"35","57","71","1","00:18:17","457","49","1","4302"
"65","34","189","1","00:13:51","457","49","1","4303"
"76","97","86","1","00:18:17","100","49","1","4304"
"23","34","51","1","00:13:52","457","49","0","4305"
"101","183","151","1","00:18:17","457","206","1","4306"
"49","156","64","1","00:13:52","457","206","1","4307"
"78","23","225","1","00:18:17","300","150","1","4308"
"4","227","155","1","00:13:52","100","206","1","4309"
"248","88","226","1","00:18:17","397","73","0","4310"
"49","69","57","1","00:18:18","457","206","0","4311"
"78","21","98","1","00:18:18","100","49","1","4312"
"97","76","8","1","00:18:19","100","49","1","4314"
"42","15","56","1","00:18:19","457","49","1","4315"
"73","88","122","1","00:18:19","300","150","1","4316"
"23","39","262","1","00:18:19","100","206","1","4317"
"75","76","263","1","00:18:19","143","94","0","4318"
"49","98","64","1","00:18:20","457","206","1","4319"
"34","195","102","1","00:18:20","300","150","0","4320"
"40","4","120","1","00:18:20","500","94","0","4321"
"57","75","129","1","00:18:20","457","49","0","4322"
"97","58","251","1","00:18:20","457","206","1","4323"
"34","1","56","1","00:18:21","203","227","1","4326"
"42","189","247","1","00:18:49","100","49","1","4327"
"97","1","126","1","00:18:22","457","49","1","4328"
"280","4","258","1","00:18:49","457","49","1","4329"
"15","65","255","1","00:15:59","457","206","1","4330"
"4","78","127","1","00:18:22","457","49","1","4331"
"30","58","22","1","00:18:50","457","49","1","4332"
"57","42","39","1","00:16:00","457","49","0","4333"
"57","34","155","1","00:18:22","203","27","1","4334"
"75","31","30","1","00:18:50","100","49","1","4335"
"109","23","94","1","00:16:00","100","206","0","4336"
"89","195","159","1","00:18:22","100","206","0","4337"
"76","34","164","1","00:18:50","457","206","0","4338"
"30","34","240","1","00:18:23","300","150","0","4339"
"21","4","181","1","00:18:50","500","251","1","4340"
"227","34","211","1","00:18:50","500","94","1","4342"
"31","1","87","1","00:18:24","203","227","0","4343"
"73","195","241","1","00:18:50","100","206","0","4344"
"89","181","105","1","00:18:24","100","206","1","4345"
"31","75","166","1","00:18:24","457","49","0","4346"
"57","31","200","1","00:18:24","100","206","0","4348"
"58","45","212","1","00:18:24","457","49","1","4349"
"57","75","54","1","00:18:51","100","206","1","4350"
"31","58","264","1","00:18:24","100","206","0","4351"
"4","32","200","1","00:18:51","100","206","0","4352"
"89","39","231","1","00:18:25","500","94","1","4353"
"1","31","213","1","00:18:51","457","49","0","4354"
"116","49","97","1","00:16:00","457","206","0","4356"
"1","34","250","1","00:18:51","457","49","0","4357"
"76","23","195","1","00:16:00","457","206","0","4359"
"13","156","89","1","00:18:26","203","27","1","4360"
"34","78","259","1","00:16:00","500","251","1","4361"
"30","4","106","1","00:18:26","100","49","1","4362"
"61","81","3","1","00:16:01","100","206","0","4364"
"34","195","216","1","00:18:26","500","94","0","4365"
"15","33","16","1","00:18:52","457","49","0","4366"
"81","75","17","1","00:16:01","457","49","0","4367"
"78","227","112","1","00:18:27","300","150","0","4368"
"76","21","63","1","00:18:52","457","206","1","4369"
"35","57","53","1","00:16:01","247","273","1","4370"
"227","30","161","1","00:18:27","300","150","1","4371"
"73","227","104","1","00:16:01","143","94","1","4372"
"16","97","4","1","00:18:53","100","49","1","4373"
"30","57","197","1","00:18:27","457","206","1","4374"
"224","316","261","1","00:16:01","143","94","0","4375"
"30","89","242","1","00:18:27","500","94","0","4376"
"33","1","56","1","00:18:53","457","206","0","4377"
"78","34","48","1","00:16:02","100","49","1","4378"
"57","97","191","1","00:18:53","203","227","0","4380"
"97","51","55","1","00:16:02","100","206","1","4381"
"190","205","265","1","00:18:28","300","150","0","4382"
"34","183","179","1","00:16:02","100","49","1","4383"
"195","224","181","1","00:16:02","247","73","1","4385"
"35","30","9","1","00:16:03","100","206","1","4387"
"34","86","150","1","00:18:29","247","73","0","4388"
"210","97","196","1","00:18:29","457","206","1","4390"
"57","183","151","1","00:16:03","100","206","0","4391"
"73","1","45","1","00:18:54","100","206","0","4392"
"57","89","215","1","00:18:29","457","49","0","4393"
"212","34","104","1","00:16:04","143","94","0","4394"
"34","75","114","1","00:18:54","300","150","0","4395"
"189","227","186","1","00:18:30","100","49","1","4396"
"97","1","123","1","00:16:04","100","206","0","4397"
"42","57","53","1","00:18:31","143","94","1","4398"
"227","78","143","1","00:16:04","143","94","1","4399"
"81","73","66","1","00:18:31","500","94","0","4400"
"31","23","131","1","00:18:54","100","49","0","4401"
"42","30","161","1","00:16:04","100","206","1","4402"
"31","1","85","1","00:18:31","100","206","0","4403"
"97","13","96","1","00:18:31","457","206","0","4404"
"34","1","234","1","00:16:04","143","251","1","4405"
"23","57","208","1","00:18:31","100","49","0","4406"
"23","30","6","1","00:18:32","100","49","0","4409"
"75","73","263","1","00:16:04","500","94","0","4410"
"49","69","57","1","00:18:32","457","49","1","4411"
"97","34","124","1","00:16:05","300","150","0","4413"
"205","75","114","1","00:18:32","143","94","1","4414"
"4","21","160","1","00:18:32","100","206","1","4416"
"31","88","254","1","00:16:05","100","206","1","4417"
"30","76","166","1","00:18:32","457","49","1","4418"
"88","37","26","1","00:16:06","143","251","0","4419"
"30","23","256","1","00:18:32","300","150","0","4420"
"78","73","29","1","00:16:06","300","150","0","4422"
"88","23","31","1","00:18:33","300","150","0","4423"
"23","75","88","1","00:16:06","100","49","0","4424"
"30","76","67","1","00:18:33","100","206","0","4425"
"89","183","145","1","00:16:07","100","49","0","4426"
"34","88","229","1","00:18:33","500","251","0","4427"
"23","31","175","1","00:16:07","300","150","1","4428"
"35","97","102","1","00:16:08","300","150","0","4430"
"30","88","260","1","00:16:08","300","150","1","4432"
"76","78","118","1","00:18:34","457","49","0","4433"
"227","4","231","1","00:16:10","300","150","1","4434"
"30","205","146","1","00:18:34","300","150","1","4435"
"57","227","135","1","00:16:11","500","94","1","4436"
"195","89","204","1","00:18:35","100","206","1","4437"
"39","76","138","1","00:16:11","457","206","0","4438"
"88","97","206","1","00:18:35","300","150","0","4439"
"98","23","58","1","00:18:36","457","49","0","4440"
"75","16","52","1","00:18:55","353","27","0","4441"
"42","4","120","1","00:18:36","143","94","1","4442"
"42","101","61","1","00:18:55","203","227","0","4443"
"89","49","145","1","00:18:36","353","227","0","4444"
"73","35","2","1","00:18:56","100","49","0","4445"
"86","47","164","1","00:16:11","300","150","0","4447"
"78","98","64","1","00:18:37","100","206","1","4448"
"101","142","72","1","00:18:37","100","49","1","4449"
"21","31","6","1","00:18:56","100","49","0","4450"
"1","195","147","1","00:18:37","100","49","0","4451"
"78","75","29","1","00:18:56","100","206","1","4452"
"189","227","186","1","00:18:37","100","206","0","4453"
"34","31","46","1","00:16:12","143","251","1","4454"
"30","76","66","1","00:18:56","500","94","1","4455"
"34","15","234","1","00:18:37","143","251","1","4456"
"21","13","97","1","00:18:56","100","49","1","4457"
"27","57","49","1","00:16:12","457","206","0","4458"
"42","206","214","1","00:18:56","100","206","1","4460"
"35","97","24","1","00:18:38","143","251","1","4461"
"110","21","95","1","00:18:38","457","49","1","4462"
"34","4","236","1","00:18:56","300","150","1","4463"
"78","42","157","1","00:18:38","457","49","0","4464"
"31","57","197","1","00:18:38","457","206","1","4466"
"16","103","4","1","00:18:57","300","150","1","4467"
"195","89","204","1","00:18:38","100","206","1","4468"
"76","30","47","1","00:18:57","100","49","1","4469"
"21","78","96","1","00:18:57","457","49","0","4471"
"110","89","184","1","00:18:57","300","150","0","4473"
"21","4","132","1","00:16:12","203","227","0","4474"
"217","1","151","1","00:16:12","300","150","1","4476"
"4","23","207","1","00:16:12","100","206","0","4478"
"34","65","5","1","00:18:58","500","94","0","4479"
"53","75","108","1","00:18:59","457","49","0","4480"
"88","1","69","1","00:18:39","100","49","1","4481"
"89","23","142","1","00:18:59","457","206","0","4482"
"65","30","116","1","00:18:39","300","150","0","4483"
"34","86","150","1","00:18:39","143","94","0","4485"
"21","78","96","1","00:19:00","300","150","0","4486"
"76","227","177","1","00:18:39","300","150","1","4487"
"31","89","166","1","00:19:00","353","27","1","4488"
"227","34","211","1","00:18:39","500","94","1","4489"
"35","89","253","1","00:19:00","457","49","1","4490"
"78","114","163","1","00:18:40","100","206","1","4491"
"76","42","164","1","00:18:40","457","206","1","4492"
"78","4","185","1","00:18:40","100","49","0","4494"
"21","97","230","1","00:18:40","100","206","1","4496"
"285","248","217","1","00:16:12","500","94","0","4498"
"30","1","87","1","00:18:41","457","49","0","4499"
"57","101","54","1","00:19:01","100","206","0","4500"
"35","21","247","1","00:16:12","457","49","0","4501"
"78","227","112","1","00:18:41","300","150","1","4502"
"57","1","69","1","00:19:01","300","150","0","4503"
"57","227","167","1","00:18:41","100","49","0","4504"
"57","227","135","1","00:19:01","500","94","0","4505"
"224","76","261","1","00:16:12","143","94","1","4507"
"75","21","63","1","00:19:02","457","49","1","4508"
"57","23","160","1","00:19:02","457","206","1","4510"
"78","101","251","1","00:16:13","100","206","1","4511"
"31","78","190","1","00:18:41","457","206","1","4512"
"206","248","217","1","00:19:02","143","94","0","4513"
"125","1","105","1","00:16:14","300","150","0","4514"
"73","280","248","1","00:19:02","457","49","0","4515"
"57","34","135","1","00:16:15","500","94","0","4516"
"78","205","269","1","00:19:02","100","206","0","4517"
"23","31","175","1","00:16:15","100","206","0","4518"
"31","21","247","1","00:16:15","457","49","1","4520"
"23","65","40","1","00:19:03","300","150","0","4521"
"75","78","105","1","00:19:03","457","206","1","4523"
"42","78","148","1","00:19:03","143","251","0","4525"
"97","227","246","1","00:18:41","353","227","0","4526"
"73","195","241","1","00:19:03","100","206","1","4527"
"78","31","89","1","00:19:04","203","27","1","4529"
"88","76","108","1","00:19:04","300","150","1","4531"
"1","156","64","1","00:18:42","300","150","1","4532"
"31","23","131","1","00:19:04","100","206","1","4533"
"205","1","148","1","00:18:42","397","273","1","4534"
"21","4","132","1","00:19:04","457","49","0","4535"
"201","78","180","1","00:18:42","457","49","0","4536"
"16","34","139","1","00:19:04","457","206","0","4537"
"78","73","255","1","00:18:42","100","206","1","4538"
"101","98","201","1","00:19:04","100","49","1","4539"
"15","86","16","1","00:18:43","457","206","1","4540"
"35","76","61","1","00:18:43","203","27","1","4541"
"75","138","211","1","00:19:04","300","150","1","4542"
"53","78","101","1","00:18:43","500","94","0","4543"
"224","21","216","1","00:19:04","143","251","1","4544"
"21","89","136","1","00:18:43","100","49","1","4545"
"248","190","239","1","00:19:04","500","251","1","4546"
"30","21","149","1","00:18:43","300","150","1","4547"
"280","34","240","1","00:19:04","100","206","0","4548"
"57","34","155","1","00:18:43","353","27","1","4549"
"248","30","223","1","00:18:43","300","150","0","4551"
"4","73","238","1","00:18:43","457","49","1","4552"
"42","101","61","1","00:19:05","300","150","0","4553"
"21","36","252","1","00:18:43","457","206","1","4554"
"21","78","96","1","00:19:05","300","150","0","4555"
"91","75","266","1","00:18:43","300","150","0","4556"
"89","42","189","1","00:19:05","457","49","0","4557"
"73","15","218","1","00:18:44","100","206","1","4558"
"39","58","254","1","00:19:05","457","206","0","4559"
"73","205","248","1","00:18:44","457","49","1","4560"
"39","57","254","1","00:18:44","300","150","0","4562"
"42","97","117","1","00:19:06","143","94","1","4563"
"78","86","187","1","00:19:06","100","206","1","4565"
"97","73","8","1","00:18:45","457","49","0","4566"
"57","195","219","1","00:19:06","457","206","0","4567"
"30","42","146","1","00:18:45","457","49","1","4568"
"105","65","40","1","00:18:46","457","206","0","4571"
"76","23","25","1","00:19:07","300","150","0","4572"
"23","13","97","1","00:19:07","203","27","0","4574"
"16","97","4","1","00:18:47","100","206","1","4575"
"34","75","114","1","00:19:07","500","94","0","4576"
"30","116","33","1","00:18:47","203","27","1","4577"
"35","81","35","1","00:18:47","300","150","0","4578"
"23","78","126","1","00:19:07","457","206","1","4579"
"30","34","170","1","00:18:47","457","49","1","4580"
"195","76","204","1","00:18:47","300","150","0","4581"
"78","75","29","1","00:19:08","100","206","0","4582"
"23","86","51","1","00:19:08","457","206","1","4583"
"75","1","52","1","00:19:08","457","206","0","4584"
"15","142","113","1","00:19:08","457","206","0","4586"
"57","227","249","1","00:18:47","100","206","1","4587"
"4","76","129","1","00:19:08","457","206","1","4588"
"30","35","13","1","00:18:48","457","206","0","4592"
"23","34","124","1","00:19:09","457","49","1","4593"
"78","34","48","1","00:18:48","100","49","1","4594"
"1","30","163","1","00:19:09","300","150","0","4596"
"116","1","121","1","00:18:49","203","27","0","4597"
"78","4","171","1","00:16:16","353","227","1","4598"
"101","98","201","1","00:19:09","100","206","0","4599"
"23","1","123","1","00:18:49","457","206","1","4600"
"76","23","63","1","00:19:10","457","49","0","4601"
"34","183","179","1","00:16:16","353","227","1","4602"
"21","73","136","1","00:18:49","100","49","0","4603"
"42","1","179","1","00:19:10","300","150","0","4604"
"57","11","160","1","00:18:49","100","49","0","4605"
"97","16","50","1","00:19:11","457","206","1","4606"
"57","227","167","1","00:18:49","300","150","1","4607"
"61","73","238","1","00:19:11","457","49","1","4608"
"75","227","177","1","00:18:49","203","227","0","4609"
"1","23","225","1","00:18:49","100","206","0","4611"
"109","34","48","1","00:19:12","100","206","1","4612"
"76","39","227","1","00:18:49","100","49","0","4613"
"23","78","96","1","00:19:12","457","206","0","4614"
"31","224","103","1","00:19:12","300","150","1","4615"
"245","61","243","1","00:16:16","300","150","0","4616"
"34","61","236","1","00:19:13","143","251","1","4617"
"35","30","9","1","00:16:17","100","206","1","4618"
"58","78","237","1","00:19:13","457","49","1","4619"
"65","35","21","1","00:16:17","457","49","1","4620"
"35","101","5","1","00:16:18","143","94","0","4621"
"39","1","121","1","00:16:18","100","49","1","4623"
"23","75","88","1","00:19:14","457","206","0","4624"
"39","4","176","1","00:16:18","457","49","1","4625"
"280","21","256","1","00:19:14","247","273","0","4626"
"101","227","155","1","00:19:15","100","49","0","4628"
"31","23","58","1","00:16:19","100","206","1","4631"
"78","30","64","1","00:19:16","203","227","0","4632"
"21","13","96","1","00:16:19","100","206","0","4633"
"156","109","85","1","00:19:16","100","49","1","4634"
"31","224","103","1","00:16:19","300","150","1","4636"
"86","21","159","1","00:19:16","457","49","0","4637"
"57","195","144","1","00:16:19","100","206","0","4638"
"1","4","185","1","00:19:16","100","206","1","4640"
"224","31","172","1","00:16:19","143","94","0","4641"
"76","34","2","1","00:20:00","100","49","0","4642"
"39","16","190","1","00:19:16","457","49","0","4643"
"31","57","197","1","00:16:19","457","49","0","4644"
"183","45","269","1","00:16:19","203","27","1","4646"
"88","34","39","1","00:19:17","457","49","0","4647"
"57","21","15","1","00:16:20","100","49","0","4648"
"86","231","164","1","00:16:20","100","49","1","4649"
"23","31","175","1","00:16:20","100","49","1","4650"
"15","21","4","1","00:20:00","300","150","1","4651"
"88","23","191","1","00:16:20","457","206","1","4652"
"78","55","65","1","00:19:17","300","150","1","4653"
"42","31","46","1","00:20:00","300","150","1","4654"
"34","57","53","1","00:20:00","300","150","1","4655"
"23","13","97","1","00:19:17","203","27","0","4656"
"34","76","61","1","00:20:00","300","150","0","4657"
"23","15","230","1","00:16:20","457","49","1","4658"
"57","31","62","1","00:20:00","300","150","0","4659"
"34","195","102","1","00:20:00","300","150","1","4661"
"78","34","112","1","00:19:17","300","150","1","4662"
"34","15","56","1","00:16:21","100","206","1","4663"
"245","31","243","1","00:19:17","143","251","0","4664"
"75","195","111","1","00:20:00","300","150","0","4665"
"76","21","63","1","00:16:21","457","206","1","4667"
"34","75","114","1","00:20:00","300","150","1","4668"
"42","23","43","1","00:19:18","100","49","0","4669"
"49","98","64","1","00:16:21","100","206","1","4670"
"21","138","168","1","00:19:18","100","206","1","4671"
"78","21","95","1","00:16:21","300","150","0","4672"
"21","86","169","1","00:19:18","457","49","0","4673"
"31","183","180","1","00:16:21","457","206","1","4674"
"15","4","213","1","00:19:18","353","227","0","4675"
"57","31","188","1","00:16:21","457","206","1","4676"
"88","31","172","1","00:20:00","300","150","0","4678"
"101","21","219","1","00:16:21","100","49","1","4679"
"76","23","92","1","00:19:20","457","49","0","4680"
"224","1","151","1","00:19:20","457","206","1","4682"
"21","76","90","1","00:16:22","300","150","0","4683"
"227","78","179","1","00:19:20","457","49","0","4684"
"190","40","265","1","00:16:22","100","206","1","4685"
"156","109","85","1","00:19:21","100","49","1","4686"
"76","39","116","1","00:19:21","300","150","1","4687"
"76","34","2","2","00:00:00","300","150","1","4688"
"227","220","226","1","00:19:21","500","251","0","4689"
"4","78","69","1","00:16:23","457","49","0","4690"
"61","31","3","2","00:00:00","300","150","0","4691"
"15","81","99","1","00:19:22","397","273","1","4692"
"30","73","232","1","00:16:23","247","273","0","4693"
"15","21","4","2","00:00:00","300","150","1","4694"
"31","224","103","1","00:19:22","300","150","1","4695"
"23","89","203","1","00:16:24","300","150","0","4696"
"42","97","117","1","00:19:22","500","94","1","4697"
"101","189","219","1","00:16:24","100","49","1","4698"
"190","30","119","1","00:19:22","300","150","1","4699"
"30","190","256","1","00:16:24","300","150","1","4700"
"39","231","146","1","00:19:22","100","206","0","4701"
"34","227","266","1","00:16:24","143","251","0","4702"
"217","30","212","1","00:19:22","203","27","1","4703"
"42","76","5","2","00:00:00","300","150","0","4704"
"23","34","252","1","00:19:22","457","206","1","4706"
"21","31","6","2","00:00:00","300","150","1","4707"
"21","76","8","2","00:00:00","300","150","1","4710"
"16","42","16","1","00:19:23","300","150","1","4711"
"34","31","9","2","00:00:00","300","150","0","4712"
"30","57","49","1","00:19:23","300","150","0","4713"
"76","58","10","2","00:00:00","300","150","1","4714"
"75","23","84","1","00:19:23","457","49","0","4715"
"31","15","11","2","00:00:00","300","150","1","4716"
"39","78","121","1","00:19:23","300","150","1","4717"
"88","156","62","1","00:16:25","457","206","1","4718"
"21","34","12","2","00:00:00","300","150","1","4719"
"16","34","139","1","00:19:23","457","49","0","4720"
"31","34","13","2","00:00:00","300","150","0","4721"
"39","13","190","1","00:19:23","457","206","1","4722"
"13","97","98","1","00:16:25","100","206","1","4723"
"75","15","14","2","00:00:00","300","150","0","4724"
"31","224","103","1","00:16:25","457","206","1","4725"
"75","78","52","1","00:19:24","457","206","0","4726"
"57","34","135","1","00:19:24","500","94","1","4727"
"58","23","15","2","00:00:00","300","150","1","4728"
"30","57","199","1","00:16:25","457","206","0","4729"
"78","30","163","1","00:19:24","300","150","1","4730"
"1","34","16","2","00:00:00","300","150","0","4731"
"57","76","178","1","00:19:24","143","251","1","4733"
"31","75","17","2","00:00:00","300","150","0","4734"
"57","42","39","1","00:16:26","100","206","1","4735"
"13","76","261","1","00:19:24","143","94","0","4736"
"58","75","18","2","00:00:00","300","150","0","4737"
"1","31","64","1","00:19:25","100","49","0","4738"
"57","109","19","2","00:00:00","300","150","0","4739"
"42","138","161","1","00:19:25","457","206","1","4740"
"21","31","20","2","00:00:00","300","150","1","4741"
"76","21","196","1","00:19:25","100","49","1","4742"
"76","42","21","2","00:00:00","300","150","1","4743"
"73","58","235","1","00:19:25","457","49","1","4744"
"57","101","41","1","00:16:26","457","206","0","4745"
"58","138","268","1","00:19:25","457","206","1","4746"
"30","58","22","2","00:00:00","300","150","0","4747"
"75","78","52","1","00:16:26","457","49","0","4748"
"1","57","185","1","00:19:26","100","49","1","4749"
"15","21","23","2","00:00:00","300","150","0","4750"
"280","65","232","1","00:19:26","500","251","0","4751"
"1","23","109","1","00:16:26","457","206","1","4752"
"34","21","24","2","00:00:00","300","150","1","4753"
"88","34","39","1","00:19:27","300","150","0","4754"
"244","88","222","1","00:16:26","457","49","0","4755"
"76","21","25","2","00:00:00","300","150","0","4756"
"30","34","240","1","00:16:26","100","49","0","4757"
"23","76","40","1","00:19:27","457","49","1","4758"
"58","34","26","2","00:00:00","300","150","0","4759"
"31","21","247","1","00:16:26","457","49","0","4760"
"21","86","169","1","00:19:27","353","227","1","4761"
"15","31","27","2","00:00:00","300","150","1","4762"
"30","55","37","1","00:16:27","457","49","1","4763"
"34","58","229","1","00:19:27","143","251","1","4764"
"23","58","28","2","00:00:00","300","150","1","4765"
"21","30","265","1","00:19:27","100","49","1","4766"
"20","86","51","1","00:16:27","457","49","0","4767"
"78","75","29","2","00:00:00","300","150","1","4768"
"75","103","63","1","00:16:27","100","206","1","4770"
"76","31","30","2","00:00:00","300","150","1","4771"
"195","88","115","1","00:16:27","457","49","1","4773"
"57","23","31","2","00:00:00","300","150","0","4774"
"30","13","42","1","00:19:28","300","150","0","4775"
"1","34","32","2","00:00:00","300","150","0","4776"
"101","227","155","1","00:19:28","100","206","0","4777"
"31","23","33","2","00:00:00","300","150","1","4778"
"30","138","240","1","00:19:28","300","150","0","4779"
"78","57","34","2","00:00:00","300","150","0","4780"
"217","20","244","1","00:19:28","457","49","0","4781"
"34","31","35","2","00:00:00","300","150","1","4782"
"86","105","73","1","00:19:29","353","227","1","4783"
"76","34","36","2","00:00:00","300","150","0","4784"
"31","57","137","1","00:19:29","100","206","1","4785"
"31","57","37","2","00:00:00","300","150","1","4786"
"75","57","140","1","00:19:29","300","150","1","4787"
"115","78","38","2","00:00:00","300","150","1","4788"
"227","78","148","1","00:19:29","500","94","1","4789"
"142","34","39","2","00:00:00","300","150","0","4790"
"23","1","230","1","00:19:29","457","206","0","4791"
"23","76","40","2","00:00:00","300","150","1","4792"
"13","31","89","2","00:00:05","143","94","1","4793"
"57","76","41","2","00:00:00","300","150","0","4794"
"78","23","225","2","00:00:06","247","273","0","4795"
"30","78","42","2","00:00:00","300","150","1","4796"
"75","1","52","2","00:00:07","143","251","1","4797"
"42","76","238","1","00:19:29","100","49","0","4798"
"34","114","43","2","00:00:00","300","150","1","4799"
"30","31","258","1","00:19:29","300","150","0","4800"
"75","21","63","2","00:00:07","143","251","1","4801"
"114","57","44","2","00:00:00","300","150","0","4802"
"86","88","71","2","00:00:07","457","49","0","4803"
"76","78","45","2","00:00:00","300","150","0","4804"
"195","76","203","2","00:00:07","143","94","0","4805"
"76","31","47","2","00:00:00","300","150","0","4806"
"57","30","212","2","00:00:07","143","251","0","4807"
"78","39","48","2","00:00:00","300","150","1","4808"
"31","89","253","2","00:00:07","300","150","1","4810"
"30","57","49","2","00:00:00","300","150","0","4811"
"34","23","24","1","00:19:31","143","251","0","4812"
"30","23","256","2","00:00:07","100","206","1","4813"
"21","78","50","2","00:00:00","300","150","1","4814"
"78","35","32","1","00:19:31","100","206","1","4815"
"13","31","89","2","00:00:08","143","94","0","4816"
"23","34","51","2","00:00:00","300","150","0","4817"
"42","105","43","1","00:19:31","100","49","1","4818"
"30","88","106","2","00:00:08","143","94","1","4819"
"23","65","90","1","00:19:31","203","227","0","4820"
"75","1","52","2","00:00:00","300","150","0","4821"
"4","75","129","2","00:00:08","100","206","1","4822"
"116","78","38","1","00:19:32","457","49","0","4823"
"57","76","54","2","00:00:00","300","150","0","4824"
"78","42","139","2","00:00:08","143","251","0","4825"
"34","21","130","1","00:19:32","500","251","1","4826"
"34","1","56","2","00:00:00","300","150","0","4827"
"88","31","172","2","00:00:08","300","150","1","4828"
"1","75","57","2","00:00:00","300","150","0","4829"
"31","23","58","2","00:00:00","300","150","1","4830"
"57","21","59","2","00:00:00","300","150","0","4831"
"31","42","60","2","00:00:00","300","150","0","4832"
"34","76","61","2","00:00:00","300","150","0","4833"
"57","31","62","2","00:00:00","300","150","1","4834"
"31","73","154","1","00:19:32","100","49","0","4835"
"76","23","63","2","00:00:00","300","150","0","4836"
"42","23","43","1","00:19:34","100","49","1","4837"
"75","138","211","2","00:00:08","457","49","1","4838"
"1","31","64","2","00:00:00","300","150","0","4839"
"63","31","158","1","00:19:34","457","206","0","4840"
"78","61","65","2","00:00:00","300","150","1","4841"
"32","78","190","1","00:19:34","100","49","1","4842"
"30","75","66","2","00:00:00","300","150","1","4843"
"76","23","196","1","00:19:34","300","150","1","4844"
"30","76","67","2","00:00:00","300","150","1","4845"
"286","227","215","1","00:19:34","100","49","1","4846"
"73","78","218","2","00:00:08","203","227","1","4847"
"34","1","68","2","00:00:00","300","150","1","4848"
"4","241","254","1","00:19:34","457","206","1","4849"
"76","1","118","2","00:00:09","397","273","0","4850"
"57","1","69","2","00:00:00","300","150","1","4851"
"75","1","52","1","00:19:35","300","150","1","4852"
"23","34","252","2","00:00:09","100","206","0","4853"
"125","23","86","1","00:19:35","100","49","0","4854"
"21","1","70","2","00:00:00","300","150","0","4855"
"76","21","25","2","00:00:10","500","251","1","4856"
"75","57","122","1","00:19:35","203","27","1","4857"
"195","76","204","2","00:00:12","300","150","1","4858"
"23","34","124","2","00:00:13","500","251","0","4860"
"34","142","53","1","00:19:36","143","251","0","4861"
"31","73","238","2","00:00:13","143","251","1","4862"
"116","34","110","1","00:19:36","457","206","0","4863"
"75","88","122","2","00:00:15","457","49","0","4866"
"86","88","71","2","00:00:00","300","150","1","4869"
"75","57","72","2","00:00:00","300","150","1","4871"
"31","57","22","1","00:19:37","457","49","0","4872"
"75","1","45","2","00:00:16","457","206","0","4873"
"21","13","96","1","00:19:37","203","27","0","4874"
"30","224","240","2","00:00:16","143","94","1","4875"
"30","23","156","2","00:00:17","300","150","1","4876"
"86","21","73","2","00:00:00","300","150","0","4877"
"23","57","209","2","00:00:17","143","251","0","4878"
"75","23","84","2","00:00:00","300","150","0","4879"
"34","21","24","2","00:00:18","500","94","1","4880"
"35","1","143","1","00:19:37","500","251","1","4881"
"30","78","85","2","00:00:00","300","150","0","4882"
"75","23","84","2","00:00:18","300","150","1","4883"
"98","195","156","1","00:19:37","100","49","1","4884"
"23","76","136","2","00:00:18","247","273","1","4885"
"75","23","86","2","00:00:00","300","150","0","4886"
"31","1","87","2","00:00:00","300","150","1","4887"
"21","75","88","2","00:00:00","300","150","0","4889"
"13","31","89","2","00:00:00","300","150","0","4891"
"21","75","90","2","00:00:00","300","150","1","4892"
"78","57","34","1","00:19:38","457","49","1","4893"
"76","97","92","2","00:00:00","143","94","0","4894"
"224","227","155","1","00:19:38","100","49","1","4895"
"76","42","21","2","00:00:19","143","251","1","4896"
"4","31","188","1","00:19:38","300","150","0","4897"
"13","21","94","2","00:00:00","300","150","0","4898"
"75","23","86","2","00:00:19","397","273","1","4899"
"189","4","208","1","00:19:39","203","27","0","4900"
"13","23","95","2","00:00:00","300","150","0","4901"
"31","224","103","2","00:00:19","397","273","1","4902"
"21","13","96","2","00:00:00","300","150","1","4903"
"23","31","168","2","00:00:19","500","94","1","4904"
"81","15","11","1","00:19:40","100","206","1","4905"
"23","78","97","2","00:00:00","300","150","1","4906"
"76","15","105","2","00:00:20","300","150","0","4907"
"78","21","98","2","00:00:00","300","150","0","4908"
"57","34","167","2","00:00:20","500","251","1","4909"
"15","31","99","2","00:00:00","300","150","1","4910"
"30","21","58","1","00:19:40","457","49","0","4911"
"75","23","195","2","00:00:20","300","150","1","4912"
"23","125","100","2","00:00:00","300","150","1","4913"
"34","205","221","1","00:19:40","143","251","0","4914"
"42","63","224","2","00:00:20","143","94","1","4915"
"4","78","101","2","00:00:00","300","150","1","4916"
"34","15","259","2","00:00:20","100","206","0","4918"
"34","195","102","2","00:00:00","300","150","1","4919"
"34","21","24","1","00:19:41","500","94","1","4920"
"23","88","44","2","00:00:21","500","94","1","4921"
"30","88","103","2","00:00:00","300","150","0","4922"
"23","78","134","2","00:00:21","397","73","1","4923"
"76","42","104","2","00:00:00","300","150","1","4924"
"76","15","105","2","00:00:00","300","150","0","4926"
"1","75","29","2","00:00:22","143","251","1","4927"
"30","88","106","2","00:00:00","300","150","1","4928"
"23","78","97","2","00:00:22","143","94","1","4929"
"23","78","38","1","00:19:41","100","49","1","4930"
"23","34","107","2","00:00:00","300","150","0","4931"
"30","75","67","1","00:19:41","300","150","0","4932"
"78","75","133","2","00:00:22","500","251","0","4933"
"88","75","108","2","00:00:00","300","150","0","4934"
"34","21","130","1","00:19:41","500","94","1","4935"
"205","78","143","2","00:00:22","100","206","1","4936"
"1","23","109","2","00:00:00","300","150","0","4937"
"57","42","155","2","00:00:22","500","94","1","4939"
"31","34","110","2","00:00:00","300","150","1","4940"
"78","34","112","2","00:00:00","300","150","0","4942"
"42","23","117","2","00:00:23","203","27","1","4943"
"78","88","113","2","00:00:00","300","150","1","4944"
"31","4","199","2","00:00:23","143","251","1","4945"
"34","75","114","2","00:00:00","300","150","1","4946"
"97","224","132","1","00:19:42","457","49","0","4948"
"195","57","115","2","00:00:00","300","150","1","4949"
"65","30","116","2","00:00:00","300","150","0","4951"
"4","42","32","2","00:00:24","500","94","1","4952"
"190","183","134","1","00:19:42","353","27","1","4953"
"76","1","118","2","00:00:00","300","150","0","4954"
"101","183","101","2","00:00:24","100","206","1","4955"
"30","73","154","1","00:19:42","100","206","1","4956"
"189","39","119","2","00:00:00","300","150","1","4957"
"183","21","109","2","00:00:24","397","73","0","4958"
"42","88","120","2","00:00:00","300","150","1","4959"
"21","201","168","2","00:00:24","300","150","0","4960"
"30","78","121","2","00:00:00","300","150","1","4961"
"189","78","123","2","00:00:00","300","150","1","4962"
"42","23","183","1","00:19:42","457","206","0","4963"
"4","21","191","2","00:00:24","247","73","0","4964"
"97","34","124","2","00:00:00","300","150","1","4965"
"189","72","209","1","00:19:42","100","206","1","4966"
"4","21","206","2","00:00:24","300","150","0","4967"
"34","57","125","2","00:00:00","300","150","0","4968"
"4","65","267","1","00:19:42","457","206","1","4969"
"21","78","126","2","00:00:00","300","150","1","4970"
"78","142","65","1","00:19:43","300","150","1","4971"
"57","78","127","2","00:00:00","300","150","0","4972"
"30","21","131","1","00:19:43","100","49","0","4973"
"34","75","128","2","00:00:00","300","150","1","4974"
"78","31","213","2","00:00:25","143","94","0","4975"
"57","75","129","2","00:00:00","300","150","0","4976"
"2","42","16","2","00:00:26","300","150","0","4977"
"34","21","130","2","00:00:00","300","150","0","4978"
"224","227","135","2","00:00:26","143","251","0","4979"
"227","183","148","1","00:19:43","500","94","0","4980"
"31","23","131","2","00:00:00","300","150","1","4981"
"183","4","171","1","00:19:43","100","49","0","4982"
"4","42","155","2","00:00:26","500","94","0","4983"
"23","57","132","2","00:00:00","300","150","1","4984"
"183","76","133","2","00:00:00","300","150","0","4985"
"23","78","134","2","00:00:00","300","150","1","4986"
"57","34","135","2","00:00:00","300","150","0","4987"
"42","31","46","2","00:00:27","300","150","1","4988"
"23","76","136","2","00:00:00","300","150","0","4989"
"31","4","137","2","00:00:00","300","150","1","4991"
"31","4","199","2","00:00:27","143","251","0","4992"
"31","75","138","2","00:00:00","300","150","0","4994"
"89","31","158","2","00:00:28","457","49","1","4995"
"31","227","170","1","00:19:45","457","206","0","4996"
"78","42","139","2","00:00:00","300","150","0","4997"
"30","1","180","1","00:19:45","100","206","1","4998"
"57","34","167","2","00:00:28","500","251","1","4999"
"73","88","140","2","00:00:00","300","150","0","5000"
"61","192","264","1","00:19:45","300","150","0","5001"
"183","34","250","2","00:00:28","143","94","1","5002"
"205","31","141","2","00:00:00","300","150","0","5004"
"27","57","22","2","00:00:29","143","251","1","5005"
"13","21","94","1","00:19:46","457","49","1","5006"
"89","23","142","2","00:00:00","300","150","0","5007"
"76","21","25","2","00:00:29","500","251","0","5008"
"227","78","143","2","00:00:00","300","150","1","5009"
"88","115","31","2","00:00:29","457","49","1","5010"
"78","204","139","1","00:19:47","300","150","0","5011"
"21","76","90","2","00:00:29","100","49","1","5012"
"75","30","47","2","00:00:30","397","73","0","5014"
"39","280","214","2","00:00:30","300","150","0","5015"
"34","142","53","1","00:19:48","500","251","1","5016"
"15","248","246","2","00:00:30","143","251","1","5017"
"78","227","157","2","00:00:31","143","251","1","5018"
"88","97","144","2","00:00:00","300","150","1","5019"
"224","195","216","2","00:00:31","100","49","0","5020"
"88","15","237","2","00:00:31","143","251","0","5021"
"76","78","145","2","00:00:00","300","150","0","5022"
"224","65","261","2","00:00:31","300","150","1","5023"
"31","227","146","2","00:00:00","300","150","0","5024"
"183","21","147","2","00:00:00","300","150","1","5026"
"30","23","156","2","00:00:32","143","251","1","5027"
"227","183","148","2","00:00:00","300","150","0","5028"
"30","42","243","2","00:00:32","143","94","0","5029"
"30","23","149","2","00:00:00","300","150","1","5030"
"30","1","11","2","00:00:33","300","150","1","5032"
"1","75","29","2","00:00:33","143","251","0","5033"
"30","75","67","2","00:00:33","500","94","0","5034"
"21","86","12","2","00:00:34","500","251","1","5035"
"34","76","150","2","00:00:00","300","150","1","5036"
"227","30","141","2","00:00:34","300","150","0","5037"
"57","78","151","2","00:00:00","300","150","0","5038"
"73","57","222","2","00:00:34","143","251","1","5039"
"42","21","24","2","00:00:35","500","251","1","5041"
"57","31","152","2","00:00:00","300","150","0","5042"
"280","21","256","2","00:00:35","300","150","1","5043"
"23","76","153","2","00:00:00","300","150","1","5044"
"31","76","154","2","00:00:00","300","150","1","5046"
"78","98","64","2","00:00:36","457","49","1","5047"
"57","34","155","2","00:00:00","300","150","0","5048"
"42","23","117","2","00:00:36","457","49","1","5049"
"31","21","156","2","00:00:00","300","150","1","5050"
"21","75","204","2","00:00:36","397","273","0","5051"
"78","34","157","2","00:00:00","300","150","0","5052"
"109","23","23","2","00:00:37","397","273","0","5053"
"76","31","158","2","00:00:00","300","150","0","5054"
"57","35","26","2","00:00:37","143","251","0","5055"
"76","195","159","2","00:00:00","300","150","0","5056"
"42","1","56","2","00:00:37","457","206","1","5057"
"57","21","160","2","00:00:00","300","150","1","5058"
"30","1","87","2","00:00:37","143","251","1","5059"
"125","1","127","2","00:00:38","143","251","0","5060"
"4","244","238","2","00:00:38","143","94","1","5061"
"30","42","243","2","00:00:38","143","251","1","5062"
"58","195","244","2","00:00:38","300","150","1","5063"
"42","31","161","2","00:00:00","300","150","0","5064"
"57","78","162","2","00:00:00","300","150","1","5065"
"78","31","163","2","00:00:00","300","150","0","5066"
"76","34","164","2","00:00:00","300","150","1","5067"
"34","57","165","2","00:00:00","300","150","0","5068"
"30","76","166","2","00:00:00","300","150","1","5069"
"57","42","167","2","00:00:00","300","150","0","5070"
"23","31","168","2","00:00:00","300","150","0","5071"
"23","76","169","2","00:00:00","300","150","1","5072"
"31","34","170","2","00:00:00","300","150","1","5073"
"1","57","171","2","00:00:00","300","150","0","5074"
"35","73","5","2","00:00:39","300","150","0","5075"
"31","227","170","1","00:19:48","300","150","0","5076"
"49","42","112","2","00:00:39","300","150","0","5077"
"78","31","173","2","00:00:00","300","150","0","5078"
"31","4","176","1","00:19:48","457","206","0","5079"
"4","58","254","2","00:00:39","247","73","0","5080"
"76","31","174","2","00:00:00","300","150","1","5081"
"31","57","199","1","00:19:48","100","49","1","5082"
"100","42","227","1","00:19:48","457","206","0","5084"
"23","31","175","2","00:00:00","300","150","0","5085"
"31","57","176","2","00:00:00","300","150","1","5088"
"81","75","67","2","00:00:40","300","150","0","5089"
"76","34","177","2","00:00:00","300","150","1","5090"
"53","183","101","2","00:00:40","100","206","1","5091"
"30","42","110","2","00:00:40","143","94","0","5092"
"224","76","178","2","00:00:00","300","150","0","5093"
"4","34","167","2","00:00:40","500","251","0","5094"
"21","224","252","2","00:00:40","300","150","1","5095"
"76","57","10","1","00:19:49","300","150","0","5096"
"76","78","52","2","00:00:41","500","94","0","5097"
"4","21","191","2","00:00:41","500","251","0","5098"
"4","30","201","2","00:00:41","500","94","0","5099"
"35","118","179","2","00:00:00","300","150","1","5100"
"4","21","23","1","00:19:49","100","206","0","5101"
"30","78","180","2","00:00:00","300","150","1","5102"
"76","57","10","2","00:00:42","500","94","1","5103"
"30","75","67","1","00:19:49","353","227","1","5104"
"195","57","181","2","00:00:00","300","150","1","5105"
"57","15","19","2","00:00:42","500","251","0","5106"
"78","81","99","1","00:19:49","500","251","0","5107"
"183","31","182","2","00:00:00","300","150","0","5108"
"23","15","38","2","00:00:42","500","94","1","5109"
"75","39","116","1","00:19:49","100","206","0","5110"
"34","23","183","2","00:00:00","300","150","1","5111"
"116","75","40","2","00:00:42","100","206","1","5112"
"58","248","249","2","00:00:42","500","94","1","5113"
"81","15","11","1","00:19:50","353","27","0","5114"
"4","57","264","2","00:00:42","500","94","0","5115"
"15","42","16","1","00:19:50","457","49","0","5116"
"34","30","46","2","00:00:43","100","206","0","5117"
"1","75","184","2","00:00:00","300","150","0","5118"
"78","61","34","1","00:19:50","457","49","1","5119"
"23","78","70","2","00:00:44","100","49","0","5120"
"78","57","185","2","00:00:00","300","150","1","5121"
"39","75","61","1","00:19:50","203","27","1","5122"
"57","34","155","2","00:00:44","500","251","1","5123"
"31","1","87","1","00:19:50","457","206","1","5124"
"21","34","186","2","00:00:00","300","150","0","5125"
"4","42","167","2","00:00:44","500","251","0","5126"
"101","27","101","1","00:19:50","300","150","0","5127"
"75","76","263","2","00:00:44","457","206","0","5128"
"34","89","266","1","00:19:50","300","150","0","5129"
"15","88","34","2","00:00:45","300","150","1","5130"
"78","76","187","2","00:00:00","300","150","0","5131"
"23","65","90","1","00:19:51","203","27","0","5132"
"1","76","57","2","00:00:45","500","251","1","5133"
"30","88","106","1","00:19:51","457","49","1","5134"
"57","31","188","2","00:00:00","300","150","0","5135"
"76","21","86","2","00:00:45","143","94","1","5136"
"35","78","143","1","00:19:51","500","94","0","5137"
"89","34","189","2","00:00:00","300","150","1","5138"
"89","21","142","2","00:00:45","500","94","1","5139"
"63","39","174","1","00:19:51","100","206","1","5140"
"31","78","190","2","00:00:00","300","150","1","5141"
"183","65","255","2","00:00:45","300","150","0","5142"
"15","195","225","1","00:19:51","100","206","1","5143"
"57","23","191","2","00:00:00","300","150","0","5144"
"21","4","262","2","00:00:45","143","94","0","5145"
"75","23","195","2","00:00:00","300","150","1","5146"
"16","23","4","2","00:00:46","143","94","1","5148"
"76","21","196","2","00:00:00","300","150","1","5149"
"57","89","41","2","00:00:46","500","94","1","5150"
"31","57","197","2","00:00:00","300","150","1","5151"
"88","98","62","2","00:00:46","100","206","1","5152"
"1","4","113","2","00:00:46","500","251","0","5153"
"30","75","138","2","00:00:46","143","251","0","5154"
"31","57","199","2","00:00:00","300","150","0","5155"
"30","210","154","2","00:00:46","500","94","1","5156"
"65","116","86","1","00:19:52","300","150","0","5157"
"195","75","203","2","00:00:46","500","94","0","5158"
"311","89","257","2","00:00:46","100","206","1","5160"
"4","30","200","2","00:00:00","300","150","1","5161"
"57","31","201","2","00:00:00","300","150","0","5163"
"57","23","15","1","00:19:53","100","206","1","5164"
"195","76","203","2","00:00:00","300","150","0","5165"
"280","31","243","1","00:19:53","143","251","1","5166"
"195","76","204","2","00:00:00","300","150","0","5167"
"57","23","206","2","00:00:00","300","150","1","5169"
"76","57","72","1","00:19:54","457","206","1","5171"
"42","30","9","2","00:00:47","457","49","1","5172"
"57","21","207","2","00:00:00","300","150","1","5173"
"30","21","131","1","00:19:54","100","206","1","5174"
"75","30","30","2","00:00:47","203","27","1","5175"
"31","115","33","1","00:19:55","100","206","0","5176"
"30","101","137","2","00:00:47","143","94","1","5177"
"57","75","108","1","00:19:55","457","206","0","5178"
"42","89","150","2","00:00:47","457","206","0","5179"
"285","65","232","2","00:00:47","457","49","0","5180"
"1","23","109","1","00:19:55","457","206","0","5181"
"42","23","183","1","00:19:55","100","206","0","5183"
"57","30","3","2","00:00:48","500","94","1","5184"
"224","227","266","1","00:19:55","300","150","0","5185"
"78","30","182","2","00:00:48","100","206","0","5186"
"189","57","208","2","00:00:00","300","150","1","5187"
"280","4","258","2","00:00:48","500","251","0","5188"
"23","57","209","2","00:00:00","300","150","1","5191"
"125","4","45","2","00:00:49","457","49","0","5193"
"125","34","104","1","00:19:56","300","150","0","5194"
"88","280","212","2","00:00:49","397","273","1","5195"
"205","78","148","2","00:00:50","100","206","0","5196"
"198","88","106","1","00:19:56","457","49","0","5197"
"23","286","233","2","00:00:50","500","251","1","5198"
"227","58","120","1","00:19:56","500","251","0","5199"
"15","42","16","2","00:00:51","300","150","0","5200"
"21","1","50","2","00:00:51","500","251","0","5201"
"40","32","141","1","00:19:56","300","150","0","5202"
"114","31","20","2","00:00:52","143","94","0","5203"
"205","1","143","1","00:19:56","300","150","1","5204"
"105","142","44","2","00:00:52","300","150","1","5205"
"227","75","128","2","00:00:52","100","49","1","5206"
"57","201","201","1","00:19:56","457","206","0","5207"
"227","30","141","2","00:00:52","203","27","1","5208"
"31","89","166","2","00:00:52","300","150","1","5209"
"31","1","180","2","00:00:52","500","251","1","5210"
"21","75","203","2","00:00:52","500","94","0","5211"
"280","189","256","2","00:00:52","457","49","0","5212"
"76","57","10","2","00:00:53","500","94","1","5213"
"98","195","156","1","00:19:57","353","27","0","5214"
"23","88","115","2","00:00:53","100","206","1","5215"
"97","42","213","1","00:19:57","457","206","0","5216"
"76","30","116","2","00:00:53","143","94","1","5217"
"248","31","231","1","00:19:57","143","94","1","5218"
"42","88","120","2","00:00:53","100","49","1","5219"
"30","23","131","2","00:00:53","143","251","1","5220"
"61","101","254","1","00:19:57","300","150","0","5221"
"4","35","135","2","00:00:53","143","251","0","5222"
"156","57","22","1","00:19:58","353","27","0","5223"
"89","224","211","2","00:00:53","100","49","0","5224"
"23","83","175","1","00:19:58","457","49","0","5225"
"88","15","237","2","00:00:53","143","251","0","5226"
"42","142","53","2","00:00:54","500","251","1","5227"
"21","210","203","1","00:19:58","300","150","1","5228"
"30","42","170","2","00:00:54","247","73","1","5229"
"76","21","84","2","00:00:55","300","150","0","5230"
"227","97","102","2","00:00:55","300","150","0","5231"
"58","76","129","2","00:00:55","457","206","1","5232"
"4","192","207","2","00:00:55","143","94","1","5233"
"73","224","245","2","00:00:55","300","150","0","5234"
"75","86","36","2","00:00:57","500","94","1","5238"
"75","195","111","2","00:00:57","457","49","0","5239"
"57","23","15","1","00:19:59","100","206","0","5240"
"227","30","223","2","00:00:57","353","227","1","5241"
"90","76","153","1","00:19:59","100","49","0","5242"
"31","244","224","2","00:00:57","500","94","0","5243"
"30","88","37","2","00:00:58","500","94","0","5244"
"189","73","210","1","00:19:59","300","150","1","5245"
"97","42","213","1","00:19:59","457","206","1","5246"
"76","78","52","2","00:00:58","500","94","1","5247"
"21","76","210","2","00:00:00","300","150","0","5248"
"15","4","213","2","00:00:58","397","73","0","5249"
"75","138","211","2","00:00:00","300","150","0","5250"
"73","21","159","2","00:00:59","100","206","0","5251"
"31","1","180","2","00:00:59","397","73","0","5252"
"248","88","226","2","00:00:59","100","206","1","5253"
"183","65","255","2","00:00:59","300","150","1","5254"
"57","30","212","2","00:00:00","300","150","1","5255"
"31","16","42","2","00:01:00","500","251","1","5256"
"97","31","213","2","00:00:00","300","150","0","5257"
"125","142","72","2","00:01:00","143","94","1","5258"
"42","30","214","2","00:00:00","300","150","0","5259"
"23","30","6","2","00:01:01","143","94","1","5261"
"97","1","126","2","00:01:23","143","251","0","5262"
"58","227","215","2","00:00:00","300","150","1","5263"
"78","76","133","2","00:01:01","500","251","1","5264"
"138","23","216","2","00:00:00","300","150","0","5265"
"57","76","129","2","00:01:23","457","49","1","5266"
"280","227","217","2","00:00:00","300","150","1","5267"
"101","231","135","2","00:01:23","500","251","1","5268"
"73","78","218","2","00:00:00","300","150","0","5269"
"224","42","167","2","00:01:24","143","251","0","5271"
"76","21","159","2","00:01:01","500","251","1","5272"
"30","88","199","2","00:01:24","500","94","1","5273"
"73","86","2","2","00:01:26","143","251","1","5275"
"101","23","219","2","00:00:00","300","150","1","5276"
"27","15","11","2","00:01:02","300","150","1","5277"
"30","34","60","2","00:01:02","500","251","0","5278"
"15","89","220","2","00:00:00","300","150","1","5279"
"34","40","221","2","00:00:00","300","150","1","5281"
"76","13","14","2","00:01:03","457","206","0","5282"
"76","57","222","2","00:00:00","300","150","0","5283"
"73","1","105","2","00:01:03","143","251","1","5284"
"191","89","100","2","00:01:26","353","227","1","5285"
"21","89","169","2","00:01:03","100","49","0","5286"
"25","4","208","2","00:01:03","247","73","0","5287"
"280","31","243","2","00:01:03","100","206","1","5289"
"4","58","254","2","00:01:03","300","150","1","5290"
"205","244","232","2","00:01:27","457","206","1","5291"
"248","280","223","2","00:00:00","300","150","1","5292"
"76","21","92","2","00:01:04","300","150","1","5295"
"31","76","224","2","00:00:00","300","150","0","5296"
"138","227","170","2","00:01:28","500","251","0","5297"
"209","224","211","2","00:01:04","203","27","1","5298"
"78","23","225","2","00:00:00","300","150","1","5299"
"224","86","178","2","00:01:28","457","206","0","5300"
"227","58","226","2","00:00:00","300","150","1","5301"
"101","201","200","2","00:01:28","300","150","0","5302"
"23","97","230","2","00:01:28","300","150","1","5304"
"39","35","110","2","00:01:05","300","150","0","5305"
"105","142","44","2","00:01:06","300","150","0","5306"
"248","61","231","2","00:01:28","457","49","0","5307"
"75","23","63","2","00:01:06","143","251","0","5308"
"4","34","48","2","00:01:07","143","251","0","5310"
"76","31","227","2","00:00:00","300","150","0","5311"
"168","1","85","2","00:01:07","300","150","0","5312"
"76","57","122","2","00:01:07","300","150","0","5314"
"30","1","228","2","00:00:00","300","150","1","5316"
"98","195","156","2","00:01:07","143","94","1","5317"
"142","105","59","2","00:01:29","100","206","1","5318"
"34","58","229","2","00:00:00","300","150","1","5319"
"227","34","211","2","00:01:29","300","150","1","5320"
"21","15","230","2","00:00:00","300","150","0","5321"
"227","157","161","2","00:01:30","300","150","1","5322"
"227","31","231","2","00:00:00","300","150","0","5323"
"4","183","162","2","00:01:30","500","94","0","5324"
"183","39","173","2","00:01:30","247","73","0","5325"
"30","73","232","2","00:00:00","300","150","0","5326"
"217","280","212","2","00:01:30","143","251","0","5327"
"21","58","233","2","00:00:00","300","150","1","5328"
"31","78","85","2","00:01:31","500","251","1","5330"
"23","101","90","2","00:01:31","143","94","1","5331"
"34","97","234","2","00:00:00","300","150","0","5332"
"97","75","136","2","00:01:31","500","94","0","5333"
"73","58","235","2","00:00:00","300","150","0","5334"
"190","61","262","2","00:01:07","500","251","1","5336"
"231","97","130","2","00:01:32","300","150","1","5337"
"88","76","18","2","00:01:08","300","150","0","5338"
"244","15","218","2","00:01:32","143","94","0","5339"
"39","75","61","2","00:01:08","500","94","0","5340"
"34","31","236","2","00:00:00","300","150","1","5342"
"78","57","251","2","00:01:08","143","94","1","5343"
"86","105","43","2","00:01:33","300","150","0","5344"
"58","15","237","2","00:00:00","300","150","0","5345"
"73","35","2","2","00:01:09","500","251","1","5346"
"138","4","236","2","00:01:33","100","206","1","5347"
"31","73","238","2","00:00:00","300","150","1","5348"
"57","97","31","2","00:01:09","143","251","1","5349"
"30","76","67","2","00:01:34","143","251","1","5351"
"227","224","165","2","00:01:35","457","206","0","5352"
"81","115","33","2","00:01:09","143","251","1","5353"
"30","183","180","2","00:01:35","143","251","0","5354"
"30","224","240","2","00:00:00","300","150","1","5355"
"224","89","266","2","00:01:35","457","49","1","5356"
"4","195","247","2","00:01:09","300","150","1","5357"
"76","195","241","2","00:00:00","300","150","0","5359"
"21","224","252","2","00:01:09","100","49","0","5360"
"30","23","58","2","00:01:36","500","251","1","5361"
"280","89","242","2","00:00:00","300","150","1","5362"
"101","34","268","2","00:01:09","500","94","1","5363"
"280","61","243","2","00:00:00","300","150","0","5364"
"15","230","157","2","00:01:36","300","150","0","5366"
"101","23","244","2","00:00:00","300","150","0","5367"
"115","57","28","2","00:01:10","143","94","1","5368"
"39","31","46","2","00:01:10","457","49","0","5369"
"78","114","182","2","00:01:36","100","206","1","5370"
"4","316","224","2","00:01:36","500","94","1","5371"
"4","88","254","2","00:01:36","143","251","1","5372"
"76","34","245","2","00:00:00","300","150","1","5373"
"105","42","51","2","00:01:37","143","251","1","5376"
"97","248","246","2","00:00:00","300","150","0","5377"
"224","128","129","2","00:01:37","500","251","1","5378"
"31","21","247","2","00:00:00","300","150","1","5379"
"30","34","60","2","00:01:10","500","251","1","5380"
"224","31","152","2","00:01:37","143","94","0","5381"
"76","205","248","2","00:00:00","300","150","0","5382"
"58","89","249","2","00:00:00","300","150","1","5383"
"78","34","250","2","00:00:00","300","150","1","5384"
"97","220","251","2","00:00:00","300","150","0","5385"
"190","89","100","2","00:01:10","457","49","1","5386"
"23","34","252","2","00:00:00","300","150","1","5387"
"125","34","104","2","00:01:10","457","206","0","5388"
"31","89","253","2","00:00:00","300","150","1","5389"
"125","9","105","2","00:01:10","397","73","0","5390"
"201","42","170","2","00:01:10","500","94","0","5392"
"224","30","172","2","00:01:10","457","49","0","5393"
"97","31","6","2","00:01:38","247","273","1","5394"
"205","224","240","2","00:01:10","247","73","0","5395"
"31","57","254","2","00:00:00","300","150","1","5396"
"231","224","165","2","00:01:38","100","49","0","5397"
"39","31","35","2","00:01:11","500","94","0","5398"
"21","57","181","2","00:01:38","143","251","0","5399"
"78","76","255","2","00:00:00","300","150","1","5400"
"1","76","133","2","00:01:11","500","251","0","5401"
"23","75","204","2","00:01:38","143","94","0","5402"
"30","23","256","2","00:00:00","300","150","1","5403"
"57","78","237","2","00:01:38","500","94","1","5404"
"42","39","141","2","00:01:11","457","49","1","5405"
"183","101","251","2","00:01:38","500","251","1","5406"
"97","30","175","2","00:01:11","100","49","0","5407"
"65","75","257","2","00:00:00","300","150","0","5408"
"42","57","71","2","00:01:39","300","150","1","5409"
"33","114","43","2","00:01:12","143","251","1","5410"
"205","31","258","2","00:00:00","300","150","1","5411"
"76","103","63","2","00:01:12","500","251","1","5412"
"88","78","101","2","00:01:39","300","150","1","5413"
"138","15","259","2","00:00:00","300","150","0","5414"
"191","4","209","2","00:01:39","143","94","0","5415"
"78","23","94","2","00:01:12","457","49","1","5416"
"30","58","260","2","00:00:00","300","150","1","5417"
"138","61","236","2","00:01:39","100","206","0","5418"
"125","34","104","2","00:01:12","457","206","1","5419"
"34","65","261","2","00:00:00","300","150","1","5420"
"1","195","147","2","00:01:12","500","251","1","5421"
"73","116","158","2","00:01:12","457","49","1","5422"
"4","1","162","2","00:01:12","500","94","1","5424"
"23","31","262","2","00:00:00","300","150","0","5426"
"39","183","190","2","00:01:12","397","73","1","5427"
"126","37","36","2","00:01:40","143","94","1","5428"
"244","30","248","2","00:01:12","143","251","0","5429"
"75","65","263","2","00:00:00","300","150","0","5430"
"58","35","39","2","00:01:40","143","94","1","5431"
"76","89","257","2","00:01:13","100","206","0","5432"
"31","58","264","2","00:00:00","300","150","1","5433"
"35","23","73","2","00:01:40","457","49","0","5434"
"65","30","30","2","00:01:14","203","227","0","5435"
"227","86","150","2","00:01:40","100","206","1","5436"
"21","205","265","2","00:00:00","300","150","1","5437"
"58","76","129","2","00:01:14","457","206","1","5438"
"88","39","188","2","00:01:40","143","251","1","5439"
"34","75","266","2","00:00:00","300","150","0","5440"
"31","1","190","2","00:01:40","143","251","1","5441"
"115","1","134","2","00:01:14","457","206","1","5442"
"97","89","8","2","00:01:41","143","251","1","5443"
"23","1","230","2","00:01:14","500","251","0","5444"
"58","23","15","2","00:01:41","500","94","1","5445"
"30","78","87","2","00:01:41","143","94","1","5446"
"58","195","219","2","00:01:41","143","94","1","5447"
"31","76","267","2","00:00:00","300","150","1","5448"
"205","76","232","2","00:01:14","457","206","1","5449"
"97","31","6","2","00:01:42","300","150","1","5450"
"23","1","70","2","00:01:42","300","150","1","5451"
"88","31","3","2","00:01:15","500","94","0","5452"
"65","88","122","2","00:01:42","500","94","1","5453"
"1","4","185","2","00:01:15","143","251","1","5454"
"58","34","268","2","00:00:00","300","150","0","5455"
"4","183","127","2","00:01:42","143","251","0","5456"
"4","88","264","2","00:01:15","500","94","0","5457"
"224","73","129","2","00:01:42","500","251","1","5458"
"76","31","116","2","00:01:16","500","94","1","5459"
"4","21","144","2","00:01:42","500","94","0","5460"
"1","98","163","2","00:01:16","247","273","0","5461"
"116","75","166","2","00:01:42","500","251","1","5462"
"76","42","189","2","00:01:16","500","251","0","5463"
"1","205","269","2","00:00:00","300","150","1","5464"
"57","21","219","2","00:01:16","500","94","0","5466"
"73","88","10","2","00:01:43","300","150","0","5469"
"82","88","22","2","00:01:43","300","150","1","5470"
"75","17","45","2","00:01:43","457","206","0","5471"
"125","97","92","2","00:01:43","500","94","1","5472"
"21","227","124","2","00:01:43","500","251","0","5473"
"16","31","163","2","00:01:43","500","94","0","5474"
"116","57","103","2","00:01:44","143","251","0","5478"
"23","88","233","2","00:01:16","143","251","0","5479"
"76","23","142","2","00:01:44","500","94","0","5480"
"142","76","261","2","00:01:44","457","206","0","5481"
"61","65","267","2","00:01:44","143","251","0","5483"
"63","42","104","2","00:01:17","300","150","0","5484"
"81","1","42","2","00:01:45","143","94","0","5485"
"205","34","240","2","00:01:17","143","251","0","5487"
"183","39","173","2","00:01:45","143","251","0","5488"
"23","217","208","2","00:01:45","143","94","1","5490"
"39","1","190","2","00:01:18","500","251","1","5491"
"97","244","255","2","00:01:45","247","273","0","5493"
"205","15","228","2","00:01:18","203","27","0","5494"
"195","58","115","2","00:01:19","143","94","1","5498"
"42","4","165","2","00:01:19","457","49","0","5500"
"227","316","263","2","00:01:19","457","206","1","5502"
"142","65","54","2","00:01:46","247","73","1","5503"
"75","23","25","2","00:01:20","100","49","0","5504"
"89","220","226","2","00:01:46","100","206","0","5505"
"65","35","36","2","00:01:20","143","94","0","5506"
"31","21","149","2","00:01:20","500","251","1","5508"
"183","76","184","2","00:01:48","100","49","1","5511"
"89","42","231","2","00:01:48","300","150","1","5513"
"58","76","18","2","00:01:50","143","94","1","5519"
"97","75","136","2","00:01:50","300","150","0","5521"
"76","98","158","2","00:01:50","100","206","0","5523"
"57","42","167","2","00:01:50","143","251","0","5525"
"76","101","222","2","00:01:50","143","251","0","5527"
"75","45","36","2","00:01:51","500","94","1","5529"
"210","37","164","2","00:01:20","300","150","1","5530"
"65","49","52","2","00:01:51","397","273","1","5532"
"39","76","138","2","00:01:51","143","251","0","5533"
"224","78","234","2","00:01:20","457","49","1","5534"
"224","138","152","2","00:01:51","500","94","1","5536"
"30","4","197","2","00:01:21","500","94","0","5537"
"57","78","237","2","00:01:51","247","73","1","5538"
"205","244","232","2","00:01:21","300","150","1","5539"
"42","57","165","2","00:01:52","203","227","1","5540"
"78","89","246","2","00:01:21","500","94","0","5541"
"57","23","31","2","00:01:22","143","251","1","5544"
"65","97","86","2","00:01:22","247","73","0","5546"
"89","57","140","2","00:01:53","143","94","0","5547"
"58","78","101","2","00:01:22","100","49","1","5548"
"21","61","262","2","00:01:22","500","94","1","5551"
"34","101","5","2","00:01:54","143","251","0","5553"
"81","55","37","2","00:01:23","500","251","1","5554"
"39","57","103","2","00:01:23","247","273","1","5556"
"78","31","182","2","00:01:54","100","49","1","5557"
"183","42","112","2","00:01:23","100","49","0","5558"
"4","101","54","2","00:02:39","247","273","1","5566"
"101","116","152","2","00:02:39","247","273","1","5569"
"244","39","227","2","00:02:40","143","94","0","5571"
"89","15","105","2","00:02:41","143","251","1","5572"
"195","76","203","2","00:02:41","397","73","1","5573"
"31","35","13","2","00:02:43","143","251","1","5575"
"31","23","33","2","00:02:43","500","251","0","5576"
"34","1","56","2","00:02:43","100","49","0","5577"
"149","97","73","2","00:02:44","457","206","1","5578"
"97","212","204","2","00:02:44","500","94","0","5579"
"89","280","223","2","00:01:54","457","206","1","5580"
"103","65","90","2","00:02:45","500","94","1","5582"
"1","34","112","2","00:02:45","100","206","1","5584"
"49","97","95","2","00:01:55","143","251","1","5585"
"88","195","244","2","00:02:45","143","251","1","5586"
"73","195","195","2","00:01:55","143","251","0","5587"
"142","101","41","2","00:02:46","300","150","0","5589"
"191","101","132","2","00:02:46","247","73","0","5590"
"78","97","147","2","00:02:46","143","251","1","5591"
"30","101","199","2","00:01:55","500","94","1","5594"
"190","138","252","2","00:01:55","353","227","1","5596"
"231","75","128","2","00:01:56","457","206","1","5598"
"20","26","175","2","00:01:56","100","206","0","5600"
"31","316","224","2","00:01:56","143","251","1","5602"
"34","76","61","2","00:00:05","143","251","0","5603"
"316","30","248","2","00:01:56","143","251","0","5604"
"30","1","11","2","00:02:47","300","150","0","5605"
"97","244","255","2","00:01:56","397","273","1","5606"
"16","125","29","2","00:02:47","143","251","0","5607"
"125","23","92","2","00:02:47","143","94","0","5608"
"97","34","124","2","00:02:48","500","251","1","5611"
"224","183","151","2","00:01:57","143","94","0","5612"
"191","183","134","2","00:02:48","457","206","1","5613"
"138","205","146","2","00:02:48","500","251","1","5614"
"73","101","235","2","00:01:57","143","251","1","5615"
"101","31","47","2","00:02:49","247","273","0","5616"
"1","42","139","2","00:02:49","500","94","1","5618"
"23","51","28","2","00:01:58","143","94","0","5619"
"21","227","186","2","00:02:49","143","251","0","5620"
"1","31","64","2","00:02:50","353","27","0","5621"
"116","65","90","2","00:02:50","500","94","0","5622"
"76","205","248","2","00:02:50","300","150","1","5623"
"30","42","60","2","00:02:51","143","251","0","5624"
"75","23","86","2","00:02:51","143","94","0","5625"
"34","78","259","2","00:03:54","457","49","1","5626"
"81","142","49","2","00:01:58","500","94","1","5627"
"34","76","150","2","00:02:51","457","206","1","5628"
"168","49","87","2","00:01:58","300","150","0","5630"
"97","31","168","2","00:02:51","500","94","0","5631"
"161","190","239","2","00:02:51","353","27","1","5632"
"75","97","25","2","00:03:55","143","94","0","5633"
"39","49","121","2","00:01:58","500","251","0","5634"
"39","58","53","2","00:02:52","500","251","0","5635"
"76","27","30","2","00:03:55","300","150","0","5636"
"227","21","183","2","00:01:58","500","94","0","5637"
"57","75","129","2","00:02:52","143","251","1","5638"
"115","75","40","2","00:03:55","100","206","1","5639"
"183","4","185","2","00:01:58","143","94","0","5641"
"21","76","88","2","00:02:53","500","251","0","5642"
"205","183","148","2","00:02:53","457","206","0","5643"
"189","217","209","2","00:02:53","247","273","1","5644"
"86","23","43","2","00:03:55","300","150","0","5645"
"88","214","108","2","00:03:55","500","251","1","5648"
"23","75","136","2","00:01:59","500","251","1","5650"
"88","30","188","2","00:01:59","500","94","0","5651"
"31","1","190","2","00:01:59","143","251","0","5652"
"189","16","123","2","00:02:00","457","49","0","5653"
"23","30","119","2","00:03:55","397","73","0","5654"
"183","42","157","2","00:03:55","500","251","1","5655"
"116","191","131","2","00:02:00","300","150","1","5656"
"97","212","169","2","00:03:55","300","150","1","5657"
"23","73","153","2","00:02:00","300","150","0","5658"
"20","31","6","2","00:03:56","500","251","0","5660"
"57","224","268","2","00:02:00","500","94","0","5661"
"34","101","61","2","00:03:56","300","150","1","5662"
"231","31","141","2","00:03:56","100","49","1","5664"
"89","21","111","2","00:02:54","203","227","1","5665"
"57","34","135","2","00:02:01","143","94","0","5666"
"4","1","162","2","00:03:56","500","251","1","5667"
"31","205","170","2","00:02:54","143","251","1","5668"
"75","23","196","2","00:03:56","500","94","0","5669"
"76","42","227","2","00:02:54","500","94","1","5670"
"75","16","14","2","00:03:57","100","206","1","5671"
"31","73","166","2","00:02:55","143","251","1","5672"
"30","116","33","2","00:03:57","500","94","1","5673"
"21","67","203","2","00:02:55","143","251","0","5674"
"31","23","149","2","00:02:01","500","251","1","5675"
"78","42","213","2","00:02:55","143","251","1","5676"
"23","31","175","2","00:02:01","100","49","1","5677"
"1","34","16","2","00:02:56","500","94","1","5678"
"75","42","36","2","00:03:57","500","251","0","5681"
"35","76","114","2","00:02:57","300","150","1","5683"
"224","110","162","2","00:02:02","500","251","1","5684"
"30","76","66","2","00:03:57","100","206","1","5685"
"35","190","117","2","00:02:57","300","150","1","5686"
"57","227","249","2","00:02:03","143","94","0","5687"
"227","75","128","2","00:03:57","457","206","0","5688"
"30","23","131","2","00:03:57","143","251","1","5689"
"4","39","16","2","00:02:04","300","150","1","5690"
"31","27","180","2","00:03:57","143","251","1","5691"
"116","65","40","2","00:02:04","300","150","1","5692"
"243","30","269","2","00:03:57","247","273","1","5693"
"23","75","136","2","00:02:04","500","251","1","5694"
"39","88","254","2","00:02:04","500","251","0","5696"
"224","227","135","2","00:02:57","247","73","0","5700"
"42","89","150","2","00:03:58","100","206","1","5701"
"61","101","264","2","00:02:05","500","251","0","5702"
"73","34","164","2","00:03:58","500","94","0","5703"
"65","49","118","2","00:02:06","300","150","1","5704"
"1","89","184","2","00:03:58","457","49","1","5705"
"61","30","214","2","00:02:06","500","251","1","5707"
"39","97","73","2","00:03:59","100","206","0","5708"
"31","57","106","2","00:03:59","143","94","0","5710"
"21","57","132","2","00:03:59","143","251","1","5712"
"65","142","10","2","00:02:07","500","251","1","5713"
"31","97","131","2","00:02:58","143","251","1","5714"
"4","23","160","2","00:03:59","247","273","0","5715"
"29","58","22","2","00:02:07","300","150","1","5716"
"102","4","208","2","00:02:58","300","150","0","5717"
"16","224","171","2","00:02:07","500","251","0","5718"
"1","57","171","2","00:03:59","143","94","0","5719"
"21","31","20","2","00:02:08","143","94","1","5720"
"57","21","191","2","00:03:59","500","251","1","5721"
"224","45","221","2","00:03:59","100","49","1","5722"
"156","78","85","2","00:02:08","143","94","1","5723"
"42","76","224","2","00:02:58","143","94","0","5724"
"248","23","239","2","00:03:59","457","206","1","5725"
"57","183","127","2","00:02:08","143","251","0","5726"
"23","57","115","2","00:02:59","300","150","0","5727"
"78","30","89","2","00:04:00","500","94","0","5728"
"76","97","63","2","00:02:09","500","94","1","5729"
"183","157","163","2","00:02:59","500","94","1","5730"
"31","57","137","2","00:04:00","500","251","1","5731"
"23","101","233","2","00:02:59","143","94","1","5732"
"35","190","102","2","00:02:09","300","150","0","5733"
"61","23","247","2","00:04:00","143","251","0","5734"
"65","1","14","2","00:03:00","100","206","0","5735"
"243","248","220","2","00:02:09","247","273","1","5736"
"109","23","23","2","00:03:00","500","94","0","5738"
"114","21","239","2","00:02:09","353","227","0","5739"
"86","30","35","2","00:04:01","143","94","0","5740"
"81","65","17","2","00:02:10","300","150","1","5741"
"27","55","49","2","00:03:00","143","94","1","5742"
"30","23","58","2","00:04:01","500","251","0","5743"
"34","23","73","2","00:03:00","457","49","1","5744"
"76","21","86","2","00:04:01","500","251","1","5745"
"227","23","130","2","00:03:00","100","206","0","5746"
"65","35","21","2","00:02:10","500","94","1","5747"
"244","42","227","2","00:03:00","500","94","0","5748"
"1","21","23","2","00:02:10","500","251","0","5749"
"97","88","251","2","00:03:00","247","73","0","5750"
"30","75","67","2","00:02:10","500","94","0","5751"
"31","75","17","2","00:03:01","300","150","1","5752"
"39","224","103","2","00:04:01","500","251","1","5753"
"126","58","72","2","00:02:10","500","251","0","5754"
"35","31","46","2","00:03:01","100","49","0","5755"
"75","49","118","2","00:04:01","500","94","1","5756"
"39","125","61","2","00:03:01","247","73","0","5757"
"75","39","116","2","00:02:10","500","251","0","5758"
"23","42","124","2","00:04:01","500","94","1","5759"
"31","88","103","2","00:03:01","500","251","1","5760"
"65","49","118","2","00:02:10","397","73","1","5761"
"57","78","151","2","00:04:01","500","94","1","5762"
"78","45","269","2","00:03:01","300","150","1","5763"
"39","88","137","2","00:02:10","300","150","0","5764"
"30","73","154","2","00:04:01","300","150","0","5765"
"76","15","105","2","00:03:02","500","251","0","5766"
"35","189","183","2","00:02:10","500","251","1","5767"
"30","23","156","2","00:04:01","143","251","1","5768"
"205","98","141","2","00:03:02","100","49","1","5769"
"57","23","244","2","00:02:10","300","150","0","5770"
"45","31","243","2","00:03:02","100","49","0","5771"
"114","42","170","2","00:04:01","500","94","1","5772"
"1","21","225","2","00:04:01","300","150","0","5774"
"280","101","260","2","00:04:01","100","206","0","5776"
"30","1","11","2","00:03:03","247","73","1","5777"
"34","156","46","2","00:04:02","457","206","1","5778"
"78","21","98","2","00:03:03","300","150","1","5779"
"280","138","240","2","00:02:11","397","73","0","5780"
"97","34","250","2","00:04:02","500","251","0","5781"
"31","57","264","2","00:03:03","500","94","0","5782"
"280","4","258","2","00:04:02","143","94","1","5784"
"75","35","21","2","00:03:04","143","251","1","5785"
"21","57","44","2","00:02:12","500","94","0","5786"
"175","157","163","2","00:04:03","143","94","0","5787"
"23","76","88","2","00:03:04","500","94","1","5788"
"21","224","252","2","00:04:03","500","251","1","5789"
"17","55","65","2","00:02:12","500","251","1","5790"
"109","57","34","2","00:03:05","247","73","1","5791"
"34","21","130","2","00:04:04","100","49","0","5792"
"116","75","88","2","00:02:12","300","150","0","5793"
"183","231","139","2","00:04:04","397","73","1","5794"
"73","23","86","2","00:03:06","143","94","0","5795"
"88","201","172","2","00:04:04","100","206","0","5796"
"109","30","89","2","00:03:06","143","94","1","5797"
"15","227","220","2","00:04:04","397","273","1","5798"
"205","15","228","2","00:04:04","457","206","0","5799"
"31","1","190","2","00:03:06","143","251","0","5800"
"30","21","256","2","00:04:04","300","150","1","5801"
"4","31","201","2","00:03:06","300","150","1","5802"
"201","316","267","2","00:03:06","143","94","0","5804"
"86","23","43","2","00:04:05","397","273","0","5805"
"27","23","147","2","00:04:05","500","251","0","5807"
"75","31","30","2","00:03:07","500","94","1","5810"
"39","78","24","2","00:02:13","500","94","0","5811"
"54","97","31","2","00:03:07","500","251","0","5812"
"30","227","242","2","00:02:13","457","206","1","5813"
"42","114","43","2","00:03:07","500","94","1","5814"
"31","49","85","2","00:03:07","500","251","1","5816"
"142","34","39","2","00:02:14","500","94","0","5817"
"4","76","238","2","00:03:07","500","94","1","5818"
"89","57","140","2","00:02:14","143","251","1","5819"
"75","35","2","2","00:03:08","143","94","0","5820"
"73","58","222","2","00:02:14","143","251","1","5821"
"32","1","11","2","00:03:08","143","251","1","5822"
"21","78","50","2","00:03:08","143","94","1","5823"
"227","97","117","2","00:02:15","300","150","0","5824"
"224","89","178","2","00:03:08","457","49","0","5825"
"88","23","219","2","00:02:15","143","251","0","5826"
"21","78","50","2","00:03:09","143","94","0","5827"
"89","30","223","2","00:02:15","457","49","0","5828"
"31","280","214","2","00:03:09","143","251","1","5829"
"30","97","228","2","00:03:09","203","227","1","5830"
"1","23","225","2","00:02:15","143","94","0","5832"
"57","115","160","2","00:03:10","500","94","1","5833"
"31","53","176","2","00:03:10","143","251","0","5835"
"156","15","87","2","00:02:16","500","251","0","5836"
"76","195","241","2","00:03:10","247","273","0","5837"
"97","75","90","2","00:02:16","500","251","1","5838"
"76","15","14","2","00:03:11","100","206","1","5841"
"1","116","99","2","00:02:16","353","27","1","5842"
"78","101","185","2","00:03:11","500","94","1","5843"
"78","195","225","2","00:03:12","300","150","0","5844"
"57","76","108","2","00:02:16","143","251","0","5845"
"45","58","260","2","00:03:12","457","49","0","5846"
"34","89","114","2","00:02:16","500","94","1","5847"
"57","31","62","2","00:03:13","300","150","0","5848"
"39","88","137","2","00:02:16","143","251","0","5849"
"1","58","251","2","00:02:16","247","273","0","5850"
"21","214","136","2","00:03:13","500","94","0","5851"
"15","97","4","2","00:02:17","500","94","0","5852"
"57","31","152","2","00:03:13","143","251","0","5853"
"34","157","9","2","00:02:17","100","49","1","5854"
"227","58","226","2","00:03:13","300","150","1","5855"
"31","86","13","2","00:02:17","143","251","1","5856"
"88","1","19","2","00:02:17","143","251","0","5858"
"57","35","39","2","00:03:14","500","94","0","5860"
"57","23","244","2","00:02:17","300","150","1","5861"
"189","57","209","2","00:03:14","143","251","1","5862"
"81","35","13","2","00:03:15","143","251","0","5864"
"78","89","220","2","00:03:15","143","251","1","5865"
"31","57","254","2","00:03:15","397","273","0","5866"
"34","75","266","2","00:03:15","457","206","0","5868"
"183","142","113","2","00:02:18","300","150","1","5869"
"4","31","200","2","00:03:16","500","94","1","5872"
"76","57","10","2","00:03:17","397","273","1","5873"
"42","227","253","2","00:02:18","143","251","0","5874"
"1","34","32","2","00:03:17","143","94","0","5875"
"76","21","92","2","00:02:19","143","251","1","5876"
"76","78","45","2","00:03:17","457","206","1","5877"
"88","23","219","2","00:02:19","143","251","1","5878"
"75","88","72","2","00:03:17","143","251","0","5880"
"13","23","95","2","00:02:20","143","94","1","5881"
"75","21","111","2","00:03:17","500","251","0","5882"
"189","31","119","2","00:03:17","300","150","0","5883"
"39","4","106","2","00:02:20","300","150","1","5884"
"1","23","109","2","00:02:20","397","73","1","5885"
"4","76","238","2","00:03:17","500","251","0","5886"
"57","1","69","2","00:02:21","143","251","1","5887"
"104","76","40","2","00:03:18","457","49","0","5889"
"183","231","112","2","00:03:18","300","150","0","5890"
"35","4","71","2","00:02:21","100","206","0","5891"
"23","57","132","2","00:03:18","247","273","0","5892"
"31","57","197","2","00:03:18","500","94","1","5893"
"49","231","139","2","00:02:21","500","251","0","5895"
"15","32","99","2","00:03:19","300","150","1","5896"
"101","97","206","2","00:02:21","500","94","1","5897"
"31","316","224","2","00:02:21","300","150","1","5899"
"31","109","11","2","00:03:20","143","251","1","5900"
"142","78","234","2","00:02:21","100","206","0","5901"
"76","204","104","2","00:03:20","300","150","1","5902"
"78","206","269","2","00:03:20","143","251","1","5904"
"142","27","62","2","00:02:22","353","27","1","5905"
"75","118","105","2","00:02:22","500","251","0","5907"
"75","58","122","2","00:02:22","500","251","1","5908"
"73","88","222","2","00:02:22","300","150","1","5909"
"100","101","235","2","00:02:22","143","94","0","5910"
"65","142","10","2","00:02:23","500","251","0","5911"
"1","125","29","2","00:03:21","300","150","0","5912"
"86","88","71","2","00:03:21","300","150","0","5913"
"73","224","245","2","00:03:21","143","251","0","5914"
"75","81","30","2","00:02:23","143","251","1","5915"
"57","97","15","2","00:03:22","300","150","0","5916"
"76","1","118","2","00:02:23","143","251","1","5917"
"4","1","101","2","00:03:22","100","206","1","5918"
"98","1","190","2","00:02:23","143","94","1","5919"
"34","88","229","2","00:03:22","100","206","1","5920"
"76","23","241","2","00:03:22","143","251","0","5922"
"280","101","260","2","00:02:24","100","49","0","5925"
"42","244","267","2","00:02:24","500","94","1","5926"
"97","39","51","2","00:02:25","500","94","0","5928"
"21","31","6","2","00:03:23","500","251","0","5929"
"214","231","177","2","00:02:25","143","251","0","5930"
"23","73","90","2","00:03:23","143","94","0","5931"
"97","30","55","2","00:02:26","500","94","1","5932"
"65","116","174","2","00:02:26","300","150","0","5933"
"34","189","117","2","00:03:23","457","49","0","5934"
"4","76","224","2","00:03:23","143","94","1","5935"
"15","42","16","2","00:03:24","143","94","0","5937"
"23","75","169","2","00:03:24","100","49","0","5938"
"57","23","191","2","00:02:26","500","251","1","5939"
"58","1","237","2","00:03:24","143","94","0","5940"
"23","50","209","2","00:02:27","500","251","1","5942"
"30","31","243","2","00:03:24","457","49","0","5943"
"65","75","257","2","00:03:24","500","94","1","5944"
"116","156","6","2","00:02:28","397","73","0","5945"
"98","1","85","2","00:02:28","143","251","0","5947"
"115","54","28","2","00:03:25","397","273","0","5948"
"31","205","110","2","00:03:25","500","251","0","5949"
"231","220","120","2","00:02:28","100","49","1","5950"
"97","76","203","2","00:02:28","300","150","0","5951"
"183","21","147","2","00:03:25","500","94","0","5952"
"34","23","183","2","00:03:25","300","150","0","5954"
"16","34","16","2","00:02:30","143","251","0","5955"
"21","73","88","2","00:02:30","500","94","0","5956"
"227","88","120","2","00:03:26","300","150","1","5957"
"101","42","155","2","00:02:30","300","150","1","5958"
"138","23","216","2","00:03:26","203","227","0","5959"
"23","57","208","2","00:03:27","500","94","1","5961"
"34","157","161","2","00:02:30","100","49","1","5963"
"31","212","154","2","00:03:28","500","94","1","5964"
"227","30","223","2","00:02:30","457","206","0","5965"
"30","88","37","2","00:03:29","397","273","0","5966"
"73","31","47","2","00:03:29","143","251","1","5967"
"58","227","249","2","00:02:30","143","94","0","5968"
"42","214","114","2","00:03:29","397","273","1","5970"
"116","89","8","2","00:02:31","143","251","0","5971"
"316","34","245","2","00:02:31","143","251","0","5972"
"101","109","52","2","00:02:32","247","273","1","5973"
"30","78","42","2","00:02:33","397","273","0","5974"
"39","21","149","2","00:03:29","143","94","1","5975"
"34","58","53","2","00:02:33","143","94","1","5976"
"30","115","242","2","00:03:29","457","206","1","5977"
"146","109","68","2","00:02:33","300","150","1","5978"
"4","58","264","2","00:03:29","500","94","1","5979"
"1","57","65","2","00:03:30","500","251","1","5980"
"280","138","240","2","00:02:33","397","73","1","5981"
"76","88","140","2","00:03:30","500","94","0","5982"
"188","73","210","2","00:03:30","500","94","0","5983"
"31","76","166","2","00:03:31","143","94","1","5984"
"89","313","263","2","00:02:33","100","206","1","5985"
"78","88","34","2","00:02:34","143","251","1","5987"
"116","88","28","2","00:02:35","300","150","0","5988"
"16","31","89","2","00:02:35","143","251","0","5989"
"116","109","96","2","00:02:36","500","251","0","5990"
"31","97","156","2","00:02:36","143","251","1","5991"
"205","23","256","2","00:02:36","457","206","0","5992"
"65","21","25","2","00:02:37","143","94","1","5993"
"97","4","50","2","00:02:37","143","251","0","5994"
"42","217","125","2","00:02:37","353","27","0","5995"
"23","88","209","2","00:02:37","500","94","0","5996"
"88","21","15","2","00:02:38","500","94","0","5998"
"78","54","34","2","00:02:38","143","251","0","5999"
"78","4","213","2","00:03:31","143","251","0","6000"
"45","269","256","2","00:03:31","457","49","1","6001"
"1","156","64","2","00:02:38","457","49","0","6002"
"101","103","84","2","00:02:38","500","251","1","6003"
"73","23","111","2","00:02:38","457","49","1","6004"
"23","183","123","2","00:02:38","353","227","1","6005"
"4","244","267","2","00:02:38","500","251","1","6006"
"57","195","206","2","00:05:04","143","94","0","6008"
"97","195","225","2","00:05:04","143","94","0","6009"
"15","116","4","2","00:05:05","143","251","1","6010"
"39","101","5","2","00:05:05","300","150","0","6011"
"27","101","17","2","00:05:05","143","94","0","6012"
"75","114","25","2","00:05:05","500","251","1","6013"
"78","23","94","2","00:05:05","100","49","1","6014"
"21","76","8","2","00:03:32","500","251","1","6015"
"224","75","108","2","00:05:06","143","94","0","6017"
"149","88","120","2","00:03:32","203","227","0","6018"
"280","190","256","2","00:05:06","100","49","0","6019"
"15","21","23","2","00:05:07","500","251","0","6020"
"224","4","236","2","00:03:32","300","150","0","6021"
"23","76","153","2","00:05:07","500","251","0","6022"
"31","195","156","2","00:05:07","143","251","1","6024"
"31","4","197","2","00:05:07","300","150","1","6026"
"42","78","56","2","00:03:33","457","49","1","6027"
"227","76","263","2","00:05:07","100","49","0","6028"
"78","76","57","2","00:05:08","143","251","1","6029"
"30","73","17","2","00:03:34","500","94","1","6030"
"75","1","105","2","00:05:08","143","94","1","6031"
"23","31","20","2","00:03:34","143","251","1","6032"
"13","31","99","2","00:03:34","457","49","0","6033"
"31","21","131","2","00:05:08","143","251","0","6034"
"97","78","50","2","00:05:10","500","94","1","6036"
"78","76","133","2","00:03:34","143","251","1","6037"
"125","4","72","2","00:05:10","500","94","1","6038"
"42","1","148","2","00:03:34","300","150","0","6039"
"280","73","232","2","00:05:10","100","49","1","6040"
"34","1","68","2","00:03:35","397","273","1","6042"
"21","73","136","2","00:03:35","500","94","0","6043"
"23","217","208","2","00:03:35","500","94","1","6044"
"190","58","233","2","00:05:10","500","251","1","6045"
"57","21","219","2","00:03:35","500","94","0","6046"
"61","58","264","2","00:05:10","397","73","1","6047"
"31","57","254","2","00:03:35","143","251","0","6048"
"97","1","123","2","00:05:11","500","94","1","6049"
"183","195","147","2","00:05:11","500","251","1","6050"
"58","34","268","2","00:03:35","300","150","0","6051"
"30","23","149","2","00:05:11","500","251","0","6052"
"42","86","114","2","00:03:36","300","150","1","6053"
"42","89","150","2","00:03:36","457","49","0","6054"
"4","31","201","2","00:05:12","143","94","0","6055"
"248","88","226","2","00:03:36","300","150","0","6056"
"97","13","96","2","00:05:13","143","251","0","6060"
"31","49","87","2","00:03:37","500","251","1","6062"
"49","73","133","2","00:05:13","143","251","0","6063"
"191","125","181","2","00:05:13","500","251","1","6064"
"31","4","197","2","00:05:13","500","94","0","6065"
"39","57","197","2","00:03:37","143","251","1","6066"
"1","205","269","2","00:05:13","397","73","0","6067"
"57","101","41","2","00:05:14","300","150","1","6069"
"35","4","71","2","00:05:14","457","49","0","6070"
"115","75","40","2","00:03:38","100","206","1","6072"
"27","65","66","2","00:03:38","457","49","0","6073"
"34","217","125","2","00:03:38","100","206","1","6074"
"31","34","110","2","00:05:14","500","94","0","6075"
"57","76","41","2","00:03:39","143","94","1","6076"
"57","31","188","2","00:03:39","143","251","1","6077"
"190","49","134","2","00:05:14","500","94","1","6078"
"101","30","212","2","00:03:39","500","94","0","6079"
"205","31","141","2","00:05:14","100","49","1","6080"
"191","224","181","2","00:05:14","500","251","0","6082"
"227","206","223","2","00:05:14","203","227","1","6083"
"34","30","9","2","00:05:15","100","49","0","6084"
"66","42","104","2","00:03:40","457","206","0","6085"
"30","58","22","2","00:05:15","500","251","0","6086"
"78","76","57","2","00:05:15","143","94","0","6087"
"1","23","109","2","00:05:15","500","94","0","6088"
"89","224","140","2","00:03:40","300","150","0","6089"
"23","72","209","2","00:05:15","500","251","1","6090"
"30","231","146","2","00:03:40","300","150","1","6091"
"21","35","262","2","00:05:15","143","251","1","6092"
"21","210","204","2","00:03:40","500","251","1","6093"
"34","76","5","2","00:05:16","500","94","0","6095"
"73","212","218","2","00:03:40","457","49","1","6096"
"78","191","225","2","00:03:40","143","251","1","6097"
"31","21","58","2","00:05:16","143","251","1","6098"
"1","34","32","2","00:03:41","143","94","1","6099"
"57","23","244","2","00:05:16","300","150","1","6100"
"89","30","158","2","00:03:41","100","206","1","6101"
"23","34","252","2","00:03:41","500","251","0","6103"
"42","23","43","2","00:05:17","143","94","0","6104"
"78","156","89","2","00:05:17","500","251","0","6105"
"16","4","171","2","00:05:17","500","94","1","6106"
"280","191","256","2","00:05:17","457","206","1","6107"
"4","89","253","2","00:03:41","143","251","1","6108"
"21","76","8","2","00:03:43","300","150","1","6111"
"4","57","34","2","00:05:19","143","94","0","6112"
"65","81","47","2","00:05:19","143","94","0","6113"
"97","1","70","2","00:05:19","500","94","1","6114"
"21","280","265","2","00:05:19","247","73","0","6115"
"192","201","168","2","00:03:43","247","273","1","6117"
"23","4","132","2","00:05:20","247","273","1","6118"
"23","42","186","2","00:03:43","457","49","0","6119"
"39","244","238","2","00:05:20","397","273","1","6120"
"4","21","191","2","00:03:43","143","251","0","6121"
"4","244","267","2","00:05:20","143","94","0","6122"
"31","30","214","2","00:03:43","397","273","0","6123"
"88","21","15","2","00:05:21","143","94","1","6126"
"76","16","14","2","00:03:44","100","206","1","6127"
"73","21","196","2","00:03:44","500","251","1","6128"
"248","280","223","2","00:03:44","353","227","0","6129"
"23","31","119","2","00:03:45","457","206","0","6130"
"57","78","151","2","00:03:45","500","251","0","6131"
"31","76","154","2","00:03:45","397","273","0","6132"
"78","21","98","2","00:03:46","500","94","0","6133"
"280","4","243","2","00:03:46","300","150","0","6134"
"280","72","260","2","00:03:46","100","206","1","6135"
"75","1","45","2","00:03:47","300","150","1","6138"
"86","21","73","2","00:03:47","300","150","0","6139"
"4","209","253","2","00:03:47","143","94","1","6140"
"30","42","110","2","00:03:48","247","273","1","6141"
"75","23","111","2","00:03:48","300","150","0","6142"
"23","57","132","2","00:03:48","300","150","1","6143"
"183","42","157","2","00:03:48","500","251","1","6144"
"57","39","172","2","00:03:48","100","49","1","6145"
"4","39","200","2","00:03:48","500","94","0","6146"
"210","42","189","2","00:03:49","500","251","0","6147"
"31","30","214","2","00:03:50","397","73","0","6151"
"23","58","28","2","00:03:51","143","251","1","6153"
"103","49","70","2","00:03:51","143","94","0","6154"
"23","57","132","2","00:03:51","300","150","1","6155"
"4","35","135","2","00:03:51","143","251","1","6156"
"35","27","143","2","00:03:51","457","49","0","6157"
"101","227","215","2","00:03:51","143","251","1","6158"
"205","15","228","2","00:03:51","203","227","0","6159"
"23","86","51","2","00:03:52","247","73","0","6160"
"65","30","116","2","00:03:52","300","150","0","6161"
"31","76","138","2","00:03:52","500","251","0","6162"
"21","30","175","2","00:03:52","100","206","0","6163"
"23","65","88","2","00:03:53","500","251","0","6165"
"30","205","146","2","00:03:53","500","251","1","6166"
"42","183","148","2","00:03:53","100","49","0","6167"
"34","101","229","2","00:03:53","457","206","0","6168"
"30","73","232","2","00:03:53","203","227","1","6169"
"244","58","235","2","00:03:53","143","251","0","6170"
"73","30","248","2","00:03:53","500","251","1","6171"
"23","30","265","2","00:03:53","500","94","0","6172"
"27","57","49","2","00:03:54","500","94","1","6173"
"116","89","166","2","00:03:54","143","251","1","6174"
"280","161","242","2","00:03:54","457","49","1","6175"
"78","75","133","2","00:06:16","500","94","0","6177"
"114","4","176","2","00:06:16","247","73","0","6178"
"248","101","226","2","00:06:16","100","206","0","6179"
"4","97","4","2","00:06:17","143","251","1","6180"
"42","31","35","2","00:06:17","500","94","1","6181"
"45","97","228","2","00:06:17","100","206","1","6182"
"280","244","232","2","00:06:17","300","150","1","6183"
"189","78","123","2","00:06:18","143","251","1","6184"
"78","89","220","2","00:06:18","300","150","1","6185"
"89","4","231","2","00:06:18","457","49","0","6186"
"4","34","16","2","00:06:19","500","94","0","6187"
"49","30","89","2","00:06:19","143","94","1","6188"
"4","86","178","2","00:06:19","353","227","0","6189"
"116","31","6","2","00:06:20","143","251","1","6191"
"116","75","8","2","00:06:20","500","94","0","6192"
"73","39","227","2","00:06:20","143","94","0","6193"
"128","73","238","2","00:06:20","500","94","1","6194"
"201","88","264","2","00:06:20","500","251","1","6195"
"21","30","55","2","00:06:21","247","73","0","6197"
"34","190","216","2","00:06:21","203","227","1","6198"
"57","31","3","2","00:06:22","143","251","1","6199"
"21","1","70","2","00:06:22","247","273","0","6200"
"76","72","235","2","00:06:22","300","150","1","6201"
"78","31","64","2","00:06:23","300","150","1","6203"
"30","189","256","2","00:06:23","457","49","0","6204"
"25","88","28","2","00:06:24","143","94","0","6206"
"78","75","29","2","00:06:24","143","251","1","6207"
"75","21","92","2","00:06:24","500","251","1","6208"
"78","231","112","2","00:06:24","457","206","0","6209"
"31","65","154","2","00:06:24","247","73","1","6210"
"76","21","196","2","00:06:24","143","94","1","6211"
"57","21","59","2","00:06:25","100","206","1","6212"
"76","88","140","2","00:06:25","143","251","0","6213"
"138","58","229","2","00:06:25","300","150","0","6214"
"73","57","72","2","00:06:26","300","150","0","6215"
"78","42","48","2","00:06:27","143","251","1","6216"
"34","1","56","2","00:06:27","300","150","0","6217"
"34","1","68","2","00:06:27","100","49","0","6218"
"98","1","85","2","00:06:27","143","94","1","6219"
"116","97","149","2","00:06:27","397","273","0","6220"
"209","205","177","1","00:17:41","457","49","0","6221"
"31","142","37","2","00:06:28","143","251","1","6222"
"76","78","145","2","00:06:28","500","251","1","6223"
"57","23","244","2","00:06:28","300","150","0","6224"
"75","23","195","2","00:06:29","143","94","0","6225"
"75","224","211","1","00:17:41","300","150","0","6226"
"57","195","219","2","00:06:29","500","251","0","6227"
"89","31","231","1","00:17:41","143","251","1","6228"
"34","76","5","1","00:17:42","500","251","1","6232"
"34","214","128","2","00:06:31","457","206","1","6233"
"31","23","33","1","00:17:42","300","150","1","6234"
"183","31","182","2","00:06:31","457","49","0","6235"
"34","57","120","1","00:17:42","500","94","0","6236"
"101","30","201","2","00:06:31","143","94","0","6237"
"76","227","164","1","00:17:42","300","150","1","6238"
"76","30","248","2","00:06:31","143","94","0","6239"
"75","109","14","2","00:06:32","457","49","1","6241"
"30","227","242","2","00:06:32","457","49","0","6242"
"115","42","12","2","00:06:33","500","94","0","6243"
"30","75","17","2","00:06:33","143","251","1","6244"
"142","65","18","2","00:06:33","500","94","1","6245"
"23","31","119","2","00:06:33","500","251","1","6246"
"89","21","159","2","00:06:33","300","150","1","6247"
"116","1","180","2","00:06:33","300","150","0","6248"
"73","1","218","2","00:06:33","457","49","1","6249"
"190","31","262","2","00:06:33","500","94","0","6250"
"57","81","3","2","00:06:34","247","273","0","6251"
"57","39","26","2","00:07:29","397","273","1","6252"
"57","128","201","2","00:04:05","143","251","1","6253"
"30","73","67","2","00:07:29","500","94","0","6254"
"125","97","92","2","00:07:29","300","150","0","6255"
"231","27","148","2","00:07:29","100","49","1","6256"
"243","39","213","2","00:04:05","143","251","1","6257"
"183","75","187","2","00:07:29","143","251","0","6258"
"4","21","207","2","00:07:29","300","150","1","6259"
"183","42","112","2","00:04:06","300","150","0","6260"
"30","23","58","2","00:04:07","500","94","0","6262"
"42","100","5","2","00:07:30","143","94","1","6263"
"58","23","59","2","00:04:07","300","150","0","6264"
"75","189","195","2","00:04:07","500","94","1","6265"
"227","195","183","2","00:04:08","500","94","0","6266"
"15","227","220","2","00:04:08","500","94","1","6267"
"34","21","73","2","00:07:30","457","49","0","6268"
"224","31","172","2","00:07:30","203","27","0","6269"
"244","241","235","2","00:04:08","143","94","1","6270"
"1","195","225","2","00:07:30","143","94","1","6271"
"4","195","160","2","00:04:09","500","251","0","6272"
"34","15","234","2","00:07:30","457","49","0","6273"
"21","138","168","2","00:04:09","300","150","1","6274"
"30","101","260","2","00:07:30","100","206","0","6275"
"37","30","35","2","00:04:10","143","94","0","6276"
"31","57","137","2","00:07:31","300","150","0","6277"
"45","89","217","2","00:04:10","457","49","0","6278"
"189","42","186","2","00:07:31","353","227","0","6279"
"183","316","255","2","00:04:10","143","94","0","6280"
"81","88","49","2","00:07:32","500","94","1","6281"
"31","191","247","2","00:07:32","143","251","1","6282"
"23","86","12","2","00:04:11","143","94","1","6283"
"31","57","254","2","00:07:32","500","94","0","6284"
"88","1","237","2","00:04:11","143","251","1","6285"
"13","21","95","2","00:07:33","500","94","0","6286"
"89","21","142","2","00:07:33","397","273","1","6288"
"227","31","231","2","00:07:33","100","49","1","6289"
"156","39","60","2","00:04:12","143","94","1","6292"
"88","21","144","2","00:07:34","397","73","1","6293"
"42","31","161","2","00:07:34","203","227","1","6294"
"21","39","175","2","00:07:34","457","49","1","6295"
"245","42","243","2","00:07:34","300","150","0","6296"
"78","58","34","2","00:07:35","500","251","1","6298"
"57","89","108","2","00:07:35","143","251","0","6299"
"97","161","115","2","00:04:12","500","94","1","6300"
"201","88","264","2","00:07:35","143","94","0","6301"
"183","34","157","2","00:04:12","500","251","0","6302"
"1","57","185","2","00:07:36","143","94","1","6303"
"88","30","172","2","00:04:12","203","227","0","6304"
"227","280","223","2","00:07:36","100","49","1","6305"
"244","21","241","2","00:04:12","143","251","0","6306"
"205","76","232","2","00:07:36","300","150","1","6307"
"88","89","249","2","00:04:12","500","94","0","6308"
"61","31","3","2","00:07:37","143","251","1","6309"
"20","34","51","2","00:07:37","247","273","1","6311"
"31","57","22","2","00:04:13","500","251","0","6312"
"65","23","63","2","00:07:37","397","273","1","6313"
"156","109","85","2","00:04:13","143","94","1","6314"
"31","1","87","2","00:07:37","143","94","1","6315"
"224","16","127","2","00:04:13","500","94","0","6316"
"89","13","105","2","00:07:37","500","251","1","6317"
"4","76","129","2","00:04:13","143","94","0","6318"
"57","34","167","2","00:07:37","397","273","0","6319"
"89","34","189","2","00:04:13","500","94","0","6320"
"76","57","222","2","00:07:37","143","94","0","6321"
"183","88","251","2","00:07:37","397","73","0","6322"
"81","65","17","2","00:04:14","397","273","1","6323"
"21","32","20","2","00:07:38","500","94","1","6324"
"31","189","131","2","00:04:14","143","251","1","6326"
"128","34","21","2","00:07:39","143","251","0","6328"
"13","21","94","2","00:07:39","100","206","1","6329"
"23","86","153","2","00:07:39","143","251","1","6330"
"30","34","13","2","00:07:40","300","150","0","6331"
"15","97","23","2","00:07:40","300","150","0","6332"
"35","30","35","2","00:07:40","143","251","1","6333"
"81","15","11","2","00:04:15","300","150","1","6334"
"76","34","36","2","00:07:40","300","150","0","6335"
"75","21","84","2","00:04:15","143","251","1","6336"
"156","65","66","2","00:07:40","457","206","0","6337"
"75","4","122","2","00:07:40","143","251","1","6338"
"39","35","110","2","00:04:15","143","251","1","6339"
"101","201","200","2","00:07:40","397","273","1","6340"
"57","183","151","2","00:04:15","500","94","0","6341"
"57","138","268","2","00:07:40","143","94","1","6342"
"30","89","242","2","00:07:41","203","27","1","6344"
"1","4","171","2","00:07:42","300","150","0","6347"
"183","75","187","2","00:07:42","300","150","0","6348"
"57","280","212","2","00:07:42","500","94","1","6349"
"97","31","175","2","00:04:15","500","94","0","6350"
"57","17","19","2","00:07:43","500","94","0","6354"
"98","78","85","2","00:07:43","247","273","1","6355"
"88","101","18","2","00:04:16","143","94","0","6356"
"30","58","49","2","00:04:16","500","94","1","6358"
"34","31","9","2","00:07:44","100","206","1","6359"
"101","195","160","2","00:04:16","500","94","1","6360"
"21","31","168","2","00:04:16","300","150","0","6361"
"224","76","261","2","00:04:16","100","49","1","6362"
"13","21","94","2","00:04:17","100","206","0","6364"
"35","30","46","2","00:07:44","143","94","1","6365"
"183","138","99","2","00:04:17","457","49","0","6366"
"195","125","100","2","00:04:17","457","206","1","6367"
"138","39","236","2","00:04:17","457","49","1","6368"
"75","110","14","2","00:07:45","457","206","1","6370"
"224","183","101","2","00:07:45","100","49","1","6372"
"101","23","160","2","00:04:18","500","94","1","6373"
"15","248","246","2","00:07:45","143","251","1","6374"
"1","30","173","2","00:04:18","247","73","1","6375"
"103","57","28","2","00:07:46","143","94","1","6376"
"25","15","38","2","00:04:19","397","273","0","6378"
"21","76","90","2","00:04:19","500","251","1","6379"
"4","23","207","2","00:04:19","500","251","1","6380"
"81","115","33","2","00:07:46","397","73","1","6381"
"201","88","264","2","00:04:19","397","273","1","6382"
"100","49","145","2","00:07:46","500","94","1","6383"
"138","21","216","2","00:07:46","457","49","1","6384"
"78","97","98","2","00:07:47","247","73","1","6386"
"224","78","127","2","00:07:47","143","94","1","6388"
"30","101","197","2","00:04:20","143","251","0","6389"
"100","191","195","2","00:07:47","300","150","0","6390"
"227","280","223","2","00:07:47","100","49","0","6392"
"57","36","26","2","00:04:21","500","251","1","6393"
"224","76","261","2","00:04:21","300","150","1","6395"
"39","57","137","2","00:07:48","500","251","0","6396"
"23","89","153","2","00:07:49","500","94","0","6397"
"76","88","222","2","00:07:49","500","94","1","6399"
"97","30","6","2","00:07:50","143","251","1","6400"
"101","42","21","2","00:04:22","143","94","1","6401"
"149","55","71","2","00:07:50","457","206","0","6402"
"31","57","22","2","00:04:22","500","94","0","6403"
"23","73","90","2","00:07:50","143","94","0","6404"
"4","75","129","2","00:04:22","500","94","0","6405"
"75","4","140","2","00:07:50","500","94","0","6406"
"4","30","152","2","00:07:50","300","150","1","6407"
"195","57","181","2","00:04:22","143","251","0","6408"
"75","31","174","2","00:07:50","300","150","0","6409"
"78","4","185","2","00:04:23","500","94","1","6412"
"31","73","238","2","00:04:23","143","251","1","6413"
"58","97","15","2","00:07:51","397","273","0","6414"
"23","4","50","2","00:04:24","500","94","1","6415"
"31","13","87","2","00:07:51","500","94","1","6416"
"245","42","243","2","00:07:51","457","49","0","6417"
"88","30","3","2","00:07:52","300","150","1","6419"
"78","81","99","2","00:07:52","457","206","1","6420"
"114","205","146","2","00:07:52","500","251","1","6421"
"57","31","200","2","00:07:52","500","251","1","6422"
"213","34","104","2","00:07:53","100","49","1","6424"
"23","1","134","2","00:07:53","143","94","0","6425"
"42","76","150","2","00:07:53","300","150","0","6426"
"30","78","228","2","00:07:53","457","49","0","6427"
"183","21","147","2","00:07:54","247","73","1","6428"
"35","30","35","2","00:07:55","143","251","1","6430"
"76","31","116","2","00:07:55","143","94","0","6431"
"116","214","138","2","00:07:55","247","73","0","6432"
"57","31","201","2","00:07:55","300","150","1","6433"
"97","49","97","2","00:07:57","143","251","1","6435"
"227","75","128","2","00:07:57","100","49","0","6436"
"58","105","59","2","00:07:58","203","227","1","6437"
"27","146","60","2","00:07:58","300","150","1","6438"
"227","21","239","2","00:07:58","457","206","0","6439"
"30","42","243","2","00:07:58","457","206","0","6440"
"31","65","267","2","00:07:58","247","73","1","6441"
"15","23","4","2","00:07:59","300","150","0","6443"
"23","57","44","2","00:07:59","500","94","1","6444"
"42","1","143","2","00:07:59","100","206","0","6445"
"224","195","144","2","00:07:59","397","73","1","6446"
"4","78","162","2","00:07:59","500","94","0","6447"
"57","280","212","2","00:07:59","500","251","1","6448"
"45","34","240","2","00:07:59","500","94","0","6449"
"31","227","110","2","00:08:00","247","73","0","6451"
"34","125","61","2","00:08:01","247","73","1","6452"
"39","224","103","2","00:08:01","500","251","1","6453"
"212","98","158","2","00:08:01","300","150","1","6454"
"57","76","178","2","00:08:01","457","206","1","6455"
"23","57","181","2","00:08:01","397","273","1","6456"
"16","57","185","2","00:08:01","500","94","0","6457"
"78","4","113","2","00:08:02","300","150","0","6458"
"42","214","114","2","00:08:02","500","251","1","6459"
"206","97","130","2","00:08:02","300","150","1","6460"
"175","30","163","2","00:08:02","143","251","0","6461"
"4","42","167","2","00:08:02","247","73","0","6462"
"4","116","172","2","00:08:02","300","150","1","6463"
"4","39","188","2","00:08:03","143","251","1","6464"
"31","42","60","2","00:08:04","143","251","1","6467"
"125","88","72","2","00:08:04","143","251","1","6468"
"34","23","117","2","00:08:04","100","49","0","6469"
"191","30","119","2","00:08:04","300","150","0","6470"
"34","21","216","2","00:08:04","353","227","1","6471"
"16","149","48","2","00:08:05","143","251","1","6474"
"23","81","55","2","00:08:05","247","73","0","6475"
"13","30","89","2","00:08:05","500","251","1","6476"
"78","23","94","2","00:08:05","300","150","0","6477"
"31","23","149","2","00:08:05","247","273","0","6478"
"73","34","2","2","00:08:06","143","251","1","6481"
"76","31","47","2","00:08:06","397","73","0","6482"
"75","31","174","2","00:08:06","143","251","1","6483"
"78","76","184","2","00:08:06","457","49","0","6484"
"97","125","208","2","00:08:06","500","94","0","6485"
"206","248","217","2","00:08:06","203","227","0","6486"
"75","116","92","2","00:08:07","300","150","1","6487"
"204","1","179","2","00:08:07","457","206","0","6488"
"195","57","181","2","00:08:07","500","94","1","6489"
"57","21","206","2","00:08:07","143","251","0","6490"
"75","30","174","2","00:08:08","143","251","0","6492"
"31","4","199","2","00:08:08","143","251","1","6493"
"205","316","232","2","00:08:08","457","49","0","6494"
"191","61","262","2","00:08:08","143","94","1","6495"
"88","75","18","2","00:08:09","500","94","0","6496"
"65","86","36","2","00:08:09","143","251","0","6497"
"23","49","70","2","00:08:09","500","94","1","6498"
"231","224","165","2","00:08:09","457","206","1","6499"
"98","183","180","2","00:08:09","143","94","0","6500"
"35","1","143","2","00:08:10","457","206","1","6503"
"76","31","158","2","00:08:10","353","227","1","6504"
"34","75","114","2","00:08:11","300","150","1","6505"
"75","1","118","2","00:08:11","143","251","1","6506"
"31","1","121","2","00:08:11","143","94","1","6507"
"57","231","135","2","00:08:11","143","94","1","6508"
"57","23","144","2","00:08:11","300","150","0","6509"
"248","39","231","2","00:08:11","457","206","1","6510"
"280","31","243","2","00:08:11","100","206","0","6511"
"23","57","44","2","00:08:12","143","94","1","6512"
"76","57","122","2","00:08:12","143","94","1","6513"
"280","39","258","2","00:08:12","143","251","1","6514"
"76","30","30","2","00:08:13","143","94","0","6516"
"56","109","69","2","00:08:13","397","73","0","6517"
"1","227","112","2","00:08:13","457","206","1","6518"
"31","57","199","2","00:08:13","143","251","1","6519"
"23","76","203","2","00:08:13","143","94","1","6520"
"42","27","9","2","00:08:14","457","49","0","6521"
"31","35","13","2","00:08:14","300","150","0","6522"
"97","4","115","2","00:08:14","143","94","1","6523"
"81","100","66","2","00:08:15","457","206","0","6524"
"217","45","212","2","00:08:15","143","94","1","6525"
"1","205","269","2","00:08:15","500","94","1","6526"
"23","101","8","2","00:08:16","143","94","0","6527"
"75","23","111","2","00:08:16","143","251","0","6528"
"4","39","188","2","00:08:16","143","94","0","6529"
"57","21","206","2","00:08:16","143","251","1","6530"
"58","224","268","2","00:08:16","143","251","0","6531"
"201","4","197","2","00:08:17","397","73","0","6532"
"73","220","235","2","00:08:17","500","251","1","6533"
"15","21","23","2","00:08:18","500","251","1","6536"
"125","227","104","2","00:08:18","100","49","1","6537"
"88","190","219","2","00:08:18","300","150","1","6538"
"191","224","252","2","00:08:18","143","94","0","6539"
"227","21","117","2","00:08:19","100","49","1","6540"
"45","98","141","2","00:08:19","457","49","1","6541"
"76","32","158","2","00:08:19","100","49","1","6542"
"61","316","224","2","00:08:19","247","273","1","6543"
"88","35","26","2","00:08:20","143","251","0","6545"
"4","34","48","2","00:08:20","143","251","0","6546"
"146","78","68","2","00:08:20","100","206","0","6547"
"98","49","85","2","00:08:20","500","94","0","6548"
"4","128","108","2","00:08:20","500","251","1","6549"
"31","212","154","2","00:08:20","143","251","1","6550"
"89","21","159","2","00:08:20","143","94","1","6551"
"97","210","203","2","00:08:20","300","150","1","6552"
"75","1","118","2","00:08:21","143","94","1","6553"
"4","1","127","2","00:08:21","143","251","0","6554"
"34","4","165","2","00:08:21","100","206","0","6555"
"88","21","191","2","00:08:21","500","94","1","6556"
"76","31","116","2","00:08:22","500","251","0","6558"
"35","157","161","2","00:08:22","457","49","1","6559"
"29","58","22","2","00:08:23","500","251","0","6561"
"34","189","183","2","00:08:23","500","94","0","6562"
"224","89","266","2","00:08:23","300","150","1","6563"
"116","88","28","2","00:08:24","397","73","0","6566"
"142","156","62","2","00:08:24","100","206","0","6567"
"57","30","172","2","00:08:24","100","206","0","6568"
"78","31","89","2","00:08:25","143","251","0","6569"
"49","195","109","2","00:08:25","500","251","0","6570"
"21","4","132","2","00:08:25","500","251","1","6571"
"1","89","246","2","00:08:25","143","251","0","6572"
"73","86","21","2","00:08:26","500","251","0","6573"
"34","31","46","2","00:08:26","143","251","1","6574"
"4","39","200","2","00:08:26","300","150","1","6575"
"58","78","237","2","00:08:26","500","251","1","6576"
"86","30","9","2","00:08:27","100","206","0","6578"
"189","39","119","2","00:08:27","397","73","0","6579"
"30","224","137","2","00:08:27","247","73","1","6580"
"31","73","267","2","00:08:27","500","94","0","6581"
"116","88","28","2","00:08:28","500","94","0","6582"
"89","231","164","2","00:08:28","397","73","0","6583"
"34","4","165","2","00:08:28","100","206","0","6584"
"115","32","168","2","00:08:28","300","150","1","6585"
"31","21","131","2","00:08:29","500","251","1","6586"
"205","183","148","2","00:08:29","353","27","1","6587"
"75","39","174","2","00:08:29","300","150","0","6588"
"224","76","178","2","00:08:29","100","49","1","6589"
"73","217","222","2","00:08:30","143","251","1","6590"
"58","78","101","2","00:08:31","100","49","0","6592"
"231","30","141","2","00:08:31","100","49","0","6593"
"224","138","152","2","00:08:31","143","94","0","6594"
"31","212","154","2","00:08:31","143","251","1","6595"
"58","149","39","2","00:08:32","500","94","1","6596"
"189","34","186","2","00:08:32","100","206","0","6597"
"75","34","211","2","00:08:32","457","49","0","6598"
"73","58","235","2","00:08:32","500","251","0","6599"
"189","280","265","2","00:08:32","500","251","0","6600"
"16","23","4","2","00:08:33","143","251","1","6602"
"78","39","32","2","00:08:34","300","150","0","6603"
"101","1","162","2","00:08:34","300","150","0","6604"
"34","78","179","2","00:08:34","353","227","1","6605"
"23","109","50","2","00:08:35","500","251","1","6607"
"30","183","190","2","00:08:35","500","94","1","6608"
"39","88","199","2","00:08:35","300","150","1","6609"
"75","23","25","2","00:08:36","500","251","0","6611"
"30","88","37","2","00:08:36","500","94","1","6612"
"34","23","43","2","00:08:36","247","73","1","6613"
"191","49","123","2","00:08:36","500","251","1","6614"
"39","73","224","2","00:08:36","300","150","1","6615"
"76","205","248","2","00:08:36","143","251","0","6616"
"1","39","99","2","00:05:21","457","49","1","6618"
"34","101","5","2","00:08:37","500","94","1","6619"
"214","101","140","2","00:05:21","143","94","0","6620"
"31","76","154","2","00:08:37","143","251","1","6621"
"78","42","157","2","00:08:37","143","94","0","6622"
"183","195","147","2","00:05:21","500","251","1","6623"
"57","21","206","2","00:08:37","143","251","0","6624"
"280","36","240","2","00:08:37","500","251","1","6626"
"1","31","27","2","00:08:38","500","94","1","6627"
"190","49","134","2","00:05:22","500","251","1","6628"
"23","89","100","2","00:08:38","300","150","1","6629"
"34","30","9","2","00:05:23","100","206","1","6630"
"23","49","126","2","00:08:38","500","251","0","6631"
"23","34","51","2","00:05:23","500","94","0","6633"
"115","78","38","2","00:08:39","300","150","1","6634"
"78","142","65","2","00:05:23","500","94","1","6635"
"33","78","56","2","00:08:39","457","49","0","6636"
"189","31","119","2","00:05:23","500","94","0","6637"
"116","65","88","2","00:08:39","300","150","0","6638"
"195","57","181","2","00:08:39","143","251","0","6639"
"76","231","189","2","00:05:23","500","94","0","6640"
"30","58","22","2","00:08:40","500","251","0","6641"
"241","36","268","2","00:05:23","500","251","1","6642"
"49","105","94","2","00:08:40","100","206","1","6643"
"86","23","142","2","00:08:40","300","150","0","6644"
"58","23","219","2","00:08:40","143","251","1","6646"
"156","65","66","2","00:05:24","100","49","1","6647"
"142","156","62","2","00:08:41","100","49","0","6648"
"101","23","191","2","00:05:24","500","251","0","6649"
"76","58","10","2","00:08:42","143","94","1","6650"
"189","39","119","2","00:08:42","500","94","0","6651"
"88","15","19","2","00:05:25","300","150","1","6652"
"78","21","225","2","00:08:43","143","251","1","6653"
"42","57","165","2","00:05:25","300","150","0","6654"
"31","23","58","2","00:05:26","300","150","1","6656"
"115","88","28","2","00:08:44","397","73","0","6657"
"101","175","162","2","00:05:26","500","94","1","6658"
"105","55","44","2","00:08:44","500","251","1","6659"
"40","88","260","2","00:05:26","457","49","0","6660"
"1","34","48","2","00:08:44","397","273","0","6661"
"73","15","105","2","00:08:44","143","251","0","6662"
"65","21","25","2","00:05:27","500","94","0","6663"
"73","101","222","2","00:08:44","143","251","1","6664"
"168","57","49","2","00:05:27","143","94","0","6665"
"161","39","231","2","00:08:44","100","206","0","6666"
"30","15","11","2","00:08:45","397","73","1","6667"
"88","195","206","2","00:05:27","300","150","1","6668"
"227","4","165","2","00:08:45","457","49","0","6669"
"61","73","267","2","00:08:45","500","251","1","6670"
"30","1","228","2","00:05:27","300","150","0","6674"
"98","109","87","2","00:08:46","500","94","0","6675"
"116","57","103","2","00:08:46","500","251","0","6676"
"61","31","3","2","00:05:28","500","94","0","6677"
"227","75","114","2","00:08:46","500","251","1","6678"
"4","116","59","2","00:05:28","100","206","1","6679"
"217","65","129","2","00:08:46","300","150","0","6680"
"39","231","146","2","00:08:46","500","251","0","6681"
"35","75","61","2","00:05:28","300","150","0","6682"
"57","42","155","2","00:08:46","143","251","0","6683"
"57","78","69","2","00:05:28","500","94","0","6684"
"4","30","201","2","00:08:46","143","251","0","6685"
"97","42","213","2","00:08:46","500","94","0","6686"
"227","190","239","2","00:08:46","457","49","1","6687"
"34","89","114","2","00:05:28","143","94","1","6688"
"57","205","167","2","00:08:47","500","94","0","6689"
"231","210","128","2","00:05:28","457","206","1","6690"
"224","100","261","2","00:08:47","457","206","0","6691"
"30","224","106","2","00:08:48","500","251","0","6692"
"42","1","148","2","00:05:28","203","227","1","6693"
"31","88","197","2","00:08:48","397","273","0","6694"
"57","21","206","2","00:08:48","143","94","1","6695"
"31","231","170","2","00:05:28","500","94","1","6696"
"101","189","207","2","00:08:48","143","94","0","6697"
"58","15","19","2","00:08:49","397","73","1","6698"
"4","86","32","2","00:08:49","247","273","1","6700"
"57","65","41","2","00:08:49","500","251","1","6702"
"42","57","125","2","00:08:49","457","49","1","6703"
"76","1","45","2","00:05:29","100","206","0","6704"
"227","4","165","2","00:08:49","457","49","1","6705"
"57","31","3","2","00:08:50","500","251","1","6706"
"39","15","56","2","00:05:29","300","150","1","6707"
"16","34","16","2","00:08:50","143","251","1","6708"
"30","57","49","2","00:08:50","500","94","0","6709"
"224","15","234","2","00:05:29","457","49","1","6710"
"191","89","136","2","00:08:50","300","150","0","6711"
"45","39","243","2","00:05:29","203","27","0","6712"
"97","42","186","2","00:08:50","300","150","0","6713"
"101","30","200","2","00:08:50","300","150","1","6714"
"30","17","11","2","00:05:30","500","94","0","6715"
"142","21","59","2","00:08:51","100","206","1","6716"
"65","30","30","2","00:05:30","300","150","0","6718"
"4","27","62","2","00:08:52","457","206","0","6719"
"199","88","254","2","00:05:30","143","251","1","6720"
"30","125","137","2","00:08:52","143","94","1","6721"
"316","58","235","2","00:08:52","143","94","0","6722"
"190","31","262","2","00:08:52","500","94","0","6723"
"76","58","10","2","00:08:53","143","94","1","6724"
"34","88","71","2","00:08:53","457","49","0","6725"
"15","97","4","2","00:08:54","300","150","0","6726"
"105","42","51","2","00:08:54","500","251","0","6727"
"73","15","105","2","00:08:54","143","251","1","6728"
"224","89","178","2","00:08:54","100","206","0","6729"
"58","195","244","2","00:08:54","300","150","0","6730"
"58","35","39","2","00:05:31","143","94","0","6731"
"97","35","12","2","00:08:55","500","251","0","6733"
"4","21","144","2","00:05:31","500","94","0","6734"
"58","15","19","2","00:08:55","500","251","1","6735"
"39","23","149","2","00:05:31","500","251","1","6736"
"31","73","166","2","00:08:55","143","251","0","6737"
"224","89","178","2","00:08:55","100","49","0","6738"
"1","224","185","2","00:05:31","500","251","0","6739"
"248","30","223","2","00:08:55","457","206","0","6740"
"31","73","224","2","00:08:55","300","150","0","6741"
"205","57","260","2","00:08:55","100","206","0","6743"
"142","75","54","2","00:08:56","300","150","1","6745"
"149","23","73","2","00:08:56","300","150","1","6746"
"57","32","152","2","00:08:56","500","251","1","6747"
"4","34","48","2","00:05:32","500","251","0","6748"
"21","1","230","2","00:08:56","143","94","0","6749"
"75","49","52","2","00:08:57","143","251","1","6750"
"142","65","54","2","00:05:32","500","251","0","6751"
"30","57","49","2","00:08:58","500","251","1","6753"
"78","31","89","2","00:08:58","143","94","0","6754"
"227","58","120","2","00:08:58","457","206","1","6755"
"15","205","139","2","00:08:58","143","251","0","6756"
"39","65","138","2","00:05:32","500","94","0","6758"
"115","30","20","2","00:08:59","143","94","1","6759"
"34","21","183","2","00:05:32","500","251","1","6760"
"78","75","29","2","00:08:59","143","251","1","6761"
"78","190","225","2","00:05:32","143","94","0","6762"
"23","78","97","2","00:08:59","143","251","1","6763"
"8","227","112","2","00:05:33","203","27","0","6764"
"34","97","117","2","00:08:59","300","150","1","6765"
"73","61","227","2","00:08:59","143","251","1","6766"
"191","35","124","2","00:05:33","500","94","1","6767"
"30","31","258","2","00:08:59","457","49","1","6768"
"31","183","190","2","00:05:33","397","273","0","6769"
"101","57","10","2","00:09:00","143","94","1","6771"
"73","239","235","2","00:05:33","143","94","1","6772"
"89","34","164","2","00:09:01","500","251","1","6773"
"195","75","204","2","00:09:01","143","251","1","6774"
"42","142","53","2","00:05:34","300","150","0","6775"
"195","88","209","2","00:09:01","300","150","0","6776"
"27","72","171","2","00:05:34","247","273","1","6777"
"89","101","226","2","00:09:01","457","206","0","6778"
"30","57","176","2","00:05:34","300","150","0","6779"
"183","58","251","2","00:09:01","500","251","1","6780"
"183","224","185","2","00:05:34","300","150","1","6781"
"34","239","229","2","00:05:34","100","206","1","6783"
"88","23","31","2","00:09:02","500","94","1","6784"
"1","142","65","2","00:09:02","143","94","0","6785"
"27","42","13","2","00:09:03","500","251","1","6787"
"31","224","137","2","00:09:03","143","251","1","6788"
"39","4","106","2","00:05:35","300","150","0","6789"
"75","97","111","2","00:05:35","300","150","1","6792"
"15","97","4","2","00:09:04","143","251","1","6793"
"81","69","67","2","00:09:04","500","94","0","6794"
"39","224","137","2","00:05:35","143","94","0","6795"
"78","231","157","2","00:09:04","500","251","0","6796"
"31","227","170","2","00:05:35","500","251","0","6797"
"224","206","221","2","00:09:04","457","49","1","6798"
"23","75","204","2","00:05:35","500","251","1","6799"
"15","21","23","2","00:09:05","143","251","0","6800"
"42","81","35","2","00:09:05","500","94","1","6801"
"125","97","86","2","00:05:36","143","251","0","6802"
"39","98","46","2","00:09:05","247","73","0","6803"
"49","75","133","2","00:05:36","500","94","0","6804"
"97","1","126","2","00:09:05","500","94","1","6805"
"58","227","215","2","00:09:05","500","251","1","6806"
"30","101","103","2","00:05:37","500","94","0","6807"
"224","220","229","2","00:09:05","100","49","1","6808"
"34","65","261","2","00:09:05","457","49","0","6809"
"42","75","114","2","00:05:37","143","251","0","6810"
"34","31","9","2","00:09:06","457","49","0","6812"
"42","78","148","2","00:05:37","203","227","1","6813"
"76","97","63","2","00:09:06","143","94","0","6814"
"189","78","123","2","00:09:06","300","150","0","6815"
"76","34","164","2","00:09:06","500","251","0","6816"
"101","97","191","2","00:09:06","500","94","1","6817"
"280","161","217","2","00:09:06","300","150","0","6818"
"31","89","253","2","00:09:06","143","94","1","6819"
"97","142","44","2","00:09:07","500","251","1","6820"
"35","224","125","2","00:09:07","300","150","0","6821"
"39","195","149","2","00:09:07","247","73","0","6822"
"205","97","228","2","00:09:07","100","206","0","6823"
"97","89","246","2","00:09:07","247","273","0","6824"
"97","280","269","2","00:09:07","500","94","1","6825"
"65","81","30","2","00:09:08","500","251","0","6826"
"142","34","39","2","00:09:08","500","94","0","6827"
"31","57","103","2","00:09:08","143","251","1","6828"
"195","76","203","2","00:09:08","500","94","0","6829"
"109","57","34","2","00:09:09","143","94","1","6831"
"78","86","48","2","00:09:09","247","273","0","6832"
"35","75","61","2","00:09:09","143","251","0","6833"
"73","227","177","2","00:09:09","500","251","0","6834"
"224","23","207","2","00:09:09","500","251","0","6835"
"190","58","233","2","00:09:09","500","251","0","6836"
"168","35","60","2","00:09:10","300","150","0","6839"
"42","4","165","2","00:09:10","100","49","1","6840"
"248","30","223","2","00:09:10","100","206","0","6841"
"42","31","46","2","00:06:35","100","206","1","6842"
"21","13","97","2","00:06:35","143","94","0","6843"
"116","156","55","2","00:09:11","143","251","0","6844"
"98","75","138","2","00:06:35","300","150","0","6845"
"30","191","131","2","00:09:11","247","73","1","6846"
"58","195","244","2","00:09:11","247","73","0","6848"
"88","75","108","2","00:09:12","143","251","1","6850"
"280","21","256","2","00:06:36","100","206","1","6851"
"89","23","159","2","00:09:12","300","150","0","6852"
"20","4","209","2","00:09:12","143","251","0","6853"
"205","65","232","2","00:09:12","203","227","0","6855"
"4","101","54","2","00:06:37","143","251","0","6856"
"34","42","236","2","00:09:12","300","150","1","6857"
"97","42","51","2","00:09:13","300","150","0","6858"
"23","75","203","2","00:06:37","300","150","0","6859"
"205","31","161","2","00:09:13","300","150","0","6860"
"245","61","243","2","00:06:37","300","150","0","6861"
"76","42","189","2","00:09:13","500","94","1","6862"
"227","20","102","2","00:09:14","457","206","1","6867"
"42","126","5","2","00:06:38","300","150","1","6868"
"189","78","123","2","00:09:14","397","73","0","6869"
"75","224","211","2","00:09:14","457","206","0","6870"
"142","65","18","2","00:06:38","300","150","0","6871"
"21","34","107","2","00:09:15","500","94","1","6873"
"204","21","117","2","00:06:38","100","49","0","6874"
"23","57","132","2","00:09:15","500","251","0","6875"
"21","89","204","2","00:06:38","247","273","1","6876"
"36","57","71","2","00:09:16","300","150","0","6877"
"1","34","112","2","00:09:16","100","206","0","6878"
"73","42","227","2","00:06:38","143","251","1","6879"
"98","195","156","2","00:09:16","500","251","0","6880"
"89","23","195","2","00:09:16","143","251","0","6881"
"1","138","250","2","00:09:16","143","251","1","6883"
"76","34","36","2","00:09:17","500","251","1","6884"
"21","101","90","2","00:06:39","500","94","0","6885"
"4","23","59","2","00:09:17","100","206","0","6886"
"1","97","109","2","00:09:17","397","73","0","6887"
"227","75","128","2","00:06:39","457","206","0","6888"
"30","86","154","2","00:09:17","500","251","1","6889"
"89","224","140","2","00:06:39","300","150","0","6890"
"31","76","166","2","00:09:17","143","94","1","6891"
"57","31","152","2","00:06:39","143","94","0","6892"
"183","86","184","2","00:09:17","457","49","0","6893"
"23","34","107","2","00:06:40","300","150","1","6896"
"98","195","156","2","00:09:19","500","251","1","6897"
"4","1","162","2","00:06:40","500","251","0","6898"
"1","98","163","2","00:09:19","143","251","0","6899"
"285","227","242","2","00:06:40","457","206","0","6900"
"72","30","172","2","00:09:19","457","49","0","6901"
"31","88","199","2","00:09:19","143","251","1","6903"
"65","78","118","2","00:06:41","500","251","0","6905"
"21","32","55","2","00:09:21","247","273","0","6906"
"42","21","130","2","00:06:41","247","273","0","6907"
"76","116","86","2","00:09:21","500","94","1","6908"
"78","76","133","2","00:06:41","500","94","1","6909"
"30","78","180","2","00:09:21","500","251","0","6910"
"280","190","256","2","00:09:21","457","49","1","6911"
"280","57","260","2","00:09:21","100","206","0","6913"
"58","73","18","2","00:09:22","500","94","0","6914"
"78","31","20","2","00:06:42","143","94","1","6915"
"39","23","24","2","00:09:22","500","94","0","6916"
"149","102","43","2","00:09:22","500","251","0","6917"
"57","30","62","2","00:06:42","100","49","0","6918"
"35","76","61","2","00:09:22","143","251","0","6919"
"23","76","88","2","00:06:42","143","94","0","6920"
"125","39","116","2","00:09:22","143","94","0","6921"
"205","183","143","2","00:09:22","203","227","0","6922"
"76","23","92","2","00:06:42","500","94","0","6923"
"57","31","201","2","00:09:22","143","251","0","6924"
"21","75","136","2","00:06:42","500","251","0","6925"
"205","227","217","2","00:09:22","457","49","0","6926"
"21","1","50","2","00:06:43","300","150","0","6927"
"39","97","73","2","00:06:43","457","49","1","6929"
"30","23","58","2","00:09:23","300","150","0","6930"
"31","1","85","2","00:09:23","500","94","1","6931"
"88","73","108","2","00:06:43","143","251","1","6932"
"35","224","125","2","00:09:23","457","206","1","6933"
"4","21","206","2","00:09:23","500","94","0","6934"
"73","195","142","2","00:06:43","500","251","0","6935"
"78","39","213","2","00:09:23","500","251","0","6936"
"1","231","157","2","00:06:43","500","94","0","6937"
"76","34","36","2","00:09:24","500","94","0","6938"
"4","23","191","2","00:09:24","500","251","0","6939"
"245","61","243","2","00:06:43","100","206","0","6940"
"4","23","206","2","00:09:24","500","251","0","6941"
"15","30","269","2","00:09:24","500","251","0","6943"
"16","31","27","2","00:06:44","300","150","1","6945"
"97","49","44","2","00:06:44","500","251","1","6947"
"61","280","214","2","00:09:25","247","273","0","6949"
"1","89","220","2","00:09:25","500","94","0","6950"
"88","227","249","2","00:09:25","500","94","0","6951"
"76","42","164","2","00:09:26","500","251","0","6952"
"21","35","124","2","00:06:44","300","150","0","6954"
"221","227","167","2","00:06:44","143","251","0","6955"
"227","73","128","2","00:09:27","457","206","1","6956"
"101","23","206","2","00:09:27","500","251","0","6957"
"195","97","230","2","00:06:44","300","150","1","6958"
"45","248","242","2","00:09:27","300","150","0","6959"
"30","31","243","2","00:09:27","100","49","1","6961"
"76","42","2","2","00:09:28","397","273","0","6962"
"42","23","183","2","00:09:28","143","251","1","6964"
"34","30","221","2","00:06:45","100","49","0","6965"
"244","4","227","2","00:09:28","143","94","1","6966"
"61","88","264","2","00:09:28","500","94","0","6967"
"78","42","32","2","00:06:46","143","94","1","6968"
"4","65","267","2","00:09:28","500","94","1","6969"
"30","76","67","2","00:06:46","143","251","0","6970"
"97","1","126","2","00:09:29","500","251","0","6972"
"231","30","161","2","00:06:46","100","49","0","6973"
"224","88","229","2","00:09:29","457","49","1","6974"
"65","89","257","2","00:06:46","500","94","1","6975"
"1","21","23","2","00:09:30","143","251","1","6976"
"78","76","133","2","00:09:30","500","251","0","6977"
"97","30","175","2","00:09:30","300","150","1","6978"
"88","98","201","2","00:06:47","300","150","1","6979"
"57","30","3","2","00:09:31","143","94","0","6980"
"21","65","88","2","00:09:31","143","251","1","6981"
"244","58","222","2","00:06:47","143","251","0","6982"
"21","1","70","2","00:09:32","300","150","0","6983"
"76","30","248","2","00:06:47","143","94","0","6984"
"89","30","158","2","00:09:32","100","49","0","6985"
"190","76","210","2","00:09:32","247","273","1","6986"
"97","76","8","2","00:09:33","500","251","0","6988"
"190","205","265","2","00:09:33","300","150","0","6990"
"220","31","152","2","00:06:48","500","94","0","6992"
"39","76","61","2","00:09:34","500","251","1","6993"
"21","73","8","2","00:06:49","143","94","1","6994"
"183","231","112","2","00:09:34","300","150","1","6995"
"98","1","85","2","00:06:49","500","251","0","6996"
"31","195","156","2","00:09:35","500","251","0","6998"
"4","76","224","2","00:09:35","500","251","0","6999"
"34","195","102","2","00:06:49","353","27","0","7000"
"224","183","259","2","00:09:35","100","49","1","7001"
"1","88","113","2","00:06:49","300","150","1","7002"
"1","125","29","2","00:09:36","500","251","1","7003"
"42","31","9","2","00:09:37","457","206","1","7004"
"183","30","163","2","00:06:49","143","251","1","7005"
"30","34","13","2","00:09:37","500","251","1","7006"
"30","227","242","2","00:06:49","100","206","1","7007"
"76","1","52","2","00:09:37","143","251","1","7008"
"4","206","214","2","00:09:37","143","251","0","7009"
"21","88","44","2","00:09:38","143","251","0","7011"
"39","88","106","2","00:09:38","143","94","0","7013"
"57","31","200","2","00:09:38","300","150","1","7014"
"31","1","42","2","00:06:50","143","251","1","7015"
"115","35","12","2","00:09:39","143","94","1","7016"
"21","49","96","2","00:09:39","143","251","1","7017"
"21","1","50","2","00:06:50","397","273","0","7018"
"39","97","131","2","00:09:39","300","150","1","7019"
"57","31","201","2","00:09:39","300","150","0","7020"
"21","30","55","2","00:06:50","143","94","1","7021"
"75","1","14","2","00:09:40","100","49","1","7024"
"86","57","71","2","00:09:40","457","49","0","7025"
"109","97","4","2","00:09:41","143","94","0","7026"
"23","58","28","2","00:09:41","500","251","1","7027"
"101","116","152","2","00:09:41","247","73","0","7028"
"23","31","262","2","00:09:41","500","251","0","7029"
"13","23","98","2","00:09:42","143","94","1","7030"
"101","227","155","2","00:09:42","300","150","1","7031"
"73","195","195","2","00:09:42","300","150","0","7032"
"39","101","103","2","00:09:43","300","150","0","7034"
"35","142","53","2","00:09:44","143","251","0","7035"
"31","34","170","2","00:09:44","143","251","1","7036"
"75","34","189","2","00:09:44","143","251","1","7037"
"57","115","31","2","00:09:45","143","94","1","7038"
"27","42","157","2","00:09:45","500","251","0","7039"
"105","69","40","2","00:09:46","100","49","0","7040"
"58","101","41","2","00:09:46","143","94","0","7041"
"30","15","228","2","00:09:46","300","150","1","7042"
"97","227","246","2","00:09:46","500","251","1","7043"
"35","142","53","2","00:09:47","143","251","1","7045"
"195","89","100","2","00:09:47","100","49","1","7046"
"78","76","133","2","00:09:47","500","94","1","7047"
"31","206","214","2","00:09:47","143","94","0","7048"
"316","89","257","2","00:09:47","500","251","0","7049"
"280","58","260","2","00:09:47","457","206","0","7050"
"35","26","9","2","00:09:48","300","150","1","7051"
"89","224","211","2","00:09:48","100","206","0","7052"
"31","4","11","2","00:09:49","397","273","1","7053"
"109","31","64","2","00:09:49","457","206","0","7054"
"31","1","85","2","00:09:49","143","251","0","7055"
"97","1","123","2","00:09:49","300","150","0","7056"
"205","183","148","2","00:09:49","100","49","1","7057"
"42","78","179","2","00:09:49","457","49","0","7058"
"73","195","195","2","00:09:49","500","251","1","7059"
"224","97","234","2","00:09:49","457","49","1","7060"
"280","138","240","2","00:09:49","500","94","0","7061"
"30","78","42","2","00:09:50","500","94","1","7064"
"76","78","145","2","00:09:50","143","94","0","7065"
"4","212","178","2","00:09:50","457","206","0","7066"
"316","89","257","2","00:09:50","500","251","1","7067"
"57","115","31","2","00:09:51","143","94","1","7069"
"125","39","116","2","00:09:51","500","94","0","7070"
"42","75","5","2","00:09:52","143","251","1","7071"
"39","97","43","2","00:09:52","500","94","0","7072"
"109","98","64","2","00:09:52","457","206","0","7073"
"227","97","183","2","00:09:52","397","73","1","7074"
"78","101","185","2","00:09:52","143","251","1","7075"
"190","183","134","2","00:09:53","500","251","0","7077"
"101","21","207","2","00:09:53","143","251","1","7078"
"88","34","268","2","00:09:53","143","251","0","7079"
"125","49","105","2","00:09:54","500","251","1","7080"
"42","190","117","2","00:09:54","100","49","1","7081"
"91","1","38","2","00:09:55","300","150","0","7082"
"248","195","239","2","00:09:55","203","227","0","7083"
"75","30","47","2","00:09:56","143","251","0","7086"
"76","23","86","2","00:09:56","143","251","1","7087"
"101","191","219","2","00:09:56","500","251","0","7088"
"78","57","251","2","00:09:56","143","94","0","7089"
"34","1","68","2","00:09:57","100","206","1","7090"
"31","88","106","2","00:09:57","143","94","1","7091"
"75","97","196","2","00:09:57","143","251","0","7092"
"23","78","96","2","00:09:58","143","251","1","7093"
"214","220","122","2","00:09:58","143","251","0","7094"
"101","44","167","2","00:09:58","143","251","1","7095"
"65","198","257","2","00:09:58","143","94","1","7096"
"214","101","140","2","00:09:59","397","273","1","7099"
"57","23","191","2","00:09:59","143","251","1","7100"
"89","227","164","2","00:10:00","500","94","0","7102"
"30","89","217","2","00:10:00","457","206","1","7103"
"280","244","232","2","00:10:00","203","27","0","7104"
"316","190","241","2","00:10:00","143","251","1","7105"
"97","227","107","2","00:10:01","300","150","0","7106"
"227","97","183","2","00:10:01","500","94","0","7107"
"205","61","243","2","00:10:01","100","49","1","7108"
"201","248","253","2","00:10:01","143","251","1","7109"
"75","1","14","2","00:10:02","100","206","0","7111"
"15","86","16","2","00:10:02","143","251","1","7112"
"75","57","72","2","00:10:02","500","94","1","7113"
"34","89","114","2","00:10:02","300","150","1","7114"
"104","57","181","2","00:10:02","247","273","0","7115"
"138","206","221","2","00:10:02","100","206","0","7116"
"1","34","48","2","00:10:03","500","94","1","7118"
"75","78","118","2","00:10:03","500","94","0","7119"
"54","97","31","2","00:10:04","300","150","0","7121"
"75","31","47","2","00:10:04","143","251","1","7122"
"78","21","109","2","00:10:04","143","94","0","7123"
"42","89","150","2","00:10:04","100","49","0","7124"
"1","190","225","2","00:10:04","143","94","1","7125"
"42","73","238","2","00:10:04","143","94","1","7126"
"34","15","259","2","00:10:04","100","206","1","7127"
"23","58","28","2","00:10:05","143","94","0","7130"
"20","217","208","2","00:10:05","143","94","1","7131"
"30","58","49","2","00:10:06","500","251","0","7133"
"23","30","168","2","00:10:06","300","150","1","7134"
"89","34","211","2","00:10:06","100","49","0","7135"
"39","23","247","2","00:10:06","500","251","0","7136"
"224","89","266","2","00:10:06","100","206","1","7137"
"1","75","57","2","00:10:07","500","94","1","7139"
"31","21","58","2","00:10:07","143","251","0","7140"
"30","42","60","2","00:10:07","500","251","0","7141"
"31","21","156","2","00:10:07","500","251","1","7142"
"31","206","214","2","00:10:07","143","251","1","7143"
"4","101","54","2","00:10:09","143","94","1","7145"
"76","31","116","2","00:10:09","300","150","1","7146"
"23","138","168","2","00:10:09","143","94","1","7147"
"78","86","184","2","00:10:09","100","206","0","7148"
"98","86","154","2","00:10:10","143","94","0","7149"
"23","57","209","2","00:10:10","300","150","1","7150"
"42","21","73","2","00:10:11","100","49","0","7151"
"78","65","133","2","00:10:11","143","251","1","7152"
"78","32","182","2","00:10:11","457","206","1","7153"
"34","15","234","2","00:10:11","457","206","0","7154"
"88","86","39","2","00:10:12","300","150","0","7155"
"13","97","94","2","00:10:12","457","206","1","7156"
"227","190","117","2","00:10:12","457","49","0","7157"
"30","88","137","2","00:10:12","300","150","1","7158"
"205","15","148","2","00:10:12","100","49","1","7159"
"31","183","180","2","00:10:12","397","273","1","7160"
"147","42","258","2","00:10:12","143","94","0","7161"
"30","58","49","2","00:10:13","500","251","0","7165"
"1","75","187","2","00:10:13","500","94","1","7166"
"35","58","53","2","00:10:14","143","94","1","7167"
"76","23","86","2","00:10:14","500","251","1","7168"
"97","75","90","2","00:10:14","397","73","1","7169"
"78","73","255","2","00:10:14","500","94","1","7170"
"138","15","259","2","00:10:15","100","206","0","7172"
"191","35","124","2","00:10:16","500","94","0","7173"
"23","73","210","2","00:10:16","143","251","0","7174"
"76","1","218","2","00:10:16","457","206","0","7175"
"115","30","6","2","00:10:17","143","94","0","7177"
"4","65","29","2","00:10:17","500","251","1","7178"
"88","75","18","2","00:10:18","500","94","1","7180"
"16","23","23","2","00:10:18","143","251","1","7181"
"115","58","28","2","00:10:18","143","251","0","7182"
"57","21","144","2","00:10:18","143","251","0","7183"
"157","73","166","2","00:10:18","500","94","0","7184"
"78","4","185","2","00:10:18","143","251","0","7185"
"34","75","128","2","00:10:19","457","206","0","7187"
"45","248","217","2","00:10:19","300","150","1","7188"
"78","45","269","2","00:10:19","300","150","0","7189"
"23","81","20","2","00:10:20","247","273","0","7190"
"42","76","61","2","00:10:20","143","251","1","7191"
"30","73","232","2","00:10:20","457","49","0","7192"
"34","78","68","2","00:10:21","100","49","1","7193"
"75","1","105","2","00:10:21","143","251","1","7194"
"31","183","180","2","00:10:21","300","150","1","7195"
"57","21","206","2","00:10:21","500","251","1","7196"
"58","21","244","2","00:10:21","143","94","1","7197"
"61","30","3","2","00:10:22","500","94","0","7198"
"227","76","150","2","00:10:22","300","150","1","7199"
"217","191","160","2","00:10:22","397","273","1","7200"
"45","227","242","2","00:10:22","457","206","0","7201"
"31","75","17","2","00:10:23","500","94","1","7203"
"15","26","99","2","00:10:23","100","206","1","7204"
"21","42","107","2","00:10:23","500","251","1","7205"
"138","61","236","2","00:10:23","457","206","1","7206"
"200","23","241","2","00:10:23","500","251","0","7207"
"21","31","6","2","00:10:24","500","94","0","7209"
"78","75","57","2","00:10:24","500","94","1","7210"
"31","227","146","2","00:10:24","143","94","0","7211"
"42","23","117","2","00:10:25","203","227","0","7213"
"78","23","147","2","00:10:25","143","94","0","7214"
"57","34","155","2","00:10:25","247","73","0","7215"
"75","195","195","2","00:10:25","143","251","1","7216"
"280","4","243","2","00:10:25","457","49","0","7217"
"109","27","27","2","00:10:26","143","94","1","7219"
"116","227","110","2","00:10:26","500","251","0","7220"
"78","31","182","2","00:10:26","457","206","0","7221"
"57","86","26","2","00:10:27","143","251","0","7222"
"57","78","127","2","00:10:27","500","94","1","7223"
"45","248","217","2","00:10:27","457","49","0","7224"
"316","31","227","2","00:10:27","457","49","0","7225"
"76","88","235","2","00:10:27","500","251","1","7226"
"101","88","10","2","00:10:28","143","94","1","7227"
"39","30","35","2","00:10:28","143","251","1","7228"
"34","4","125","2","00:10:28","100","49","0","7229"
"53","21","144","2","00:10:28","397","73","0","7230"
"88","30","201","2","00:10:28","143","251","1","7231"
"30","73","232","2","00:10:28","457","49","1","7232"
"76","78","45","2","00:10:29","100","206","1","7233"
"78","205","112","2","00:10:29","100","206","0","7234"
"4","183","162","2","00:10:29","247","73","1","7235"
"73","205","164","2","00:10:29","500","251","1","7236"
"34","30","221","2","00:10:29","353","227","1","7237"
"21","73","8","2","00:10:30","143","251","1","7239"
"15","42","16","2","00:10:30","300","150","0","7240"
"75","42","36","2","00:10:30","143","251","1","7241"
"23","15","38","2","00:10:30","500","94","1","7242"
"39","49","121","2","00:10:30","300","150","0","7243"
"88","98","200","2","00:10:30","300","150","0","7244"
"224","316","261","2","00:10:30","300","150","0","7245"
"53","30","62","2","00:10:31","100","49","1","7247"
"183","35","139","2","00:10:31","143","94","1","7248"
"57","76","178","2","00:10:31","100","206","0","7249"
"57","21","15","2","00:10:32","143","251","0","7250"
"89","35","177","2","00:10:32","300","150","0","7251"
"73","15","218","2","00:10:32","457","49","1","7252"
"75","23","63","2","00:10:33","143","251","0","7253"
"34","78","68","2","00:10:33","100","49","1","7254"
"227","76","114","2","00:10:33","300","150","1","7255"
"76","21","196","2","00:10:33","500","251","1","7256"
"21","76","204","2","00:10:33","300","150","0","7257"
"195","57","209","2","00:10:33","397","273","0","7258"
"101","142","10","2","00:10:34","143","94","1","7259"
"78","75","57","2","00:10:34","500","94","0","7260"
"23","34","124","2","00:10:34","143","94","0","7261"
"191","183","126","2","00:10:34","143","94","0","7262"
"21","31","168","2","00:10:34","143","251","0","7263"
"49","30","173","2","00:10:34","500","94","0","7264"
"32","4","197","2","00:10:34","143","94","0","7265"
"31","1","11","2","00:10:35","143","251","1","7266"
"78","191","147","2","00:10:35","500","251","1","7267"
"57","89","215","2","00:10:35","300","150","1","7268"
"75","49","211","2","00:10:36","100","206","1","7269"
"31","227","110","2","00:10:37","500","251","0","7270"
"189","116","119","2","00:10:37","500","251","1","7271"
"201","4","199","2","00:10:37","143","251","1","7272"
"78","138","250","2","00:10:37","143","251","1","7273"
"195","220","115","2","00:10:38","500","251","1","7274"
"4","30","152","2","00:10:38","500","251","0","7275"
"57","205","212","2","00:10:38","500","251","0","7276"
"244","58","222","2","00:10:38","143","94","0","7277"
"183","23","225","2","00:10:38","500","251","0","7278"
"31","23","247","2","00:10:38","143","251","0","7279"
"34","316","261","2","00:10:38","353","227","1","7280"
"21","75","90","2","00:10:39","143","251","1","7282"
"89","42","164","2","00:10:39","300","150","0","7283"
"4","58","254","2","00:10:39","143","94","1","7284"
"30","76","17","2","00:10:40","247","273","1","7285"
"75","42","36","2","00:10:40","143","251","1","7286"
"23","78","38","2","00:10:40","143","94","1","7287"
"75","1","105","2","00:10:40","143","94","0","7288"
"101","35","135","2","00:10:40","500","94","1","7289"
"183","231","139","2","00:10:40","143","251","1","7290"
"78","116","98","2","00:10:42","500","94","0","7293"
"4","183","162","2","00:10:42","300","150","0","7294"
"30","21","149","2","00:10:43","300","150","1","7295"
"61","76","238","2","00:10:43","247","73","0","7296"
"31","61","106","2","00:10:44","143","251","1","7297"
"34","57","120","2","00:10:44","100","206","0","7298"
"31","4","197","2","00:10:44","143","251","1","7299"
"1","4","213","2","00:10:44","300","150","1","7300"
"21","101","233","2","00:10:44","300","150","0","7301"
"78","88","34","2","00:10:45","500","94","0","7303"
"42","23","73","2","00:10:45","100","49","0","7304"
"76","23","241","2","00:10:45","143","94","0","7305"
"21","1","50","2","00:10:46","397","273","0","7307"
"73","40","104","2","00:10:46","100","206","0","7308"
"23","30","265","2","00:10:46","500","94","1","7309"
"30","105","58","2","00:10:47","300","150","1","7310"
"78","27","64","2","00:10:47","457","206","0","7311"
"23","13","97","2","00:10:47","143","251","1","7312"
"195","220","115","2","00:10:47","300","150","0","7313"
"57","78","127","2","00:10:47","500","94","1","7314"
"195","76","204","2","00:10:47","300","150","0","7315"
"31","30","214","2","00:10:47","247","273","1","7316"
"205","61","243","2","00:10:48","457","206","1","7320"
"31","115","33","2","00:10:50","143","251","1","7321"
"23","78","70","2","00:10:50","397","273","0","7322"
"1","220","113","2","00:10:50","397","273","1","7323"
"1","98","182","2","00:10:50","457","206","1","7324"
"205","78","228","2","00:10:50","100","49","1","7325"
"39","141","71","2","00:10:51","457","49","1","7326"
"45","27","143","2","00:10:51","457","49","0","7327"
"34","31","9","2","00:10:52","457","49","1","7328"
"75","1","45","2","00:10:52","457","49","0","7329"
"21","227","186","2","00:10:52","143","94","1","7330"
"55","39","39","2","00:10:53","300","150","0","7331"
"23","101","40","2","00:10:53","457","206","1","7332"
"189","30","119","2","00:10:53","143","251","0","7333"
"75","114","116","2","00:10:54","143","251","1","7334"
"191","78","134","2","00:10:54","300","150","0","7335"
"88","15","237","2","00:10:54","500","94","1","7336"
"65","105","84","2","00:10:55","500","94","1","7339"
"58","39","188","2","00:10:55","143","94","1","7340"
"57","23","219","2","00:10:55","143","94","1","7341"
"224","1","234","2","00:10:56","300","150","0","7343"
"42","23","247","2","00:10:56","143","251","1","7344"
"34","31","35","2","00:10:57","500","251","0","7345"
"23","76","40","2","00:10:57","457","206","1","7346"
"75","21","195","2","00:10:57","500","94","0","7347"
"73","23","196","2","00:10:57","300","150","0","7348"
"316","58","222","2","00:10:57","143","251","0","7349"
"49","195","109","2","00:10:58","300","150","1","7351"
"1","88","251","2","00:10:58","143","94","1","7352"
"4","88","264","2","00:10:58","300","150","0","7353"
"1","34","16","2","00:10:59","143","251","1","7354"
"224","205","221","2","00:10:59","457","49","1","7355"
"1","149","32","2","00:11:00","500","251","1","7356"
"35","224","165","2","00:11:00","300","150","1","7357"
"205","61","243","2","00:11:00","100","49","1","7358"
"81","65","17","2","00:11:01","397","73","1","7359"
"142","116","31","2","00:11:01","500","251","1","7360"
"58","23","59","2","00:11:01","300","150","1","7361"
"34","210","150","2","00:11:01","457","206","1","7362"
"21","100","210","2","00:11:01","143","251","1","7363"
"30","34","240","2","00:11:01","500","94","1","7364"
"76","21","241","2","00:11:01","500","94","0","7365"
"126","34","21","2","00:11:02","500","251","1","7367"
"57","98","62","2","00:11:02","100","49","0","7368"
"76","58","10","2","00:11:03","500","251","1","7370"
"65","97","25","2","00:11:03","247","73","1","7371"
"115","73","88","2","00:11:03","143","94","0","7372"
"31","78","42","2","00:11:04","500","251","1","7374"
"227","30","161","2","00:11:04","457","206","1","7375"
"1","34","16","2","00:11:05","143","251","1","7379"
"21","4","50","2","00:11:05","500","94","0","7380"
"15","116","99","2","00:11:05","300","150","1","7381"
"34","23","216","2","00:11:05","457","206","1","7382"
"31","58","137","2","00:11:06","143","251","1","7383"
"57","138","268","2","00:11:06","143","251","1","7384"
"88","1","19","2","00:11:07","143","251","1","7385"
"89","183","145","2","00:11:07","500","251","1","7386"
"97","201","168","2","00:11:07","143","94","0","7387"
"97","227","186","2","00:11:07","300","150","1","7388"
"78","23","225","2","00:11:07","500","251","0","7389"
"31","58","254","2","00:11:07","397","273","1","7390"
"34","313","261","2","00:11:07","457","49","1","7391"
"30","101","66","2","00:11:08","100","49","0","7392"
"30","1","87","2","00:11:08","143","94","1","7393"
"78","31","163","2","00:11:08","143","251","0","7394"
"30","58","176","2","00:11:08","143","251","0","7395"
"21","57","115","2","00:11:09","500","94","0","7397"
"183","21","147","2","00:11:09","300","150","1","7398"
"35","180","179","2","00:11:09","100","49","1","7399"
"73","88","222","2","00:11:09","143","251","1","7400"
"34","88","229","2","00:11:09","353","27","1","7401"
"65","21","63","2","00:11:10","300","150","0","7402"
"1","116","182","2","00:11:10","457","49","1","7403"
"190","205","265","2","00:11:10","247","273","0","7404"
"23","73","8","2","00:11:11","300","150","1","7405"
"4","76","54","2","00:11:11","500","251","1","7406"
"65","21","86","2","00:11:11","300","150","1","7407"
"23","76","90","2","00:11:11","397","73","1","7408"
"224","34","155","2","00:11:11","143","94","1","7409"
"195","76","204","2","00:11:11","143","94","1","7410"
"280","13","240","2","00:11:11","143","251","0","7411"
"75","88","122","2","00:11:12","500","94","1","7412"
"195","76","204","2","00:11:12","300","150","0","7413"
"88","195","191","2","00:11:13","143","251","1","7414"
"35","109","68","2","00:11:14","457","206","1","7416"
"206","227","217","2","00:11:14","300","150","0","7417"
"227","42","231","2","00:11:14","100","206","1","7418"
"76","227","257","2","00:11:14","143","94","1","7419"
"34","57","165","2","00:11:15","100","206","0","7421"
"205","316","232","2","00:11:15","457","49","0","7422"
"142","75","41","2","00:11:16","300","150","0","7423"
"227","78","179","2","00:11:16","100","206","0","7424"
"4","195","207","2","00:11:16","143","251","1","7425"
"23","30","6","2","00:11:17","500","251","0","7426"
"42","57","53","2","00:11:17","500","94","1","7427"
"198","34","110","2","00:11:17","143","251","0","7428"
"76","31","116","2","00:11:17","143","251","0","7429"
"4","1","101","2","00:11:18","100","206","0","7431"
"224","78","151","2","00:11:18","500","94","1","7432"
"21","35","262","2","00:11:19","143","251","0","7434"
"125","34","135","2","00:11:20","500","94","0","7435"
"54","81","3","2","00:11:21","143","94","0","7438"
"142","78","15","2","00:11:21","300","150","1","7439"
"81","75","17","2","00:11:21","397","73","0","7440"
"97","116","168","2","00:11:21","397","273","0","7441"
"58","75","54","2","00:11:22","143","94","0","7442"
"42","1","56","2","00:11:22","457","49","0","7443"
"30","4","199","2","00:11:22","143","251","0","7444"
"88","248","215","2","00:11:22","247","73","0","7445"
"189","49","123","2","00:11:23","143","251","1","7446"
"34","89","150","2","00:11:23","457","49","0","7447"
"16","89","184","2","00:11:23","457","206","0","7448"
"15","34","32","2","00:11:24","143","94","1","7449"
"31","75","67","2","00:11:24","500","251","1","7450"
"76","17","105","2","00:11:24","143","94","0","7451"
"34","78","259","2","00:11:24","457","49","1","7452"
"76","58","10","2","00:11:25","143","251","1","7453"
"73","21","196","2","00:11:25","500","251","1","7454"
"4","31","200","2","00:11:25","500","94","1","7455"
"31","73","224","2","00:11:25","500","251","1","7456"
"78","231","112","2","00:11:26","100","49","0","7457"
"42","31","46","2","00:11:27","397","273","1","7459"
"1","88","65","2","00:11:27","143","94","1","7460"
"125","142","72","2","00:11:27","143","94","1","7461"
"98","23","156","2","00:11:27","500","251","0","7462"
"21","116","175","2","00:11:27","100","206","0","7463"
"58","15","19","2","00:11:28","143","94","0","7466"
"39","224","106","2","00:11:28","300","150","1","7467"
"35","57","125","2","00:11:28","100","206","1","7468"
"23","101","208","2","00:11:28","500","94","0","7469"
"4","89","108","2","00:11:29","500","251","0","7472"
"213","31","174","2","00:11:29","500","94","0","7473"
"16","89","187","2","00:11:29","300","150","0","7474"
"138","101","229","2","00:11:29","300","150","0","7475"
"21","138","252","2","00:11:29","500","94","1","7476"
"103","57","28","2","00:11:30","143","94","0","7477"
"30","97","131","2","00:11:30","500","94","1","7478"
"1","224","185","2","00:11:30","143","251","1","7479"
"21","13","96","2","00:11:31","143","94","1","7480"
"34","88","53","2","00:11:32","500","94","0","7481"
"34","57","165","2","00:11:32","300","150","1","7482"
"206","76","232","2","00:11:32","353","27","1","7483"
"98","76","17","2","00:11:33","500","251","0","7485"
"105","101","40","2","00:11:33","300","150","0","7486"
"42","13","56","2","00:11:33","353","27","1","7487"
"76","4","227","2","00:11:33","457","206","0","7488"
"65","86","21","2","00:11:34","247","273","1","7489"
"57","205","167","2","00:11:34","500","251","0","7490"
"88","30","188","2","00:11:34","500","251","0","7491"
"101","21","206","2","00:11:34","300","150","0","7492"
"201","25","247","2","00:11:34","143","251","1","7493"
"75","35","2","2","00:11:35","143","251","1","7494"
"205","30","161","2","00:11:35","100","206","0","7495"
"227","21","239","2","00:11:35","100","49","0","7496"
"274","57","254","2","00:11:35","143","94","0","7497"
"227","76","263","2","00:11:35","100","49","1","7498"
"31","35","60","2","00:11:36","500","94","0","7499"
"4","76","129","2","00:11:36","500","251","1","7500"
"205","98","141","2","00:11:36","100","49","0","7501"
"34","195","183","2","00:11:36","143","251","1","7502"
"31","76","154","2","00:11:37","247","273","1","7503"
"23","1","38","2","00:11:38","143","251","0","7505"
"39","231","110","2","00:11:38","247","273","1","7506"
"34","88","53","2","00:11:39","500","251","1","7507"
"76","23","84","2","00:11:39","143","251","0","7508"
"39","57","176","2","00:11:39","500","94","1","7509"
"224","89","178","2","00:11:39","457","206","0","7510"
"183","31","182","2","00:11:39","353","27","0","7511"
"57","89","249","2","00:11:39","300","150","0","7512"
"34","227","266","2","00:11:39","300","150","1","7513"
"101","30","30","2","00:11:40","143","251","0","7514"
"35","23","130","2","00:11:40","143","94","1","7515"
"78","31","173","2","00:11:40","143","251","0","7516"
"57","31","3","2","00:11:41","300","150","0","7517"
"88","23","31","2","00:11:41","247","273","1","7518"
"49","86","39","2","00:11:41","143","251","0","7519"
"23","75","40","2","00:11:41","100","206","1","7520"
"76","23","92","2","00:11:41","500","94","0","7521"
"78","21","94","2","00:11:41","457","49","0","7522"
"23","78","126","2","00:11:41","143","94","1","7523"
"89","98","158","2","00:11:41","457","49","1","7524"
"42","205","214","2","00:11:41","500","251","1","7525"
"190","78","230","2","00:11:41","300","150","1","7526"
"31","73","224","2","00:11:42","300","150","0","7528"
"31","75","166","2","00:11:43","143","251","1","7530"
"23","31","175","2","00:11:43","457","206","1","7531"
"210","15","259","2","00:11:43","100","206","0","7532"
"15","42","16","2","00:11:44","247","73","0","7533"
"31","57","37","2","00:11:44","397","273","1","7534"
"31","76","154","2","00:11:44","143","251","0","7535"
"138","45","221","2","00:11:44","203","227","0","7536"
"280","1","228","2","00:11:44","100","49","0","7537"
"4","244","238","2","00:11:44","500","251","1","7538"
"27","1","87","2","00:11:45","143","251","0","7540"
"109","31","89","2","00:11:45","500","94","0","7541"
"89","42","189","2","00:11:45","143","251","1","7542"
"15","21","225","2","00:11:45","500","94","0","7543"
"23","42","12","2","00:11:46","500","251","0","7546"
"86","92","73","2","00:11:46","100","49","0","7547"
"175","26","163","2","00:11:47","300","150","0","7548"
"88","83","172","2","00:11:47","457","49","0","7549"
"57","31","201","2","00:11:47","300","150","0","7550"
"34","126","5","2","00:11:48","143","251","0","7551"
"31","23","33","2","00:11:48","143","251","1","7552"
"97","49","97","2","00:11:48","397","273","0","7553"
"30","76","138","2","00:11:48","500","94","0","7554"
"104","58","233","2","00:11:48","500","251","0","7555"
"15","75","29","2","00:11:49","300","150","0","7556"
"27","23","147","2","00:11:49","300","150","0","7557"
"4","42","155","2","00:11:49","143","251","0","7558"
"206","89","217","2","00:11:49","457","49","1","7559"
"280","4","258","2","00:11:49","397","73","1","7560"
"42","1","56","2","00:11:50","457","49","1","7561"
"49","220","229","2","00:11:50","457","49","1","7562"
"88","224","268","2","00:11:50","247","273","1","7563"
"75","35","2","2","00:11:51","143","251","1","7566"
"78","31","20","2","00:11:51","300","150","0","7567"
"75","4","45","2","00:11:51","100","206","0","7568"
"21","73","136","2","00:11:51","300","150","0","7569"
"205","30","141","2","00:11:51","100","49","0","7570"
"31","183","190","2","00:11:51","143","94","0","7571"
"280","1","228","2","00:11:51","100","206","1","7572"
"88","23","31","2","00:11:52","143","94","0","7573"
"1","31","27","2","00:11:53","300","150","0","7575"
"23","81","55","2","00:11:53","397","73","1","7576"
"34","23","130","2","00:11:53","397","273","0","7577"
"195","30","168","2","00:11:53","500","94","1","7578"
"243","34","250","2","00:11:53","143","94","0","7579"
"81","103","58","2","00:11:54","500","94","1","7581"
"42","23","183","2","00:11:54","143","94","1","7582"
"101","114","215","2","00:11:55","143","251","1","7583"
"31","35","60","2","00:11:56","500","94","0","7584"
"75","23","84","2","00:11:56","500","251","1","7585"
"97","13","96","2","00:11:56","500","94","0","7586"
"224","76","261","2","00:11:56","203","227","1","7587"
"23","73","136","2","00:11:57","247","73","0","7588"
"57","30","200","2","00:11:57","143","251","0","7589"
"58","269","219","2","00:11:57","500","251","1","7590"
"23","34","12","2","00:11:58","143","251","0","7591"
"30","75","17","2","00:11:58","500","94","1","7592"
"65","86","21","2","00:11:58","500","251","0","7593"
"42","97","24","2","00:11:58","143","251","1","7594"
"227","4","120","2","00:11:58","457","49","0","7595"
"190","89","153","2","00:11:58","300","150","1","7596"
"88","31","188","2","00:11:58","500","94","1","7597"
"76","97","195","2","00:11:58","500","251","1","7598"
"76","190","241","2","00:11:58","300","150","0","7599"
"58","1","19","2","00:11:59","500","94","0","7600"
"224","1","162","2","00:11:59","300","150","0","7601"
"86","23","196","2","00:11:59","500","251","0","7602"
"101","190","244","2","00:11:59","300","150","1","7603"
"89","97","142","2","00:12:00","300","150","0","7604"
"97","42","213","2","00:12:00","247","273","1","7605"
"142","65","41","2","00:12:01","500","251","1","7607"
"81","16","42","2","00:12:01","397","73","0","7608"
"75","21","84","2","00:12:01","500","94","0","7609"
"34","23","130","2","00:12:01","300","150","1","7610"
"31","21","131","2","00:12:01","143","251","0","7611"
"4","244","238","2","00:12:01","143","94","1","7612"
"76","35","36","2","00:12:02","143","94","1","7614"
"195","30","168","2","00:12:02","500","94","1","7615"
"78","31","173","2","00:12:02","457","49","0","7616"
"195","76","203","2","00:12:02","143","94","1","7617"
"81","116","58","2","00:12:03","500","94","1","7619"
"30","115","217","2","00:12:03","457","206","0","7620"
"244","78","218","2","00:12:03","500","94","0","7621"
"101","97","237","2","00:12:03","300","150","1","7622"
"13","97","23","2","00:12:04","143","94","1","7623"
"280","1","228","2","00:12:04","203","27","0","7624"
"65","23","25","2","00:12:05","300","150","1","7625"
"35","81","35","2","00:12:05","247","273","1","7626"
"34","23","43","2","00:12:05","300","150","1","7627"
"89","195","111","2","00:12:05","300","150","0","7628"
"57","30","200","2","00:12:05","143","94","1","7629"
"4","101","254","2","00:12:05","300","150","0","7630"
"89","23","159","2","00:12:06","457","49","1","7631"
"97","31","213","2","00:12:06","247","273","1","7632"
"57","65","54","2","00:12:07","300","150","1","7634"
"101","97","63","2","00:12:07","143","94","1","7635"
"125","183","118","2","00:12:08","397","73","1","7636"
"75","21","86","2","00:12:09","143","251","0","7637"
"23","4","115","2","00:12:09","143","251","1","7638"
"90","224","181","2","00:12:09","143","251","1","7639"
"13","78","23","2","00:12:10","143","94","0","7641"
"34","81","46","2","00:12:10","500","94","1","7642"
"224","1","127","2","00:12:10","500","251","1","7643"
"116","89","166","2","00:12:10","300","150","1","7644"
"42","23","183","2","00:12:10","143","94","1","7645"
"195","206","107","2","00:12:11","500","94","1","7646"
"4","42","155","2","00:12:11","143","251","1","7647"
"114","4","176","2","00:12:11","143","94","0","7648"
"138","227","266","2","00:12:11","100","206","0","7649"
"34","23","43","2","00:12:12","500","251","0","7651"
"78","86","32","2","00:12:13","500","251","1","7652"
"34","81","46","2","00:12:13","247","273","1","7653"
"189","31","168","2","00:12:13","143","251","1","7654"
"98","27","180","2","00:12:13","300","150","0","7655"
"78","248","220","2","00:12:13","500","94","1","7656"
"138","98","236","2","00:12:13","457","206","0","7657"
"34","190","102","2","00:12:14","100","206","1","7658"
"57","23","160","2","00:12:14","500","251","0","7659"
"183","89","184","2","00:12:14","100","206","1","7660"
"23","31","262","2","00:12:14","500","251","0","7661"
"183","30","269","2","00:12:14","143","94","1","7662"
"231","76","128","2","00:12:15","457","206","1","7663"
"39","78","190","2","00:12:15","143","94","1","7664"
"21","76","204","2","00:12:15","143","251","1","7665"
"73","89","257","2","00:12:15","143","251","0","7666"
"75","4","72","2","00:12:16","143","251","1","7667"
"13","23","98","2","00:12:16","500","251","0","7668"
"101","227","155","2","00:12:16","143","251","1","7669"
"78","35","157","2","00:12:16","300","150","1","7670"
"1","34","48","2","00:12:17","500","94","1","7673"
"109","116","94","2","00:12:17","300","150","1","7674"
"57","31","188","2","00:12:17","500","94","1","7675"
"39","89","253","2","00:12:17","300","150","1","7676"
"31","16","42","2","00:12:18","143","94","1","7677"
"88","75","108","2","00:12:18","397","273","1","7678"
"30","101","137","2","00:12:18","300","150","1","7679"
"280","57","260","2","00:12:18","300","150","1","7680"
"31","42","13","2","00:12:19","143","251","0","7681"
"57","1","69","2","00:12:19","143","251","0","7682"
"86","21","73","2","00:12:19","100","49","0","7683"
"78","30","89","2","00:12:19","500","94","0","7684"
"101","39","200","2","00:12:19","143","94","0","7685"
"42","57","71","2","00:12:20","300","150","0","7686"
"78","116","99","2","00:12:20","100","49","1","7687"
"78","58","251","2","00:12:20","500","251","0","7688"
"31","57","264","2","00:12:20","500","94","1","7689"
"227","88","120","2","00:12:21","457","49","0","7690"
"191","212","169","2","00:12:21","457","206","0","7691"
"224","39","172","2","00:12:21","100","49","0","7692"
"183","30","269","2","00:12:21","143","94","1","7693"
"116","88","28","2","00:12:22","300","150","1","7694"
"35","78","143","2","00:12:22","457","49","1","7695"
"138","34","170","2","00:12:22","500","251","0","7696"
"138","76","261","2","00:12:22","100","49","1","7697"
"35","76","128","2","00:12:23","203","27","0","7698"
"101","89","178","2","00:12:23","100","206","0","7699"
"101","1","52","2","00:12:24","500","94","0","7700"
"39","76","61","2","00:12:24","397","73","0","7701"
"42","31","161","2","00:12:24","300","150","1","7702"
"21","210","204","2","00:12:24","143","251","1","7703"
"23","88","233","2","00:12:24","500","94","0","7704"
"81","76","67","2","00:12:25","143","251","1","7705"
"42","57","71","2","00:12:25","353","27","0","7706"
"98","75","138","2","00:12:25","300","150","0","7707"
"138","220","266","2","00:12:25","457","206","0","7708"
"88","1","19","2","00:12:26","143","251","0","7710"
"156","78","87","2","00:12:26","500","251","0","7711"
"21","78","97","2","00:12:26","143","94","0","7712"
"183","45","139","2","00:12:26","500","251","1","7713"
"1","97","147","2","00:12:26","500","251","1","7714"
"1","78","23","2","00:12:27","500","251","0","7715"
"20","4","38","2","00:12:27","143","94","0","7716"
"13","23","98","2","00:12:27","500","94","0","7717"
"21","75","136","2","00:12:27","397","273","0","7718"
"75","88","140","2","00:12:27","247","73","1","7719"
"39","195","149","2","00:12:27","500","251","1","7720"
"101","39","200","2","00:12:27","143","94","1","7721"
"97","126","100","2","00:12:28","457","49","1","7722"
"23","4","115","2","00:12:28","500","251","1","7723"
"16","31","213","2","00:12:28","500","251","0","7724"
"39","4","53","2","00:12:30","300","150","1","7725"
"125","206","104","2","00:12:30","100","49","1","7726"
"37","75","128","2","00:12:30","457","49","0","7727"
"23","31","168","2","00:12:30","247","73","0","7728"
"4","76","224","2","00:12:30","143","94","1","7729"
"49","58","113","2","00:12:31","500","251","1","7730"
"191","35","124","2","00:12:31","143","94","0","7731"
"21","34","186","2","00:12:31","100","206","0","7732"
"101","209","249","2","00:12:31","143","251","0","7733"
"31","57","264","2","00:12:31","300","150","1","7734"
"75","78","45","2","00:12:32","100","206","0","7735"
"125","206","104","2","00:12:32","300","150","1","7736"
"204","23","117","2","00:12:32","457","206","0","7737"
"34","23","43","2","00:12:33","500","251","0","7740"
"156","34","60","2","00:12:33","300","150","0","7741"
"75","57","72","2","00:12:33","143","94","1","7742"
"31","231","146","2","00:12:33","143","251","1","7743"
"138","1","180","2","00:12:33","143","251","0","7744"
"4","23","247","2","00:12:33","300","150","0","7745"
"89","316","263","2","00:12:33","100","49","0","7746"
"156","55","49","2","00:12:34","500","251","1","7747"
"102","227","107","2","00:12:34","397","73","1","7748"
"27","157","182","2","00:12:34","100","206","1","7749"
"58","97","237","2","00:12:34","143","94","1","7750"
"97","89","246","2","00:12:34","500","251","1","7751"
"88","109","19","2","00:12:35","500","251","0","7752"
"42","89","150","2","00:12:35","457","49","0","7753"
"65","220","122","2","00:12:36","500","94","1","7755"
"78","209","133","2","00:12:38","247","273","1","7757"
"76","1","14","2","00:12:39","300","150","1","7760"
"30","23","256","2","00:12:39","100","206","0","7761"
"101","1","52","2","00:12:40","300","150","0","7762"
"98","86","154","2","00:12:40","247","273","0","7763"
"30","58","260","2","00:12:40","300","150","0","7764"
"34","21","24","2","00:12:41","500","94","0","7766"
"31","57","264","2","00:12:41","143","251","1","7767"
"15","86","32","2","00:12:42","143","251","1","7769"
"30","4","137","2","00:12:42","247","73","1","7770"
"57","39","39","2","00:12:43","300","150","1","7773"
"97","142","44","2","00:12:43","143","94","0","7774"
"39","76","61","2","00:12:43","397","73","0","7775"
"23","49","134","2","00:12:43","300","150","1","7776"
"21","75","136","2","00:12:43","247","273","1","7777"
"42","1","179","2","00:12:43","457","206","1","7778"
"183","57","185","2","00:12:43","143","94","0","7779"
"76","75","257","2","00:12:43","300","150","1","7780"
"78","21","98","2","00:12:44","500","94","1","7783"
"4","86","178","2","00:12:44","100","206","0","7784"
"31","205","110","2","00:12:45","500","251","0","7786"
"78","31","173","2","00:12:45","300","150","0","7787"
"23","210","204","2","00:12:45","500","251","0","7788"
"88","21","219","2","00:12:45","397","273","0","7789"
"191","138","252","2","00:12:45","143","94","0","7790"
"73","42","2","2","00:12:46","500","251","1","7791"
"1","42","48","2","00:12:46","500","94","0","7792"
"156","65","67","2","00:12:46","500","251","0","7793"
"42","58","120","2","00:12:46","457","206","0","7794"
"89","316","263","2","00:12:46","457","49","0","7795"
"97","86","12","2","00:12:47","397","73","1","7798"
"57","34","26","2","00:12:47","300","150","0","7799"
"181","23","216","2","00:12:47","457","206","0","7800"
"31","1","85","2","00:12:48","500","251","1","7802"
"30","57","103","2","00:12:48","143","251","1","7803"
"73","42","2","2","00:12:49","500","94","0","7804"
"4","98","27","2","00:12:49","397","273","1","7805"
"65","86","36","2","00:12:49","143","94","0","7806"
"125","42","104","2","00:12:49","100","49","1","7807"
"49","35","112","2","00:12:49","457","206","0","7808"
"30","97","228","2","00:12:49","100","206","1","7809"
"15","97","4","2","00:12:50","500","251","1","7812"
"109","21","23","2","00:12:50","247","273","0","7813"
"34","76","61","2","00:12:50","500","94","0","7814"
"49","23","94","2","00:12:50","300","150","0","7815"
"31","227","146","2","00:12:50","143","94","1","7816"
"31","316","238","2","00:12:50","300","150","1","7817"
"101","227","249","2","00:12:50","500","251","1","7818"
"31","58","254","2","00:12:50","500","94","1","7819"
"34","1","68","2","00:12:51","100","49","1","7820"
"88","78","69","2","00:12:51","143","251","1","7821"
"103","101","88","2","00:12:51","143","94","1","7822"
"97","125","100","2","00:12:51","100","206","0","7823"
"88","206","212","2","00:12:51","143","251","1","7824"
"15","61","213","2","00:12:51","500","94","1","7825"
"76","31","227","2","00:12:51","397","73","0","7826"
"34","27","9","2","00:12:52","100","206","1","7828"
"89","21","159","2","00:12:52","143","94","0","7829"
"192","101","209","2","00:12:52","500","251","0","7830"
"88","21","219","2","00:12:52","300","150","0","7831"
"31","1","85","2","00:12:53","397","273","1","7832"
"21","15","230","2","00:12:53","500","94","0","7833"
"23","15","123","2","00:12:54","300","150","1","7836"
"227","21","183","2","00:12:54","397","273","0","7837"
"75","21","196","2","00:12:54","500","94","0","7838"
"1","205","269","2","00:12:54","247","273","1","7839"
"97","142","44","2","00:12:55","143","94","1","7844"
"31","78","121","2","00:12:55","397","73","1","7845"
"21","227","124","2","00:12:55","300","150","1","7846"
"116","224","176","2","00:12:55","247","273","0","7847"
"23","280","265","2","00:12:55","143","251","0","7848"
"42","101","5","2","00:12:56","500","251","1","7850"
"49","156","64","2","00:12:56","100","49","0","7851"
"76","78","145","2","00:12:56","143","94","1","7852"
"58","1","237","2","00:12:56","143","251","1","7853"
"248","195","239","2","00:12:56","100","206","1","7854"
"280","23","256","2","00:12:56","100","206","0","7855"
"57","101","41","2","00:12:57","300","150","1","7857"
"142","65","54","2","00:12:57","143","251","0","7858"
"76","23","142","2","00:12:57","143","94","0","7859"
"23","34","252","2","00:12:57","300","150","0","7860"
"23","78","134","2","00:12:58","500","94","1","7861"
"30","231","170","2","00:12:58","500","251","0","7862"
"39","248","253","2","00:12:58","500","94","0","7863"
"30","42","13","2","00:12:59","143","251","1","7864"
"23","34","107","2","00:12:59","300","150","0","7865"
"78","30","182","2","00:12:59","300","150","0","7866"
"210","97","196","2","00:12:59","300","150","0","7867"
"76","57","222","2","00:12:59","300","150","1","7868"
"23","30","265","2","00:12:59","300","150","0","7869"
"78","31","173","2","00:13:00","500","94","1","7870"
"4","21","207","2","00:13:00","143","251","1","7871"
"65","88","10","2","00:13:01","143","251","1","7872"
"101","42","21","2","00:13:01","300","150","1","7873"
"86","30","46","2","00:13:01","500","94","1","7874"
"45","224","240","2","00:13:01","300","150","0","7875"
"4","42","167","2","00:13:02","500","251","0","7877"
"115","88","226","2","00:13:02","100","49","1","7878"
"35","23","43","2","00:13:03","143","251","0","7880"
"57","75","129","2","00:13:03","300","150","1","7881"
"58","30","212","2","00:13:03","143","94","0","7882"
"316","101","235","2","00:13:03","500","251","0","7883"
"31","78","121","2","00:13:04","500","94","0","7885"
"53","15","19","2","00:13:05","143","94","1","7886"
"35","1","148","2","00:13:05","100","49","1","7887"
"23","34","252","2","00:13:05","397","73","1","7888"
"1","35","32","2","00:13:06","500","251","1","7891"
"116","88","44","2","00:13:06","143","251","1","7892"
"65","30","47","2","00:13:06","500","94","1","7893"
"30","88","49","2","00:13:06","247","273","0","7894"
"75","231","177","2","00:13:06","247","73","1","7895"
"183","58","185","2","00:13:06","300","150","0","7896"
"75","23","195","2","00:13:06","143","251","1","7897"
"57","101","41","2","00:13:07","143","251","1","7899"
"88","39","201","2","00:13:07","500","94","1","7900"
"316","23","241","2","00:13:07","143","251","1","7901"
"20","156","6","2","00:13:08","143","251","0","7904"
"224","76","108","2","00:13:08","143","94","1","7905"
"190","89","136","2","00:13:08","143","94","0","7906"
"183","98","173","2","00:13:08","247","273","1","7907"
"76","91","245","2","00:13:08","143","251","1","7908"
"23","15","230","2","00:13:09","500","94","1","7910"
"183","116","163","2","00:13:10","143","94","0","7911"
"201","224","176","2","00:13:10","500","251","0","7912"
"190","31","262","2","00:13:10","143","251","1","7913"
"102","78","50","2","00:13:11","143","94","0","7914"
"35","101","165","2","00:13:11","457","206","1","7915"
"1","114","220","2","00:13:11","500","251","1","7916"
"224","89","266","2","00:13:11","100","49","1","7917"
"1","57","65","2","00:13:12","500","251","1","7919"
"49","21","94","2","00:13:12","300","150","1","7920"
"78","204","139","2","00:13:12","247","73","0","7921"
"35","76","150","2","00:13:12","300","150","1","7922"
"65","227","257","2","00:13:12","300","150","1","7923"
"31","73","267","2","00:13:12","143","251","1","7924"
"30","58","22","2","00:13:13","143","94","0","7925"
"54","97","31","2","00:13:13","397","73","1","7926"
"39","89","138","2","00:13:13","300","150","1","7927"
"31","58","264","2","00:13:13","500","251","0","7928"
"4","101","54","2","00:13:14","143","251","1","7929"
"88","1","237","2","00:13:14","397","273","0","7930"
"81","142","49","2","00:13:15","300","150","0","7931"
"78","224","113","2","00:13:15","500","251","1","7932"
"227","78","143","2","00:13:15","457","206","0","7933"
"30","227","242","2","00:13:15","203","27","1","7934"
"39","27","9","2","00:13:16","100","206","1","7935"
"13","116","98","2","00:13:16","300","150","1","7936"
"30","205","146","2","00:13:16","143","94","1","7937"
"75","23","195","2","00:13:16","143","251","0","7938"
"280","101","260","2","00:13:16","100","206","0","7939"
"101","1","14","2","00:13:17","457","49","1","7941"
"65","30","47","2","00:13:18","247","73","1","7942"
"183","4","185","2","00:13:18","143","94","0","7943"
"76","78","52","2","00:13:19","247","73","0","7944"
"224","76","108","2","00:13:19","143","251","0","7945"
"1","195","147","2","00:13:19","500","251","1","7946"
"97","34","250","2","00:13:19","247","73","1","7947"
"89","34","104","2","00:13:20","353","27","0","7950"
"227","101","165","2","00:13:20","457","49","0","7951"
"205","15","228","2","00:13:20","100","206","0","7952"
"4","58","254","2","00:13:20","143","251","0","7953"
"21","89","8","2","00:13:21","500","251","1","7955"
"78","104","147","2","00:13:21","500","251","1","7956"
"1","4","213","2","00:13:21","397","273","1","7957"
"88","1","237","2","00:13:21","300","150","1","7958"
"58","21","244","2","00:13:21","500","94","1","7959"
"73","21","92","2","00:13:22","500","251","0","7961"
"195","88","115","2","00:13:22","143","94","1","7962"
"78","86","187","2","00:13:22","143","251","0","7963"
"75","195","196","2","00:13:22","300","150","1","7964"
"31","57","199","2","00:13:23","247","73","1","7965"
"205","244","232","2","00:13:23","100","206","1","7966"
"15","23","23","2","00:13:24","500","94","1","7967"
"86","88","71","2","00:13:24","203","227","1","7968"
"98","1","85","2","00:13:24","143","94","0","7969"
"31","57","106","2","00:13:24","143","251","1","7970"
"75","57","122","2","00:13:24","500","94","1","7971"
"4","23","191","2","00:13:24","397","73","0","7972"
"224","15","234","2","00:13:24","457","49","0","7973"
"280","4","243","2","00:13:24","300","150","1","7974"
"76","23","63","2","00:13:25","500","94","0","7978"
"109","98","64","2","00:13:25","100","49","0","7979"
"39","75","138","2","00:13:25","500","94","0","7980"
"101","21","219","2","00:13:25","143","251","1","7981"
"31","101","103","2","00:13:26","300","150","0","7982"
"157","35","110","2","00:13:26","143","251","0","7983"
"31","1","121","2","00:13:26","500","94","1","7984"
"39","244","224","2","00:13:26","500","94","0","7985"
"21","224","252","2","00:13:26","300","150","0","7986"
"15","35","32","2","00:13:27","500","251","1","7987"
"4","23","206","2","00:13:27","397","273","1","7988"
"205","76","232","2","00:13:27","100","49","0","7989"
"1","88","251","2","00:13:27","397","73","0","7990"
"21","33","12","2","00:13:28","500","94","0","7991"
"30","23","33","2","00:13:28","143","94","0","7992"
"31","58","176","2","00:13:28","143","251","1","7993"
"1","88","34","2","00:13:29","500","94","1","7995"
"21","156","55","2","00:13:29","397","73","1","7996"
"78","205","139","2","00:13:29","500","94","0","7997"
"31","42","170","2","00:13:30","500","251","0","7998"
"78","227","246","2","00:13:30","143","251","1","7999"
"39","57","137","2","00:13:31","300","150","1","8000"
"73","4","227","2","00:13:31","143","94","1","8001"
"76","138","245","2","00:13:31","143","94","0","8002"
"75","65","263","2","00:13:31","300","150","0","8003"
"75","30","116","2","00:13:32","143","251","0","8004"
"30","57","197","2","00:13:32","500","251","1","8005"
"189","88","209","2","00:13:33","143","251","1","8007"
"23","57","132","2","00:13:34","500","94","0","8009"
"114","57","176","2","00:13:34","300","150","0","8010"
"101","201","188","2","00:13:34","500","94","1","8011"
"78","149","32","2","00:13:35","397","273","1","8013"
"49","27","89","2","00:13:35","300","150","1","8014"
"21","89","136","2","00:13:35","143","251","1","8015"
"73","21","195","2","00:13:35","500","94","0","8016"
"224","88","229","2","00:13:35","300","150","1","8017"
"35","116","161","2","00:13:36","457","49","1","8019"
"73","205","248","2","00:13:36","143","251","0","8020"
"31","73","267","2","00:13:36","143","251","0","8021"
"146","78","68","2","00:13:37","457","49","1","8025"
"34","57","120","2","00:13:37","457","206","0","8026"
"23","227","124","2","00:13:37","143","94","0","8027"
"212","227","164","2","00:13:37","500","251","0","8028"
"75","227","189","2","00:13:37","500","251","0","8029"
"201","227","253","2","00:13:37","247","73","1","8030"
"34","23","24","2","00:13:38","500","94","1","8031"
"76","116","92","2","00:13:38","500","94","0","8032"
"224","183","101","2","00:13:38","100","49","1","8033"
"15","227","220","2","00:13:38","500","251","0","8034"
"97","73","90","2","00:13:39","500","94","1","8035"
"78","21","109","2","00:13:39","500","251","1","8036"
"88","97","144","2","00:13:40","143","251","1","8037"
"189","42","186","2","00:13:40","457","206","0","8038"
"138","316","261","2","00:13:40","300","150","1","8039"
"34","75","266","2","00:13:40","300","150","0","8040"
"190","116","119","2","00:13:41","500","94","0","8042"
"224","23","160","2","00:13:41","300","150","0","8043"
"89","97","142","2","00:13:42","143","251","1","8045"
"25","4","208","2","00:13:42","143","94","0","8046"
"220","313","263","2","00:13:42","300","150","0","8047"
"97","31","175","2","00:13:43","500","94","1","8048"
"76","58","235","2","00:13:43","500","251","0","8049"
"23","31","20","2","00:13:44","500","94","0","8050"
"30","4","106","2","00:13:44","143","94","1","8051"
"27","39","13","2","00:13:45","300","150","1","8052"
"30","57","37","2","00:13:45","300","150","1","8053"
"31","101","103","2","00:13:45","500","251","1","8054"
"76","21","195","2","00:13:45","500","94","0","8055"
"30","57","197","2","00:13:45","300","150","1","8056"
"157","78","42","2","00:13:46","143","251","0","8057"
"97","78","70","2","00:13:46","143","251","0","8058"
"76","78","118","2","00:13:46","500","94","1","8059"
"42","31","9","2","00:13:47","100","206","1","8060"
"157","109","87","2","00:13:47","500","94","0","8061"
"183","88","251","2","00:13:47","397","73","0","8062"
"88","97","31","2","00:13:48","143","251","0","8063"
"205","201","141","2","00:13:48","100","49","0","8064"
"224","97","160","2","00:13:49","500","94","1","8066"
"57","206","212","2","00:13:49","143","94","1","8067"
"97","78","50","2","00:13:50","143","251","1","8068"
"142","109","69","2","00:13:50","143","251","0","8069"
"32","75","66","2","00:04:24","100","206","1","8070"
"30","1","85","2","00:04:24","500","94","0","8071"
"89","34","177","2","00:04:24","500","251","1","8072"
"78","76","184","2","00:04:24","457","49","0","8073"
"58","190","244","2","00:04:24","300","150","1","8074"
"97","57","28","2","00:04:25","247","73","0","8076"
"1","75","187","2","00:04:25","143","94","0","8077"
"227","76","263","2","00:04:25","203","27","1","8078"
"191","30","119","2","00:04:26","300","150","0","8079"
"73","45","248","2","00:04:26","247","73","0","8080"
"97","224","250","2","00:04:26","500","251","1","8081"
"42","65","267","2","00:04:26","143","251","1","8082"
"31","65","17","2","00:04:27","143","251","1","8084"
"88","101","18","2","00:04:27","300","150","1","8085"
"34","21","130","2","00:04:27","300","150","0","8086"
"224","23","216","2","00:04:27","100","49","0","8087"
"101","21","219","2","00:04:27","300","150","0","8088"
"35","227","253","2","00:04:27","500","251","1","8089"
"231","30","161","2","00:04:28","457","206","0","8091"
"224","97","234","2","00:04:28","300","150","1","8092"
"15","39","32","2","00:04:29","300","150","1","8095"
"97","4","50","2","00:04:29","500","94","0","8096"
"23","15","96","2","00:04:29","143","251","0","8097"
"42","75","114","2","00:04:29","300","150","1","8098"
"205","1","143","2","00:04:29","100","206","0","8099"
"224","231","155","2","00:04:29","500","94","0","8100"
"205","67","150","2","00:04:30","300","150","1","8101"
"34","30","46","2","00:04:31","353","27","1","8102"
"75","57","140","2","00:04:31","300","150","0","8103"
"101","88","10","2","00:04:32","500","94","0","8105"
"109","156","27","2","00:04:32","247","73","1","8106"
"42","105","43","2","00:04:32","143","251","1","8107"
"75","78","52","2","00:04:32","500","94","0","8108"
"78","23","147","2","00:04:32","143","94","0","8109"
"55","44","39","2","00:04:33","143","94","0","8110"
"224","30","221","2","00:04:33","457","49","0","8111"
"31","1","42","2","00:04:34","143","94","1","8113"
"78","231","139","2","00:04:34","143","251","1","8114"
"35","30","141","2","00:04:34","300","150","0","8115"
"1","49","34","2","00:04:36","500","94","0","8117"
"81","142","37","2","00:04:36","397","273","1","8118"
"42","57","71","2","00:04:36","100","206","1","8119"
"21","49","126","2","00:04:36","143","251","1","8120"
"57","89","178","2","00:04:36","457","49","1","8121"
"316","89","257","2","00:04:36","500","94","0","8122"
"30","57","106","2","00:04:37","143","251","0","8123"
"57","231","135","2","00:04:37","300","150","0","8124"
"88","248","249","2","00:04:37","500","94","0","8125"
"30","42","60","2","00:04:38","247","273","1","8127"
"30","13","121","2","00:04:38","143","251","0","8128"
"39","224","176","2","00:04:38","143","251","1","8129"
"25","57","208","2","00:04:38","500","94","0","8130"
"34","39","236","2","00:04:38","100","206","1","8131"
"49","195","109","2","00:04:39","500","251","1","8132"
"78","23","147","2","00:04:39","143","94","1","8133"
"57","21","160","2","00:04:39","500","251","1","8134"
"39","16","190","2","00:04:39","500","94","0","8135"
"57","115","31","2","00:04:40","500","94","1","8138"
"21","76","90","2","00:04:40","500","94","1","8139"
"101","30","30","2","00:04:41","300","150","0","8140"
"35","30","141","2","00:04:41","100","206","1","8141"
"210","195","196","2","00:04:41","300","150","1","8142"
"21","1","230","2","00:04:41","500","94","0","8143"
"190","49","252","2","00:04:41","500","94","0","8144"
"1","75","29","2","00:04:42","300","150","1","8145"
"75","116","174","2","00:04:42","143","251","0","8146"
"57","89","215","2","00:04:42","300","150","0","8147"
"224","195","216","2","00:04:42","100","49","1","8148"
"58","75","18","2","00:04:43","500","251","1","8151"
"76","42","21","2","00:04:43","247","73","0","8152"
"35","23","24","2","00:04:43","300","150","1","8153"
"55","65","41","2","00:04:43","300","150","1","8154"
"65","97","84","2","00:04:44","143","251","0","8155"
"97","39","119","2","00:04:44","500","94","0","8156"
"78","76","184","2","00:04:44","457","49","1","8157"
"4","280","214","2","00:04:45","500","94","0","8159"
"191","58","233","2","00:04:45","143","94","1","8160"
"114","195","239","2","00:04:45","100","49","1","8161"
"4","58","254","2","00:04:45","500","251","1","8162"
"116","57","103","2","00:04:46","500","94","1","8164"
"280","98","258","2","00:04:46","500","94","0","8165"
"34","244","261","2","00:04:46","100","206","0","8166"
"30","16","190","2","00:04:47","500","251","0","8167"
"34","42","236","2","00:04:47","100","206","0","8168"
"31","1","42","2","00:04:48","143","251","1","8170"
"81","109","42","2","00:04:50","300","150","1","8171"
"21","78","97","2","00:04:50","300","150","1","8172"
"224","247","216","2","00:04:50","100","49","1","8173"
"227","220","226","2","00:04:50","457","206","1","8174"
"191","89","100","2","00:04:51","457","49","1","8175"
"4","23","144","2","00:04:51","300","150","0","8176"
"224","220","229","2","00:04:51","203","227","0","8177"
"21","42","107","2","00:04:52","247","73","1","8178"
"42","57","125","2","00:04:52","100","49","0","8179"
"245","89","242","2","00:04:52","457","206","1","8180"
"190","138","252","2","00:04:53","500","251","0","8181"
"42","101","5","2","00:04:54","143","251","0","8182"
"206","191","117","2","00:04:54","457","206","0","8183"
"4","183","127","2","00:04:54","143","94","1","8184"
"97","88","209","2","00:04:54","143","94","0","8185"
"227","45","223","2","00:04:54","100","49","1","8186"
"86","4","53","2","00:04:55","143","251","0","8188"
"15","57","185","2","00:04:55","300","150","0","8189"
"76","23","195","2","00:04:55","500","251","0","8190"
"31","142","22","2","00:04:56","500","94","0","8191"
"65","35","36","2","00:04:57","143","94","1","8192"
"76","20","84","2","00:04:57","500","94","1","8193"
"138","78","87","2","00:04:57","143","251","1","8194"
"21","42","107","2","00:04:58","247","273","1","8195"
"21","4","115","2","00:04:58","143","251","0","8196"
"76","195","142","2","00:04:58","500","251","1","8197"
"76","1","145","2","00:04:58","300","150","0","8198"
"23","76","153","2","00:04:58","500","94","1","8199"
"210","195","196","2","00:04:58","397","73","1","8200"
"245","61","243","2","00:04:58","457","49","0","8201"
"76","42","21","2","00:04:59","247","73","0","8204"
"76","49","52","2","00:04:59","500","251","1","8205"
"31","105","58","2","00:04:59","300","150","1","8206"
"35","57","71","2","00:04:59","457","206","1","8207"
"75","78","105","2","00:04:59","143","251","1","8208"
"53","75","108","2","00:04:59","143","251","0","8209"
"23","138","252","2","00:04:59","500","94","1","8210"
"57","34","39","2","00:05:00","500","94","1","8212"
"31","34","110","2","00:05:00","143","94","0","8213"
"45","30","141","2","00:05:00","100","206","0","8214"
"88","21","244","2","00:05:00","300","150","0","8215"
"4","65","267","2","00:05:00","500","251","1","8216"
"57","78","151","2","00:05:01","500","94","0","8217"
"78","30","182","2","00:05:01","353","227","1","8218"
"227","220","226","2","00:05:01","353","227","0","8219"
"76","42","21","2","00:05:02","500","251","1","8220"
"16","4","171","2","00:05:02","247","73","0","8221"
"30","88","199","2","00:05:02","247","273","1","8222"
"30","1","11","2","00:05:03","397","273","1","8223"
"20","27","20","2","00:05:03","143","251","1","8224"
"101","183","101","2","00:05:03","100","49","0","8225"
"97","224","250","2","00:14:28","143","94","1","8226"
"31","21","149","2","00:14:29","143","251","0","8228"
"31","76","17","2","00:14:30","143","251","0","8230"
"4","49","127","2","00:14:30","397","73","0","8231"
"23","57","208","2","00:14:30","143","94","1","8232"
"280","183","228","2","00:14:30","457","206","1","8233"
"57","89","108","2","00:14:31","500","251","1","8236"
"183","75","133","2","00:14:31","500","94","1","8237"
"42","78","179","2","00:14:31","353","27","0","8238"
"78","30","64","2","00:14:32","457","49","0","8239"
"78","42","112","2","00:14:32","457","49","0","8240"
"114","205","146","2","00:14:32","500","251","0","8241"
"31","58","199","2","00:14:32","500","251","1","8242"
"76","34","2","2","00:14:33","500","251","1","8246"
"78","57","34","2","00:14:33","143","94","0","8247"
"42","76","61","2","00:14:33","143","251","1","8248"
"49","31","89","2","00:14:33","500","94","0","8249"
"205","4","165","2","00:14:33","100","206","1","8250"
"30","116","33","2","00:14:34","500","94","1","8252"
"125","21","191","2","00:14:34","500","94","0","8253"
"57","31","201","2","00:14:34","500","94","0","8254"
"23","210","203","2","00:14:34","300","150","0","8255"
"97","34","51","2","00:14:35","143","94","1","8257"
"73","23","196","2","00:14:35","143","251","0","8258"
"57","195","219","2","00:14:35","143","251","1","8259"
"58","109","19","2","00:14:36","247","73","1","8260"
"88","75","41","2","00:14:36","500","94","1","8261"
"189","58","115","2","00:14:36","500","251","1","8262"
"224","227","167","2","00:14:36","143","251","1","8263"
"57","23","31","2","00:14:37","300","150","0","8265"
"191","39","175","2","00:14:37","300","150","1","8266"
"89","23","195","2","00:14:37","143","251","0","8267"
"42","30","9","2","00:14:38","457","49","0","8268"
"30","55","49","2","00:14:38","143","251","1","8269"
"31","39","60","2","00:14:38","143","251","1","8270"
"42","78","179","2","00:14:38","457","49","1","8271"
"1","89","184","2","00:14:38","203","27","1","8272"
"31","4","197","2","00:14:38","143","94","0","8273"
"31","286","254","2","00:14:38","247","273","1","8274"
"76","31","47","2","00:14:39","143","94","0","8276"
"4","86","48","2","00:14:39","500","251","0","8277"
"88","39","188","2","00:14:39","397","273","1","8278"
"89","220","226","2","00:14:39","457","49","1","8279"
"34","31","46","2","00:14:40","143","251","0","8280"
"76","23","84","2","00:14:40","500","94","0","8281"
"89","30","158","2","00:14:40","457","49","0","8282"
"183","116","182","2","00:14:40","457","49","1","8283"
"190","88","233","2","00:14:41","300","150","0","8284"
"65","30","30","2","00:14:42","247","273","0","8287"
"75","116","92","2","00:14:42","500","94","0","8288"
"214","21","111","2","00:14:42","143","251","0","8289"
"4","76","129","2","00:14:42","397","73","0","8290"
"34","195","216","2","00:14:42","500","94","1","8291"
"78","30","269","2","00:14:42","500","251","0","8292"
"205","42","258","2","00:14:43","143","251","1","8293"
"42","73","61","2","00:14:44","143","251","1","8294"
"31","212","154","2","00:14:44","143","251","1","8295"
"57","89","178","2","00:14:44","457","49","0","8296"
"101","248","215","2","00:14:44","143","251","0","8297"
"156","55","49","2","00:14:45","143","94","1","8299"
"39","49","121","2","00:14:45","143","251","0","8300"
"89","57","140","2","00:14:45","247","273","0","8301"
"78","31","163","2","00:14:45","500","94","0","8302"
"224","89","266","2","00:14:45","457","49","1","8303"
"27","34","60","2","00:14:46","300","150","1","8306"
"227","88","120","2","00:14:46","100","49","1","8307"
"76","88","122","2","00:14:46","500","94","1","8308"
"1","248","246","2","00:14:46","500","94","1","8309"
"214","21","142","2","00:14:47","143","94","0","8311"
"16","86","187","2","00:14:47","500","251","1","8312"
"57","21","191","2","00:14:47","397","273","1","8313"
"30","189","256","2","00:14:47","457","49","1","8314"
"205","31","258","2","00:14:47","300","150","1","8315"
"205","34","240","2","00:14:48","397","73","0","8317"
"13","23","98","2","00:14:49","397","273","0","8319"
"205","27","148","2","00:14:49","457","49","1","8320"
"88","39","188","2","00:14:49","143","94","0","8321"
"23","217","208","2","00:14:49","143","251","1","8322"
"76","280","248","2","00:14:49","143","94","0","8323"
"30","101","66","2","00:14:50","457","206","1","8325"
"244","58","235","2","00:14:50","500","251","0","8326"
"189","61","262","2","00:14:50","143","251","1","8327"
"57","23","219","2","00:14:51","143","251","1","8328"
"201","58","264","2","00:14:51","143","94","1","8329"
"57","39","26","2","00:14:52","247","73","0","8332"
"21","89","153","2","00:14:52","247","273","1","8333"
"31","23","247","2","00:14:52","300","150","0","8334"
"34","15","259","2","00:14:52","100","206","0","8335"
"23","58","44","2","00:14:53","500","251","1","8336"
"34","15","56","2","00:14:53","457","49","1","8337"
"224","205","135","2","00:14:53","500","94","1","8338"
"57","21","206","2","00:14:53","500","94","1","8339"
"30","42","13","2","00:14:54","143","94","0","8340"
"78","76","29","2","00:14:54","300","150","1","8341"
"13","23","98","2","00:14:54","300","150","0","8342"
"78","39","173","2","00:14:54","500","251","1","8343"
"34","30","9","2","00:14:55","100","206","1","8344"
"81","1","42","2","00:14:55","300","150","1","8345"
"34","1","56","2","00:14:55","457","49","0","8346"
"97","37","107","2","00:14:55","247","273","1","8347"
"231","39","141","2","00:14:55","100","49","0","8348"
"31","65","17","2","00:14:56","500","251","1","8349"
"39","192","131","2","00:14:56","300","150","0","8350"
"97","4","132","2","00:14:56","143","94","1","8351"
"78","168","64","2","00:06:50","457","206","1","8352"
"224","35","135","2","00:06:50","143","251","1","8353"
"78","34","157","2","00:14:56","397","273","1","8354"
"57","21","207","2","00:06:50","247","73","0","8355"
"34","21","183","2","00:14:56","500","94","1","8356"
"248","88","226","2","00:06:50","353","227","1","8357"
"20","57","209","2","00:14:56","143","251","0","8358"
"1","88","34","2","00:06:51","300","150","1","8359"
"30","23","149","2","00:14:57","143","94","0","8360"
"36","31","141","2","00:06:51","457","206","0","8361"
"1","224","185","2","00:14:57","500","251","1","8362"
"15","54","34","2","00:14:58","247","73","1","8363"
"105","78","38","2","00:14:58","300","150","1","8364"
"34","286","229","2","00:14:58","100","206","0","8365"
"25","73","8","2","00:14:59","500","94","0","8366"
"21","73","210","2","00:14:59","500","94","1","8367"
"30","88","137","2","00:06:52","300","150","0","8368"
"21","97","230","2","00:14:59","397","273","0","8369"
"15","205","269","2","00:14:59","143","94","1","8370"
"23","39","51","2","00:15:00","143","94","1","8372"
"88","30","172","2","00:15:00","457","206","0","8373"
"23","39","175","2","00:06:52","100","206","1","8375"
"31","231","110","2","00:15:01","500","251","1","8376"
"101","30","212","2","00:06:52","143","251","0","8377"
"195","76","169","2","00:15:01","203","27","0","8378"
"65","31","227","2","00:06:52","500","251","0","8379"
"30","31","243","2","00:15:01","457","206","0","8380"
"109","97","23","2","00:06:53","500","94","0","8381"
"125","9","105","2","00:15:02","397","273","0","8382"
"76","21","84","2","00:06:53","500","94","0","8383"
"204","1","143","2","00:15:02","457","49","0","8384"
"35","57","120","2","00:06:53","300","150","1","8385"
"78","57","251","2","00:06:53","500","94","0","8386"
"280","101","260","2","00:06:53","300","150","1","8387"
"26","49","87","2","00:06:54","247","73","0","8388"
"34","58","53","2","00:15:03","143","94","1","8389"
"35","76","114","2","00:06:54","500","94","1","8390"
"23","224","115","2","00:15:03","500","94","1","8391"
"31","86","138","2","00:15:03","143","251","0","8392"
"4","42","167","2","00:15:03","500","94","0","8393"
"15","75","29","2","00:06:55","300","150","0","8396"
"75","21","63","2","00:15:04","143","251","1","8397"
"34","58","53","2","00:06:55","143","94","0","8398"
"21","75","136","2","00:15:04","300","150","1","8399"
"31","88","103","2","00:06:55","500","94","1","8400"
"42","76","238","2","00:15:04","143","94","0","8401"
"88","227","215","2","00:06:55","300","150","0","8402"
"101","21","84","2","00:15:05","300","150","1","8403"
"23","86","51","2","00:06:56","500","251","1","8404"
"34","224","125","2","00:15:05","100","206","0","8405"
"31","76","67","2","00:06:56","143","251","1","8406"
"9","21","23","2","00:15:06","143","251","1","8407"
"57","78","127","2","00:06:56","143","94","1","8408"
"142","156","62","2","00:15:06","100","206","0","8409"
"227","75","128","2","00:06:56","457","49","0","8410"
"189","30","119","2","00:15:06","143","251","1","8411"
"42","78","143","2","00:06:56","457","206","1","8412"
"21","13","134","2","00:15:06","500","251","1","8413"
"27","23","147","2","00:06:56","500","251","0","8414"
"30","73","154","2","00:15:06","300","150","0","8415"
"30","89","217","2","00:06:56","100","206","1","8416"
"78","34","157","2","00:15:06","143","251","0","8417"
"1","157","163","2","00:15:06","247","273","0","8418"
"76","34","164","2","00:15:06","397","273","0","8420"
"25","89","203","2","00:15:06","500","94","0","8422"
"115","76","40","2","00:06:57","457","49","1","8424"
"76","31","47","2","00:15:07","247","73","0","8425"
"30","55","49","2","00:06:57","143","94","1","8426"
"1","86","48","2","00:15:07","143","251","1","8427"
"76","23","86","2","00:06:57","247","273","0","8428"
"31","231","110","2","00:15:07","500","251","0","8429"
"34","195","102","2","00:06:57","300","150","1","8430"
"227","224","211","2","00:15:07","457","206","1","8431"
"31","76","138","2","00:06:57","300","150","1","8432"
"156","53","103","2","00:15:08","500","94","0","8433"
"58","195","191","2","00:06:57","143","94","1","8434"
"42","21","130","2","00:15:08","247","273","1","8435"
"98","78","180","2","00:15:08","500","94","0","8436"
"280","114","242","2","00:06:57","100","206","1","8437"
"75","1","45","2","00:06:58","457","49","0","8439"
"88","98","201","2","00:06:58","300","150","0","8441"
"65","23","25","2","00:15:09","143","251","0","8442"
"78","57","251","2","00:06:58","500","94","1","8443"
"31","1","190","2","00:15:09","143","251","1","8444"
"58","86","39","2","00:06:59","143","94","1","8445"
"42","57","71","2","00:15:10","100","206","1","8446"
"31","1","85","2","00:06:59","500","251","0","8447"
"76","45","104","2","00:15:10","100","49","1","8448"
"175","97","94","2","00:06:59","457","49","1","8449"
"49","35","112","2","00:15:10","100","49","1","8450"
"34","30","221","2","00:06:59","457","49","1","8451"
"227","75","128","2","00:15:10","457","49","0","8452"
"31","76","67","2","00:07:00","143","251","1","8453"
"97","101","208","2","00:15:10","247","273","0","8454"
"78","76","29","2","00:07:01","300","150","1","8455"
"34","42","236","2","00:15:10","300","150","1","8456"
"115","58","28","2","00:07:02","500","251","0","8457"
"30","114","242","2","00:15:10","203","27","1","8458"
"89","31","158","2","00:07:02","300","150","0","8459"
"89","21","195","2","00:07:02","143","251","1","8461"
"78","23","94","2","00:15:11","300","150","0","8462"
"42","31","161","2","00:15:11","203","227","1","8463"
"42","189","247","2","00:07:02","143","94","1","8464"
"4","116","172","2","00:15:11","300","150","0","8465"
"34","76","261","2","00:07:02","100","206","0","8466"
"42","31","35","2","00:15:12","500","94","0","8467"
"156","53","103","2","00:15:12","500","94","1","8468"
"76","57","10","2","00:07:03","500","251","1","8469"
"205","149","143","2","00:15:12","457","49","1","8470"
"42","57","165","2","00:15:12","300","150","1","8471"
"15","31","99","2","00:07:03","457","49","0","8472"
"89","21","195","2","00:15:12","143","94","1","8473"
"30","34","110","2","00:07:03","500","94","1","8474"
"76","78","218","2","00:15:12","500","94","1","8475"
"34","97","234","2","00:07:04","353","227","0","8476"
"39","101","197","2","00:15:13","143","251","1","8477"
"81","57","22","2","00:07:05","300","150","1","8478"
"142","156","62","2","00:15:14","100","49","0","8480"
"75","39","36","2","00:07:05","500","94","1","8481"
"1","75","133","2","00:15:14","500","94","1","8482"
"115","73","40","2","00:07:05","353","227","0","8483"
"89","195","159","2","00:15:14","300","150","1","8484"
"45","138","240","2","00:07:05","143","251","0","8485"
"1","89","187","2","00:15:14","500","251","1","8486"
"47","4","243","2","00:07:05","457","206","0","8487"
"101","57","72","2","00:15:15","500","94","1","8488"
"88","23","244","2","00:07:05","143","251","1","8489"
"21","13","134","2","00:15:15","500","251","0","8490"
"30","23","256","2","00:07:05","100","206","0","8491"
"89","25","196","2","00:15:15","143","251","0","8492"
"30","73","154","2","00:07:06","300","150","1","8493"
"23","57","209","2","00:15:15","143","94","0","8494"
"89","224","211","2","00:15:15","457","206","1","8495"
"78","4","185","2","00:07:07","300","150","1","8496"
"30","61","22","2","00:15:16","500","94","0","8497"
"244","88","235","2","00:07:07","143","94","0","8498"
"23","214","100","2","00:15:16","300","150","1","8499"
"30","195","149","2","00:15:16","500","251","1","8501"
"205","244","232","2","00:15:16","353","27","1","8503"
"73","286","235","2","00:15:16","500","251","0","8505"
"4","76","238","2","00:15:16","300","150","0","8506"
"31","1","42","2","00:07:09","143","94","0","8507"
"34","27","46","2","00:07:09","143","94","1","8509"
"75","78","118","2","00:15:18","500","94","1","8510"
"89","57","140","2","00:07:09","500","94","0","8511"
"101","189","207","2","00:15:18","500","251","0","8512"
"224","30","172","2","00:07:09","100","49","0","8513"
"227","4","231","2","00:15:18","203","227","1","8514"
"23","4","262","2","00:07:09","500","251","0","8515"
"30","78","121","2","00:15:19","500","251","0","8516"
"109","76","57","2","00:07:10","397","273","1","8518"
"227","75","128","2","00:07:10","457","49","1","8519"
"4","244","224","2","00:07:10","500","251","0","8520"
"89","21","195","2","00:15:19","143","251","0","8521"
"61","76","267","2","00:07:10","500","251","0","8522"
"224","97","234","2","00:15:19","100","49","0","8523"
"4","49","101","2","00:07:11","457","49","0","8524"
"31","23","156","2","00:07:11","500","94","0","8526"
"75","21","86","2","00:15:20","500","251","1","8527"
"34","57","120","2","00:07:12","203","227","0","8528"
"21","13","134","2","00:15:20","143","251","0","8529"
"30","227","146","2","00:07:12","300","150","0","8530"
"88","23","144","2","00:15:20","300","150","0","8531"
"98","78","190","2","00:07:12","143","94","0","8532"
"190","57","181","2","00:15:20","457","49","0","8533"
"39","101","197","2","00:07:12","300","150","1","8534"
"61","30","214","2","00:15:20","397","73","1","8535"
"23","75","40","2","00:15:21","457","49","0","8536"
"78","156","89","2","00:15:21","143","251","1","8538"
"105","15","38","2","00:07:13","500","94","0","8539"
"42","125","114","2","00:15:21","100","49","1","8540"
"21","78","50","2","00:07:13","500","94","0","8541"
"30","181","121","2","00:15:21","500","251","1","8542"
"65","220","122","2","00:07:13","300","150","1","8543"
"88","75","108","2","00:15:22","300","150","0","8544"
"76","21","142","2","00:07:13","397","273","0","8545"
"76","42","177","2","00:15:22","143","251","0","8546"
"227","31","231","2","00:07:13","457","206","0","8547"
"183","31","182","2","00:15:22","457","206","0","8548"
"34","30","221","2","00:15:22","300","150","0","8549"
"224","76","261","2","00:15:22","100","49","1","8551"
"21","30","20","2","00:07:14","300","150","0","8552"
"21","88","44","2","00:07:14","500","94","0","8554"
"76","55","72","2","00:07:14","500","251","1","8556"
"57","30","3","2","00:15:23","143","251","0","8557"
"30","227","217","2","00:07:14","100","49","1","8558"
"31","73","154","2","00:15:23","500","94","1","8559"
"248","61","231","2","00:15:23","300","150","1","8560"
"280","114","242","2","00:15:23","100","49","1","8561"
"81","34","13","2","00:15:24","143","94","0","8562"
"58","224","268","2","00:15:24","143","251","1","8563"
"142","78","15","2","00:15:25","500","251","0","8565"
"1","76","57","2","00:15:25","500","94","0","8566"
"76","57","222","2","00:07:14","300","150","1","8567"
"227","191","102","2","00:15:25","300","150","1","8568"
"195","101","233","2","00:07:14","300","150","1","8569"
"34","31","9","2","00:07:15","100","206","1","8570"
"23","183","126","2","00:15:26","500","251","1","8571"
"65","42","21","2","00:07:15","500","94","1","8572"
"125","76","129","2","00:15:26","143","251","0","8573"
"23","58","28","2","00:07:15","500","251","1","8574"
"209","224","211","2","00:15:26","300","150","0","8575"
"125","195","111","2","00:07:15","300","150","0","8576"
"280","4","258","2","00:15:26","397","273","0","8577"
"138","61","236","2","00:07:15","100","206","0","8578"
"15","244","255","2","00:07:15","143","94","0","8580"
"15","31","99","2","00:15:27","457","49","0","8581"
"75","1","45","2","00:07:16","300","150","0","8582"
"75","116","116","2","00:15:27","300","150","1","8583"
"78","31","163","2","00:07:16","143","94","0","8584"
"227","57","120","2","00:15:28","457","49","1","8585"
"189","42","186","2","00:07:16","457","206","0","8586"
"224","34","155","2","00:15:28","500","94","0","8587"
"1","42","157","2","00:15:28","500","94","1","8588"
"183","57","185","2","00:15:28","397","73","1","8589"
"78","248","246","2","00:15:28","143","251","1","8590"
"31","1","85","2","00:15:29","500","94","0","8591"
"78","23","94","2","00:15:29","300","150","0","8592"
"16","57","171","2","00:15:29","300","150","1","8593"
"73","224","245","2","00:07:16","143","251","1","8594"
"102","55","44","2","00:15:30","143","94","0","8595"
"42","214","114","2","00:07:17","300","150","1","8596"
"23","212","100","2","00:15:30","300","150","1","8597"
"40","27","148","2","00:07:17","457","49","1","8598"
"76","1","105","2","00:15:30","500","94","0","8599"
"125","76","129","2","00:15:30","143","251","1","8600"
"23","89","153","2","00:15:30","143","94","1","8601"
"1","31","163","2","00:15:30","500","94","0","8602"
"101","195","206","2","00:15:30","500","251","1","8603"
"97","30","6","2","00:15:31","500","94","1","8604"
"97","27","55","2","00:07:18","143","94","0","8605"
"65","1","52","2","00:15:31","143","94","0","8606"
"15","31","99","2","00:07:18","353","227","1","8607"
"37","78","56","2","00:15:31","353","227","1","8608"
"39","101","197","2","00:07:18","397","73","0","8609"
"76","183","145","2","00:15:31","300","150","0","8610"
"81","34","13","2","00:07:19","500","94","1","8611"
"57","183","162","2","00:15:31","300","150","0","8612"
"88","115","191","2","00:15:32","143","251","0","8613"
"13","30","221","2","00:15:32","100","206","1","8614"
"23","81","55","2","00:15:33","500","251","1","8616"
"57","34","155","2","00:15:33","500","251","0","8617"
"23","15","38","2","00:07:19","500","94","1","8618"
"190","209","203","2","00:15:33","397","73","0","8619"
"227","75","128","2","00:07:19","457","49","1","8620"
"244","195","241","2","00:15:33","143","251","0","8621"
"78","205","139","2","00:07:19","500","94","0","8622"
"57","86","26","2","00:07:20","500","251","1","8624"
"73","42","2","2","00:15:34","143","251","1","8625"
"75","30","116","2","00:07:20","143","94","0","8626"
"156","21","58","2","00:15:34","143","251","1","8627"
"89","88","122","2","00:07:20","143","94","1","8628"
"86","21","73","2","00:15:34","100","49","0","8629"
"57","15","19","2","00:15:35","300","150","1","8630"
"35","109","68","2","00:07:22","100","49","1","8633"
"227","88","226","2","00:15:36","353","227","1","8634"
"30","4","199","2","00:07:22","500","94","0","8635"
"34","75","266","2","00:07:22","203","227","0","8637"
"78","86","32","2","00:15:37","143","94","0","8638"
"34","23","24","2","00:07:23","500","94","1","8639"
"191","101","132","2","00:15:37","143","94","0","8640"
"1","42","157","2","00:15:37","143","251","0","8641"
"86","39","227","2","00:15:37","500","94","1","8642"
"31","75","67","2","00:15:38","143","251","1","8643"
"116","21","156","2","00:15:38","500","94","0","8644"
"78","76","57","2","00:07:23","397","73","0","8645"
"42","183","179","2","00:07:23","457","49","1","8646"
"42","195","183","2","00:07:23","500","251","1","8647"
"42","73","5","2","00:07:24","300","150","1","8648"
"101","88","10","2","00:07:24","500","251","0","8649"
"23","15","38","2","00:07:24","500","94","0","8650"
"86","20","43","2","00:07:24","143","251","0","8651"
"86","57","71","2","00:07:24","300","150","0","8652"
"78","39","173","2","00:07:24","143","251","0","8653"
"97","34","250","2","00:07:24","143","251","1","8654"
"16","57","171","2","00:15:38","500","94","0","8655"
"21","36","252","2","00:07:24","247","73","0","8656"
"61","244","238","2","00:15:38","300","150","1","8657"
"30","73","67","2","00:07:25","500","94","1","8660"
"189","76","210","2","00:15:39","143","251","1","8661"
"190","65","136","2","00:07:25","143","251","0","8662"
"248","61","231","2","00:15:39","100","49","0","8663"
"21","75","203","2","00:07:25","143","251","0","8664"
"101","86","21","2","00:15:40","500","251","0","8666"
"39","88","106","2","00:15:40","247","273","1","8667"
"23","34","107","2","00:15:40","247","273","1","8668"
"189","30","119","2","00:15:40","500","94","0","8669"
"244","40","248","2","00:15:40","500","94","1","8670"
"35","97","24","2","00:15:41","500","94","1","8671"
"34","23","183","2","00:15:41","300","150","0","8673"
"58","114","215","2","00:15:41","500","251","0","8674"
"34","31","9","2","00:07:26","100","49","1","8675"
"78","58","251","2","00:15:41","500","94","0","8676"
"31","1","42","2","00:07:26","143","251","1","8677"
"78","244","255","2","00:15:41","500","94","1","8678"
"31","206","214","2","00:07:26","143","251","1","8679"
"31","76","238","2","00:07:26","500","94","1","8681"
"76","88","122","2","00:15:42","143","94","1","8684"
"58","1","69","2","00:07:27","143","94","1","8685"
"97","13","96","2","00:15:43","500","251","1","8686"
"30","34","110","2","00:07:27","143","251","0","8687"
"65","31","47","2","00:15:45","143","94","1","8688"
"23","183","123","2","00:07:27","143","94","1","8689"
"102","183","123","2","00:15:45","500","94","0","8690"
"76","97","142","2","00:15:45","500","94","1","8691"
"189","78","126","2","00:07:27","500","251","1","8692"
"231","31","161","2","00:07:27","457","49","0","8694"
"4","23","59","2","00:15:46","100","206","1","8695"
"98","78","190","2","00:07:27","143","94","0","8696"
"75","31","174","2","00:15:46","143","94","1","8697"
"61","31","3","2","00:07:28","143","251","1","8698"
"23","101","233","2","00:15:46","247","273","0","8699"
"227","4","125","2","00:07:28","457","49","0","8700"
"142","212","234","2","00:15:46","100","206","0","8701"
"31","227","146","2","00:07:28","300","150","1","8702"
"45","89","242","2","00:15:46","353","227","1","8703"
"58","42","155","2","00:07:28","143","94","1","8704"
"15","244","255","2","00:07:28","500","251","1","8706"
"15","116","4","2","00:15:47","500","94","1","8708"
"16","42","16","2","00:15:47","143","251","1","8709"
"76","34","36","2","00:15:47","143","94","0","8710"
"157","183","190","2","00:15:47","247","73","0","8711"
"183","75","133","2","00:15:48","397","73","1","8712"
"88","23","144","2","00:15:48","300","150","1","8713"
"98","89","166","2","00:15:48","143","94","1","8714"
"157","42","170","2","00:15:48","500","94","0","8715"
"78","42","213","2","00:15:48","143","251","0","8716"
"76","57","10","2","00:15:49","247","73","0","8717"
"78","88","34","2","00:15:49","500","94","1","8718"
"97","49","97","2","00:15:49","143","251","0","8719"
"57","30","152","2","00:15:49","143","251","1","8720"
"89","32","158","2","00:15:49","457","206","1","8721"
"76","57","235","2","00:15:49","143","94","1","8722"
"1","76","57","2","00:15:50","397","273","1","8724"
"21","31","6","2","00:15:52","300","150","0","8726"
"97","142","44","2","00:15:52","143","251","1","8727"
"35","27","9","2","00:16:48","100","49","0","8728"
"35","118","179","2","00:15:52","100","49","0","8729"
"61","101","264","2","00:15:52","143","94","0","8730"
"61","80","3","2","00:15:53","300","150","0","8731"
"30","142","37","2","00:15:53","500","94","0","8732"
"31","58","176","2","00:15:53","143","94","1","8733"
"34","42","236","2","00:15:53","457","206","1","8734"
"81","57","22","2","00:16:48","397","273","1","8735"
"34","32","35","2","00:16:48","143","251","0","8737"
"30","105","58","2","00:15:54","143","251","1","8738"
"1","35","139","2","00:16:48","143","94","1","8739"
"88","116","172","2","00:15:54","100","206","0","8740"
"23","183","230","2","00:16:48","500","251","0","8741"
"224","86","178","2","00:15:54","300","150","0","8742"
"42","78","68","2","00:16:49","300","150","0","8743"
"23","57","181","2","00:15:54","457","206","1","8744"
"89","34","189","2","00:16:49","143","251","1","8745"
"42","73","224","2","00:15:54","143","251","0","8746"
"58","115","31","2","00:15:55","143","94","1","8747"
"34","75","266","2","00:16:49","457","49","1","8748"
"89","195","111","2","00:15:55","143","251","0","8749"
"49","4","113","2","00:15:55","300","150","1","8750"
"4","25","191","2","00:15:55","143","94","1","8752"
"23","31","6","2","00:16:50","300","150","1","8755"
"30","42","13","2","00:15:56","500","251","0","8756"
"78","30","20","2","00:16:50","300","150","1","8757"
"35","65","61","2","00:15:56","247","273","1","8758"
"97","35","124","2","00:16:50","500","251","1","8759"
"125","88","72","2","00:15:56","500","94","1","8760"
"31","57","137","2","00:15:56","143","94","0","8761"
"57","157","172","2","00:16:50","353","27","1","8762"
"101","35","2","2","00:15:57","143","251","1","8763"
"78","42","213","2","00:16:50","143","251","1","8764"
"42","57","53","2","00:15:57","143","94","0","8765"
"61","21","247","2","00:16:50","143","251","1","8766"
"34","1","68","2","00:15:57","203","27","0","8767"
"149","88","71","2","00:15:57","300","150","0","8768"
"21","183","134","2","00:15:57","143","251","0","8769"
"57","34","167","2","00:15:58","300","150","1","8771"
"201","101","199","2","00:15:58","500","94","0","8772"
"65","227","257","2","00:16:50","143","94","0","8774"
"23","76","40","2","00:15:59","100","49","0","8775"
"35","183","143","2","00:15:59","457","49","0","8777"
"23","58","28","2","00:16:51","143","251","0","8778"
"221","191","206","2","00:15:59","300","150","1","8779"
"23","57","208","2","00:16:51","500","251","1","8780"
"78","97","98","2","00:16:00","500","251","1","8781"
"42","57","125","2","00:16:00","100","49","1","8783"
"30","57","103","2","00:16:01","500","94","0","8785"
"75","58","140","2","00:16:01","143","251","1","8786"
"114","57","176","2","00:16:01","247","273","0","8787"
"78","29","20","2","00:16:52","143","251","0","8789"
"101","35","21","2","00:16:02","397","73","0","8790"
"76","42","21","2","00:16:52","143","94","1","8791"
"206","190","102","2","00:16:02","300","150","1","8792"
"34","75","114","2","00:16:52","300","150","0","8793"
"34","97","130","2","00:16:02","500","94","1","8794"
"4","23","160","2","00:16:02","143","251","0","8795"
"23","101","233","2","00:16:02","143","251","0","8796"
"15","227","220","2","00:16:52","143","251","1","8798"
"35","101","5","2","00:16:04","300","150","1","8799"
"86","30","35","2","00:16:04","300","150","0","8800"
"125","58","72","2","00:16:04","500","251","1","8801"
"42","89","150","2","00:16:04","300","150","0","8802"
"89","30","158","2","00:16:04","300","150","1","8803"
"1","75","187","2","00:16:04","500","94","0","8804"
"15","23","23","2","00:16:53","500","251","1","8805"
"97","4","50","2","00:16:53","143","251","0","8807"
"65","109","52","2","00:16:05","500","251","1","8809"
"201","75","138","2","00:16:05","500","94","0","8810"
"57","31","152","2","00:16:05","500","251","1","8811"
"15","316","255","2","00:16:05","500","94","1","8812"
"156","65","67","2","00:16:53","500","251","0","8813"
"73","42","36","2","00:16:07","143","251","1","8814"
"75","23","111","2","00:16:53","500","251","0","8815"
"89","23","142","2","00:16:53","300","150","1","8817"
"212","42","104","2","00:16:08","300","150","0","8818"
"4","195","160","2","00:16:53","143","251","1","8819"
"75","49","118","2","00:16:08","500","94","0","8820"
"78","76","187","2","00:16:54","500","94","1","8821"
"183","39","173","2","00:16:08","143","251","1","8822"
"1","30","269","2","00:16:54","500","251","1","8823"
"224","86","178","2","00:16:08","457","206","1","8824"
"161","23","191","2","00:16:08","500","251","0","8825"
"57","89","178","2","00:16:55","300","150","1","8826"
"76","114","257","2","00:16:08","500","94","1","8827"
"31","78","42","2","00:16:56","143","251","0","8828"
"42","75","114","2","00:16:56","300","150","1","8830"
"61","31","3","2","00:16:09","143","251","1","8831"
"21","220","115","2","00:16:56","300","150","1","8832"
"98","58","22","2","00:16:09","143","251","1","8833"
"76","101","140","2","00:16:56","500","94","1","8834"
"35","21","24","2","00:16:09","143","251","0","8835"
"42","61","53","2","00:16:09","143","251","1","8836"
"31","23","149","2","00:16:56","500","94","1","8837"
"57","65","41","2","00:16:10","143","94","1","8838"
"31","76","17","2","00:16:57","143","251","1","8839"
"30","109","42","2","00:16:10","397","73","0","8840"
"88","98","62","2","00:16:57","100","49","0","8841"
"21","138","55","2","00:16:10","397","273","0","8842"
"65","105","84","2","00:16:57","500","94","1","8843"
"31","21","131","2","00:16:10","500","251","1","8844"
"76","97","86","2","00:16:57","143","94","1","8845"
"21","57","132","2","00:16:10","143","251","1","8846"
"23","78","96","2","00:16:57","500","251","0","8847"
"1","21","225","2","00:16:10","397","73","0","8848"
"34","31","161","2","00:16:57","457","49","0","8849"
"73","42","36","2","00:16:11","143","251","0","8851"
"156","101","67","2","00:16:11","500","94","0","8852"
"98","49","87","2","00:16:11","500","94","0","8853"
"97","16","96","2","00:16:11","500","94","0","8854"
"227","34","211","2","00:16:11","457","49","1","8855"
"73","97","196","2","00:16:57","300","150","1","8856"
"78","23","95","2","00:16:58","143","251","1","8858"
"35","1","68","2","00:16:12","457","49","1","8859"
"23","78","97","2","00:16:58","300","150","1","8860"
"23","42","124","2","00:16:12","143","251","0","8861"
"109","21","98","2","00:16:58","500","251","1","8862"
"224","1","151","2","00:16:12","143","94","0","8863"
"23","78","123","2","00:16:58","500","251","1","8864"
"21","42","186","2","00:16:12","100","206","0","8865"
"78","4","185","2","00:16:58","500","94","1","8866"
"58","89","249","2","00:16:12","500","251","0","8867"
"105","101","40","2","00:16:59","457","206","0","8870"
"65","30","116","2","00:16:59","247","273","1","8872"
"57","31","62","2","00:16:13","457","206","0","8875"
"89","78","145","2","00:17:00","500","94","0","8876"
"65","116","84","2","00:16:14","500","94","1","8877"
"57","31","172","2","00:17:00","457","49","0","8878"
"76","104","86","2","00:16:14","500","94","1","8879"
"57","31","188","2","00:17:00","500","94","0","8880"
"15","227","220","2","00:17:00","143","251","1","8881"
"101","214","129","2","00:16:14","500","94","0","8882"
"35","27","143","2","00:16:14","457","49","0","8883"
"30","35","13","2","00:17:01","143","94","1","8884"
"210","34","189","2","00:16:14","500","251","1","8885"
"86","4","71","2","00:17:01","457","49","1","8886"
"31","35","146","2","00:17:01","143","251","1","8887"
"15","316","255","2","00:16:14","247","273","1","8888"
"100","31","227","2","00:17:01","500","94","1","8889"
"280","313","232","2","00:16:15","100","206","1","8890"
"73","88","10","2","00:17:02","500","94","1","8891"
"97","78","50","2","00:16:16","500","251","1","8892"
"31","101","103","2","00:17:03","500","251","1","8893"
"1","88","113","2","00:16:16","300","150","1","8894"
"57","32","188","2","00:17:04","500","94","0","8896"
"204","76","128","2","00:17:05","100","206","0","8897"
"31","23","156","2","00:17:05","143","251","1","8898"
"57","89","178","2","00:17:05","100","206","1","8899"
"75","49","118","2","00:16:16","500","94","0","8900"
"4","23","206","2","00:16:16","143","251","1","8901"
"227","78","148","2","00:17:06","457","49","1","8902"
"23","45","265","2","00:16:16","500","94","1","8903"
"1","75","29","2","00:17:07","300","150","1","8904"
"75","198","116","2","00:16:17","500","94","1","8905"
"31","42","60","2","00:17:07","500","251","1","8906"
"76","78","218","2","00:16:17","247","273","0","8907"
"65","1","14","2","00:16:18","457","206","1","8909"
"42","21","24","2","00:16:18","143","94","1","8910"
"75","195","111","2","00:16:18","143","251","0","8911"
"40","125","61","2","00:17:07","143","94","1","8912"
"30","195","156","2","00:16:18","300","150","1","8913"
"21","75","88","2","00:17:07","500","251","0","8914"
"76","191","159","2","00:16:18","300","150","0","8915"
"89","227","189","2","00:17:07","143","251","1","8916"
"30","183","228","2","00:17:07","353","227","1","8918"
"138","224","106","2","00:16:19","500","251","0","8919"
"231","78","148","2","00:16:19","457","49","0","8921"
"57","100","54","2","00:17:08","500","251","0","8922"
"195","31","168","2","00:16:19","397","73","0","8923"
"57","89","108","2","00:17:08","500","94","1","8924"
"30","248","242","2","00:16:19","353","227","0","8925"
"76","89","257","2","00:16:19","397","273","0","8926"
"142","78","151","2","00:17:08","500","251","0","8927"
"15","27","27","2","00:16:20","143","94","0","8928"
"205","195","183","2","00:17:08","143","251","0","8929"
"78","42","48","2","00:16:20","300","150","0","8930"
"97","89","246","2","00:17:08","500","94","0","8932"
"76","224","140","2","00:16:21","300","150","1","8933"
"109","39","16","2","00:17:09","397","73","1","8934"
"101","97","144","2","00:16:21","300","150","1","8935"
"34","23","24","2","00:17:09","500","94","0","8936"
"57","89","215","2","00:16:21","143","94","1","8937"
"125","34","104","2","00:17:09","100","49","1","8938"
"57","21","144","2","00:17:09","500","251","0","8940"
"23","35","12","2","00:16:22","500","251","0","8941"
"30","57","49","2","00:17:10","143","251","1","8942"
"23","114","119","2","00:16:22","500","251","0","8943"
"57","49","69","2","00:17:10","500","251","1","8944"
"217","1","151","2","00:16:22","143","251","0","8945"
"49","97","94","2","00:17:10","300","150","0","8946"
"97","65","8","2","00:16:23","143","94","1","8949"
"42","21","24","2","00:16:23","247","73","0","8951"
"58","35","26","2","00:16:23","143","94","1","8953"
"73","78","45","2","00:17:11","457","49","0","8954"
"76","205","177","2","00:17:11","247","273","0","8955"
"88","81","3","2","00:16:24","300","150","1","8956"
"89","109","14","2","00:16:24","457","49","0","8958"
"97","30","6","2","00:17:12","500","94","0","8959"
"58","195","160","2","00:16:24","143","94","1","8960"
"1","73","133","2","00:17:12","500","251","0","8961"
"183","101","185","2","00:16:24","300","150","1","8962"
"280","88","260","2","00:17:12","100","206","1","8963"
"57","89","215","2","00:16:24","143","94","0","8964"
"65","39","2","2","00:17:13","397","273","0","8965"
"98","1","180","2","00:17:13","500","251","0","8966"
"23","206","265","2","00:16:24","500","94","1","8967"
"23","4","115","2","00:17:14","300","150","0","8968"
"1","34","112","2","00:16:25","457","206","0","8969"
"35","191","130","2","00:17:14","143","94","1","8970"
"76","57","222","2","00:16:25","143","251","1","8971"
"75","23","25","2","00:17:15","300","150","1","8972"
"76","224","245","2","00:16:25","247","273","1","8973"
"58","23","59","2","00:17:15","457","49","1","8974"
"280","35","258","2","00:16:25","500","94","1","8975"
"109","98","64","2","00:17:15","457","206","1","8976"
"61","58","264","2","00:16:25","500","251","0","8977"
"138","76","67","2","00:17:15","143","94","0","8978"
"65","97","84","2","00:16:26","500","94","1","8979"
"125","42","104","2","00:17:15","457","206","0","8980"
"13","23","95","2","00:16:26","500","94","0","8981"
"73","78","145","2","00:17:15","143","251","1","8982"
"31","26","267","2","00:16:26","143","251","1","8983"
"97","76","8","2","00:16:27","143","94","0","8985"
"16","39","99","2","00:17:16","100","206","0","8986"
"109","142","34","2","00:16:27","143","251","1","8987"
"31","227","146","2","00:17:16","143","94","0","8988"
"42","30","141","2","00:16:27","457","206","0","8989"
"31","57","37","2","00:16:28","500","94","1","8990"
"30","109","42","2","00:16:28","397","73","1","8991"
"35","105","73","2","00:16:28","457","49","1","8992"
"13","30","89","2","00:16:28","300","150","1","8993"
"78","21","147","2","00:17:16","500","251","0","8994"
"31","89","253","2","00:17:16","247","273","1","8997"
"116","65","40","2","00:16:29","100","49","0","8998"
"78","210","133","2","00:16:29","500","94","1","9000"
"248","195","239","2","00:16:29","100","206","0","9002"
"88","101","41","2","00:17:17","500","94","0","9003"
"31","42","13","2","00:16:30","500","251","0","9004"
"30","23","131","2","00:17:17","500","251","0","9005"
"39","81","35","2","00:16:30","247","273","0","9006"
"57","75","129","2","00:16:30","500","251","1","9007"
"61","21","247","2","00:16:30","143","94","0","9008"
"259","76","255","2","00:16:30","300","150","0","9009"
"4","30","152","2","00:17:17","143","94","1","9010"
"65","39","21","2","00:16:31","300","150","1","9011"
"1","116","163","2","00:17:17","247","73","1","9012"
"21","156","55","2","00:16:31","143","94","1","9013"
"76","23","111","2","00:16:31","300","150","0","9015"
"30","78","121","2","00:17:18","300","150","0","9016"
"1","57","171","2","00:17:18","247","73","0","9017"
"4","195","160","2","00:16:31","143","251","1","9018"
"109","97","4","2","00:17:19","143","251","0","9019"
"21","31","168","2","00:16:31","143","251","0","9020"
"21","73","8","2","00:17:19","143","94","1","9021"
"224","4","236","2","00:16:31","457","49","0","9022"
"30","57","49","2","00:17:19","143","94","1","9023"
"58","23","59","2","00:17:19","457","206","1","9024"
"78","231","112","2","00:17:19","203","227","0","9025"
"58","21","15","2","00:16:32","300","150","1","9026"
"191","1","134","2","00:17:19","143","94","0","9027"
"142","34","39","2","00:16:32","500","251","0","9028"
"88","206","212","2","00:17:19","500","251","0","9029"
"21","142","44","2","00:16:32","143","251","0","9030"
"23","4","50","2","00:17:20","143","94","1","9031"
"57","23","191","2","00:16:32","500","94","0","9032"
"31","57","197","2","00:17:20","247","273","1","9033"
"76","224","245","2","00:16:32","247","73","1","9034"
"23","15","230","2","00:17:20","500","94","1","9035"
"97","86","153","2","00:16:33","500","251","1","9036"
"39","27","35","2","00:17:21","500","251","0","9037"
"4","76","224","2","00:16:33","143","251","1","9038"
"105","78","38","2","00:17:21","143","94","1","9039"
"4","115","253","2","00:16:33","500","251","1","9040"
"109","23","98","2","00:17:21","500","94","0","9041"
"75","23","86","2","00:16:34","143","251","1","9042"
"58","231","135","2","00:17:21","143","94","0","9043"
"23","42","186","2","00:16:34","457","206","0","9044"
"39","191","131","2","00:17:22","300","150","0","9045"
"189","30","265","2","00:17:22","143","94","0","9047"
"31","15","11","2","00:16:35","143","251","1","9048"
"65","31","30","2","00:16:35","500","251","0","9050"
"23","78","96","2","00:17:23","143","251","1","9051"
"49","65","57","2","00:16:35","143","251","1","9052"
"205","183","143","2","00:17:23","353","27","0","9053"
"140","103","59","2","00:16:35","203","27","1","9054"
"76","21","196","2","00:17:23","300","150","1","9055"
"1","62","113","2","00:16:35","143","251","1","9056"
"23","34","252","2","00:17:23","143","94","1","9057"
"58","195","244","2","00:16:35","143","94","0","9058"
"42","65","114","2","00:17:24","300","150","1","9059"
"76","31","116","2","00:16:36","500","94","1","9060"
"39","65","138","2","00:17:24","500","251","0","9061"
"65","1","118","2","00:16:36","300","150","1","9062"
"49","105","94","2","00:17:25","300","150","0","9063"
"4","76","178","2","00:16:36","353","27","1","9064"
"23","76","8","2","00:16:37","143","94","1","9065"
"78","81","20","2","00:16:37","500","251","0","9066"
"23","15","38","2","00:16:37","500","251","1","9067"
"231","30","161","2","00:16:37","203","227","1","9068"
"88","49","101","2","00:16:38","100","206","0","9069"
"4","30","201","2","00:16:38","500","251","1","9070"
"97","34","186","2","00:17:25","100","49","1","9071"
"114","316","263","2","00:16:38","353","227","1","9072"
"58","190","219","2","00:17:25","500","251","1","9073"
"34","75","128","2","00:17:26","457","206","1","9076"
"76","34","177","2","00:17:26","143","94","1","9077"
"49","30","221","2","00:17:26","457","49","0","9078"
"75","15","105","2","00:17:27","247","73","0","9079"
"1","88","113","2","00:17:27","500","94","1","9080"
"42","88","120","2","00:17:27","100","49","1","9081"
"30","78","121","2","00:17:27","143","251","0","9082"
"23","31","20","2","00:17:28","397","273","1","9083"
"57","75","54","2","00:17:28","500","251","1","9084"
"75","57","72","2","00:17:28","143","94","1","9085"
"31","88","106","2","00:17:28","300","150","1","9086"
"39","142","53","2","00:17:29","143","251","1","9087"
"42","39","141","2","00:17:29","203","27","0","9088"
"224","20","144","2","00:17:29","143","94","0","9089"
"110","34","157","2","00:13:50","500","94","0","9090"
"34","31","161","2","00:17:29","457","206","0","9091"
"227","101","165","2","00:17:29","300","150","0","9092"
"280","114","242","2","00:13:50","100","206","1","9093"
"97","86","12","2","00:17:30","397","273","1","9096"
"78","142","65","2","00:17:31","143","251","1","9097"
"210","227","164","2","00:17:31","397","73","1","9098"
"31","88","199","2","00:17:31","300","150","1","9099"
"224","89","108","2","00:17:32","247","73","0","9100"
"227","97","183","2","00:17:32","143","251","1","9102"
"31","88","22","2","00:13:51","247","273","1","9103"
"116","86","51","2","00:17:33","500","251","1","9104"
"125","23","92","2","00:13:51","143","94","1","9105"
"89","34","211","2","00:17:34","457","49","0","9106"
"89","97","142","2","00:13:51","143","251","1","9107"
"57","31","201","2","00:13:51","300","150","0","9109"
"190","35","107","2","00:17:35","300","150","0","9110"
"97","66","204","2","00:13:51","143","94","1","9111"
"220","313","263","2","00:13:51","100","49","0","9112"
"23","58","115","2","00:17:35","300","150","1","9113"
"31","76","67","2","00:13:52","500","251","0","9114"
"195","4","181","2","00:17:35","100","49","1","9115"
"39","21","131","2","00:13:52","247","73","0","9116"
"21","76","203","2","00:17:35","300","150","1","9117"
"205","183","179","2","00:13:52","457","206","1","9118"
"23","76","40","2","00:17:36","457","49","1","9119"
"100","31","227","2","00:13:52","500","94","0","9120"
"30","227","146","2","00:17:36","143","251","1","9122"
"97","220","115","2","00:13:53","300","150","0","9123"
"157","45","214","2","00:17:36","143","94","1","9124"
"42","21","117","2","00:13:53","457","206","1","9125"
"227","23","130","2","00:13:53","300","150","1","9127"
"81","1","11","2","00:17:37","143","94","0","9128"
"69","34","21","2","00:13:54","143","94","1","9129"
"23","31","20","2","00:17:37","143","94","0","9130"
"86","195","142","2","00:13:54","300","150","1","9131"
"57","205","167","2","00:13:54","500","251","1","9132"
"73","86","21","2","00:17:37","500","251","1","9133"
"75","31","47","2","00:17:37","247","273","0","9135"
"34","23","24","2","00:13:55","500","251","0","9136"
"31","97","156","2","00:13:55","500","94","0","9137"
"58","190","219","2","00:17:37","397","73","1","9138"
"73","23","241","2","00:13:55","143","251","1","9139"
"23","76","8","2","00:13:56","143","251","0","9141"
"73","195","195","2","00:13:56","300","150","0","9142"
"1","97","23","2","00:17:38","143","251","1","9143"
"57","34","268","2","00:13:56","500","94","1","9144"
"21","201","168","2","00:13:57","300","150","1","9146"
"183","280","269","2","00:13:57","143","94","1","9147"
"1","57","34","2","00:17:39","500","94","0","9148"
"75","1","52","2","00:17:39","143","251","0","9150"
"114","231","146","2","00:13:58","500","94","1","9151"
"57","31","201","2","00:13:58","143","251","0","9152"
"21","76","153","2","00:17:39","500","94","0","9153"
"75","210","211","2","00:13:58","457","49","0","9154"
"42","76","5","2","00:17:40","300","150","1","9155"
"73","1","145","2","00:17:40","143","251","1","9157"
"30","57","49","2","00:13:59","143","251","1","9158"
"214","227","164","2","00:17:40","143","94","0","9159"
"76","116","86","2","00:13:59","143","94","1","9160"
"205","73","150","2","00:13:59","457","49","0","9161"
"75","42","177","2","00:17:40","143","94","0","9162"
"31","88","264","2","00:13:59","500","94","0","9163"
"1","21","4","2","00:14:00","500","94","0","9167"
"98","49","85","2","00:17:41","500","251","0","9168"
"57","75","18","2","00:14:00","143","94","0","9169"
"57","195","219","2","00:14:00","397","273","0","9170"
"42","21","247","2","00:17:41","143","251","1","9171"
"280","191","256","2","00:14:00","457","206","0","9172"
"116","86","51","2","00:17:42","500","251","0","9174"
"88","101","54","2","00:14:01","143","251","1","9175"
"31","58","137","2","00:14:01","143","251","1","9176"
"4","205","155","2","00:14:01","500","94","0","9177"
"4","73","54","2","00:17:42","500","94","0","9178"
"16","42","157","2","00:14:01","500","251","0","9179"
"78","101","57","2","00:17:42","143","251","1","9180"
"73","195","195","2","00:14:01","300","150","1","9181"
"224","42","167","2","00:17:42","397","73","0","9182"
"76","35","2","2","00:14:02","143","94","0","9183"
"89","23","195","2","00:17:42","143","94","0","9184"
"42","23","73","2","00:14:02","100","49","0","9185"
"58","75","129","2","00:14:02","143","94","0","9186"
"280","76","232","2","00:17:42","457","206","0","9187"
"75","34","21","2","00:14:03","143","94","1","9188"
"21","57","44","2","00:14:03","500","251","1","9190"
"31","88","103","2","00:14:03","500","94","1","9191"
"109","81","27","2","00:17:43","500","94","1","9192"
"73","34","177","2","00:14:03","143","251","1","9193"
"88","89","215","2","00:14:03","300","150","0","9194"
"34","142","53","2","00:17:43","397","273","1","9195"
"34","280","221","2","00:14:03","457","49","1","9196"
"115","30","223","2","00:14:03","457","49","1","9197"
"89","195","111","2","00:17:43","300","150","0","9198"
"75","1","45","2","00:14:04","300","150","1","9199"
"57","21","144","2","00:14:04","500","94","0","9200"
"138","21","216","2","00:14:04","353","27","0","9202"
"78","34","48","2","00:17:44","500","251","0","9203"
"23","78","96","2","00:14:05","143","251","1","9205"
"1","205","112","2","00:14:05","100","206","1","9206"
"15","23","225","2","00:14:05","500","94","0","9207"
"76","35","2","2","00:14:06","143","94","0","9209"
"81","115","33","2","00:14:06","300","150","0","9210"
"78","97","95","2","00:14:06","143","94","1","9212"
"101","1","101","2","00:14:06","300","150","0","9213"
"57","31","3","2","00:17:45","300","150","0","9214"
"49","101","185","2","00:14:06","143","94","0","9215"
"81","116","33","2","00:17:45","397","273","1","9216"
"49","116","98","2","00:14:08","143","94","0","9217"
"31","39","13","2","00:14:09","143","251","1","9218"
"34","142","53","2","00:14:09","300","150","0","9219"
"73","58","222","2","00:14:09","397","73","0","9220"
"76","34","21","2","00:14:10","500","94","0","9222"
"78","101","57","2","00:17:45","300","150","0","9223"
"42","78","24","2","00:14:10","143","94","1","9224"
"88","201","188","2","00:17:45","500","94","0","9225"
"86","23","159","2","00:14:10","143","94","0","9226"
"205","189","256","2","00:17:45","100","49","1","9227"
"73","1","218","2","00:14:10","300","150","0","9228"
"76","31","227","2","00:14:10","500","94","0","9229"
"23","78","50","2","00:17:46","500","94","0","9230"
"115","58","28","2","00:14:11","143","94","0","9231"
"98","49","85","2","00:17:46","500","251","1","9232"
"21","34","51","2","00:14:11","143","94","0","9233"
"75","23","86","2","00:17:46","143","251","1","9234"
"21","30","55","2","00:14:11","500","251","1","9235"
"21","58","233","2","00:14:11","143","94","1","9236"
"76","38","222","2","00:17:46","247","73","1","9237"
"280","89","242","2","00:17:46","457","49","0","9239"
"23","76","88","2","00:17:47","300","150","0","9241"
"78","42","139","2","00:14:12","300","150","1","9242"
"224","183","101","2","00:17:47","300","150","0","9243"
"224","42","155","2","00:14:12","300","150","0","9244"
"97","86","12","2","00:17:48","500","251","1","9245"
"76","88","235","2","00:14:12","300","150","1","9246"
"4","227","253","2","00:14:12","143","251","1","9247"
"4","88","264","2","00:17:48","500","94","1","9248"
"57","89","178","2","00:14:13","457","49","1","9249"
"195","78","230","2","00:14:13","500","94","1","9251"
"21","31","20","2","00:17:50","143","251","0","9252"
"115","57","28","2","00:17:50","247","73","1","9255"
"31","78","42","2","00:14:14","500","94","1","9256"
"88","73","54","2","00:14:14","500","251","0","9257"
"57","35","39","2","00:17:50","143","251","1","9258"
"30","42","60","2","00:14:14","397","273","0","9259"
"146","195","102","2","00:17:50","100","49","0","9260"
"78","97","95","2","00:14:14","143","251","0","9261"
"76","57","122","2","00:14:14","143","94","1","9262"
"65","142","10","2","00:17:51","143","251","0","9263"
"201","227","170","2","00:14:14","500","94","0","9264"
"224","280","221","2","00:14:14","300","150","0","9265"
"34","1","56","2","00:17:51","457","206","1","9266"
"89","31","231","2","00:14:14","457","49","0","9267"
"30","73","232","2","00:14:14","457","206","0","9269"
"34","313","261","2","00:14:14","457","206","0","9270"
"4","57","264","2","00:14:14","300","150","0","9271"
"86","27","46","2","00:17:52","500","251","0","9272"
"224","42","167","2","00:17:52","300","150","0","9274"
"105","30","55","2","00:14:15","500","251","1","9275"
"76","15","14","2","00:17:53","203","227","1","9276"
"57","39","200","2","00:14:15","300","150","1","9277"
"220","65","263","2","00:14:15","457","206","1","9278"
"23","34","51","2","00:17:53","500","94","0","9279"
"58","109","19","2","00:14:16","143","251","1","9280"
"227","89","114","2","00:17:53","100","206","1","9281"
"97","212","169","2","00:17:53","300","150","1","9282"
"78","4","113","2","00:17:54","397","73","0","9284"
"30","75","67","2","00:14:16","500","251","0","9285"
"15","205","139","2","00:17:55","300","150","1","9286"
"23","205","124","2","00:14:16","500","94","0","9287"
"57","78","151","2","00:17:56","500","94","0","9288"
"78","30","163","2","00:14:16","500","251","0","9289"
"217","227","155","2","00:17:56","300","150","0","9290"
"195","89","204","2","00:14:16","143","94","0","9291"
"248","58","226","2","00:14:16","100","206","0","9292"
"4","89","253","2","00:14:16","143","251","1","9294"
"75","31","47","2","00:17:57","500","251","1","9295"
"76","1","118","2","00:14:17","500","94","0","9297"
"224","30","172","2","00:17:57","300","150","0","9298"
"224","73","178","2","00:17:57","457","206","0","9300"
"205","195","102","2","00:14:18","457","206","1","9301"
"57","75","129","2","00:14:18","143","251","0","9302"
"195","76","203","2","00:17:57","300","150","0","9303"
"205","4","243","2","00:17:57","457","49","1","9305"
"31","76","17","2","00:14:19","300","150","0","9306"
"20","42","51","2","00:14:20","143","251","1","9307"
"78","23","95","2","00:14:20","143","251","0","9308"
"4","58","65","2","00:14:21","300","150","1","9310"
"21","13","97","2","00:14:21","143","251","1","9311"
"189","201","119","2","00:17:58","143","251","1","9312"
"76","227","104","2","00:14:21","300","150","0","9313"
"201","224","106","2","00:14:21","143","251","1","9314"
"195","76","204","2","00:14:21","143","94","1","9315"
"31","73","224","2","00:17:58","143","251","1","9316"
"31","280","214","2","00:14:21","300","150","0","9317"
"97","21","225","2","00:17:58","500","94","0","9318"
"316","89","257","2","00:14:21","500","94","0","9319"
"183","227","157","2","00:14:22","300","150","0","9320"
"23","58","233","2","00:17:58","500","251","1","9321"
"221","23","207","2","00:14:22","500","251","1","9322"
"227","21","239","2","00:17:58","457","49","0","9324"
"21","76","8","2","00:14:23","143","94","0","9325"
"138","15","259","2","00:17:58","457","49","0","9326"
"115","86","12","2","00:14:23","300","150","1","9327"
"35","224","125","2","00:14:23","353","227","0","9328"
"30","57","260","2","00:17:58","100","49","1","9329"
"30","224","137","2","00:14:23","143","251","1","9330"
"97","73","90","2","00:17:59","500","251","1","9331"
"78","21","109","2","00:17:59","143","251","1","9332"
"45","1","228","2","00:17:59","100","49","0","9333"
"57","34","167","2","00:14:23","143","251","1","9334"
"1","4","171","2","00:18:00","500","94","0","9335"
"57","89","178","2","00:14:23","100","49","1","9336"
"42","183","179","2","00:18:00","100","206","1","9337"
"16","31","27","2","00:14:24","143","251","1","9339"
"57","23","31","2","00:14:24","143","94","0","9341"
"190","31","119","2","00:14:25","500","94","0","9342"
"183","73","133","2","00:14:25","500","251","0","9344"
"81","109","11","2","00:18:01","500","251","0","9345"
"116","183","180","2","00:14:25","300","150","1","9346"
"21","31","20","2","00:18:01","143","94","0","9347"
"88","23","244","2","00:14:25","300","150","0","9348"
"4","65","267","2","00:14:25","300","150","0","9349"
"1","88","34","2","00:18:01","500","251","1","9350"
"142","21","59","2","00:14:26","457","49","0","9351"
"76","1","118","2","00:14:26","500","251","0","9352"
"57","101","41","2","00:18:01","143","251","1","9353"
"224","42","135","2","00:14:26","500","94","0","9354"
"76","78","145","2","00:18:01","300","150","0","9356"
"31","76","17","2","00:14:27","300","150","1","9357"
"189","34","186","2","00:14:27","100","206","0","9358"
"42","23","247","2","00:18:01","247","73","1","9359"
"101","227","249","2","00:18:01","247","273","1","9361"
"81","57","22","2","00:14:28","247","273","0","9362"
"75","35","36","2","00:14:28","143","94","1","9363"
"39","30","46","2","00:14:28","300","150","1","9365"
"78","75","57","2","00:14:28","300","150","0","9366"
"57","91","59","2","00:18:02","203","27","0","9367"
"21","34","124","2","00:14:28","143","94","1","9368"
"205","183","148","2","00:14:28","300","150","0","9369"
"13","23","98","2","00:18:02","143","94","0","9370"
"31","161","176","2","00:18:02","143","251","0","9371"
"31","34","170","2","00:18:03","143","94","1","9372"
"78","240","251","2","00:18:03","143","251","1","9373"
"15","205","269","2","00:18:03","143","251","1","9374"
"75","1","52","2","00:18:04","143","251","1","9375"
"4","76","129","2","00:18:04","500","251","0","9376"
"42","183","143","2","00:18:04","100","206","1","9377"
"45","1","228","2","00:18:04","100","49","0","9378"
"45","31","258","2","00:18:06","500","94","1","9379"
"138","65","261","2","00:18:04","203","227","0","9380"
"201","316","267","2","00:18:06","300","150","0","9381"
"227","183","148","2","00:18:07","457","49","1","9384"
"26","58","222","2","00:18:07","500","251","0","9386"
"42","75","5","2","00:18:06","500","251","0","9388"
"97","31","6","2","00:18:08","500","94","0","9389"
"78","76","133","2","00:18:08","300","150","0","9390"
"76","32","174","2","00:18:06","300","150","0","9391"
"88","23","15","2","00:18:09","143","94","0","9393"
"4","31","200","2","00:18:06","500","94","0","9394"
"224","78","101","2","00:18:09","457","49","1","9395"
"34","75","114","2","00:18:09","300","150","0","9396"
"313","78","218","2","00:18:06","500","94","0","9397"
"101","98","30","2","00:18:10","500","251","0","9398"
"34","21","117","2","00:18:10","100","206","0","9399"
"1","20","4","2","00:18:11","500","94","1","9401"
"1","75","57","2","00:18:11","397","273","1","9402"
"191","214","100","2","00:18:11","300","150","0","9403"
"27","39","13","2","00:18:12","500","251","0","9406"
"31","142","37","2","00:18:12","300","150","0","9407"
"97","4","132","2","00:18:12","247","273","1","9408"
"31","78","180","2","00:18:12","143","251","0","9409"
"78","73","187","2","00:18:12","143","251","1","9410"
"16","61","65","2","00:18:13","143","251","1","9412"
"280","21","256","2","00:18:13","100","206","1","9413"
"78","23","109","2","00:18:14","300","150","1","9414"
"78","156","64","2","00:18:15","457","49","0","9415"
"34","21","216","2","00:18:15","353","227","1","9416"
"161","65","263","2","00:19:17","300","150","0","9417"
"39","227","253","2","00:18:15","143","251","0","9418"
"34","65","5","2","00:19:18","500","94","1","9420"
"157","55","49","2","00:18:16","397","273","0","9421"
"76","78","145","2","00:18:16","500","94","1","9422"
"21","243","230","2","00:19:18","300","150","0","9423"
"244","88","235","2","00:18:16","500","94","1","9424"
"31","286","264","2","00:19:18","143","251","1","9426"
"15","35","32","2","00:18:17","397","273","1","9427"
"76","31","47","2","00:18:17","500","94","0","9429"
"58","75","129","2","00:19:19","143","94","0","9430"
"224","76","129","2","00:18:17","500","251","1","9431"
"224","34","167","2","00:18:17","500","251","0","9432"
"34","183","179","2","00:18:17","100","206","1","9434"
"31","76","238","2","00:18:18","247","73","1","9435"
"30","31","243","2","00:18:18","457","49","1","9437"
"78","42","48","2","00:19:20","500","251","0","9438"
"191","214","100","2","00:18:19","100","49","1","9439"
"88","156","62","2","00:19:20","457","49","0","9440"
"31","97","156","2","00:18:19","143","251","0","9441"
"21","35","124","2","00:19:20","300","150","1","9442"
"57","23","207","2","00:18:19","500","251","1","9443"
"20","86","51","2","00:18:20","300","150","1","9444"
"1","89","220","2","00:19:20","143","94","1","9445"
"35","4","120","2","00:18:20","100","206","1","9446"
"224","76","261","2","00:19:20","100","49","0","9447"
"21","78","134","2","00:18:20","500","94","1","9448"
"42","31","161","2","00:18:20","100","49","0","9449"
"42","1","56","2","00:19:21","143","94","0","9450"
"183","31","182","2","00:18:20","457","206","0","9451"
"75","31","116","2","00:19:21","500","94","0","9452"
"34","280","221","2","00:18:20","457","206","0","9453"
"42","23","247","2","00:18:20","143","251","0","9454"
"280","61","243","2","00:19:21","300","150","0","9455"
"88","227","249","2","00:18:20","143","251","0","9456"
"78","34","250","2","00:18:20","143","251","1","9458"
"23","101","8","2","00:19:22","500","94","0","9459"
"142","209","266","2","00:18:20","100","206","1","9460"
"1","21","23","2","00:19:22","300","150","0","9461"
"156","34","60","2","00:18:21","143","94","1","9462"
"58","49","69","2","00:18:21","143","251","1","9463"
"23","1","70","2","00:19:22","500","251","0","9464"
"205","15","228","2","00:18:21","100","206","0","9465"
"205","21","130","2","00:19:22","500","251","1","9466"
"89","78","105","2","00:18:22","397","73","0","9467"
"224","49","151","2","00:19:22","143","94","0","9468"
"31","97","131","2","00:18:22","300","150","0","9469"
"4","206","214","2","00:19:22","397","73","0","9470"
"57","183","162","2","00:18:22","500","251","1","9471"
"244","280","248","2","00:19:22","143","251","0","9472"
"78","101","251","2","00:18:22","143","251","1","9473"
"88","15","19","2","00:18:23","143","251","0","9476"
"78","89","29","2","00:19:23","500","251","0","9477"
"110","97","95","2","00:18:23","143","251","0","9478"
"75","97","84","2","00:19:23","500","251","1","9479"
"23","280","265","2","00:18:23","500","251","0","9480"
"34","1","179","2","00:19:23","300","150","0","9481"
"21","34","12","2","00:18:24","500","251","0","9482"
"30","248","242","2","00:19:23","353","27","0","9483"
"76","31","30","2","00:18:24","500","94","0","9484"
"78","34","250","2","00:19:23","143","251","1","9485"
"26","101","176","2","00:18:24","247","73","0","9486"
"31","241","254","2","00:19:23","143","251","0","9487"
"4","189","206","2","00:18:24","143","251","0","9488"
"104","97","230","2","00:18:24","143","251","1","9490"
"142","76","41","2","00:19:24","143","251","1","9492"
"49","156","99","2","00:18:25","100","206","1","9493"
"190","224","252","2","00:18:25","300","150","0","9494"
"42","21","73","2","00:18:26","100","206","0","9496"
"88","86","39","2","00:18:27","500","251","0","9497"
"23","78","97","2","00:18:27","500","251","0","9498"
"31","183","121","2","00:18:27","300","150","0","9499"
"34","81","46","2","00:19:24","500","251","0","9500"
"227","4","125","2","00:18:27","457","49","0","9501"
"86","116","158","2","00:18:27","203","27","1","9502"
"42","4","125","2","00:19:24","100","49","0","9503"
"23","57","209","2","00:18:27","500","94","0","9504"
"30","34","240","2","00:19:24","500","94","1","9505"
"224","190","216","2","00:18:27","457","49","1","9506"
"1","86","48","2","00:18:28","300","150","0","9507"
"116","1","50","2","00:18:28","500","251","0","9508"
"30","76","67","2","00:18:28","143","251","1","9510"
"34","23","117","2","00:18:28","457","49","1","9512"
"31","4","137","2","00:18:28","500","94","1","9513"
"15","42","16","2","00:19:25","500","251","0","9514"
"89","88","140","2","00:18:28","397","273","1","9515"
"115","1","38","2","00:19:25","500","251","1","9516"
"78","30","173","2","00:18:28","143","251","1","9517"
"30","183","180","2","00:18:28","397","273","1","9518"
"97","1","50","2","00:19:25","143","251","0","9519"
"1","73","57","2","00:18:29","500","251","1","9520"
"4","34","135","2","00:18:29","500","251","0","9521"
"73","227","104","2","00:19:25","300","150","0","9522"
"206","227","217","2","00:18:29","100","49","0","9523"
"21","61","262","2","00:18:29","300","150","1","9524"
"78","73","133","2","00:19:25","500","94","1","9525"
"57","78","15","2","00:18:30","143","94","1","9527"
"35","15","56","2","00:18:30","353","27","1","9529"
"42","31","35","2","00:19:26","500","94","1","9530"
"88","201","200","2","00:18:30","397","273","1","9531"
"49","220","229","2","00:18:30","353","27","1","9532"
"23","39","175","2","00:19:26","143","94","1","9533"
"190","88","233","2","00:18:30","143","251","0","9534"
"201","1","190","2","00:19:26","143","251","0","9535"
"73","138","245","2","00:18:30","143","94","1","9536"
"205","78","179","2","00:18:31","100","206","1","9537"
"23","101","208","2","00:19:26","500","94","1","9538"
"30","15","11","2","00:18:32","247","73","1","9540"
"115","35","12","2","00:19:27","143","94","1","9541"
"57","21","59","2","00:18:32","457","206","0","9542"
"65","116","116","2","00:18:32","143","94","1","9543"
"30","115","33","2","00:19:27","500","94","1","9544"
"227","73","128","2","00:18:32","457","206","1","9545"
"4","34","135","2","00:18:33","397","273","0","9546"
"21","30","55","2","00:19:27","143","251","1","9547"
"57","34","155","2","00:19:27","500","251","1","9548"
"39","42","146","2","00:18:33","500","251","0","9550"
"76","21","142","2","00:19:28","143","94","0","9551"
"61","23","247","2","00:18:33","143","94","0","9552"
"81","1","11","2","00:19:29","143","94","0","9554"
"73","21","25","2","00:18:34","143","251","1","9555"
"1","23","147","2","00:18:34","300","150","0","9556"
"34","78","68","2","00:19:29","300","150","1","9557"
"23","30","119","2","00:18:35","300","150","1","9558"
"23","89","153","2","00:18:36","143","251","0","9559"
"15","31","99","2","00:19:29","300","150","0","9560"
"89","42","164","2","00:18:36","143","251","1","9561"
"75","31","30","2","00:18:37","143","251","1","9563"
"227","191","102","2","00:19:29","457","49","0","9564"
"35","88","53","2","00:18:37","500","94","1","9565"
"31","57","176","2","00:19:29","300","150","1","9566"
"57","21","59","2","00:18:37","100","206","0","9567"
"39","224","106","2","00:18:37","143","251","0","9568"
"138","21","216","2","00:19:29","457","49","0","9569"
"191","42","124","2","00:18:37","500","251","0","9570"
"183","58","185","2","00:18:37","500","94","1","9571"
"30","42","243","2","00:18:37","457","49","1","9573"
"21","65","88","2","00:19:30","300","150","0","9577"
"65","1","14","2","00:18:38","300","150","1","9578"
"105","78","38","2","00:18:38","500","94","0","9579"
"138","212","259","2","00:19:30","100","206","1","9580"
"30","78","87","2","00:18:38","143","251","0","9581"
"98","23","156","2","00:19:31","247","73","1","9582"
"76","23","25","2","00:18:39","143","94","0","9583"
"57","42","26","2","00:18:39","143","251","1","9584"
"16","89","187","2","00:19:31","143","251","0","9585"
"76","21","92","2","00:18:39","500","251","0","9586"
"30","101","176","2","00:18:39","500","94","0","9587"
"142","86","39","2","00:19:32","397","273","1","9588"
"78","244","255","2","00:18:39","500","94","0","9589"
"78","31","89","2","00:19:32","500","251","1","9590"
"1","156","27","2","00:18:40","247","273","0","9591"
"27","23","33","2","00:18:40","143","94","1","9592"
"31","57","106","2","00:19:32","143","251","1","9593"
"15","57","34","2","00:18:40","300","150","1","9594"
"35","105","43","2","00:18:40","300","150","0","9595"
"30","97","131","2","00:19:32","143","251","0","9596"
"4","156","62","2","00:18:40","203","227","1","9597"
"78","31","163","2","00:19:32","500","251","0","9598"
"75","21","111","2","00:18:40","300","150","0","9599"
"97","248","220","2","00:18:40","300","150","1","9600"
"23","31","175","2","00:19:32","500","94","0","9601"
"224","31","236","2","00:18:40","457","49","0","9602"
"183","97","147","2","00:19:33","143","94","1","9604"
"21","34","12","2","00:18:43","143","94","1","9606"
"76","21","92","2","00:18:43","500","251","0","9608"
"57","97","191","2","00:18:43","300","150","0","9609"
"224","31","152","2","00:18:45","397","273","0","9611"
"81","76","67","2","00:19:34","300","150","1","9612"
"31","30","214","2","00:18:45","300","150","1","9613"
"23","34","107","2","00:18:46","143","251","0","9614"
"30","78","87","2","00:19:34","500","251","1","9615"
"231","73","128","2","00:18:46","457","206","1","9616"
"21","76","90","2","00:19:34","500","251","0","9618"
"76","34","177","2","00:18:47","300","150","0","9619"
"31","183","190","2","00:18:47","143","251","1","9620"
"76","31","116","2","00:19:34","500","94","0","9621"
"30","21","58","2","00:18:48","500","94","1","9622"
"227","4","165","2","00:19:34","457","49","1","9623"
"76","88","72","2","00:18:48","143","94","1","9624"
"21","76","204","2","00:18:48","300","150","1","9625"
"31","78","180","2","00:19:34","143","251","1","9626"
"76","21","25","2","00:18:49","143","251","1","9628"
"1","58","65","2","00:19:35","500","251","1","9629"
"76","31","47","2","00:18:49","500","94","0","9630"
"30","88","49","2","00:18:49","143","94","0","9631"
"224","183","127","2","00:19:35","247","73","0","9632"
"42","57","71","2","00:18:49","100","49","1","9633"
"15","31","27","2","00:19:36","500","94","1","9634"
"97","201","168","2","00:18:49","143","251","0","9635"
"21","42","186","2","00:18:49","203","27","1","9636"
"156","101","66","2","00:19:36","457","49","1","9637"
"58","89","249","2","00:18:49","143","94","1","9638"
"78","76","57","2","00:18:50","300","150","0","9639"
"168","78","85","2","00:19:36","143","251","0","9640"
"21","1","70","2","00:18:50","300","150","0","9641"
"57","76","178","2","00:19:36","300","150","1","9642"
"49","205","112","2","00:18:50","457","49","0","9643"
"23","31","119","2","00:18:50","143","94","0","9644"
"89","30","223","2","00:19:36","203","27","1","9645"
"227","1","143","2","00:18:50","100","49","1","9646"
"88","89","249","2","00:19:37","143","251","0","9647"
"116","231","146","2","00:18:50","397","73","0","9648"
"73","42","2","2","00:18:51","143","94","1","9649"
"57","34","39","2","00:18:51","500","94","1","9651"
"142","21","59","2","00:18:51","100","206","0","9652"
"35","1","68","2","00:18:52","457","49","0","9654"
"105","76","40","2","00:19:38","203","227","0","9655"
"42","220","120","2","00:18:52","100","206","1","9656"
"23","75","136","2","00:18:52","397","273","1","9657"
"31","316","238","2","00:19:38","300","150","1","9658"
"57","42","155","2","00:18:52","300","150","1","9659"
"31","75","166","2","00:18:52","143","94","0","9660"
"205","190","256","2","00:19:38","100","49","1","9661"
"195","88","233","2","00:18:52","500","251","0","9662"
"42","142","53","2","00:19:39","500","94","1","9667"
"1","4","113","2","00:18:54","500","251","0","9668"
"4","49","101","2","00:19:39","457","49","1","9669"
"30","23","149","2","00:18:54","500","251","0","9670"
"76","34","177","2","00:18:54","143","94","0","9671"
"23","4","181","2","00:19:39","353","227","1","9672"
"23","31","262","2","00:18:54","300","150","0","9673"
"4","39","188","2","00:18:55","143","251","1","9674"
"97","101","8","2","00:19:40","300","150","1","9675"
"15","190","225","2","00:18:55","500","94","1","9676"
"78","27","20","2","00:19:40","300","150","1","9677"
"23","280","265","2","00:18:55","143","251","1","9678"
"30","76","138","2","00:18:56","143","251","0","9679"
"125","57","72","2","00:19:40","397","273","0","9680"
"76","21","159","2","00:18:56","300","150","1","9681"
"75","39","116","2","00:18:57","500","94","1","9682"
"89","1","145","2","00:19:40","300","150","0","9683"
"31","183","121","2","00:18:57","143","251","1","9684"
"42","76","150","2","00:18:57","457","206","1","9685"
"58","78","237","2","00:19:40","300","150","1","9686"
"31","76","154","2","00:18:57","500","251","0","9687"
"88","23","31","2","00:18:58","143","94","0","9689"
"23","75","203","2","00:18:58","143","251","0","9690"
"34","97","24","2","00:19:41","500","94","1","9691"
"58","78","127","2","00:18:59","397","73","1","9693"
"34","76","61","2","00:19:41","143","251","0","9694"
"23","76","169","2","00:18:59","457","206","1","9695"
"34","76","128","2","00:19:41","457","206","1","9696"
"190","183","134","2","00:19:41","300","150","0","9697"
"244","23","241","2","00:19:41","500","251","1","9698"
"57","190","206","2","00:18:59","247","73","0","9699"
"78","280","269","2","00:18:59","300","150","1","9700"
"76","34","245","2","00:19:41","397","273","0","9701"
"57","1","69","2","00:19:00","143","251","0","9702"
"280","57","260","2","00:19:41","100","49","0","9703"
"23","78","134","2","00:19:00","143","251","1","9704"
"189","280","265","2","00:19:41","143","251","0","9705"
"227","1","143","2","00:19:00","100","49","0","9706"
"31","42","13","2","00:19:42","143","251","0","9708"
"57","116","31","2","00:19:42","300","150","0","9711"
"227","21","130","2","00:19:01","143","251","1","9713"
"81","103","58","2","00:19:42","500","251","1","9714"
"4","21","207","2","00:19:01","143","251","1","9715"
"57","195","219","2","00:19:01","143","94","0","9716"
"224","42","135","2","00:19:42","500","251","1","9717"
"57","156","62","2","00:19:02","457","49","1","9718"
"189","73","210","2","00:19:02","143","251","1","9719"
"76","75","257","2","00:19:42","500","94","0","9720"
"75","97","63","2","00:19:03","143","251","1","9721"
"35","1","68","2","00:19:03","353","227","0","9722"
"42","58","53","2","00:19:43","500","94","1","9723"
"101","78","162","2","00:19:03","500","94","0","9724"
"97","212","100","2","00:19:43","457","206","0","9725"
"78","116","163","2","00:19:03","143","251","1","9726"
"31","78","180","2","00:19:03","143","251","0","9727"
"31","224","103","2","00:19:43","143","94","1","9728"
"100","89","257","2","00:19:03","500","94","0","9729"
"21","76","153","2","00:19:43","247","273","0","9731"
"105","57","44","2","00:19:04","143","251","1","9732"
"30","88","49","2","00:19:04","143","251","0","9733"
"97","23","225","2","00:19:43","500","251","1","9734"
"21","1","70","2","00:19:04","500","251","1","9735"
"15","31","99","2","00:19:04","300","150","0","9736"
"27","57","37","2","00:19:05","500","251","1","9738"
"31","73","154","2","00:19:44","500","94","1","9739"
"76","42","104","2","00:19:05","457","49","1","9740"
"58","78","127","2","00:19:05","247","73","1","9741"
"30","89","217","2","00:19:44","100","206","1","9742"
"76","35","177","2","00:19:05","143","251","0","9743"
"23","72","209","2","00:19:05","500","251","0","9744"
"31","44","238","2","00:19:44","143","94","1","9745"
"35","58","53","2","00:19:07","300","150","0","9748"
"1","98","182","2","00:19:07","457","206","1","9749"
"21","65","88","2","00:19:45","500","251","1","9750"
"280","78","228","2","00:19:07","457","206","0","9751"
"39","97","131","2","00:19:45","143","251","1","9752"
"34","201","161","2","00:19:08","203","227","0","9753"
"224","89","178","2","00:19:08","457","49","0","9754"
"73","34","164","2","00:19:45","143","251","1","9755"
"39","57","197","2","00:19:08","500","94","1","9756"
"280","227","217","2","00:19:08","100","49","1","9757"
"88","39","172","2","00:19:45","353","27","0","9758"
"75","36","36","2","00:19:09","500","251","1","9760"
"280","66","232","2","00:19:45","100","206","1","9761"
"15","32","99","2","00:19:09","300","150","0","9762"
"4","31","201","2","00:19:09","500","251","1","9764"
"58","21","191","2","00:19:46","143","251","1","9765"
"73","21","195","2","00:19:46","143","251","1","9766"
"42","30","46","2","00:19:10","500","251","1","9767"
"23","57","208","2","00:19:46","300","150","1","9768"
"31","21","58","2","00:19:10","143","94","1","9769"
"76","21","86","2","00:19:10","500","94","0","9770"
"97","78","96","2","00:19:10","500","251","1","9772"
"78","31","163","2","00:19:10","143","94","1","9773"
"98","42","60","2","00:19:47","300","150","0","9774"
"156","101","66","2","00:19:11","457","49","1","9776"
"149","97","73","2","00:19:47","203","227","1","9777"
"97","78","97","2","00:19:11","500","251","1","9778"
"4","75","129","2","00:19:47","143","251","0","9779"
"49","104","109","2","00:19:11","143","94","1","9780"
"76","21","142","2","00:19:11","143","251","1","9781"
"4","34","167","2","00:19:47","143","251","1","9782"
"31","57","197","2","00:19:11","500","94","0","9783"
"23","35","12","2","00:19:48","143","94","1","9784"
"23","72","209","2","00:19:11","500","251","1","9785"
"4","316","238","2","00:19:11","500","94","0","9786"
"97","142","44","2","00:19:48","397","273","1","9787"
"76","227","257","2","00:19:11","300","150","0","9788"
"58","78","15","2","00:19:12","143","94","1","9789"
"30","76","67","2","00:19:48","500","94","1","9790"
"34","23","24","2","00:19:12","397","73","0","9791"
"57","78","127","2","00:19:12","500","94","0","9792"
"227","21","130","2","00:19:12","500","251","1","9793"
"23","13","134","2","00:19:12","500","251","0","9795"
"34","78","68","2","00:19:49","457","49","0","9796"
"15","21","23","2","00:19:13","500","251","0","9798"
"15","31","99","2","00:19:49","457","206","0","9799"
"76","42","36","2","00:19:13","500","251","0","9800"
"42","23","43","2","00:19:13","247","73","0","9801"
"34","76","128","2","00:19:49","457","206","1","9802"
"316","39","227","2","00:19:13","500","251","1","9803"
"21","76","153","2","00:19:49","143","251","0","9805"
"30","57","37","2","00:19:14","500","94","1","9806"
"73","212","218","2","00:19:49","143","251","1","9807"
"205","23","256","2","00:19:49","100","49","0","9808"
"58","73","54","2","00:19:14","143","94","1","9809"
"58","21","59","2","00:19:14","457","49","0","9811"
"30","75","67","2","00:19:14","143","94","1","9812"
"15","34","16","2","00:19:50","143","94","0","9813"
"31","183","190","2","00:19:14","143","251","0","9814"
"16","34","250","2","00:19:14","143","94","0","9815"
"23","183","126","2","00:19:15","500","251","1","9818"
"31","76","154","2","00:19:15","397","273","1","9819"
"90","57","181","2","00:19:15","457","49","0","9820"
"78","316","255","2","00:19:15","247","273","0","9821"
"23","31","262","2","00:19:15","143","251","0","9822"
"32","34","110","2","00:19:50","247","73","0","9824"
"75","109","14","2","00:19:16","457","206","1","9826"
"30","57","22","2","00:19:51","500","94","0","9827"
"78","86","32","2","00:19:16","500","251","1","9828"
"21","13","134","2","00:19:16","500","251","0","9829"
"23","1","70","2","00:19:51","500","94","1","9830"
"72","35","2","2","00:19:17","143","251","1","9831"
"30","57","137","2","00:19:51","300","150","1","9832"
"34","27","9","2","00:19:17","100","206","1","9833"
"78","89","29","2","00:19:17","500","94","1","9835"
"78","231","139","2","00:19:17","500","251","0","9836"
"73","1","52","2","00:19:52","143","251","0","9837"
"195","86","153","2","00:19:17","143","251","1","9838"
"57","78","162","2","00:19:17","143","251","0","9840"
"4","42","167","2","00:19:52","143","251","1","9841"
"23","31","175","2","00:16:39","457","206","0","9842"
"42","1","179","2","00:19:52","457","206","1","9843"
"231","23","183","2","00:16:39","143","251","1","9844"
"195","75","204","2","00:19:52","247","273","0","9845"
"58","75","54","2","00:16:40","143","94","1","9846"
"30","76","138","2","00:16:40","143","251","1","9847"
"1","35","16","2","00:16:41","143","251","1","9848"
"65","23","63","2","00:16:41","247","273","0","9850"
"30","88","103","3","00:00:00","300","150","1","9851"
"76","181","105","3","00:00:00","300","150","1","9853"
"78","138","99","2","00:16:41","457","49","0","9854"
"76","195","111","2","00:19:53","397","73","1","9855"
"31","88","106","3","00:00:00","300","150","1","9856"
"4","34","155","2","00:19:53","500","251","1","9857"
"224","1","127","2","00:16:41","500","251","0","9858"
"23","34","107","3","00:00:00","300","150","1","9859"
"183","39","173","2","00:19:53","143","94","0","9860"
"88","75","108","3","00:00:00","300","150","1","9861"
"224","138","152","2","00:16:41","300","150","1","9862"
"1","23","109","3","00:00:00","300","150","1","9863"
"31","34","110","3","00:00:00","300","150","0","9865"
"65","30","174","2","00:16:41","143","94","1","9866"
"75","195","111","3","00:00:00","300","150","0","9868"
"23","34","51","2","00:19:54","143","94","0","9869"
"78","231","112","3","00:00:00","300","150","0","9870"
"78","76","187","2","00:16:41","500","251","1","9871"
"1","88","113","3","00:00:00","300","150","0","9872"
"1","75","187","2","00:19:54","300","150","1","9873"
"34","75","114","3","00:00:00","300","150","1","9874"
"23","78","230","2","00:16:41","500","94","1","9875"
"75","23","195","2","00:19:54","143","251","1","9876"
"195","57","115","3","00:00:00","300","150","0","9877"
"57","138","268","2","00:19:54","143","251","1","9878"
"4","88","254","2","00:16:41","143","251","0","9879"
"65","31","116","3","00:00:00","300","150","1","9880"
"57","101","54","2","00:19:55","300","150","0","9881"
"42","21","117","3","00:00:00","300","150","1","9882"
"23","212","100","2","00:19:55","457","206","0","9884"
"76","1","118","3","00:00:00","300","150","1","9885"
"227","58","226","2","00:19:55","100","206","1","9886"
"75","31","30","2","00:16:42","500","94","0","9887"
"190","30","119","3","00:00:00","300","150","0","9888"
"34","88","120","3","00:00:00","300","150","1","9890"
"116","49","121","2","00:16:42","500","94","0","9891"
"23","1","38","2","00:19:56","143","94","1","9892"
"116","78","121","3","00:00:00","300","150","0","9893"
"81","103","58","2","00:19:56","300","150","0","9894"
"75","88","122","3","00:00:00","300","150","1","9895"
"58","116","59","2","00:19:56","100","206","0","9896"
"189","78","123","3","00:00:00","300","150","1","9897"
"21","101","233","2","00:19:56","300","150","1","9898"
"97","34","124","3","00:00:00","300","150","0","9899"
"31","1","87","2","00:16:43","397","73","1","9900"
"34","57","125","3","00:00:00","300","150","1","9901"
"78","21","98","2","00:16:43","500","94","0","9902"
"224","125","108","2","00:16:43","500","251","0","9903"
"76","190","241","2","00:19:56","300","150","0","9904"
"91","78","123","2","00:16:43","500","94","0","9905"
"57","75","129","2","00:16:43","500","94","1","9907"
"42","1","56","2","00:19:57","457","49","1","9908"
"21","78","126","3","00:00:00","300","150","1","9909"
"4","30","214","2","00:19:57","300","150","1","9910"
"57","78","127","3","00:00:00","300","150","0","9911"
"34","58","229","2","00:19:57","457","206","1","9912"
"34","75","128","3","00:00:00","143","251","1","9914"
"57","75","129","3","00:00:00","300","150","1","9916"
"58","73","18","2","00:16:44","500","94","0","9917"
"34","21","130","3","00:00:00","300","150","1","9919"
"31","23","131","3","00:00:00","300","150","1","9921"
"15","21","4","2","00:19:58","143","94","1","9922"
"23","57","132","3","00:00:00","300","150","1","9923"
"1","76","29","2","00:19:58","247","73","1","9924"
"78","76","133","3","00:00:00","300","150","1","9925"
"23","76","90","2","00:19:58","143","94","1","9926"
"21","78","134","3","00:00:00","300","150","0","9927"
"76","34","21","2","00:16:44","143","94","1","9928"
"23","13","96","2","00:19:58","300","150","0","9929"
"57","34","135","3","00:00:00","300","150","1","9930"
"30","101","103","2","00:16:44","500","94","1","9931"
"23","76","136","3","00:00:00","300","150","0","9932"
"31","88","137","3","00:00:00","300","150","0","9933"
"31","75","138","3","00:00:00","300","150","1","9934"
"73","198","158","2","00:19:58","100","206","1","9935"
"76","31","116","2","00:19:59","500","94","1","9937"
"39","195","149","2","00:19:59","500","251","1","9938"
"78","30","163","2","00:16:44","300","150","1","9939"
"224","1","162","2","00:19:59","300","150","0","9940"
"78","205","139","3","00:00:00","300","150","0","9941"
"90","4","181","2","00:16:44","203","27","0","9942"
"75","88","140","3","00:00:00","300","150","1","9943"
"75","23","195","2","00:16:44","143","251","1","9944"
"45","31","141","3","00:00:00","300","150","1","9945"
"78","89","184","2","00:19:59","300","150","1","9946"
"75","138","211","2","00:16:44","203","227","1","9947"
"76","42","189","2","00:19:59","500","94","0","9948"
"34","4","236","2","00:16:44","457","206","1","9949"
"76","58","235","2","00:19:59","143","251","0","9950"
"76","75","257","2","00:19:59","500","94","1","9952"
"54","115","31","2","00:16:45","143","94","1","9953"
"89","23","142","3","00:00:00","300","150","0","9954"
"227","78","143","3","00:00:00","300","150","0","9956"
"65","4","45","2","00:16:45","300","150","1","9958"
"34","190","117","2","00:20:00","300","150","1","9959"
"25","57","208","2","00:16:45","500","94","0","9960"
"227","57","165","2","00:20:00","300","150","1","9961"
"206","269","256","2","00:16:45","300","150","1","9962"
"57","195","219","2","00:20:00","300","150","1","9963"
"57","224","268","2","00:16:45","143","251","0","9964"
"57","21","144","3","00:00:00","300","150","0","9965"
"34","4","236","2","00:20:00","100","49","0","9966"
"76","78","145","3","00:00:00","300","150","0","9967"
"76","34","2","3","00:00:00","300","150","0","9968"
"23","31","6","2","00:16:46","500","251","0","9969"
"30","227","146","3","00:00:00","300","150","1","9970"
"61","31","3","3","00:00:00","300","150","0","9971"
"183","21","147","3","00:00:00","300","150","1","9972"
"97","88","209","2","00:16:46","143","94","1","9973"
"15","21","4","3","00:00:00","300","150","0","9974"
"227","183","148","3","00:00:00","300","150","1","9975"
"31","23","149","3","00:00:00","300","150","1","9976"
"34","76","5","3","00:00:00","300","150","1","9977"
"183","76","255","2","00:16:46","500","94","1","9978"
"231","212","150","3","00:00:00","300","150","1","9979"
"21","31","6","3","00:00:00","300","150","0","9980"
"58","1","151","3","00:00:00","300","150","0","9981"
"21","76","8","3","00:00:00","300","150","1","9983"
"57","31","152","3","00:00:00","300","150","0","9984"
"42","30","9","3","00:00:00","300","150","0","9985"
"1","23","109","2","00:16:47","143","251","0","9986"
"23","76","153","3","00:00:00","300","150","1","9987"
"224","78","162","2","00:16:47","300","150","1","9988"
"31","210","154","3","00:00:00","300","150","1","9989"
"76","58","10","3","00:00:00","300","150","0","9990"
"57","34","155","3","00:00:00","300","150","0","9991"
"39","78","190","2","00:16:47","300","150","1","9992"
"31","23","156","3","00:00:00","300","150","0","9993"
"183","34","157","3","00:00:00","300","150","1","9994"
"18","23","225","2","00:16:47","500","251","0","9995"
"89","31","158","3","00:00:00","300","150","0","9996"
"89","195","159","3","00:00:00","300","150","0","9997"
"31","15","11","3","00:00:00","300","150","1","9998"
"57","23","160","3","00:00:00","300","150","1","9999"
"204","201","161","3","00:00:00","300","150","1","10001"
"21","34","12","3","00:00:00","300","150","1","10002"
"57","175","162","3","00:00:00","300","150","1","10003"
"31","34","13","3","00:00:00","300","150","1","10004"
"78","31","163","3","00:00:00","300","150","0","10005"
"75","15","14","3","00:00:00","300","150","1","10006"
"76","34","164","3","00:00:00","300","150","0","10007"
"34","57","165","3","00:00:00","300","150","1","10008"
"58","23","15","3","00:00:00","300","150","0","10009"
"31","76","166","3","00:00:00","300","150","0","10010"
"57","42","167","3","00:00:00","300","150","1","10011"
"23","31","168","3","00:00:00","300","150","0","10012"
"23","76","169","3","00:00:00","300","150","1","10013"
"31","34","170","3","00:00:00","300","150","0","10014"
"78","57","171","3","00:00:00","300","150","1","10015"
"88","31","172","3","00:00:00","300","150","0","10016"
"78","31","173","3","00:00:00","300","150","0","10017"
"76","31","174","3","00:00:00","300","150","0","10018"
"23","31","175","3","00:00:00","300","150","1","10019"
"31","57","176","3","00:00:00","300","150","1","10020"
"76","34","177","3","00:00:00","300","150","1","10021"
"57","76","178","3","00:00:00","300","150","0","10022"
"42","183","179","3","00:00:00","300","150","1","10023"
"31","78","180","3","00:00:00","300","150","1","10024"
"195","57","181","3","00:00:00","300","150","0","10025"
"78","31","182","3","00:00:00","300","150","0","10026"
"34","23","183","3","00:00:00","300","150","0","10027"
"78","76","184","3","00:00:00","300","150","0","10028"
"78","57","185","3","00:00:00","300","150","0","10029"
"31","75","17","3","00:00:00","300","150","1","10030"
"21","34","186","3","00:00:00","300","150","1","10031"
"78","89","187","3","00:00:00","300","150","0","10033"
"58","75","18","3","00:00:00","300","150","0","10034"
"57","31","188","3","00:00:00","300","150","1","10035"
"31","21","58","3","00:00:33","100","206","1","10036"
"57","109","19","3","00:00:00","300","150","1","10037"
"89","34","189","3","00:00:00","300","150","0","10038"
"21","31","20","3","00:00:00","300","150","1","10039"
"75","1","105","3","00:00:33","500","94","1","10040"
"57","30","200","3","00:00:33","300","150","0","10041"
"31","16","190","3","00:00:00","300","150","0","10042"
"76","42","21","3","00:00:00","300","150","1","10043"
"57","23","191","3","00:00:00","300","150","1","10044"
"4","248","253","3","00:00:33","353","27","1","10045"
"75","23","195","3","00:00:00","300","150","1","10046"
"227","1","179","2","00:05:37","100","206","0","10047"
"76","21","196","3","00:00:00","300","150","1","10048"
"98","78","85","3","00:00:34","457","206","0","10049"
"31","57","22","3","00:00:00","300","150","0","10050"
"31","4","197","3","00:00:00","300","150","0","10051"
"15","21","23","3","00:00:00","300","150","0","10052"
"31","57","199","3","00:00:00","300","150","0","10053"
"23","1","134","3","00:00:34","457","49","1","10054"
"78","63","255","2","00:05:37","143","94","0","10055"
"42","97","24","3","00:00:00","300","150","1","10056"
"57","31","200","3","00:00:00","300","150","0","10057"
"243","30","269","2","00:05:37","143","251","0","10058"
"57","31","201","3","00:00:00","300","150","1","10059"
"75","23","25","3","00:00:00","300","150","1","10061"
"195","76","203","3","00:00:00","300","150","0","10062"
"57","34","26","3","00:00:00","300","150","0","10063"
"195","76","204","3","00:00:00","300","150","1","10064"
"15","31","27","3","00:00:00","300","150","0","10066"
"57","23","206","3","00:00:00","300","150","0","10067"
"57","23","207","3","00:00:00","300","150","1","10068"
"23","58","28","3","00:00:00","300","150","0","10069"
"1","4","185","3","00:00:34","100","206","0","10070"
"78","75","29","3","00:00:00","300","150","1","10071"
"30","75","166","2","00:05:38","143","94","0","10072"
"115","4","231","3","00:00:34","143","94","1","10073"
"75","30","30","3","00:00:00","300","150","1","10074"
"189","57","208","3","00:00:00","300","150","0","10075"
"138","15","234","2","00:05:38","457","49","1","10076"
"195","57","209","3","00:00:00","300","150","1","10078"
"57","23","31","3","00:00:00","300","150","0","10079"
"21","76","210","3","00:00:00","300","150","0","10080"
"58","23","244","2","00:05:38","500","251","1","10081"
"1","34","32","3","00:00:00","300","150","0","10082"
"75","138","211","3","00:00:00","300","150","1","10083"
"31","58","264","2","00:05:38","143","251","1","10084"
"57","30","212","3","00:00:00","300","150","1","10085"
"78","4","213","3","00:00:00","300","150","0","10086"
"15","31","27","2","00:05:39","300","150","1","10087"
"31","30","214","3","00:00:00","300","150","0","10088"
"31","23","33","3","00:00:00","300","150","0","10089"
"65","30","47","2","00:05:39","143","94","0","10090"
"57","227","215","3","00:00:00","300","150","0","10091"
"138","23","216","3","00:00:00","300","150","1","10092"
"88","78","101","2","00:05:39","100","206","0","10093"
"78","54","34","3","00:00:00","300","150","0","10094"
"30","115","33","3","00:00:35","353","227","1","10095"
"125","227","104","2","00:05:39","457","206","0","10096"
"34","31","35","3","00:00:00","300","150","0","10097"
"21","75","136","3","00:00:35","457","49","0","10098"
"76","42","36","3","00:00:00","300","150","0","10099"
"280","227","217","3","00:00:00","300","150","1","10100"
"15","35","139","3","00:00:35","300","150","0","10101"
"73","78","218","3","00:00:00","300","150","0","10102"
"190","35","107","2","00:05:39","143","251","1","10103"
"16","30","173","3","00:00:35","300","150","0","10104"
"31","57","37","3","00:00:00","300","150","0","10105"
"183","86","184","2","00:05:39","300","150","0","10106"
"23","88","233","3","00:00:35","100","206","0","10108"
"115","78","38","3","00:00:00","300","150","0","10109"
"100","58","10","2","00:05:40","300","150","1","10110"
"23","156","55","2","00:05:40","300","150","0","10112"
"57","86","39","3","00:00:00","300","150","0","10113"
"1","89","220","3","00:00:00","300","150","1","10114"
"1","21","147","2","00:05:40","143","251","1","10115"
"25","4","209","3","00:00:36","100","49","1","10116"
"23","76","40","3","00:00:00","300","150","0","10117"
"34","280","221","3","00:00:00","300","150","1","10118"
"57","76","41","3","00:00:00","300","150","0","10119"
"30","248","217","3","00:00:36","143","251","0","10120"
"31","78","42","3","00:00:00","300","150","1","10121"
"76","57","222","3","00:00:00","300","150","1","10123"
"21","4","181","3","00:00:37","300","150","1","10124"
"248","280","223","3","00:00:00","300","150","0","10125"
"33","118","43","3","00:00:00","300","150","1","10127"
"21","57","44","3","00:00:00","300","150","1","10129"
"88","76","54","3","00:00:38","300","150","1","10130"
"42","76","224","2","00:05:40","143","251","1","10131"
"156","75","66","3","00:00:38","247","273","0","10132"
"31","76","224","3","00:00:00","300","150","1","10133"
"58","224","268","2","00:05:40","300","150","0","10134"
"78","23","225","3","00:00:00","300","150","0","10135"
"125","227","104","2","00:05:41","300","150","0","10136"
"224","76","108","3","00:00:38","100","49","1","10137"
"49","227","112","2","00:05:41","300","150","0","10138"
"227","58","226","3","00:00:00","300","150","1","10139"
"98","21","156","2","00:05:41","143","251","0","10140"
"76","31","227","3","00:00:00","300","150","0","10141"
"16","57","171","3","00:00:38","100","206","1","10142"
"88","97","191","2","00:05:41","500","251","1","10143"
"30","78","228","3","00:00:00","300","150","1","10144"
"201","88","197","2","00:05:41","500","94","1","10145"
"34","58","229","3","00:00:00","300","150","1","10146"
"31","183","121","3","00:00:39","457","206","1","10147"
"101","23","219","2","00:05:41","500","251","0","10148"
"45","31","243","2","00:05:41","457","49","0","10149"
"4","73","224","3","00:00:39","457","206","1","10150"
"23","78","230","3","00:00:00","300","150","1","10151"
"35","73","61","2","00:05:43","500","94","0","10152"
"224","76","261","3","00:00:39","247","73","1","10153"
"227","31","231","3","00:00:00","300","150","0","10154"
"21","66","203","2","00:05:43","500","94","1","10155"
"30","76","232","3","00:00:00","300","150","0","10156"
"21","4","262","3","00:00:40","457","49","1","10157"
"21","58","233","3","00:00:00","300","150","0","10158"
"31","57","264","2","00:05:43","143","251","1","10159"
"34","97","234","3","00:00:00","300","150","1","10160"
"73","58","235","3","00:00:00","300","150","1","10163"
"34","31","236","3","00:00:00","300","150","1","10165"
"61","31","3","2","00:05:44","143","251","1","10166"
"58","15","237","3","00:00:00","300","150","1","10167"
"42","23","130","2","00:05:44","143","94","0","10168"
"31","76","238","3","00:00:00","300","150","1","10169"
"224","201","188","2","00:05:44","143","94","0","10170"
"30","224","240","3","00:00:00","300","150","0","10171"
"73","57","10","3","00:00:41","457","49","0","10172"
"244","15","218","2","00:05:44","457","206","0","10173"
"76","195","241","3","00:00:00","300","150","1","10174"
"280","23","256","2","00:05:44","457","206","0","10175"
"58","87","39","3","00:00:41","143","251","1","10176"
"269","4","262","2","00:05:44","143","251","1","10177"
"280","89","242","3","00:00:00","300","150","1","10178"
"21","31","6","2","00:05:45","143","251","0","10179"
"4","65","267","3","00:00:41","457","206","1","10180"
"31","34","60","2","00:05:45","143","251","0","10181"
"30","31","243","3","00:00:00","300","150","1","10182"
"142","156","62","2","00:05:45","457","49","0","10183"
"58","195","244","3","00:00:00","300","150","1","10184"
"88","75","41","3","00:00:42","100","206","1","10185"
"21","75","88","2","00:05:45","143","251","1","10186"
"76","34","245","3","00:00:00","300","150","1","10187"
"220","31","200","2","00:05:45","500","94","0","10188"
"15","248","246","3","00:00:00","300","150","1","10189"
"205","78","143","3","00:00:42","457","206","1","10190"
"30","65","232","2","00:05:45","100","206","1","10191"
"31","21","247","3","00:00:00","300","150","1","10192"
"39","205","146","3","00:00:42","203","227","0","10194"
"65","205","248","3","00:00:00","300","150","0","10196"
"31","15","11","2","00:05:46","300","150","1","10197"
"4","31","172","3","00:00:42","143","251","1","10198"
"58","89","249","3","00:00:00","300","150","1","10199"
"34","75","128","2","00:05:46","457","206","1","10200"
"259","34","250","3","00:00:00","300","150","1","10201"
"42","30","214","3","00:00:42","457","49","1","10202"
"78","58","251","3","00:00:00","300","150","0","10204"
"91","42","124","2","00:05:47","500","251","0","10205"
"23","34","252","3","00:00:00","300","150","0","10207"
"31","57","176","2","00:05:47","143","251","0","10208"
"31","89","253","3","00:00:00","300","150","1","10209"
"13","42","16","3","00:00:43","100","206","0","10210"
"161","23","239","2","00:05:47","100","49","0","10211"
"31","101","254","3","00:00:00","300","150","0","10212"
"205","42","258","2","00:05:47","247","273","1","10213"
"183","76","255","3","00:00:00","300","150","1","10214"
"224","15","259","2","00:05:47","300","150","1","10215"
"30","23","256","3","00:00:00","300","150","1","10217"
"205","31","258","3","00:00:00","300","150","1","10218"
"45","39","243","2","00:05:48","203","27","0","10219"
"138","15","259","3","00:00:00","300","150","0","10220"
"138","313","261","2","00:05:48","457","206","1","10221"
"30","58","260","3","00:00:00","300","150","1","10222"
"4","244","267","2","00:05:48","500","94","0","10223"
"34","65","261","3","00:00:00","300","150","1","10224"
"23","156","55","2","00:05:49","247","273","1","10225"
"23","31","262","3","00:00:00","300","150","1","10226"
"75","65","263","3","00:00:00","300","150","0","10227"
"168","78","85","2","00:05:49","143","94","0","10228"
"58","15","19","3","00:00:43","457","206","1","10229"
"31","58","264","3","00:00:00","300","150","0","10230"
"21","205","265","3","00:00:00","300","150","1","10231"
"73","21","159","2","00:05:49","100","206","0","10232"
"88","1","101","3","00:00:43","500","94","0","10233"
"34","75","266","3","00:00:00","300","150","1","10234"
"21","57","115","2","00:05:50","300","150","0","10236"
"31","73","267","3","00:00:00","300","150","0","10237"
"76","31","116","3","00:00:43","100","206","0","10238"
"23","183","126","2","00:05:50","143","94","1","10239"
"58","224","268","3","00:00:00","300","150","1","10240"
"57","34","268","3","00:00:43","100","206","1","10242"
"23","15","38","3","00:00:44","100","49","1","10244"
"101","30","47","2","00:05:51","397","73","1","10246"
"78","34","48","3","00:00:44","353","27","0","10247"
"78","205","269","3","00:00:00","300","150","0","10248"
"142","65","54","2","00:05:51","247","73","0","10249"
"78","21","109","3","00:00:44","353","227","0","10250"
"76","39","116","2","00:05:51","500","251","1","10252"
"34","142","120","2","00:05:51","100","49","1","10254"
"30","89","166","3","00:00:44","100","206","1","10255"
"231","23","183","2","00:05:51","500","94","0","10257"
"23","31","168","3","00:00:44","457","206","0","10258"
"34","21","183","3","00:00:44","100","206","1","10259"
"42","31","46","3","00:00:45","143","251","0","10260"
"224","23","144","3","00:00:45","300","150","0","10261"
"76","88","122","2","00:05:52","397","73","0","10262"
"21","74","210","3","00:00:45","300","150","1","10263"
"30","97","131","2","00:05:52","300","150","1","10264"
"89","21","239","3","00:00:45","500","251","1","10266"
"1","57","34","2","00:05:53","500","251","1","10267"
"89","206","104","2","00:05:53","457","49","0","10269"
"57","21","15","3","00:00:46","203","27","1","10270"
"23","88","233","2","00:05:53","143","94","1","10271"
"23","88","44","3","00:00:46","100","49","1","10272"
"34","190","117","2","00:05:54","100","206","1","10273"
"75","57","140","3","00:00:46","457","49","0","10274"
"23","39","119","2","00:05:54","300","150","0","10275"
"1","75","133","2","00:05:54","500","94","0","10277"
"30","4","176","3","00:00:46","100","206","1","10278"
"42","98","141","2","00:05:54","300","150","1","10280"
"30","189","256","3","00:00:46","500","94","0","10281"
"61","244","267","2","00:05:54","500","94","1","10282"
"1","156","27","3","00:00:47","100","49","1","10283"
"42","88","71","2","00:05:55","100","206","0","10284"
"73","30","158","2","00:05:55","457","206","0","10285"
"21","30","168","3","00:00:47","300","150","0","10286"
"21","75","136","3","00:00:48","457","49","0","10287"
"31","34","60","2","00:05:56","500","251","1","10288"
"21","4","181","3","00:00:48","100","206","1","10290"
"1","76","29","2","00:05:57","397","273","0","10293"
"30","4","197","3","00:00:48","457","206","1","10294"
"35","78","143","2","00:05:57","353","227","1","10295"
"32","88","197","2","00:05:57","143","251","0","10297"
"4","39","188","3","00:00:49","457","49","0","10298"
"21","156","55","2","00:05:58","143","94","1","10301"
"76","21","25","3","00:00:50","457","206","0","10305"
"78","42","32","3","00:00:50","100","206","0","10306"
"88","35","39","3","00:00:50","353","27","1","10307"
"88","75","41","3","00:00:50","100","206","0","10308"
"76","35","164","2","00:05:58","500","251","0","10309"
"30","205","146","3","00:00:50","353","27","0","10310"
"206","23","256","2","00:05:58","457","206","1","10311"
"57","73","18","3","00:00:51","143","251","0","10312"
"75","313","263","2","00:05:58","300","150","1","10313"
"23","88","44","3","00:00:51","100","49","1","10314"
"78","42","48","2","00:05:59","500","251","1","10315"
"78","34","48","3","00:00:51","457","206","1","10316"
"23","81","20","2","00:06:00","143","94","1","10317"
"142","86","39","2","00:06:00","300","150","1","10318"
"1","39","99","3","00:00:51","247","73","0","10319"
"21","15","70","2","00:06:00","500","94","1","10320"
"30","21","149","3","00:00:51","457","49","1","10321"
"1","30","163","3","00:00:51","100","49","0","10322"
"78","97","94","2","00:06:00","100","206","1","10323"
"58","104","31","3","00:00:52","300","150","1","10324"
"31","76","166","2","00:06:00","143","251","0","10325"
"75","21","86","3","00:00:52","457","49","0","10326"
"65","227","257","2","00:06:00","247","73","1","10327"
"57","206","212","3","00:00:52","100","206","0","10328"
"248","88","226","3","00:00:52","500","94","1","10330"
"75","116","86","2","00:06:01","143","251","1","10331"
"76","88","235","3","00:00:52","457","49","0","10332"
"38","78","237","3","00:00:52","300","150","0","10334"
"73","31","47","2","00:06:03","143","251","1","10337"
"115","75","40","3","00:00:53","457","206","1","10338"
"97","78","123","2","00:06:03","500","94","0","10339"
"58","89","215","3","00:00:53","457","49","0","10340"
"34","23","130","2","00:06:03","143","94","1","10341"
"88","30","3","3","00:00:54","100","206","0","10342"
"21","30","55","2","00:06:04","300","150","0","10343"
"21","86","12","3","00:00:54","143","94","1","10344"
"73","31","30","3","00:00:54","457","49","0","10345"
"78","57","65","2","00:06:04","143","94","1","10346"
"75","4","45","3","00:00:54","457","49","0","10347"
"280","138","240","2","00:06:04","500","94","0","10348"
"42","88","71","3","00:00:54","300","150","1","10349"
"31","42","13","2","00:06:05","300","150","0","10350"
"65","31","116","3","00:00:54","353","227","1","10351"
"39","97","24","2","00:06:05","143","251","0","10352"
"101","89","178","3","00:00:54","143","251","1","10353"
"30","142","49","2","00:06:05","397","273","1","10354"
"224","239","229","3","00:00:54","500","94","1","10355"
"31","76","154","2","00:06:05","143","251","0","10356"
"23","78","70","3","00:00:55","300","150","1","10357"
"189","217","208","2","00:06:05","397","73","0","10358"
"4","42","167","3","00:00:55","457","206","1","10359"
"39","76","238","2","00:06:05","500","251","0","10360"
"42","23","43","3","00:00:56","500","251","1","10361"
"75","313","263","2","00:06:05","203","27","1","10362"
"86","75","61","3","00:00:56","300","150","1","10364"
"73","4","227","3","00:00:56","100","49","1","10366"
"86","27","9","2","00:06:06","203","227","0","10367"
"30","23","33","2","00:06:06","500","94","0","10368"
"224","76","261","3","00:00:56","500","251","0","10369"
"183","42","112","2","00:06:06","100","49","0","10370"
"76","57","140","3","00:00:57","457","206","0","10371"
"31","76","154","3","00:00:57","457","206","1","10372"
"49","9","139","2","00:06:06","247","273","0","10373"
"183","280","269","3","00:00:57","300","150","0","10374"
"31","195","149","2","00:06:06","143","251","1","10375"
"42","78","68","3","00:00:58","500","94","0","10376"
"313","34","245","2","00:06:06","500","251","0","10377"
"183","73","133","3","00:00:58","300","150","0","10378"
"78","42","48","2","00:06:07","500","251","0","10379"
"189","75","203","3","00:00:58","100","206","1","10380"
"31","34","60","2","00:06:07","500","94","0","10381"
"156","101","67","2","00:06:08","500","251","0","10383"
"1","157","163","2","00:06:08","300","150","1","10384"
"76","58","235","2","00:06:08","300","150","1","10385"
"23","75","204","3","00:00:58","300","150","1","10387"
"57","78","162","3","00:00:59","353","27","0","10389"
"31","15","11","2","00:06:10","397","73","0","10390"
"189","78","123","2","00:06:10","300","150","0","10391"
"89","224","211","3","00:00:59","300","150","1","10392"
"57","31","188","2","00:06:10","500","94","1","10393"
"280","15","228","3","00:00:59","247","273","0","10394"
"224","4","236","3","00:00:59","500","94","1","10396"
"280","42","258","3","00:00:59","100","206","1","10397"
"30","34","13","2","00:06:11","300","150","0","10398"
"81","76","66","2","00:06:11","300","150","0","10399"
"23","1","123","3","00:01:00","457","206","0","10400"
"76","227","257","3","00:01:00","500","251","1","10401"
"23","101","233","2","00:06:11","143","251","0","10402"
"189","75","136","2","00:06:12","500","94","0","10404"
"21","81","55","3","00:01:01","300","150","1","10405"
"189","75","169","2","00:06:12","300","150","0","10406"
"88","116","172","2","00:06:12","100","206","1","10407"
"89","227","177","3","00:01:01","300","150","0","10408"
"31","57","197","2","00:06:12","397","273","1","10409"
"30","61","22","3","00:01:02","457","49","1","10410"
"34","1","68","2","00:06:13","300","150","1","10411"
"23","15","38","3","00:01:02","353","27","1","10412"
"58","76","41","2","00:06:14","143","94","1","10413"
"115","75","40","3","00:01:02","300","150","0","10414"
"78","21","98","2","00:06:14","500","251","1","10415"
"86","27","46","3","00:01:02","143","94","1","10416"
"23","39","119","2","00:06:14","143","94","0","10417"
"205","39","141","3","00:01:02","143","251","0","10418"
"78","31","213","2","00:06:14","500","251","0","10420"
"75","231","177","2","00:06:15","397","273","1","10422"
"316","30","248","2","00:06:15","143","94","1","10423"
"73","57","10","3","00:01:03","353","227","0","10424"
"65","75","257","2","00:06:15","397","73","0","10425"
"88","35","26","3","00:01:03","143","251","0","10426"
"205","42","258","2","00:06:15","500","251","0","10427"
"142","75","41","3","00:01:03","457","49","0","10428"
"75","313","263","2","00:06:15","100","49","1","10429"
"78","34","48","3","00:01:03","457","49","1","10430"
"13","97","94","3","00:01:03","457","49","1","10431"
"30","42","146","3","00:01:04","457","206","0","10434"
"31","42","170","3","00:01:04","457","206","0","10435"
"88","1","19","3","00:01:05","457","206","0","10436"
"30","21","131","3","00:01:05","457","206","0","10437"
"42","4","165","3","00:01:05","143","94","1","10438"
"76","49","52","3","00:01:06","143","251","0","10439"
"4","20","207","3","00:01:06","353","227","1","10440"
"31","76","238","3","00:01:06","100","206","1","10441"
"280","138","240","3","00:01:47","300","150","0","10442"
"21","224","252","3","00:01:06","457","206","0","10443"
"97","57","251","3","00:01:47","100","206","1","10444"
"78","39","99","3","00:01:07","247","273","0","10445"
"49","227","112","3","00:01:07","300","150","1","10446"
"88","138","268","3","00:01:47","100","206","1","10447"
"4","42","167","3","00:01:07","457","49","1","10448"
"76","224","245","3","00:01:07","457","206","1","10449"
"31","42","146","3","00:01:08","100","206","1","10451"
"4","190","160","3","00:01:08","457","49","1","10452"
"75","195","196","3","00:01:08","457","206","1","10453"
"42","245","214","3","00:01:08","353","227","1","10454"
"224","30","221","3","00:01:08","143","94","0","10455"
"78","35","32","3","00:01:09","457","49","1","10457"
"78","195","147","3","00:01:09","100","49","0","10458"
"23","88","44","3","00:01:10","100","49","1","10460"
"86","27","46","3","00:01:10","500","94","0","10461"
"205","31","141","3","00:01:10","247","73","0","10462"
"4","21","191","3","00:01:10","300","150","1","10463"
"88","35","26","3","00:01:11","143","251","1","10464"
"100","97","84","3","00:01:11","100","49","1","10465"
"227","23","130","3","00:01:11","397","73","1","10466"
"109","35","16","3","00:01:12","300","150","0","10467"
"98","105","58","3","00:01:12","457","49","0","10468"
"142","23","59","3","00:01:12","100","206","0","10470"
"35","49","68","3","00:01:48","143","251","0","10471"
"73","34","104","3","00:01:12","500","94","0","10472"
"31","1","85","3","00:01:48","300","150","0","10473"
"86","21","142","3","00:01:12","100","49","1","10474"
"23","39","175","3","00:01:48","457","49","1","10475"
"280","57","260","3","00:01:12","500","94","0","10476"
"183","57","185","3","00:01:48","457","49","1","10477"
"42","78","68","3","00:01:13","500","94","0","10478"
"101","207","212","3","00:01:48","100","206","0","10479"
"101","183","101","3","00:01:13","397","73","0","10480"
"97","89","8","3","00:01:49","397","273","1","10481"
"109","81","27","3","00:01:49","100","49","0","10482"
"73","98","158","3","00:01:13","457","49","0","10483"
"142","116","31","3","00:01:49","457","49","1","10484"
"86","231","164","3","00:01:49","100","49","1","10487"
"89","30","223","3","00:01:49","143","251","1","10488"
"35","31","9","3","00:01:50","500","94","0","10490"
"42","73","5","3","00:01:14","457","49","1","10491"
"88","78","15","3","00:01:50","457","206","1","10492"
"100","61","227","3","00:01:14","100","206","0","10493"
"201","57","264","3","00:01:14","100","49","1","10494"
"16","97","4","3","00:01:15","353","227","0","10495"
"35","142","53","3","00:01:15","500","251","0","10496"
"86","75","61","3","00:01:15","203","27","1","10497"
"35","92","73","3","00:01:15","457","206","1","10498"
"23","1","126","3","00:01:15","100","49","1","10499"
"57","78","162","3","00:01:15","457","49","1","10500"
"39","78","190","3","00:01:15","457","206","0","10501"
"4","21","247","3","00:01:15","100","206","1","10502"
"65","78","105","3","00:01:16","300","150","0","10503"
"78","58","113","3","00:01:16","353","227","1","10504"
"89","39","174","3","00:01:16","300","150","0","10505"
"4","20","207","3","00:01:16","457","49","0","10506"
"156","49","85","3","00:01:17","457","206","1","10508"
"189","42","186","3","00:01:17","300","150","0","10509"
"34","239","229","3","00:01:17","143","251","1","10510"
"190","138","252","3","00:01:17","300","150","0","10511"
"4","72","254","3","00:01:17","100","49","1","10512"
"39","142","71","3","00:01:18","457","49","1","10513"
"86","97","142","3","00:01:19","353","27","0","10514"
"88","21","219","3","00:01:19","300","150","1","10515"
"58","98","62","3","00:01:20","100","49","1","10517"
"42","78","148","3","00:01:20","397","73","1","10518"
"97","227","246","3","00:01:20","353","227","0","10519"
"101","89","249","3","00:01:20","203","227","1","10520"
"86","183","145","3","00:01:21","143","251","0","10521"
"61","280","214","3","00:01:21","457","206","0","10522"
"34","21","216","3","00:01:21","143","251","1","10523"
"231","183","148","3","00:01:50","143","251","0","10524"
"27","116","33","3","00:01:22","100","49","1","10525"
"42","221","165","3","00:01:50","143","94","0","10526"
"35","101","5","3","00:01:23","300","150","1","10527"
"138","285","221","3","00:01:50","500","251","1","10528"
"34","224","165","3","00:01:23","143","94","1","10529"
"27","89","17","3","00:01:51","203","27","1","10530"
"277","192","242","3","00:01:51","457","49","1","10531"
"23","4","209","3","00:01:23","100","49","1","10532"
"21","35","124","3","00:01:52","300","150","1","10533"
"227","102","239","3","00:01:23","500","251","1","10534"
"30","195","156","3","00:01:52","457","206","1","10535"
"89","88","140","3","00:01:24","457","49","1","10536"
"156","35","60","3","00:01:53","457","49","0","10537"
"73","195","195","3","00:01:24","100","206","1","10538"
"21","73","136","3","00:01:53","100","206","1","10539"
"78","42","213","3","00:01:24","100","206","1","10540"
"73","31","158","3","00:01:53","457","49","0","10541"
"1","30","269","3","00:01:24","457","206","0","10542"
"183","75","184","3","00:01:53","500","94","0","10543"
"57","34","155","3","00:01:25","457","49","1","10544"
"244","21","241","3","00:01:53","457","49","0","10545"
"224","227","167","3","00:01:25","300","150","0","10546"
"35","97","73","3","00:01:26","100","206","0","10548"
"21","4","115","3","00:01:26","247","273","0","10549"
"125","86","129","3","00:01:26","457","206","1","10550"
"138","78","259","3","00:01:26","500","94","1","10551"
"30","49","121","3","00:01:27","457","49","0","10554"
"88","205","212","3","00:01:27","100","206","1","10555"
"195","220","233","3","00:01:29","300","150","1","10557"
"86","31","46","3","00:01:30","500","251","0","10559"
"183","39","173","3","00:01:30","100","206","0","10560"
"78","89","220","3","00:01:30","100","206","0","10561"
"183","116","163","3","00:01:31","100","49","1","10564"
"35","142","71","3","00:01:32","100","206","1","10566"
"97","89","246","3","00:01:32","457","49","0","10567"
"75","1","52","3","00:01:33","100","206","1","10568"
"195","75","169","3","00:01:34","100","206","0","10569"
"57","30","172","3","00:01:34","143","94","0","10570"
"244","1","218","3","00:01:34","457","206","0","10571"
"316","30","248","3","00:01:34","100","49","1","10572"
"206","97","102","3","00:01:35","300","150","0","10573"
"21","4","115","3","00:01:35","143","251","1","10574"
"4","73","238","3","00:01:35","100","49","1","10575"
"1","97","147","3","00:01:36","300","150","0","10576"
"227","23","183","3","00:01:36","100","49","0","10577"
"61","244","224","3","00:01:36","300","150","0","10578"
"65","86","36","3","00:01:37","247","73","1","10581"
"4","183","127","3","00:01:37","500","251","1","10582"
"195","201","168","3","00:01:37","100","206","1","10583"
"97","73","204","3","00:01:37","100","206","1","10584"
"244","88","222","3","00:01:37","457","206","0","10585"
"49","156","64","3","00:01:38","100","49","0","10589"
"75","227","189","3","00:01:38","203","27","1","10590"
"23","88","209","3","00:01:38","203","27","1","10591"
"81","116","33","3","00:01:39","203","27","1","10592"
"75","58","72","3","00:01:39","457","206","0","10593"
"201","57","197","3","00:01:39","203","27","1","10594"
"45","76","232","3","00:01:39","143","251","0","10595"
"49","31","89","3","00:01:40","203","27","1","10596"
"39","57","103","3","00:01:40","353","227","1","10597"
"97","89","204","3","00:01:40","100","206","1","10598"
"1","138","250","3","00:01:40","100","49","0","10599"
"23","224","181","3","00:01:41","203","27","0","10600"
"195","1","230","3","00:01:41","100","206","1","10601"
"105","49","70","3","00:01:42","300","150","1","10602"
"39","195","149","3","00:01:42","457","206","0","10603"
"57","195","207","3","00:01:42","100","206","0","10604"
"1","61","213","3","00:01:42","300","150","1","10605"
"57","21","244","3","00:01:42","143","251","0","10606"
"97","57","251","3","00:01:42","100","206","1","10607"
"35","31","9","3","00:01:44","500","94","0","10608"
"16","97","95","3","00:01:44","457","49","1","10609"
"42","21","247","3","00:01:44","100","49","0","10610"
"97","76","255","3","00:01:44","203","27","0","10611"
"73","220","122","3","00:01:45","300","150","0","10614"
"224","65","261","3","00:01:45","500","251","0","10615"
"61","58","264","3","00:01:45","100","49","0","10616"
"20","34","51","3","00:01:46","457","49","0","10617"
"66","1","105","3","00:01:46","143","94","0","10618"
"101","78","151","3","00:01:46","457","49","1","10619"
"73","31","158","3","00:01:46","457","49","0","10620"
"97","156","6","3","00:01:47","300","150","0","10622"
"39","227","110","3","00:01:47","100","206","1","10623"
"58","97","237","3","00:01:47","457","206","1","10624"
"76","58","222","3","00:03:08","300","150","0","10627"
"34","75","266","3","00:03:08","500","251","1","10628"
"23","73","8","3","00:03:09","247","73","1","10629"
"142","27","62","3","00:03:09","353","227","1","10630"
"4","30","152","3","00:03:09","100","206","0","10631"
"244","205","248","3","00:03:09","457","49","0","10632"
"75","58","10","3","00:03:10","100","206","0","10633"
"45","97","43","3","00:03:10","457","206","0","10634"
"34","1","68","3","00:03:10","143","251","1","10635"
"57","35","155","3","00:03:10","100","206","1","10636"
"75","1","14","3","00:03:12","300","150","1","10638"
"23","86","51","3","00:03:12","100","206","0","10639"
"42","58","264","3","00:03:12","100","206","1","10640"
"15","42","16","3","00:03:13","203","27","0","10641"
"75","81","47","3","00:03:13","457","49","1","10642"
"76","102","63","3","00:03:13","457","206","1","10643"
"31","88","106","3","00:03:13","457","206","1","10644"
"89","21","159","3","00:03:13","457","49","0","10645"
"31","15","11","3","00:03:14","100","206","1","10646"
"58","109","19","3","00:03:15","203","227","0","10647"
"35","88","53","3","00:03:15","300","150","1","10648"
"57","78","69","3","00:03:15","100","49","0","10649"
"248","88","226","3","00:03:15","500","251","1","10650"
"15","65","255","3","00:03:15","457","206","1","10651"
"109","101","57","3","00:03:16","353","27","0","10652"
"34","23","73","3","00:03:16","100","206","0","10653"
"191","42","124","3","00:03:16","353","227","0","10654"
"23","204","107","3","00:03:17","457","206","1","10655"
"45","78","143","3","00:03:17","300","150","0","10656"
"78","30","182","3","00:03:17","397","73","0","10657"
"76","31","227","3","00:03:17","300","150","1","10658"
"97","58","251","3","00:03:17","100","49","0","10659"
"30","61","258","3","00:01:53","100","206","1","10660"
"88","115","31","3","00:03:18","457","206","1","10662"
"35","65","61","3","00:01:54","100","206","1","10663"
"101","214","129","3","00:01:54","300","150","0","10664"
"31","76","67","3","00:03:18","100","206","0","10665"
"13","31","173","3","00:03:18","457","49","0","10666"
"57","32","200","3","00:01:54","457","49","0","10667"
"4","156","27","3","00:03:19","353","227","1","10669"
"76","1","52","3","00:03:19","457","206","0","10671"
"78","205","269","3","00:01:55","100","49","1","10672"
"1","34","112","3","00:03:19","100","206","1","10673"
"4","195","191","3","00:01:56","457","206","1","10674"
"224","195","216","3","00:01:56","143","251","0","10676"
"35","97","24","3","00:03:20","500","94","1","10678"
"61","316","267","3","00:01:56","203","227","0","10679"
"98","42","60","3","00:03:20","203","27","1","10680"
"125","49","105","3","00:01:57","143","94","1","10681"
"13","23","98","3","00:03:20","100","49","0","10682"
"195","78","230","3","00:01:57","100","49","1","10683"
"76","23","142","3","00:03:20","457","206","0","10684"
"89","244","263","3","00:01:57","247","273","1","10685"
"97","81","6","3","00:01:58","300","150","0","10687"
"57","78","69","3","00:03:21","100","206","1","10688"
"97","138","168","3","00:03:21","457","49","1","10689"
"31","149","190","3","00:03:21","100","206","1","10690"
"224","97","234","3","00:03:21","397","73","1","10691"
"31","42","13","3","00:03:22","203","227","0","10692"
"42","161","46","3","00:03:22","500","94","0","10693"
"125","1","118","3","00:03:22","457","49","0","10695"
"205","1","148","3","00:03:22","500","94","1","10697"
"89","42","164","3","00:03:22","457","49","1","10699"
"31","183","180","3","00:03:22","353","227","1","10703"
"89","23","239","3","00:03:22","500","94","0","10705"
"1","156","64","3","00:03:23","457","49","0","10719"
"31","65","166","3","00:03:23","100","206","1","10722"
"73","231","177","3","00:03:23","457","206","1","10725"
"156","76","66","3","00:03:24","143","251","1","10727"
"76","78","45","3","00:00:00","300","150","1","10730"
"35","217","125","3","00:03:24","397","73","0","10731"
"34","30","46","3","00:00:00","300","150","0","10733"
"76","23","142","3","00:03:24","457","49","0","10734"
"76","31","47","3","00:00:00","300","150","0","10735"
"16","224","171","3","00:03:24","100","206","0","10737"
"1","42","48","3","00:00:00","300","150","0","10738"
"30","57","49","3","00:00:00","300","150","1","10741"
"89","23","239","3","00:03:24","300","150","0","10742"
"65","75","257","3","00:00:02","300","150","1","10743"
"23","1","50","3","00:00:00","300","150","1","10744"
"15","34","16","3","00:00:04","300","150","1","10745"
"23","34","51","3","00:00:00","300","150","1","10747"
"21","76","8","3","00:00:05","247","273","1","10748"
"75","1","52","3","00:00:00","300","150","1","10749"
"21","30","20","3","00:03:25","100","49","0","10750"
"89","195","159","3","00:00:05","247","73","0","10751"
"42","142","53","3","00:00:00","300","150","1","10752"
"57","75","54","3","00:00:00","300","150","0","10754"
"76","227","104","3","00:00:06","300","150","1","10755"
"23","30","55","3","00:00:00","300","150","1","10756"
"31","34","110","3","00:00:06","300","150","0","10757"
"34","75","114","3","00:00:06","247","273","1","10758"
"34","1","56","3","00:00:00","300","150","0","10759"
"34","58","229","3","00:00:06","353","27","0","10760"
"1","75","57","3","00:00:00","300","150","1","10761"
"57","76","41","3","00:00:07","457","206","1","10762"
"31","61","22","3","00:03:25","457","49","0","10763"
"31","23","58","3","00:00:00","300","150","0","10764"
"78","205","139","3","00:00:07","300","150","0","10765"
"57","21","59","3","00:00:00","300","150","0","10766"
"23","76","136","3","00:00:08","300","150","1","10767"
"31","42","60","3","00:00:00","300","150","0","10768"
"78","31","182","3","00:00:08","247","73","0","10769"
"42","76","61","3","00:00:00","300","150","0","10770"
"195","76","203","3","00:00:08","100","49","1","10771"
"57","30","62","3","00:00:00","300","150","1","10772"
"30","23","256","3","00:00:08","247","273","1","10773"
"75","97","63","3","00:00:00","300","150","1","10774"
"4","21","23","3","00:03:25","457","206","0","10776"
"31","34","13","3","00:00:09","457","49","0","10777"
"1","31","64","3","00:00:00","300","150","0","10778"
"4","227","167","3","00:03:25","457","49","0","10779"
"23","73","210","3","00:03:25","100","49","0","10780"
"1","42","213","3","00:03:25","457","49","0","10781"
"57","23","219","3","00:03:25","500","251","1","10782"
"45","39","243","3","00:03:25","397","73","0","10783"
"75","57","72","3","00:00:09","457","49","0","10784"
"76","21","196","3","00:00:09","300","150","1","10785"
"227","58","226","3","00:00:09","300","150","1","10786"
"1","58","65","3","00:00:00","300","150","0","10787"
"31","42","60","3","00:00:10","457","206","1","10789"
"30","76","66","3","00:00:00","300","150","1","10790"
"34","21","117","3","00:00:10","143","251","1","10791"
"101","81","47","3","00:03:26","100","206","1","10792"
"31","16","190","3","00:00:10","100","206","0","10793"
"31","23","131","3","00:03:26","457","206","0","10794"
"31","76","67","3","00:00:00","300","150","1","10795"
"57","97","191","3","00:03:26","100","206","0","10796"
"34","1","68","3","00:00:00","300","150","1","10797"
"31","280","214","3","00:03:26","300","150","0","10798"
"30","42","13","3","00:00:11","300","150","1","10799"
"57","1","69","3","00:00:00","300","150","1","10800"
"1","42","48","3","00:00:11","353","27","1","10801"
"21","1","70","3","00:00:00","300","150","0","10802"
"138","4","236","3","00:03:26","300","150","1","10803"
"21","13","96","3","00:00:11","100","206","1","10804"
"86","57","71","3","00:00:00","300","150","1","10805"
"88","245","212","3","00:00:11","100","206","0","10806"
"75","57","72","3","00:00:00","300","150","0","10807"
"204","180","148","3","00:00:13","100","49","0","10808"
"86","21","73","3","00:00:00","300","150","0","10809"
"31","57","176","3","00:00:13","100","206","1","10810"
"75","23","84","3","00:00:00","300","150","1","10811"
"61","31","3","3","00:00:14","457","206","0","10812"
"76","31","47","3","00:03:27","457","49","0","10813"
"57","31","62","3","00:00:14","100","49","0","10814"
"31","1","85","3","00:00:00","300","150","0","10815"
"30","73","66","3","00:00:14","500","94","1","10816"
"75","23","86","3","00:00:00","300","150","0","10817"
"21","4","50","3","00:03:27","353","27","1","10818"
"31","57","199","3","00:00:14","203","227","1","10819"
"30","1","87","3","00:00:00","300","150","1","10820"
"23","13","97","3","00:03:27","100","206","1","10822"
"21","75","88","3","00:00:00","300","150","1","10823"
"58","15","19","3","00:00:16","457","49","1","10824"
"13","31","89","3","00:00:00","300","150","0","10825"
"285","42","243","3","00:00:16","500","251","1","10826"
"86","57","71","3","00:00:17","300","150","1","10827"
"78","21","98","3","00:00:17","100","49","0","10828"
"224","78","101","3","00:00:17","143","251","1","10829"
"227","75","114","3","00:03:27","247","73","0","10830"
"42","31","161","3","00:00:17","247","273","1","10831"
"183","31","182","3","00:00:17","143","94","0","10832"
"21","75","90","3","00:00:00","300","150","1","10833"
"34","13","179","3","00:03:27","100","206","0","10834"
"205","31","258","3","00:00:17","100","206","1","10835"
"76","21","92","3","00:00:00","300","150","0","10836"
"248","88","226","3","00:03:27","500","94","1","10837"
"201","57","264","3","00:03:27","300","150","1","10838"
"4","78","127","3","00:03:28","397","73","1","10839"
"61","31","3","3","00:00:18","300","150","0","10840"
"205","316","232","3","00:03:28","143","251","0","10841"
"23","72","233","3","00:03:28","100","206","1","10842"
"78","21","94","3","00:00:00","300","150","0","10843"
"21","78","97","3","00:00:18","100","206","1","10844"
"78","23","95","3","00:00:00","300","150","1","10845"
"244","205","248","3","00:03:28","457","49","1","10846"
"57","31","200","3","00:00:18","300","150","0","10847"
"88","245","212","3","00:00:18","203","27","1","10849"
"21","13","96","3","00:00:00","300","150","0","10850"
"214","21","111","3","00:01:58","100","49","1","10852"
"34","280","221","3","00:00:18","143","251","1","10853"
"21","78","97","3","00:00:00","300","150","1","10854"
"42","30","35","3","00:03:29","457","49","0","10855"
"78","21","98","3","00:00:00","300","150","1","10856"
"23","78","96","3","00:03:29","300","150","1","10857"
"15","31","99","3","00:00:00","300","150","0","10858"
"20","35","107","3","00:03:29","100","49","0","10859"
"23","125","100","3","00:00:00","300","150","0","10860"
"76","15","218","3","00:03:29","457","206","0","10861"
"76","88","140","3","00:01:58","300","150","0","10862"
"224","78","101","3","00:00:00","300","150","1","10863"
"183","138","250","3","00:00:18","300","150","0","10864"
"1","58","251","3","00:03:29","100","49","0","10865"
"75","231","177","3","00:01:58","100","206","1","10866"
"206","97","102","3","00:00:00","300","150","0","10867"
"34","57","53","3","00:01:59","500","94","1","10868"
"224","73","108","3","00:03:31","457","49","1","10869"
"195","86","153","3","00:01:59","100","49","0","10870"
"57","21","144","3","00:03:31","457","49","0","10871"
"88","15","237","3","00:00:19","100","49","0","10872"
"231","98","161","3","00:01:59","143","251","0","10873"
"89","224","211","3","00:03:31","500","251","1","10874"
"190","244","210","3","00:01:59","500","251","0","10875"
"42","114","253","3","00:03:31","353","27","0","10876"
"65","30","248","3","00:01:59","100","49","0","10877"
"20","89","136","3","00:03:32","457","49","0","10878"
"227","183","143","3","00:03:32","300","150","0","10879"
"45","73","61","3","00:02:00","100","49","0","10880"
"21","76","169","3","00:03:32","300","150","0","10881"
"78","89","246","3","00:00:19","300","150","0","10882"
"42","30","141","3","00:02:00","500","251","1","10883"
"57","73","178","3","00:03:32","247","73","1","10884"
"189","227","186","3","00:02:00","457","206","0","10885"
"97","89","153","3","00:03:33","457","49","1","10886"
"244","1","218","3","00:04:19","300","150","1","10887"
"21","1","70","3","00:00:20","500","94","0","10888"
"39","88","199","3","00:02:00","457","206","1","10889"
"34","21","24","3","00:04:20","143","94","1","10890"
"57","31","3","3","00:00:21","457","206","0","10891"
"57","21","206","3","00:03:33","457","49","0","10892"
"23","57","233","3","00:02:00","300","150","1","10893"
"157","57","49","3","00:04:20","300","150","0","10894"
"97","76","255","3","00:02:00","457","206","1","10895"
"205","34","240","3","00:03:33","457","206","0","10896"
"31","224","103","3","00:04:20","457","49","1","10897"
"27","116","182","3","00:02:01","500","94","0","10898"
"57","21","15","3","00:03:34","457","49","0","10899"
"206","89","217","3","00:02:01","143","251","1","10900"
"101","195","144","3","00:04:20","100","49","1","10901"
"78","31","89","3","00:03:34","100","206","1","10902"
"76","227","104","3","00:00:21","397","273","0","10903"
"109","31","27","3","00:04:21","300","150","0","10906"
"13","23","94","3","00:02:02","100","49","1","10907"
"42","58","125","3","00:00:21","457","49","1","10908"
"49","23","94","3","00:04:21","100","49","1","10910"
"183","21","147","3","00:00:21","457","49","1","10911"
"42","30","141","3","00:02:03","500","251","0","10912"
"75","1","105","3","00:04:21","500","94","1","10913"
"57","205","167","3","00:00:21","457","206","1","10914"
"34","57","165","3","00:02:03","300","150","0","10915"
"231","78","143","3","00:04:21","143","251","0","10916"
"316","183","218","3","00:02:03","203","27","0","10919"
"78","89","246","3","00:04:21","300","150","0","10920"
"78","88","251","3","00:04:21","457","49","0","10922"
"104","58","28","3","00:03:35","300","150","1","10923"
"1","34","16","3","00:00:22","203","227","0","10924"
"21","34","12","3","00:00:23","143","251","0","10926"
"34","21","24","3","00:00:23","300","150","1","10927"
"78","40","269","3","00:04:21","100","206","1","10928"
"30","76","66","3","00:00:23","300","150","1","10929"
"30","73","67","3","00:00:23","457","49","0","10930"
"23","1","38","3","00:03:35","100","206","0","10931"
"23","42","107","3","00:00:23","457","49","1","10933"
"34","27","46","3","00:04:22","300","150","1","10934"
"23","158","55","3","00:03:35","203","227","0","10935"
"31","224","103","3","00:04:22","457","49","1","10936"
"1","156","64","3","00:03:35","457","206","0","10937"
"30","1","228","3","00:04:22","143","251","1","10938"
"42","57","120","3","00:00:23","300","150","0","10939"
"58","15","19","3","00:03:36","100","206","1","10940"
"205","31","243","3","00:02:03","500","94","0","10941"
"34","58","229","3","00:00:23","143","251","1","10942"
"21","78","50","3","00:03:36","100","206","1","10943"
"97","89","246","3","00:02:03","457","49","0","10944"
"4","183","162","3","00:00:24","300","150","0","10945"
"53","23","31","3","00:02:04","100","49","0","10946"
"13","23","98","3","00:03:36","353","27","1","10947"
"78","89","246","3","00:00:24","300","150","0","10948"
"149","57","71","3","00:02:04","100","206","0","10949"
"23","13","123","3","00:03:36","457","206","0","10951"
"30","100","17","3","00:00:25","457","206","0","10953"
"76","205","164","3","00:02:05","457","206","0","10954"
"23","57","132","3","00:03:36","353","227","0","10955"
"125","4","45","3","00:00:25","100","206","0","10956"
"45","190","256","3","00:04:22","143","94","1","10957"
"57","34","167","3","00:02:05","300","150","0","10958"
"224","89","178","3","00:00:25","500","251","1","10959"
"21","1","134","3","00:03:36","300","150","0","10960"
"20","4","209","3","00:00:25","100","206","0","10961"
"110","35","16","3","00:03:37","100","49","0","10962"
"21","75","136","3","00:00:26","457","206","1","10963"
"42","31","9","3","00:00:27","300","150","0","10964"
"31","286","264","3","00:04:22","100","206","1","10965"
"81","76","17","3","00:03:37","353","227","0","10966"
"58","15","19","3","00:00:27","353","27","1","10967"
"23","31","168","3","00:02:05","300","150","1","10968"
"42","109","68","3","00:04:23","300","150","1","10969"
"30","34","240","3","00:00:28","457","49","0","10970"
"65","34","2","3","00:00:29","100","49","1","10973"
"58","227","135","3","00:00:29","100","206","1","10976"
"27","1","11","3","00:04:24","353","27","0","10977"
"78","57","171","3","00:02:06","100","206","0","10978"
"15","23","4","3","00:00:30","100","206","1","10979"
"25","73","40","3","00:03:37","100","49","1","10980"
"23","142","44","3","00:04:24","100","49","1","10981"
"280","23","256","3","00:02:06","500","251","0","10982"
"31","23","58","3","00:00:30","100","206","1","10983"
"57","31","201","3","00:04:24","457","49","0","10984"
"88","35","39","3","00:00:31","500","251","0","10985"
"73","23","241","3","00:04:24","457","206","0","10986"
"57","31","152","3","00:02:07","457","49","1","10987"
"25","76","40","3","00:00:31","100","49","1","10988"
"76","116","92","3","00:02:08","457","206","1","10990"
"23","78","96","3","00:00:31","353","27","0","10991"
"76","97","92","3","00:04:25","100","49","0","10992"
"191","49","134","3","00:02:08","457","49","0","10993"
"224","23","144","3","00:00:31","300","150","1","10994"
"191","101","181","3","00:02:08","100","206","1","10995"
"21","30","168","3","00:00:31","353","227","0","10997"
"31","21","156","3","00:03:37","100","206","0","10998"
"316","89","257","3","00:02:08","500","251","0","10999"
"109","116","98","3","00:04:26","300","150","0","11000"
"4","30","201","3","00:00:31","300","150","1","11001"
"35","220","120","3","00:04:26","397","273","0","11002"
"23","217","208","3","00:03:37","457","49","1","11004"
"30","73","232","3","00:00:31","143","251","0","11005"
"65","57","10","3","00:04:27","203","27","1","11006"
"88","78","237","3","00:00:31","100","206","0","11007"
"39","23","43","3","00:04:27","457","206","0","11008"
"20","34","51","3","00:03:38","100","206","1","11009"
"30","34","60","3","00:04:27","457","206","1","11010"
"78","65","255","3","00:00:31","457","206","1","11011"
"89","30","158","3","00:04:27","100","206","0","11012"
"76","78","52","3","00:00:32","397","73","1","11013"
"21","138","168","3","00:03:38","457","49","1","11014"
"78","23","98","3","00:00:32","457","49","0","11016"
"57","227","167","3","00:04:27","300","150","1","11017"
"30","224","106","3","00:00:32","100","206","1","11019"
"89","224","211","3","00:03:38","500","94","1","11020"
"31","109","42","3","00:02:09","457","206","0","11021"
"30","23","156","3","00:00:32","100","206","1","11022"
"1","142","65","3","00:02:09","457","49","1","11023"
"114","21","239","3","00:03:38","143","94","0","11024"
"4","25","160","3","00:00:32","100","206","1","11025"
"75","31","174","3","00:02:09","143","94","0","11026"
"39","1","121","3","00:03:39","353","227","1","11027"
"231","21","130","3","00:03:39","397","273","1","11029"
"205","1","148","3","00:03:39","500","94","1","11030"
"21","4","132","3","00:04:28","203","27","0","11032"
"30","15","11","3","00:03:40","100","49","0","11033"
"78","157","182","3","00:04:28","500","94","1","11034"
"115","58","28","3","00:03:40","397","273","1","11035"
"61","244","267","3","00:04:28","353","227","0","11036"
"30","75","67","3","00:03:40","203","227","1","11037"
"78","35","112","3","00:03:40","457","49","1","11039"
"4","101","54","3","00:04:29","300","150","0","11040"
"25","57","209","3","00:03:40","100","49","0","11041"
"39","224","176","3","00:04:29","100","206","0","11042"
"115","142","268","3","00:05:36","457","49","0","11043"
"190","224","252","3","00:04:29","353","27","0","11044"
"81","109","11","3","00:05:37","353","227","1","11045"
"31","21","131","3","00:04:30","457","206","1","11047"
"101","97","63","3","00:05:37","100","206","0","11048"
"97","214","100","3","00:05:38","100","49","0","11050"
"1","76","29","3","00:04:31","300","150","1","11051"
"205","1","228","3","00:03:40","457","206","1","11052"
"42","88","120","3","00:05:38","143","94","1","11053"
"75","97","92","3","00:04:31","100","49","1","11054"
"23","58","233","3","00:03:40","100","49","0","11055"
"31","224","103","3","00:04:31","457","206","0","11056"
"4","30","214","3","00:04:31","100","49","0","11057"
"35","191","130","3","00:05:38","500","251","1","11059"
"78","88","251","3","00:04:31","457","49","0","11060"
"32","42","170","3","00:03:41","100","49","0","11061"
"81","142","37","3","00:04:32","300","150","1","11062"
"39","97","149","3","00:05:38","457","49","0","11063"
"65","227","257","3","00:04:32","100","206","0","11064"
"88","23","191","3","00:05:38","300","150","0","11065"
"57","190","219","3","00:03:41","143","251","0","11066"
"75","57","72","3","00:05:39","203","27","0","11067"
"73","1","218","3","00:04:33","100","206","1","11068"
"4","244","224","3","00:04:33","100","49","1","11071"
"227","183","143","3","00:05:39","247","273","1","11072"
"31","23","247","3","00:04:33","100","206","1","11074"
"89","138","211","3","00:05:39","143","251","1","11075"
"31","1","42","3","00:04:34","100","206","0","11076"
"34","97","102","3","00:04:34","300","150","1","11079"
"89","227","189","3","00:05:40","300","150","1","11080"
"21","42","107","3","00:04:35","300","150","0","11081"
"58","27","62","3","00:03:42","100","49","1","11082"
"73","58","235","3","00:05:40","100","206","0","11083"
"231","224","165","3","00:04:35","500","251","1","11084"
"269","280","265","3","00:05:40","457","49","0","11085"
"227","212","150","3","00:03:42","500","251","0","11086"
"23","58","209","3","00:04:35","457","206","0","11087"
"313","224","245","3","00:04:35","457","206","1","11089"
"35","49","56","3","00:04:36","100","206","1","11091"
"138","313","261","3","00:03:42","247","273","1","11092"
"34","1","68","3","00:05:41","247","273","1","11093"
"31","1","85","3","00:04:36","457","49","0","11094"
"30","1","85","3","00:05:41","100","49","1","11095"
"11","23","4","3","00:03:43","353","27","1","11096"
"224","30","221","3","00:04:36","143","94","0","11097"
"175","89","184","3","00:05:41","300","150","1","11098"
"316","57","235","3","00:04:36","300","150","1","11099"
"1","81","27","3","00:03:43","457","206","1","11100"
"78","98","64","3","00:03:43","300","150","1","11101"
"231","183","143","3","00:03:43","397","273","0","11103"
"39","76","224","3","00:05:41","300","150","1","11104"
"204","23","183","3","00:03:43","457","206","0","11105"
"15","23","4","3","00:04:38","300","150","0","11108"
"42","97","73","3","00:05:42","457","49","1","11109"
"21","4","132","3","00:04:38","100","206","1","11110"
"224","75","108","3","00:05:42","300","150","1","11112"
"1","75","133","3","00:04:38","457","206","1","11113"
"227","125","125","3","00:05:42","500","94","1","11114"
"89","30","223","3","00:04:38","143","251","0","11115"
"65","42","2","3","00:05:43","457","206","0","11117"
"88","243","237","3","00:04:38","300","150","0","11118"
"4","57","65","3","00:05:43","100","206","1","11119"
"57","34","167","3","00:05:44","457","49","0","11123"
"1","4","185","3","00:05:44","300","150","1","11124"
"190","100","210","3","00:05:44","300","150","0","11126"
"15","156","27","3","00:04:39","100","49","0","11128"
"21","210","204","3","00:05:45","353","27","0","11130"
"81","23","58","3","00:04:39","100","49","1","11131"
"280","42","258","3","00:05:45","457","49","0","11132"
"49","31","64","3","00:04:39","100","49","0","11133"
"54","97","31","3","00:03:44","457","49","1","11134"
"58","39","188","3","00:04:39","457","49","0","11135"
"75","97","84","3","00:03:44","457","206","1","11136"
"245","248","242","3","00:04:39","300","150","1","11137"
"15","73","29","3","00:03:45","457","49","1","11138"
"30","75","17","3","00:04:40","457","49","0","11139"
"78","23","94","3","00:03:45","300","150","1","11140"
"1","45","139","3","00:04:40","353","227","0","11142"
"39","88","197","3","00:05:46","457","49","1","11143"
"104","34","186","3","00:04:40","100","206","0","11144"
"35","57","125","3","00:03:45","500","94","1","11145"
"88","23","206","3","00:05:46","203","27","0","11146"
"31","58","199","3","00:04:40","457","206","0","11147"
"88","227","249","3","00:05:46","300","150","0","11148"
"76","15","14","3","00:05:47","203","27","0","11150"
"88","115","31","3","00:05:47","457","206","1","11151"
"21","42","107","3","00:04:41","100","206","0","11152"
"30","23","33","3","00:05:47","100","49","1","11153"
"142","156","62","3","00:05:47","100","206","0","11154"
"97","89","100","3","00:04:42","457","206","0","11155"
"34","78","68","3","00:05:47","500","94","1","11156"
"42","23","130","3","00:04:42","397","273","1","11157"
"13","156","89","3","00:05:47","100","49","1","11158"
"205","183","143","3","00:03:45","300","150","0","11159"
"58","15","237","3","00:04:42","100","49","1","11160"
"23","78","97","3","00:05:47","300","150","1","11161"
"23","30","265","3","00:04:42","100","49","1","11162"
"116","75","138","3","00:05:47","457","49","1","11163"
"31","34","13","3","00:04:43","100","206","0","11165"
"31","219","106","3","00:04:43","100","206","1","11166"
"34","15","234","3","00:03:45","300","150","0","11167"
"65","81","30","3","00:04:44","100","49","1","11168"
"57","109","19","3","00:03:46","300","150","1","11169"
"31","1","180","3","00:05:47","100","206","0","11170"
"227","97","117","3","00:04:44","247","73","1","11171"
"195","76","203","3","00:05:47","300","150","0","11172"
"57","31","188","3","00:03:46","457","206","0","11173"
"23","30","265","3","00:04:44","100","49","1","11174"
"78","244","255","3","00:05:47","100","206","1","11175"
"88","142","268","3","00:04:44","457","49","1","11176"
"101","42","2","3","00:03:47","457","49","0","11177"
"34","75","266","3","00:05:47","500","94","1","11178"
"97","280","269","3","00:05:47","300","150","1","11179"
"149","57","71","3","00:05:48","457","49","1","11182"
"1","4","171","3","00:05:48","457","49","0","11183"
"88","30","188","3","00:05:48","457","49","0","11184"
"42","20","43","3","00:04:45","457","49","1","11185"
"34","195","216","3","00:05:48","143","251","0","11186"
"65","30","47","3","00:03:47","300","150","0","11188"
"183","75","184","3","00:04:45","143","251","1","11189"
"15","23","4","3","00:04:46","100","206","0","11191"
"57","1","19","3","00:05:49","457","49","0","11192"
"88","89","108","3","00:04:46","100","206","1","11193"
"55","75","41","3","00:05:49","300","150","1","11194"
"205","316","232","3","00:04:46","300","150","0","11195"
"125","49","52","3","00:05:49","300","150","0","11196"
"101","214","129","3","00:05:49","100","206","1","11197"
"138","89","266","3","00:04:46","143","94","0","11198"
"76","89","257","3","00:05:49","100","49","1","11199"
"35","97","73","3","00:03:47","100","49","0","11200"
"30","65","17","3","00:05:50","457","49","1","11202"
"116","31","6","3","00:04:47","300","150","1","11203"
"49","227","112","3","00:05:50","457","206","1","11204"
"31","34","13","3","00:04:47","100","206","0","11206"
"224","97","259","3","00:05:50","143","251","0","11207"
"42","125","114","3","00:04:47","143","251","1","11208"
"205","39","141","3","00:03:48","500","251","1","11209"
"224","86","178","3","00:04:47","247","273","0","11210"
"25","217","208","3","00:03:48","353","27","0","11211"
"195","316","210","3","00:03:48","100","49","1","11212"
"280","73","232","3","00:03:49","500","94","1","11213"
"30","23","33","3","00:05:51","100","49","0","11215"
"30","1","85","3","00:03:50","457","49","0","11216"
"88","75","54","3","00:05:51","300","150","0","11217"
"76","23","142","3","00:05:51","457","49","1","11219"
"13","23","95","3","00:03:50","100","49","1","11220"
"116","109","96","3","00:04:48","353","227","0","11221"
"31","35","110","3","00:04:48","100","206","1","11223"
"23","76","153","3","00:03:50","457","206","1","11224"
"42","31","141","3","00:04:48","143","94","1","11225"
"32","183","180","3","00:03:50","100","49","0","11226"
"1","34","157","3","00:04:48","457","206","1","11227"
"31","204","170","3","00:04:48","457","49","1","11228"
"30","78","190","3","00:04:48","300","150","1","11229"
"81","57","22","3","00:04:49","353","227","1","11230"
"34","57","53","3","00:04:49","247","73","0","11231"
"89","183","145","3","00:03:51","500","94","1","11232"
"116","58","28","3","00:05:52","500","94","0","11233"
"49","97","95","3","00:04:51","203","227","0","11234"
"4","65","267","3","00:03:51","203","27","0","11235"
"21","78","134","3","00:05:52","300","150","0","11236"
"1","195","109","3","00:04:51","100","49","1","11237"
"78","31","182","3","00:05:52","143","251","1","11238"
"65","34","21","3","00:03:52","300","150","0","11239"
"78","89","184","3","00:05:52","300","150","1","11240"
"39","316","224","3","00:05:52","353","27","0","11241"
"31","21","156","3","00:03:52","457","49","1","11242"
"97","89","204","3","00:04:51","457","49","0","11243"
"101","30","212","3","00:03:52","457","49","0","11244"
"190","138","252","3","00:04:51","203","27","0","11245"
"205","58","260","3","00:03:52","397","73","0","11246"
"30","75","17","3","00:04:52","457","49","0","11247"
"34","313","261","3","00:03:52","143","251","1","11249"
"58","13","19","3","00:04:52","457","206","1","11250"
"30","109","85","3","00:05:53","300","150","0","11251"
"227","21","130","3","00:04:52","500","94","0","11252"
"183","76","187","3","00:04:52","457","49","0","11254"
"35","126","5","3","00:03:53","457","206","0","11255"
"138","89","266","3","00:04:52","300","150","0","11256"
"78","21","147","3","00:03:53","457","206","0","11257"
"78","89","184","3","00:03:53","500","94","0","11259"
"57","101","41","3","00:04:53","100","206","1","11260"
"35","73","128","3","00:05:53","500","94","0","11261"
"30","49","121","3","00:04:53","457","206","0","11262"
"36","65","261","3","00:04:53","500","251","1","11263"
"183","23","147","3","00:05:53","100","49","0","11264"
"217","23","160","3","00:04:54","457","49","0","11265"
"4","175","162","3","00:05:53","457","49","0","11266"
"34","285","221","3","00:05:53","143","251","1","11267"
"86","227","164","3","00:04:54","100","206","0","11268"
"34","25","216","3","00:03:53","300","150","1","11269"
"146","191","102","3","00:05:54","300","150","0","11270"
"280","57","260","3","00:04:54","143","251","1","11271"
"227","183","148","3","00:05:54","500","251","0","11272"
"1","248","220","3","00:05:54","457","49","0","11274"
"23","31","20","3","00:03:54","300","150","0","11275"
"76","20","25","3","00:03:54","100","49","1","11276"
"58","75","18","3","00:05:55","300","150","0","11277"
"1","21","225","3","00:03:54","100","49","0","11278"
"101","86","21","3","00:04:55","457","206","0","11279"
"21","78","50","3","00:05:55","100","206","0","11280"
"39","191","131","3","00:04:55","457","49","1","11281"
"30","195","156","3","00:04:55","100","206","1","11283"
"75","138","211","3","00:04:55","300","150","1","11284"
"101","23","63","3","00:05:55","100","49","0","11287"
"142","21","59","3","00:03:55","457","206","1","11288"
"195","125","100","3","00:05:55","100","49","1","11290"
"31","75","17","3","00:04:56","457","49","1","11291"
"30","4","106","3","00:03:55","457","206","1","11292"
"125","35","36","3","00:04:56","500","94","1","11293"
"231","4","165","3","00:03:55","300","150","1","11294"
"76","55","72","3","00:04:56","100","206","1","11295"
"149","4","213","3","00:04:56","457","206","0","11296"
"66","30","174","3","00:03:55","300","150","0","11297"
"76","34","2","3","00:04:57","300","150","0","11298"
"31","1","121","3","00:05:55","100","206","1","11299"
"97","227","186","3","00:04:57","203","27","1","11300"
"192","49","123","3","00:05:55","100","206","0","11301"
"78","88","65","3","00:04:58","100","206","0","11302"
"88","115","31","3","00:05:56","100","49","1","11303"
"30","16","42","3","00:03:56","457","49","1","11304"
"1","31","99","3","00:05:56","143","251","1","11305"
"88","248","215","3","00:04:58","100","49","1","11306"
"23","57","132","3","00:05:56","457","206","0","11307"
"78","21","95","3","00:03:56","100","49","0","11309"
"248","195","239","3","00:05:56","500","251","0","11310"
"39","30","9","3","00:04:59","300","150","0","11311"
"76","31","158","3","00:04:59","100","206","0","11313"
"30","4","176","3","00:03:56","457","49","0","11314"
"31","58","254","3","00:04:59","100","206","1","11316"
"97","89","153","3","00:05:57","100","206","0","11317"
"34","15","259","3","00:04:59","500","251","1","11318"
"78","75","187","3","00:03:56","457","49","0","11319"
"42","195","183","3","00:05:57","100","49","0","11320"
"39","16","190","3","00:05:57","457","206","1","11321"
"25","57","208","3","00:03:56","300","150","0","11322"
"190","88","233","3","00:03:56","300","150","0","11323"
"45","269","256","3","00:05:57","247","273","0","11325"
"35","78","24","3","00:05:58","500","94","0","11326"
"31","23","33","3","00:05:58","100","206","1","11327"
"34","1","234","3","00:03:56","143","251","1","11328"
"75","23","196","3","00:05:00","100","206","1","11329"
"101","201","200","3","00:05:58","100","206","1","11330"
"15","195","225","3","00:05:58","100","206","0","11331"
"23","4","208","3","00:05:00","353","27","1","11332"
"23","78","38","3","00:03:57","100","206","1","11333"
"31","66","238","3","00:05:58","100","206","1","11334"
"285","78","228","3","00:05:00","143","251","1","11335"
"1","31","99","3","00:05:59","143","251","0","11336"
"89","1","105","3","00:05:01","397","73","0","11337"
"102","1","50","3","00:03:57","100","49","0","11338"
"88","23","219","3","00:05:59","300","150","1","11339"
"231","214","128","3","00:05:01","500","251","1","11340"
"1","53","65","3","00:06:01","300","150","0","11341"
"21","86","153","3","00:05:01","457","206","1","11342"
"4","42","155","3","00:03:57","300","150","0","11343"
"116","101","103","3","00:06:01","457","49","0","11344"
"75","42","177","3","00:05:01","100","206","0","11345"
"88","101","18","3","00:02:10","143","251","0","11346"
"76","30","116","3","00:06:01","353","227","0","11347"
"1","30","173","3","00:03:57","457","206","0","11349"
"27","142","37","3","00:02:10","300","150","1","11350"
"101","214","129","3","00:06:01","100","206","1","11351"
"142","97","15","3","00:02:11","100","49","0","11352"
"205","42","258","3","00:06:01","457","49","1","11353"
"224","1","162","3","00:02:11","353","27","0","11354"
"101","30","212","3","00:03:57","457","49","0","11356"
"1","81","27","3","00:06:02","457","206","1","11358"
"61","27","3","3","00:02:12","203","27","0","11359"
"125","49","52","3","00:06:02","100","206","0","11360"
"1","75","57","3","00:03:58","457","49","1","11361"
"57","214","108","3","00:02:12","457","206","1","11362"
"101","58","72","3","00:06:02","353","227","0","11364"
"4","212","178","3","00:02:12","247","273","1","11365"
"57","31","188","3","00:06:02","300","150","1","11366"
"57","183","151","3","00:03:58","457","49","0","11367"
"101","248","215","3","00:02:12","353","227","1","11368"
"31","73","267","3","00:06:02","457","206","1","11369"
"4","57","264","3","00:02:12","100","206","0","11370"
"97","35","12","3","00:06:03","500","251","0","11371"
"248","4","231","3","00:03:58","500","94","0","11372"
"78","280","269","3","00:02:12","100","206","0","11373"
"1","57","34","3","00:06:03","300","150","1","11374"
"30","57","49","3","00:06:03","100","206","0","11376"
"227","316","263","3","00:03:58","300","150","1","11377"
"34","31","161","3","00:02:13","143","251","1","11378"
"57","198","200","3","00:05:02","203","227","1","11379"
"138","61","236","3","00:02:14","143","251","1","11381"
"15","125","29","3","00:06:04","300","150","0","11382"
"39","81","35","3","00:03:59","100","206","0","11383"
"224","30","221","3","00:05:02","143","94","0","11385"
"75","81","30","3","00:02:15","100","206","0","11386"
"98","21","58","3","00:03:59","457","49","0","11387"
"89","1","14","3","00:05:03","100","49","1","11388"
"30","65","138","3","00:02:15","100","206","1","11389"
"35","27","9","3","00:06:05","300","150","1","11390"
"31","42","170","3","00:03:59","203","227","0","11391"
"231","57","165","3","00:05:03","500","94","0","11393"
"73","31","30","3","00:06:05","100","206","1","11394"
"116","101","8","3","00:02:16","143","94","0","11395"
"34","57","125","3","00:06:05","300","150","1","11397"
"23","78","50","3","00:02:16","100","49","0","11398"
"23","89","153","3","00:06:05","353","27","1","11399"
"101","23","84","3","00:02:16","100","206","0","11401"
"73","21","196","3","00:02:16","457","49","1","11403"
"30","1","228","3","00:03:59","143","94","0","11404"
"57","75","129","3","00:06:06","100","49","0","11405"
"78","149","32","3","00:05:04","100","206","1","11406"
"78","54","34","3","00:06:07","100","49","0","11408"
"65","97","25","3","00:02:17","353","227","1","11409"
"101","183","101","3","00:05:04","143","94","1","11410"
"125","78","52","3","00:02:17","300","150","1","11412"
"75","21","111","3","00:06:07","457","49","0","11413"
"75","49","118","3","00:05:04","100","49","1","11414"
"75","97","111","3","00:02:17","100","206","0","11415"
"57","34","135","3","00:06:07","457","49","1","11416"
"49","21","109","3","00:04:01","300","150","0","11417"
"35","78","179","3","00:02:17","100","206","0","11418"
"21","204","124","3","00:05:04","100","206","1","11419"
"76","58","222","3","00:06:07","300","150","1","11420"
"30","195","156","3","00:05:04","100","49","0","11421"
"280","89","242","3","00:06:07","457","49","1","11422"
"31","27","180","3","00:05:04","100","206","1","11423"
"31","1","121","3","00:06:08","100","49","1","11424"
"89","244","263","3","00:05:04","397","73","0","11425"
"39","191","131","3","00:02:18","457","206","1","11426"
"53","21","144","3","00:06:08","100","49","1","11427"
"1","75","133","3","00:02:18","457","49","0","11428"
"34","313","261","3","00:06:08","500","94","1","11429"
"4","58","264","3","00:05:04","100","206","0","11430"
"58","89","215","3","00:04:01","457","206","1","11431"
"78","31","6","3","00:06:09","100","206","0","11433"
"57","75","54","3","00:05:05","100","206","0","11434"
"21","57","44","3","00:06:09","100","206","1","11435"
"30","101","103","3","00:06:09","457","49","0","11436"
"23","31","168","3","00:05:05","100","49","1","11437"
"42","30","214","3","00:06:09","100","206","0","11438"
"15","76","255","3","00:05:05","457","49","0","11439"
"34","212","234","3","00:06:09","143","251","1","11440"
"81","57","22","3","00:06:10","300","150","0","11441"
"23","88","28","3","00:05:06","143","251","0","11442"
"75","21","111","3","00:06:10","457","49","0","11443"
"76","31","47","3","00:04:02","457","49","0","11444"
"189","76","203","3","00:06:10","203","227","0","11445"
"190","227","107","3","00:05:06","100","206","0","11446"
"98","86","154","3","00:02:19","457","206","0","11447"
"34","30","221","3","00:06:10","143","251","0","11448"
"101","109","52","3","00:04:02","457","206","1","11449"
"30","89","217","3","00:05:06","300","150","0","11450"
"58","34","26","3","00:02:20","300","150","0","11451"
"30","42","243","3","00:06:10","500","94","1","11452"
"31","21","247","3","00:05:06","457","49","0","11453"
"15","98","27","3","00:02:20","457","206","0","11454"
"78","4","171","3","00:06:11","100","206","0","11455"
"1","21","225","3","00:02:20","100","206","0","11456"
"269","138","252","3","00:05:06","100","206","1","11457"
"183","76","255","3","00:02:20","300","150","0","11458"
"31","88","197","3","00:06:11","100","206","1","11459"
"21","101","8","3","00:02:21","300","150","0","11461"
"4","125","29","3","00:06:12","100","206","0","11462"
"149","21","73","3","00:02:21","300","150","1","11464"
"1","195","147","3","00:05:07","457","206","0","11465"
"227","220","226","3","00:06:12","143","94","1","11466"
"57","248","249","3","00:05:07","300","150","0","11467"
"227","183","148","3","00:06:13","500","94","0","11468"
"101","21","63","3","00:02:22","353","227","0","11469"
"20","39","51","3","00:04:03","100","206","0","11470"
"88","30","212","3","00:06:13","100","49","0","11472"
"30","35","146","3","00:02:22","100","206","0","11473"
"97","75","8","3","00:05:08","143","251","1","11474"
"73","34","245","3","00:02:22","457","49","0","11475"
"23","34","252","3","00:06:13","457","49","0","11476"
"76","31","30","3","00:06:14","457","49","1","11477"
"86","57","71","3","00:06:14","457","206","1","11478"
"89","88","140","3","00:06:14","300","150","0","11479"
"224","183","151","3","00:06:14","457","206","0","11480"
"39","81","46","3","00:02:23","143","251","1","11481"
"183","31","173","3","00:06:14","457","206","0","11482"
"61","23","31","3","00:05:08","353","227","0","11483"
"76","34","245","3","00:06:14","457","49","0","11484"
"86","88","71","3","00:04:03","300","150","1","11485"
"57","31","62","3","00:02:23","100","49","0","11486"
"78","21","94","3","00:06:15","457","49","1","11487"
"30","57","106","3","00:05:08","203","27","0","11488"
"57","125","108","3","00:02:23","203","227","0","11489"
"76","83","174","3","00:06:15","143","251","0","11490"
"125","189","207","3","00:04:03","100","206","1","11491"
"21","1","126","3","00:05:08","100","206","0","11492"
"101","248","215","3","00:02:23","457","49","1","11493"
"34","89","266","3","00:06:15","500","94","0","11494"
"31","244","224","3","00:05:08","300","150","1","11495"
"58","34","268","3","00:06:15","203","27","0","11496"
"97","75","88","3","00:04:04","457","49","0","11497"
"191","30","265","3","00:05:08","100","49","1","11498"
"1","34","32","3","00:06:16","100","49","0","11499"
"116","13","96","3","00:05:09","457","206","0","11500"
"78","231","157","3","00:06:16","203","27","0","11501"
"88","30","200","3","00:04:04","457","49","1","11502"
"78","280","269","3","00:02:23","100","206","1","11504"
"35","57","165","3","00:06:16","247","73","1","11505"
"75","27","47","3","00:05:10","100","49","0","11507"
"45","248","217","3","00:04:04","500","94","0","11508"
"34","65","5","3","00:02:24","100","49","1","11509"
"73","78","145","3","00:05:10","300","150","1","11510"
"116","88","28","3","00:02:24","500","94","1","11511"
"195","4","209","3","00:05:10","457","49","1","11512"
"75","57","72","3","00:04:05","100","206","0","11513"
"25","57","209","3","00:06:16","457","49","0","11514"
"138","61","236","3","00:02:24","143","251","1","11515"
"227","101","226","3","00:06:16","143","94","1","11517"
"78","21","95","3","00:04:05","100","206","0","11518"
"78","31","173","3","00:06:17","457","206","1","11519"
"201","57","264","3","00:06:17","457","49","1","11520"
"75","27","30","3","00:05:11","300","150","1","11521"
"205","78","179","3","00:06:18","100","49","1","11522"
"30","4","106","3","00:04:05","457","49","1","11523"
"105","65","40","3","00:05:11","457","206","0","11524"
"57","89","215","3","00:06:18","457","49","0","11525"
"27","57","49","3","00:02:25","100","49","1","11526"
"224","206","221","3","00:05:11","500","251","0","11527"
"88","23","244","3","00:06:18","143","94","0","11528"
"4","34","167","3","00:04:05","300","150","0","11529"
"31","101","176","3","00:02:25","457","206","1","11530"
"224","58","229","3","00:02:25","143","94","1","11533"
"57","30","62","3","00:05:12","457","206","1","11534"
"224","188","216","3","00:06:19","143","94","1","11535"
"73","42","177","3","00:04:05","457","49","1","11536"
"195","227","107","3","00:05:12","100","49","1","11538"
"220","65","263","3","00:06:19","143","94","0","11539"
"183","224","185","3","00:02:26","457","49","1","11540"
"280","39","258","3","00:05:12","457","49","0","11541"
"76","199","174","3","00:06:20","143","251","1","11542"
"15","248","246","3","00:04:06","457","206","0","11543"
"78","61","213","3","00:02:26","100","206","1","11544"
"97","75","8","3","00:05:13","143","251","0","11545"
"57","97","191","3","00:06:20","100","49","0","11546"
"65","31","116","3","00:02:27","457","49","1","11547"
"57","76","178","3","00:05:13","143","251","0","11548"
"227","4","231","3","00:06:20","397","73","1","11549"
"31","114","253","3","00:04:06","457","49","1","11550"
"147","27","9","3","00:02:28","247","73","1","11551"
"30","227","242","3","00:05:13","457","49","1","11552"
"53","1","19","3","00:02:28","100","206","1","11554"
"31","4","42","3","00:05:14","457","49","1","11555"
"35","1","68","3","00:02:28","500","251","0","11557"
"21","49","97","3","00:05:14","100","206","1","11558"
"15","23","4","3","00:06:21","100","206","1","11559"
"35","31","35","3","00:06:21","457","206","1","11560"
"23","75","203","3","00:05:14","457","49","0","11561"
"30","97","131","3","00:06:21","100","206","1","11562"
"57","100","18","3","00:05:15","143","251","0","11563"
"31","21","149","3","00:04:07","457","49","0","11565"
"1","75","184","3","00:04:07","300","150","1","11566"
"138","97","259","3","00:04:07","500","251","1","11567"
"78","21","94","3","00:02:28","300","150","0","11568"
"42","76","5","3","00:06:22","457","206","1","11569"
"31","57","22","3","00:05:15","457","49","1","11571"
"101","4","45","3","00:06:22","100","49","1","11572"
"4","30","201","3","00:05:15","203","27","0","11573"
"78","86","187","3","00:06:22","353","227","0","11574"
"30","88","22","3","00:04:08","100","49","1","11575"
"61","81","3","3","00:05:16","300","150","0","11576"
"280","244","232","3","00:06:22","300","150","1","11577"
"39","183","121","3","00:05:16","203","27","1","11578"
"34","76","261","3","00:02:28","300","150","0","11579"
"23","101","40","3","00:06:23","100","49","0","11580"
"17","142","65","3","00:06:23","457","206","0","11581"
"42","86","150","3","00:05:16","143","251","1","11582"
"81","78","42","3","00:02:29","300","150","1","11583"
"190","97","230","3","00:06:23","100","206","1","11584"
"97","34","124","3","00:02:29","300","150","0","11585"
"31","57","176","3","00:05:16","100","206","0","11586"
"34","227","266","3","00:06:23","300","150","0","11587"
"58","190","244","3","00:02:29","143","94","1","11588"
"23","1","38","3","00:05:17","100","49","0","11591"
"42","78","68","3","00:06:24","500","251","1","11592"
"30","42","243","3","00:06:24","500","94","0","11594"
"42","1","56","3","00:05:17","100","206","1","11595"
"86","13","56","3","00:06:25","100","49","1","11596"
"81","92","58","3","00:02:30","457","49","1","11597"
"21","78","97","3","00:05:17","100","206","1","11598"
"57","125","41","3","00:06:26","457","49","1","11599"
"92","78","97","3","00:02:30","100","49","0","11600"
"36","224","125","3","00:05:17","397","73","0","11601"
"78","31","99","3","00:04:08","143","94","0","11602"
"65","220","122","3","00:06:26","100","49","0","11603"
"31","34","110","3","00:02:30","353","227","1","11604"
"4","23","207","3","00:06:26","457","206","0","11605"
"244","1","218","3","00:04:08","100","206","0","11606"
"73","35","2","3","00:06:27","100","206","0","11607"
"73","21","159","3","00:05:17","143","251","1","11608"
"76","88","72","3","00:06:27","300","150","1","11609"
"15","4","213","3","00:05:17","100","206","1","11611"
"31","1","85","3","00:06:27","353","27","1","11612"
"30","89","217","3","00:05:17","500","251","0","11613"
"183","34","157","3","00:02:30","100","206","0","11614"
"280","21","256","3","00:06:27","300","150","1","11615"
"31","224","103","3","00:04:09","203","227","0","11616"
"16","21","4","3","00:05:18","100","206","1","11617"
"101","1","162","3","00:02:30","457","206","1","11618"
"42","23","73","3","00:06:28","300","150","1","11619"
"243","248","220","3","00:02:30","100","206","0","11620"
"65","30","116","3","00:05:18","457","49","0","11621"
"116","35","110","3","00:04:09","203","227","0","11622"
"78","31","163","3","00:05:18","100","206","1","11625"
"34","89","150","3","00:04:09","500","94","0","11626"
"97","35","51","3","00:02:31","457","49","0","11627"
"1","31","182","3","00:05:18","143","251","0","11628"
"1","31","173","3","00:06:28","300","150","0","11629"
"57","183","151","3","00:04:09","457","206","0","11630"
"183","58","251","3","00:06:28","457","49","1","11631"
"35","20","183","3","00:02:31","203","27","1","11632"
"86","88","71","3","00:04:10","100","206","1","11634"
"101","102","219","3","00:02:31","143","94","0","11635"
"23","227","124","3","00:04:10","457","206","0","11638"
"31","76","17","3","00:05:19","353","27","1","11639"
"224","15","259","3","00:02:31","300","150","0","11640"
"23","75","203","3","00:05:19","457","49","0","11641"
"195","89","169","3","00:04:10","100","49","1","11642"
"31","75","17","3","00:02:32","300","150","1","11644"
"49","231","139","3","00:06:29","457","206","0","11645"
"88","23","206","3","00:02:32","457","206","0","11646"
"57","183","151","3","00:06:29","457","49","0","11647"
"16","57","171","3","00:06:29","300","150","0","11648"
"4","115","264","3","00:02:32","457","206","0","11649"
"4","86","48","3","00:05:20","300","150","1","11650"
"30","224","176","3","00:06:29","457","206","0","11651"
"183","21","147","3","00:02:33","100","206","0","11652"
"195","4","209","3","00:05:20","203","27","0","11653"
"15","42","16","3","00:06:30","100","206","0","11654"
"280","23","256","3","00:05:20","143","251","1","11655"
"75","23","195","3","00:02:33","300","150","1","11656"
"4","89","178","3","00:04:10","300","150","1","11657"
"239","76","263","3","00:06:30","247","273","0","11658"
"30","78","87","3","00:05:21","203","27","0","11659"
"89","206","104","3","00:05:21","300","150","0","11661"
"97","76","90","3","00:04:11","100","49","0","11662"
"58","195","244","3","00:02:33","300","150","0","11663"
"57","34","155","3","00:05:21","300","150","0","11664"
"23","31","6","3","00:06:31","100","49","0","11665"
"97","102","225","3","00:05:21","457","206","1","11667"
"39","206","146","3","00:04:11","203","227","1","11668"
"88","23","191","3","00:02:34","100","206","1","11669"
"23","39","51","3","00:05:22","100","206","1","11670"
"248","61","231","3","00:06:31","143","251","0","11671"
"49","75","57","3","00:05:22","457","49","1","11673"
"57","73","41","3","00:02:35","100","206","1","11674"
"245","248","242","3","00:06:31","397","273","1","11675"
"39","57","103","3","00:05:22","100","206","1","11676"
"4","65","267","3","00:04:11","100","206","1","11677"
"76","57","72","3","00:02:35","353","227","0","11678"
"195","73","210","3","00:05:22","100","206","0","11679"
"75","34","211","3","00:02:35","143","251","1","11681"
"88","21","219","3","00:05:22","143","94","1","11682"
"53","109","19","3","00:06:32","100","206","0","11683"
"30","42","243","3","00:02:35","500","251","1","11684"
"73","21","25","3","00:06:32","100","206","1","11685"
"101","1","237","3","00:02:36","353","227","1","11686"
"30","35","60","3","00:06:32","457","49","0","11687"
"4","58","65","3","00:06:32","457","206","0","11688"
"30","34","240","3","00:05:22","457","49","0","11689"
"57","75","54","3","00:02:37","457","49","0","11690"
"30","101","66","3","00:06:32","500","94","0","11691"
"269","45","265","3","00:05:22","203","27","0","11692"
"101","97","144","3","00:02:37","300","150","1","11693"
"78","23","95","3","00:06:32","100","206","0","11694"
"35","183","179","3","00:02:37","457","49","0","11695"
"75","117","45","3","00:05:23","100","206","0","11696"
"31","75","138","3","00:06:32","457","206","1","11697"
"21","78","97","3","00:02:38","100","206","1","11698"
"42","76","114","3","00:05:23","143","251","1","11699"
"4","42","155","3","00:06:32","457","49","1","11701"
"31","35","146","3","00:02:38","100","206","1","11702"
"30","227","217","3","00:05:23","300","150","1","11703"
"78","4","185","3","00:06:32","100","206","1","11704"
"57","21","206","3","00:06:32","457","49","1","11706"
"23","224","208","3","00:06:32","100","49","1","11707"
"109","31","27","3","00:04:12","300","150","1","11708"
"224","206","221","3","00:05:23","397","273","0","11709"
"57","190","244","3","00:06:32","500","94","0","11710"
"34","78","259","3","00:05:23","143","251","0","11711"
"101","42","167","3","00:02:38","300","150","0","11712"
"15","104","4","3","00:02:39","100","49","0","11714"
"35","220","120","3","00:04:12","143","251","0","11715"
"75","1","52","3","00:06:33","100","206","0","11716"
"4","23","206","3","00:05:24","300","150","0","11717"
"191","76","136","3","00:04:12","300","150","1","11718"
"39","57","103","3","00:05:25","100","206","0","11720"
"190","61","262","3","00:04:12","100","206","0","11721"
"21","13","96","3","00:02:39","457","206","1","11722"
"42","76","150","3","00:05:25","143","251","1","11723"
"57","23","31","3","00:05:26","457","49","1","11724"
"195","212","100","3","00:02:39","457","49","1","11725"
"1","76","57","3","00:04:14","100","49","1","11726"
"34","214","114","3","00:02:39","300","150","1","11727"
"75","88","122","3","00:05:26","100","206","1","11728"
"98","78","180","3","00:02:39","300","150","0","11729"
"76","42","189","3","00:04:14","457","206","0","11730"
"34","76","261","3","00:05:26","300","150","1","11731"
"98","1","87","3","00:06:33","457","49","1","11732"
"16","30","269","3","00:05:26","100","206","0","11734"
"31","78","121","3","00:06:33","457","49","0","11735"
"23","88","209","3","00:04:14","100","49","0","11736"
"23","58","28","3","00:05:27","500","251","1","11737"
"224","88","229","3","00:06:33","143","94","1","11738"
"167","205","139","3","00:05:27","100","49","0","11739"
"58","195","219","3","00:04:14","300","150","1","11740"
"73","21","159","3","00:05:27","143","251","0","11741"
"42","73","5","3","00:06:34","300","150","1","11742"
"23","57","115","3","00:06:34","353","227","1","11744"
"227","57","165","3","00:06:34","500","94","1","11746"
"73","39","36","3","00:02:40","500","94","0","11750"
"57","39","201","3","00:02:40","300","150","1","11752"
"97","75","88","3","00:04:15","300","150","0","11753"
"97","4","115","3","00:05:28","300","150","1","11754"
"31","76","224","3","00:02:40","100","206","1","11755"
"23","78","126","3","00:05:28","100","49","1","11756"
"227","34","211","3","00:04:15","500","94","0","11757"
"110","57","185","3","00:05:28","300","150","1","11758"
"101","248","215","3","00:05:29","100","206","1","11759"
"192","101","226","3","00:05:29","143","251","1","11761"
"4","20","207","3","00:06:34","457","206","0","11762"
"89","15","14","3","00:04:16","100","206","0","11763"
"313","205","248","3","00:05:29","100","49","1","11764"
"57","280","212","3","00:06:34","457","206","1","11765"
"39","21","247","3","00:02:40","457","206","1","11766"
"23","227","124","3","00:04:16","300","150","1","11768"
"86","105","43","3","00:05:30","457","49","0","11770"
"100","42","227","3","00:05:30","457","49","1","11772"
"214","101","140","3","00:04:16","100","49","0","11773"
"39","30","9","3","00:02:41","500","94","1","11774"
"183","76","255","3","00:05:30","457","49","1","11775"
"125","30","188","3","00:02:41","203","227","1","11776"
"98","1","190","3","00:04:16","100","49","0","11777"
"39","81","46","3","00:05:31","300","150","1","11778"
"42","73","224","3","00:06:34","203","27","0","11779"
"97","88","115","3","00:02:42","500","94","1","11780"
"81","65","67","3","00:05:31","100","206","1","11781"
"76","97","195","3","00:04:16","457","49","0","11782"
"88","109","69","3","00:05:31","457","206","1","11783"
"57","49","127","3","00:02:42","500","251","0","11784"
"58","34","268","3","00:06:34","353","27","1","11785"
"57","78","162","3","00:02:42","300","150","1","11786"
"57","21","219","3","00:05:31","500","94","1","11787"
"26","42","170","3","00:02:42","203","27","0","11790"
"57","65","41","3","00:06:35","457","206","1","11791"
"34","98","35","3","00:05:32","457","206","0","11792"
"78","31","173","3","00:02:42","100","49","0","11793"
"35","125","61","3","00:05:32","300","150","0","11794"
"21","81","20","3","00:02:43","100","206","0","11796"
"23","30","265","3","00:04:16","100","206","1","11797"
"21","75","90","3","00:05:32","100","49","0","11798"
"75","30","30","3","00:02:44","100","206","1","11799"
"116","97","131","3","00:02:44","100","206","0","11801"
"227","183","143","3","00:05:32","143","94","0","11802"
"157","86","166","3","00:02:44","457","49","0","11803"
"224","191","216","3","00:05:32","247","73","1","11804"
"78","101","251","3","00:02:44","100","206","0","11805"
"76","89","257","3","00:05:33","100","49","0","11806"
"23","42","262","3","00:02:44","100","206","1","11807"
"35","1","56","3","00:06:36","100","206","1","11808"
"31","23","33","3","00:02:45","457","206","0","11809"
"78","31","89","3","00:06:36","457","49","0","11810"
"97","34","124","3","00:02:45","300","150","0","11811"
"31","101","103","3","00:06:36","100","206","0","11812"
"31","1","85","3","00:04:17","100","206","1","11813"
"39","57","103","3","00:05:34","100","206","0","11814"
"35","75","128","3","00:02:45","500","94","0","11815"
"78","23","95","3","00:06:37","100","49","1","11816"
"101","31","200","3","00:02:45","457","49","0","11817"
"30","49","22","3","00:05:35","457","206","1","11818"
"214","21","142","3","00:04:17","457","49","0","11819"
"73","57","222","3","00:06:37","457","206","1","11820"
"35","224","125","3","00:05:35","397","273","0","11821"
"34","97","234","3","00:06:38","143","251","1","11822"
"57","21","160","3","00:04:17","100","49","0","11823"
"4","76","267","3","00:06:38","100","206","1","11824"
"191","76","136","3","00:04:18","300","150","0","11825"
"89","97","111","3","00:06:39","300","150","0","11826"
"1","75","187","3","00:04:18","457","206","1","11827"
"316","195","241","3","00:06:39","457","206","1","11828"
"4","31","152","3","00:05:35","100","206","0","11830"
"183","195","109","3","00:04:19","100","49","1","11831"
"227","214","114","3","00:06:40","397","273","1","11832"
"34","76","261","3","00:05:35","247","273","1","11833"
"88","76","54","3","00:05:36","457","206","0","11834"
"86","116","158","3","00:06:40","100","49","1","11835"
"4","78","162","3","00:05:36","353","227","0","11836"
"97","89","220","3","00:06:40","300","150","0","11837"
"105","88","44","3","00:06:41","457","49","0","11839"
"42","23","73","3","00:06:41","457","49","1","11840"
"76","42","104","3","00:06:41","500","94","1","11841"
"4","89","108","3","00:06:41","100","206","0","11842"
"175","157","163","3","00:06:41","457","49","1","11843"
"142","73","18","3","00:06:42","143","251","1","11845"
"30","58","37","3","00:06:42","457","206","1","11846"
"35","27","143","3","00:06:45","500","94","0","11847"
"98","1","87","3","00:06:42","457","49","0","11849"
"142","65","18","3","00:08:04","300","150","1","11850"
"245","227","242","3","00:06:45","143","94","0","11851"
"97","13","123","3","00:06:42","457","49","0","11852"
"224","227","266","3","00:06:45","500","94","1","11853"
"75","86","36","3","00:08:04","397","273","1","11854"
"280","73","232","3","00:06:46","143","94","0","11855"
"78","231","139","3","00:06:42","100","206","1","11856"
"204","89","150","3","00:08:04","500","94","0","11857"
"138","15","259","3","00:06:46","143","251","0","11858"
"89","195","159","3","00:06:42","143","94","0","11859"
"138","17","259","3","00:06:42","143","251","1","11861"
"21","58","181","3","00:08:04","500","251","0","11862"
"65","23","63","3","00:08:05","100","49","0","11864"
"76","205","177","3","00:08:05","457","49","0","11865"
"23","42","262","3","00:08:05","457","49","1","11867"
"49","98","99","3","00:06:43","500","251","1","11868"
"57","34","268","3","00:08:05","100","49","0","11869"
"231","23","130","3","00:06:43","500","94","0","11870"
"81","23","33","3","00:06:48","100","206","1","11871"
"54","23","31","3","00:08:06","457","206","0","11872"
"190","183","134","3","00:06:43","457","49","1","11873"
"30","21","156","3","00:06:43","457","206","1","11874"
"75","57","122","3","00:08:06","100","206","1","11875"
"101","195","219","3","00:06:48","500","94","1","11876"
"23","78","230","3","00:06:43","300","150","1","11877"
"42","183","148","3","00:08:06","143","251","1","11878"
"61","23","247","3","00:06:43","353","27","1","11879"
"97","57","251","3","00:06:48","300","150","0","11880"
"189","65","210","3","00:08:06","100","206","1","11881"
"205","58","260","3","00:06:43","247","73","1","11882"
"1","192","220","3","00:08:06","300","150","0","11883"
"1","101","57","3","00:06:44","457","206","1","11885"
"31","34","13","3","00:08:08","457","49","0","11887"
"35","27","46","3","00:08:08","300","150","0","11889"
"39","34","110","3","00:06:44","100","206","0","11890"
"78","23","98","3","00:08:08","300","150","1","11891"
"49","31","89","3","00:06:49","100","206","1","11892"
"161","75","129","3","00:06:44","100","206","1","11893"
"75","138","211","3","00:08:08","397","273","1","11894"
"21","149","124","3","00:06:49","100","206","0","11895"
"75","1","14","3","00:08:09","203","27","1","11896"
"21","4","262","3","00:06:44","353","27","0","11897"
"34","97","24","3","00:06:45","500","251","1","11899"
"34","190","102","3","00:08:09","457","49","0","11900"
"39","31","35","3","00:06:45","457","206","0","11901"
"23","13","123","3","00:08:09","457","49","1","11902"
"1","214","133","3","00:06:49","457","206","1","11903"
"30","78","42","3","00:06:45","457","206","0","11904"
"34","23","24","3","00:08:10","143","251","0","11905"
"217","42","155","3","00:08:10","100","206","0","11906"
"1","75","184","3","00:06:49","247","273","0","11907"
"16","31","163","3","00:08:10","457","49","0","11908"
"101","30","188","3","00:06:49","457","206","1","11909"
"76","21","241","3","00:08:10","457","206","0","11910"
"34","97","24","3","00:06:50","397","273","0","11911"
"224","65","261","3","00:08:10","300","150","1","11912"
"97","30","175","3","00:06:50","100","206","1","11914"
"78","205","269","3","00:06:50","100","49","1","11916"
"73","1","118","3","00:08:11","457","206","0","11918"
"217","27","151","3","00:08:11","457","49","1","11920"
"101","81","47","3","00:09:22","100","206","0","11921"
"21","75","204","3","00:08:11","100","206","1","11922"
"1","21","109","3","00:09:22","300","150","0","11923"
"15","227","246","3","00:08:11","203","227","1","11924"
"4","248","253","3","00:09:22","457","49","0","11925"
"57","65","41","3","00:06:51","100","206","1","11926"
"30","88","260","3","00:09:22","500","94","0","11928"
"142","156","62","3","00:08:12","100","206","1","11929"
"57","195","244","3","00:06:51","500","251","0","11930"
"76","86","21","3","00:09:23","457","206","1","11931"
"34","142","71","3","00:08:12","457","206","0","11932"
"101","34","135","3","00:08:12","100","49","1","11933"
"78","54","34","3","00:09:23","100","206","1","11934"
"88","30","212","3","00:08:12","100","206","1","11935"
"109","65","57","3","00:09:23","100","49","1","11936"
"76","42","227","3","00:08:14","457","206","1","11937"
"214","42","164","3","00:09:23","457","206","0","11938"
"42","58","264","3","00:06:51","203","27","1","11939"
"280","224","240","3","00:08:14","457","49","1","11940"
"23","280","265","3","00:09:23","457","206","1","11941"
"57","31","3","3","00:08:15","457","49","1","11942"
"30","57","22","3","00:08:15","457","206","1","11944"
"21","76","136","3","00:08:15","457","206","1","11947"
"75","4","140","3","00:08:15","457","49","1","11949"
"65","34","21","3","00:06:52","457","49","0","11951"
"31","57","199","3","00:08:15","457","206","0","11952"
"23","78","38","3","00:06:52","100","206","0","11953"
"21","76","210","3","00:02:45","457","206","1","11954"
"195","201","168","3","00:08:16","300","150","1","11955"
"224","1","162","3","00:06:52","100","49","0","11956"
"224","280","221","3","00:08:16","500","94","1","11957"
"30","205","146","3","00:09:24","300","150","0","11958"
"34","78","259","3","00:08:16","300","150","0","11959"
"146","1","68","3","00:02:46","143","251","0","11960"
"34","21","183","3","00:06:52","457","49","0","11961"
"248","30","223","3","00:06:52","143","251","0","11962"
"1","97","109","3","00:06:53","457","49","1","11964"
"142","125","41","3","00:09:25","100","206","0","11965"
"58","34","167","3","00:08:17","457","49","1","11966"
"116","57","103","3","00:02:46","100","206","0","11967"
"4","49","101","3","00:09:25","500","94","0","11968"
"244","205","248","3","00:08:17","457","206","0","11969"
"101","42","167","3","00:02:46","300","150","0","11970"
"76","1","105","3","00:09:25","143","251","0","11971"
"49","78","234","3","00:08:18","143","94","0","11972"
"73","21","92","3","00:02:47","457","206","1","11973"
"116","89","138","3","00:09:25","353","27","0","11974"
"183","23","147","3","00:02:47","100","206","1","11976"
"23","78","230","3","00:09:25","300","150","1","11977"
"97","81","6","3","00:08:19","100","206","1","11978"
"49","4","113","3","00:09:26","457","49","1","11979"
"142","76","41","3","00:08:19","100","49","1","11980"
"97","30","168","3","00:09:26","100","49","0","11981"
"76","15","218","3","00:09:26","203","27","1","11982"
"88","116","172","3","00:02:47","500","251","0","11983"
"224","42","155","3","00:08:19","353","27","0","11984"
"21","49","252","3","00:09:26","100","206","1","11985"
"49","30","173","3","00:08:19","100","49","1","11986"
"31","21","156","3","00:06:53","203","27","1","11987"
"78","76","184","3","00:08:19","143","251","0","11988"
"58","23","59","3","00:02:48","457","206","0","11989"
"101","97","206","3","00:08:19","203","227","1","11990"
"189","183","123","3","00:09:27","100","206","1","11991"
"75","39","174","3","00:06:53","300","150","1","11992"
"86","21","73","3","00:02:48","100","49","0","11993"
"195","76","203","3","00:09:27","457","206","0","11995"
"88","75","108","3","00:02:48","100","206","1","11996"
"78","57","34","3","00:08:20","100","49","0","11997"
"65","109","14","3","00:09:28","457","49","1","11998"
"30","61","22","3","00:06:54","457","49","0","11999"
"88","35","39","3","00:09:28","300","150","0","12000"
"4","49","101","3","00:09:28","500","94","0","12001"
"227","195","102","3","00:06:54","457","49","1","12002"
"78","116","173","3","00:09:28","353","227","1","12003"
"1","88","113","3","00:08:20","100","206","1","12004"
"89","116","174","3","00:09:28","143","94","1","12005"
"78","23","109","3","00:02:48","300","150","0","12006"
"76","4","122","3","00:06:54","300","150","0","12007"
"42","57","264","3","00:09:28","457","49","1","12008"
"183","205","139","3","00:02:48","300","150","0","12009"
"89","57","140","3","00:02:48","300","150","1","12011"
"23","34","186","3","00:06:54","100","206","1","12012"
"195","316","210","3","00:08:20","457","206","0","12013"
"58","23","15","3","00:09:30","353","227","0","12014"
"42","73","224","3","00:08:20","300","150","0","12015"
"23","15","230","3","00:06:54","300","150","1","12016"
"116","78","96","3","00:09:30","457","49","0","12017"
"183","57","185","3","00:02:48","353","27","1","12019"
"4","23","144","3","00:09:30","300","150","0","12020"
"4","97","207","3","00:08:21","457","49","1","12021"
"248","195","239","3","00:02:48","143","251","1","12022"
"31","89","253","3","00:06:54","100","206","0","12023"
"4","32","152","3","00:09:30","100","206","0","12024"
"39","75","61","3","00:02:49","457","49","0","12025"
"280","88","260","3","00:09:30","500","94","1","12027"
"34","97","24","3","00:06:55","500","94","1","12028"
"1","42","32","3","00:08:22","300","150","1","12030"
"116","75","88","3","00:02:49","500","94","1","12031"
"30","78","87","3","00:08:22","300","150","0","12032"
"35","101","165","3","00:02:49","397","273","1","12033"
"214","23","111","3","00:08:23","457","206","0","12034"
"78","86","184","3","00:02:49","500","251","0","12035"
"4","195","160","3","00:08:23","203","227","1","12036"
"42","89","114","3","00:09:31","500","94","1","12037"
"73","31","174","3","00:08:23","500","94","1","12038"
"4","23","207","3","00:02:49","100","49","1","12039"
"31","58","137","3","00:09:31","457","206","0","12040"
"17","116","182","3","00:06:55","143","251","1","12041"
"191","97","230","3","00:08:23","300","150","1","12042"
"57","227","167","3","00:09:31","353","227","0","12043"
"61","21","247","3","00:08:23","300","150","1","12044"
"30","100","232","3","00:06:55","300","150","0","12045"
"1","115","220","3","00:02:49","457","206","1","12046"
"34","73","5","3","00:08:24","457","49","1","12047"
"58","23","207","3","00:09:31","203","27","0","12048"
"42","76","224","3","00:02:49","100","49","1","12049"
"142","76","54","3","00:08:24","300","150","1","12050"
"15","205","269","3","00:06:55","100","49","1","12051"
"42","217","125","3","00:09:32","500","94","1","12052"
"30","89","217","3","00:08:24","143","251","1","12054"
"21","30","6","3","00:06:56","100","49","1","12055"
"15","100","29","3","00:08:25","300","150","1","12056"
"75","23","25","3","00:02:50","203","227","0","12058"
"4","57","254","3","00:09:32","100","206","0","12059"
"212","206","104","3","00:02:50","143","251","1","12060"
"227","31","231","3","00:08:25","143","94","0","12061"
"31","75","17","3","00:09:33","300","150","1","12062"
"195","57","181","3","00:02:50","457","49","1","12063"
"73","58","235","3","00:08:25","100","206","0","12064"
"54","86","26","3","00:09:34","300","150","0","12065"
"76","57","222","3","00:02:50","457","206","1","12066"
"27","97","147","3","00:06:56","300","150","1","12068"
"206","31","161","3","00:09:34","143","94","0","12069"
"183","88","251","3","00:09:34","100","206","1","12071"
"57","227","167","3","00:06:56","457","49","0","12072"
"30","61","258","3","00:09:34","457","49","1","12073"
"23","86","51","3","00:02:51","457","206","1","12074"
"15","42","16","3","00:06:57","100","49","0","12075"
"98","78","87","3","00:02:51","457","49","0","12077"
"191","1","123","3","00:09:35","300","150","0","12078"
"30","15","11","3","00:08:26","100","49","0","12079"
"34","190","117","3","00:02:51","300","150","1","12080"
"89","34","211","3","00:09:35","500","94","1","12081"
"1","88","113","3","00:08:26","300","150","0","12082"
"35","75","128","3","00:02:51","500","94","0","12083"
"227","65","263","3","00:09:35","300","150","0","12084"
"76","57","122","3","00:08:26","300","150","1","12086"
"78","280","269","3","00:02:51","100","206","1","12087"
"23","1","38","3","00:06:57","100","206","1","12088"
"217","206","212","3","00:02:52","300","150","0","12090"
"21","1","70","3","00:09:36","300","150","0","12091"
"101","78","237","3","00:02:52","457","49","0","12092"
"58","76","178","3","00:09:36","143","94","1","12093"
"138","34","170","3","00:08:26","457","49","1","12094"
"23","57","209","3","00:09:36","100","49","0","12096"
"78","195","225","3","00:06:57","100","206","1","12098"
"15","89","220","3","00:09:36","457","206","1","12099"
"65","34","2","3","00:02:53","300","150","0","12100"
"30","55","49","3","00:02:53","100","206","1","12103"
"21","30","55","3","00:08:27","203","227","0","12104"
"78","138","89","3","00:08:27","353","27","0","12106"
"97","76","90","3","00:06:58","300","150","1","12107"
"86","125","61","3","00:08:28","100","49","1","12108"
"13","27","89","3","00:02:53","457","49","0","12110"
"76","23","92","3","00:06:58","457","49","0","12111"
"23","78","70","3","00:08:28","300","150","1","12112"
"101","142","72","3","00:09:37","100","206","1","12113"
"76","195","142","3","00:02:53","100","49","1","12114"
"78","34","112","3","00:08:28","100","49","1","12115"
"76","23","86","3","00:09:37","457","206","0","12116"
"1","31","64","3","00:02:54","457","49","1","12117"
"227","195","102","3","00:09:37","100","49","0","12118"
"75","21","196","3","00:06:58","100","206","1","12119"
"116","21","131","3","00:02:54","457","49","0","12120"
"4","75","129","3","00:09:38","203","27","1","12121"
"23","31","262","3","00:02:54","353","227","0","12122"
"35","78","68","3","00:09:39","143","251","0","12123"
"45","78","228","3","00:06:58","500","94","0","12124"
"76","109","14","3","00:02:55","100","206","1","12125"
"31","88","137","3","00:09:39","457","49","0","12126"
"86","81","35","3","00:08:29","300","150","0","12127"
"32","78","42","3","00:02:55","457","49","0","12128"
"78","45","139","3","00:09:39","457","206","0","12130"
"86","23","73","3","00:02:55","100","206","0","12131"
"31","21","247","3","00:09:39","100","206","1","12132"
"31","75","17","3","00:06:59","100","206","1","12133"
"42","58","264","3","00:02:56","457","49","1","12134"
"58","23","15","3","00:09:40","100","49","1","12135"
"27","57","37","3","00:08:30","300","150","1","12136"
"65","109","45","3","00:06:59","353","227","0","12138"
"231","191","130","3","00:09:40","500","251","1","12139"
"116","97","156","3","00:09:40","300","150","0","12140"
"97","49","70","3","00:06:59","457","49","0","12141"
"183","58","251","3","00:09:40","457","206","0","12142"
"57","34","39","3","00:08:30","457","49","0","12143"
"101","109","45","3","00:02:57","457","206","1","12144"
"125","116","92","3","00:08:30","300","150","1","12145"
"97","1","50","3","00:02:57","457","206","0","12146"
"75","201","116","3","00:06:59","457","49","1","12147"
"4","195","160","3","00:08:30","203","227","0","12148"
"65","75","257","3","00:09:40","100","49","0","12149"
"88","89","215","3","00:08:30","100","49","0","12150"
"57","192","215","3","00:09:41","457","206","0","12152"
"78","57","34","3","00:08:31","353","27","0","12153"
"21","35","107","3","00:08:31","100","206","1","12155"
"97","183","126","3","00:02:57","100","206","0","12158"
"1","157","182","3","00:08:32","143","94","1","12160"
"116","1","50","3","00:02:59","457","206","1","12161"
"227","104","117","3","00:07:00","143","251","1","12162"
"220","31","200","3","00:09:42","353","27","0","12163"
"78","63","255","3","00:07:00","100","206","1","12165"
"76","198","116","3","00:02:59","457","49","1","12168"
"4","23","160","3","00:02:59","100","206","0","12170"
"75","49","118","3","00:09:43","100","206","1","12171"
"58","76","178","3","00:02:59","143","94","1","12172"
"114","88","137","3","00:09:43","457","49","1","12173"
"30","73","66","3","00:07:01","500","94","1","12174"
"35","21","183","3","00:03:00","457","49","0","12175"
"42","39","141","3","00:09:43","143","251","1","12176"
"210","97","196","3","00:03:00","457","49","0","12177"
"1","81","99","3","00:08:33","143","251","1","12178"
"4","78","127","3","00:07:01","143","251","0","12179"
"31","57","176","3","00:09:43","457","49","1","12180"
"32","23","156","3","00:07:01","100","49","0","12181"
"31","190","131","3","00:08:33","100","206","0","12182"
"190","78","134","3","00:07:02","457","49","1","12183"
"138","206","221","3","00:09:43","300","150","0","12184"
"195","76","204","3","00:08:33","300","150","0","12185"
"78","30","269","3","00:03:00","100","49","0","12186"
"57","101","54","3","00:09:44","100","206","0","12187"
"57","138","152","3","00:07:02","100","206","1","12188"
"76","39","116","3","00:09:44","457","49","0","12189"
"89","227","177","3","00:07:02","100","206","1","12190"
"23","138","252","3","00:08:33","100","49","0","12191"
"23","39","175","3","00:08:34","457","49","1","12195"
"57","78","69","3","00:03:01","100","206","0","12196"
"223","78","101","3","00:07:03","247","273","0","12197"
"191","1","134","3","00:09:44","203","27","0","12198"
"21","224","181","3","00:03:01","143","251","0","12199"
"195","316","210","3","00:08:34","353","27","0","12200"
"57","224","268","3","00:07:03","457","49","0","12201"
"65","42","189","3","00:03:01","100","49","1","12202"
"78","21","95","3","00:09:45","100","49","0","12203"
"97","195","225","3","00:03:01","300","150","0","12204"
"195","89","203","3","00:09:45","457","49","0","12206"
"15","21","4","3","00:03:02","100","206","1","12207"
"78","34","48","3","00:07:04","353","227","0","12208"
"191","212","100","3","00:03:02","457","206","0","12209"
"42","244","267","3","00:08:34","100","206","1","12210"
"76","1","145","3","00:07:04","353","227","1","12212"
"125","21","92","3","00:03:03","203","27","0","12213"
"1","30","269","3","00:08:34","457","206","0","12214"
"224","97","234","3","00:09:45","247","273","0","12215"
"75","23","196","3","00:07:04","100","49","1","12216"
"75","88","122","3","00:03:03","353","227","0","12217"
"205","42","243","3","00:09:45","500","94","0","12218"
"57","42","155","3","00:03:03","100","206","1","12219"
"1","31","27","3","00:09:46","457","49","1","12220"
"23","65","210","3","00:03:03","100","49","1","12221"
"224","212","178","3","00:09:46","500","251","1","12222"
"65","75","257","3","00:07:04","203","227","1","12224"
"34","81","35","3","00:08:35","100","206","0","12225"
"4","175","162","3","00:03:04","300","150","1","12227"
"78","98","64","3","00:08:35","100","49","0","12228"
"75","78","52","3","00:07:05","300","150","1","12229"
"57","76","18","3","00:09:47","143","94","0","12230"
"34","23","117","3","00:08:35","143","94","1","12231"
"23","1","123","3","00:07:05","300","150","1","12232"
"30","88","197","3","00:09:47","457","49","1","12233"
"97","231","186","3","00:08:35","457","206","0","12234"
"224","78","101","3","00:03:05","397","73","1","12235"
"86","75","61","3","00:09:48","100","49","1","12236"
"89","42","177","3","00:07:05","100","206","0","12237"
"1","75","57","3","00:08:36","457","49","1","12238"
"75","78","118","3","00:09:48","100","206","1","12239"
"183","195","147","3","00:08:36","457","49","0","12240"
"76","75","257","3","00:03:05","500","251","1","12241"
"57","32","152","3","00:08:36","457","206","1","12242"
"11","21","4","3","00:09:49","300","150","1","12243"
"285","31","258","3","00:08:36","100","206","1","12244"
"21","65","90","3","00:09:49","300","150","1","12247"
"31","42","13","3","00:03:06","100","206","1","12248"
"224","58","229","3","00:07:05","300","150","0","12249"
"39","183","190","3","00:09:49","457","49","1","12250"
"34","1","56","3","00:08:37","353","227","0","12254"
"16","156","89","3","00:07:06","300","150","1","12255"
"21","205","107","3","00:08:37","100","206","1","12256"
"116","76","166","3","00:07:06","457","206","1","12257"
"21","75","88","3","00:03:06","100","206","0","12258"
"31","183","180","3","00:07:06","100","49","1","12259"
"42","76","224","3","00:09:50","457","206","1","12260"
"183","101","251","3","00:03:06","100","49","1","12261"
"244","4","227","3","00:09:50","100","206","1","12262"
"58","39","188","3","00:07:06","300","150","0","12263"
"34","23","117","3","00:08:37","143","94","1","12265"
"21","75","88","3","00:07:07","100","49","0","12268"
"227","31","231","3","00:09:51","500","251","0","12269"
"31","97","156","3","00:08:38","100","206","1","12270"
"73","1","218","3","00:08:38","100","206","0","12272"
"81","1","11","3","00:09:52","203","227","1","12273"
"58","89","249","3","00:07:07","300","150","1","12275"
"88","15","19","3","00:09:52","100","49","1","12276"
"34","23","43","3","00:07:08","100","49","1","12277"
"57","21","144","3","00:09:52","300","150","1","12278"
"34","23","216","3","00:09:52","300","150","1","12280"
"73","1","14","3","00:08:39","100","206","1","12282"
"78","21","95","3","00:09:53","457","49","0","12283"
"21","30","20","3","00:08:39","100","206","1","12284"
"30","42","60","3","00:07:09","457","49","0","12285"
"4","78","101","3","00:09:53","500","94","0","12286"
"224","4","236","3","00:07:09","397","73","0","12287"
"78","34","157","3","00:09:53","457","49","0","12288"
"42","97","73","3","00:08:39","100","49","1","12289"
"31","1","180","3","00:09:53","100","206","1","12290"
"316","89","257","3","00:08:39","203","227","1","12291"
"76","98","30","3","00:09:54","457","49","0","12292"
"35","125","61","3","00:08:40","300","150","1","12293"
"57","248","249","3","00:09:54","457","206","1","12294"
"57","78","127","3","00:07:10","143","94","0","12295"
"97","65","88","3","00:08:40","100","206","0","12296"
"78","34","112","3","00:08:40","457","49","1","12298"
"115","57","28","3","00:07:11","100","49","1","12300"
"21","76","88","3","00:09:55","300","150","1","12301"
"23","13","96","3","00:08:42","457","206","1","12303"
"210","21","195","3","00:09:55","457","49","0","12304"
"78","21","98","3","00:08:42","457","49","1","12305"
"313","195","241","3","00:09:55","100","49","1","12306"
"88","30","172","3","00:08:42","143","251","1","12307"
"313","34","245","3","00:09:55","300","150","1","12308"
"4","201","200","3","00:08:42","300","150","1","12309"
"313","75","257","3","00:09:55","457","49","1","12310"
"115","39","12","3","00:09:56","397","73","1","12312"
"21","101","8","3","00:08:43","300","150","0","12313"
"30","23","33","3","00:07:11","457","49","0","12314"
"81","103","58","3","00:09:56","353","227","1","12315"
"65","109","45","3","00:07:11","457","206","0","12316"
"39","78","121","3","00:09:57","457","49","0","12317"
"88","76","54","3","00:08:43","353","27","1","12318"
"101","78","151","3","00:07:11","100","206","1","12319"
"34","1","56","3","00:08:43","457","49","0","12320"
"224","78","127","3","00:08:43","247","273","0","12321"
"101","189","207","3","00:08:43","457","206","0","12322"
"31","57","137","3","00:09:57","457","49","1","12323"
"75","31","30","3","00:08:44","457","49","1","12324"
"42","86","150","3","00:09:57","300","150","1","12325"
"75","49","52","3","00:08:44","100","206","1","12326"
"61","65","267","3","00:07:11","203","27","0","12327"
"21","158","55","3","00:08:44","457","206","1","12329"
"76","23","84","3","00:08:44","100","49","0","12330"
"35","1","148","3","00:09:58","247","73","0","12331"
"21","220","115","3","00:08:44","457","206","1","12332"
"61","30","214","3","00:09:58","457","49","0","12333"
"34","76","261","3","00:08:44","397","273","0","12334"
"97","217","208","3","00:08:45","100","206","0","12336"
"34","32","46","3","00:07:12","143","251","1","12337"
"13","23","95","3","00:08:46","100","49","1","12341"
"100","57","72","3","00:09:59","100","206","0","12342"
"42","195","183","3","00:08:46","457","49","1","12343"
"76","57","235","3","00:09:59","457","49","0","12344"
"224","195","216","3","00:08:46","500","94","1","12345"
"42","58","264","3","00:07:12","100","49","1","12346"
"78","21","94","3","00:08:47","100","49","1","12348"
"61","21","59","3","00:07:13","100","49","0","12349"
"75","39","174","3","00:08:47","500","251","1","12350"
"195","76","153","3","00:07:13","300","150","0","12351"
"30","101","199","3","00:10:00","100","206","1","12352"
"57","89","249","3","00:08:47","300","150","0","12353"
"73","16","218","3","00:10:00","300","150","1","12354"
"57","75","41","3","00:08:48","100","49","0","12356"
"280","138","240","3","00:10:00","500","251","1","12357"
"57","76","178","3","00:08:48","397","273","1","12358"
"97","161","246","3","00:10:00","457","49","0","12360"
"30","16","190","3","00:08:48","353","227","0","12361"
"313","30","248","3","00:10:00","100","206","0","12363"
"75","42","36","3","00:07:14","500","94","1","12364"
"201","114","253","3","00:10:00","100","206","0","12365"
"33","49","56","3","00:07:14","300","150","0","12366"
"15","280","269","3","00:10:00","100","49","0","12367"
"75","30","174","3","00:07:14","300","150","0","12368"
"76","34","2","3","00:08:49","457","49","1","12369"
"97","224","250","3","00:07:14","300","150","1","12370"
"105","35","51","3","00:08:49","457","49","0","12371"
"35","31","9","3","00:10:01","500","94","1","12372"
"30","21","58","3","00:08:49","457","206","1","12373"
"1","125","29","3","00:10:01","300","150","1","12375"
"21","78","97","3","00:08:49","100","206","0","12376"
"76","34","36","3","00:10:01","143","251","1","12377"
"23","89","8","3","00:07:15","143","94","1","12378"
"57","30","62","3","00:10:01","457","49","0","12379"
"115","34","12","3","00:07:15","247","273","1","12380"
"23","227","124","3","00:10:01","100","49","0","12381"
"183","195","147","3","00:08:49","457","206","1","12382"
"42","183","179","3","00:07:15","100","49","0","12383"
"4","30","201","3","00:08:49","300","150","0","12384"
"224","76","129","3","00:07:16","457","206","0","12385"
"4","21","247","3","00:08:49","100","206","1","12386"
"75","21","196","3","00:10:01","100","206","0","12387"
"31","244","267","3","00:08:49","100","206","1","12388"
"21","78","96","3","00:07:17","100","206","1","12389"
"30","88","197","3","00:10:01","457","206","1","12391"
"42","97","117","3","00:07:17","500","94","1","12393"
"89","30","223","3","00:10:01","500","94","0","12394"
"65","280","248","3","00:07:17","100","49","0","12395"
"23","58","28","3","00:08:50","300","150","0","12397"
"31","61","22","3","00:07:18","457","206","1","12398"
"54","86","26","3","00:10:03","203","227","0","12399"
"101","105","63","3","00:08:50","100","206","1","12400"
"1","31","64","3","00:10:03","457","49","1","12401"
"34","61","53","3","00:07:18","500","251","1","12402"
"34","31","236","3","00:08:50","500","94","1","12403"
"227","78","143","3","00:10:03","143","251","1","12404"
"58","248","215","3","00:07:18","300","150","1","12406"
"109","34","32","3","00:08:51","100","49","0","12407"
"78","75","187","3","00:10:03","300","150","0","12408"
"23","57","44","3","00:08:51","300","150","0","12409"
"20","86","51","3","00:08:51","300","150","1","12410"
"75","88","140","3","00:08:51","300","150","1","12411"
"224","78","234","3","00:10:03","500","251","0","12412"
"125","142","72","3","00:07:19","100","206","0","12413"
"78","34","250","3","00:08:51","457","49","0","12414"
"88","224","268","3","00:10:03","300","150","1","12415"
"88","89","108","3","00:08:53","300","150","0","12416"
"63","15","105","3","00:07:19","300","150","0","12417"
"76","4","140","3","00:10:36","457","49","1","12418"
"78","57","34","3","00:10:04","100","49","0","12419"
"101","88","10","3","00:08:54","457","49","1","12420"
"49","220","113","3","00:08:54","457","206","1","12421"
"23","75","204","3","00:07:19","100","49","1","12422"
"57","31","172","3","00:10:36","500","94","0","12423"
"65","1","118","3","00:08:54","100","49","1","12424"
"97","205","269","3","00:07:19","100","206","0","12425"
"61","73","267","3","00:10:36","457","206","1","12426"
"109","101","57","3","00:10:04","457","49","0","12430"
"75","42","36","3","00:10:37","500","94","1","12431"
"42","45","214","3","00:08:54","100","49","1","12432"
"4","30","200","3","00:10:37","100","49","0","12433"
"42","190","117","3","00:10:04","300","150","1","12435"
"31","15","11","3","00:08:55","100","206","1","12436"
"23","89","169","3","00:10:04","457","49","1","12437"
"58","15","19","3","00:07:20","100","206","1","12438"
"42","1","56","3","00:08:55","203","227","0","12439"
"224","75","129","3","00:10:05","100","49","0","12440"
"227","21","117","3","00:08:55","300","150","1","12441"
"116","42","146","3","00:07:20","457","206","1","12442"
"76","57","235","3","00:10:05","457","49","1","12443"
"31","227","146","3","00:08:55","300","150","0","12444"
"57","248","249","3","00:10:05","457","49","0","12445"
"78","101","171","3","00:08:55","300","150","0","12446"
"35","78","56","3","00:10:06","100","206","0","12447"
"76","231","177","3","00:08:55","457","206","0","12448"
"97","89","203","3","00:07:20","300","150","0","12449"
"212","42","104","3","00:10:06","500","251","0","12450"
"45","227","217","3","00:08:55","300","150","0","12451"
"34","57","165","3","00:10:06","500","94","1","12452"
"224","30","188","3","00:10:06","100","49","0","12454"
"30","34","110","3","00:08:56","457","49","0","12455"
"30","183","190","3","00:10:06","457","49","1","12456"
"31","244","267","3","00:08:56","100","206","1","12457"
"23","30","55","3","00:10:07","203","227","0","12460"
"75","21","63","3","00:07:21","300","150","0","12461"
"227","30","223","3","00:10:37","500","94","0","12462"
"76","116","92","3","00:08:58","457","49","1","12463"
"76","97","63","3","00:10:07","457","49","1","12464"
"76","31","227","3","00:10:37","500","94","0","12465"
"31","75","138","3","00:08:58","100","206","0","12466"
"57","89","178","3","00:07:21","500","94","0","12467"
"58","21","244","3","00:10:37","397","273","0","12468"
"73","78","218","3","00:10:07","457","49","1","12469"
"23","1","230","3","00:10:07","457","49","1","12470"
"78","149","32","3","00:10:38","457","206","1","12471"
"224","78","234","3","00:10:07","500","251","0","12472"
"76","31","47","3","00:10:38","353","27","0","12473"
"30","75","17","3","00:10:08","457","49","0","12475"
"34","73","5","3","00:10:39","457","49","0","12476"
"30","23","156","3","00:10:08","203","27","0","12478"
"35","97","130","3","00:10:39","300","150","0","12479"
"1","244","255","3","00:10:08","100","49","1","12480"
"142","97","15","3","00:08:59","300","150","0","12481"
"89","227","177","3","00:10:39","203","227","1","12483"
"1","76","187","3","00:08:59","100","206","1","12484"
"42","78","56","3","00:10:40","457","206","0","12486"
"58","89","249","3","00:08:59","457","49","0","12487"
"109","156","64","3","00:10:40","203","227","0","12489"
"34","76","261","3","00:10:40","143","94","1","12490"
"157","58","49","3","00:10:09","100","206","1","12491"
"13","23","94","3","00:10:41","300","150","1","12492"
"31","23","149","3","00:10:09","100","206","1","12493"
"97","88","209","3","00:10:09","300","150","1","12495"
"280","138","240","3","00:10:09","500","94","1","12496"
"205","31","258","3","00:10:09","457","49","1","12498"
"23","78","126","3","00:10:42","457","206","1","12499"
"224","227","266","3","00:08:59","143","94","0","12500"
"231","23","130","3","00:10:11","143","94","0","12501"
"21","75","169","3","00:10:42","457","206","0","12502"
"97","125","90","3","00:10:43","457","49","0","12504"
"35","58","120","3","00:10:43","500","251","0","12506"
"75","31","30","3","00:10:12","457","206","1","12507"
"57","89","249","3","00:10:43","457","49","0","12509"
"75","39","2","3","00:10:44","457","49","1","12510"
"224","76","108","3","00:10:12","100","206","0","12511"
"76","15","14","3","00:09:00","300","150","1","12512"
"97","42","51","3","00:10:44","457","206","1","12513"
"227","34","211","3","00:10:12","500","94","0","12514"
"49","42","139","3","00:10:44","100","49","0","12515"
"30","21","58","3","00:09:00","457","49","1","12516"
"31","88","103","3","00:10:13","300","150","1","12517"
"34","21","216","3","00:10:44","143","251","1","12518"
"88","89","108","3","00:09:00","100","206","1","12519"
"89","101","226","3","00:10:44","143","251","1","12520"
"21","205","186","3","00:09:00","457","206","1","12521"
"42","23","117","3","00:10:13","457","49","1","12522"
"76","195","241","3","00:10:44","100","49","1","12523"
"45","89","242","3","00:09:00","143","251","0","12524"
"30","76","138","3","00:10:13","300","150","0","12525"
"27","15","11","3","00:10:45","100","206","1","12526"
"86","105","73","3","00:09:01","300","150","1","12527"
"101","195","144","3","00:10:45","300","150","0","12528"
"23","58","115","3","00:09:01","457","206","1","12529"
"34","316","261","3","00:10:13","143","251","1","12530"
"49","76","133","3","00:09:01","203","227","0","12531"
"89","23","25","3","00:10:14","100","49","1","12533"
"30","61","49","3","00:10:46","100","49","0","12534"
"195","183","230","3","00:09:01","300","150","0","12535"
"195","205","107","3","00:10:46","457","206","0","12536"
"78","138","250","3","00:10:46","100","206","1","12537"
"34","97","259","3","00:10:46","300","150","1","12539"
"101","21","63","3","00:09:02","100","206","0","12540"
"4","109","69","3","00:09:02","457","49","0","12542"
"57","21","160","3","00:10:14","457","49","0","12543"
"34","78","24","3","00:10:47","500","94","1","12544"
"89","224","211","3","00:09:02","500","251","1","12545"
"224","227","167","3","00:10:47","100","49","1","12546"
"23","30","55","3","00:10:15","353","27","0","12547"
"78","89","246","3","00:09:02","353","27","0","12548"
"195","32","168","3","00:10:47","457","206","1","12549"
"34","1","56","3","00:10:15","300","150","0","12550"
"49","65","57","3","00:09:03","300","150","1","12552"
"4","23","191","3","00:10:15","457","206","1","12553"
"78","31","213","3","00:09:03","300","150","0","12555"
"34","157","46","3","00:10:16","397","73","0","12556"
"65","97","25","3","00:09:04","100","49","1","12557"
"103","39","51","3","00:10:16","100","49","0","12558"
"116","109","38","3","00:09:04","353","27","0","12559"
"201","224","106","3","00:10:16","100","206","1","12560"
"31","227","146","3","00:09:04","100","206","0","12561"
"1","89","184","3","00:10:16","300","150","0","12562"
"224","34","155","3","00:09:04","457","206","0","12563"
"88","195","219","3","00:09:04","300","150","0","12564"
"42","30","214","3","00:10:16","100","49","0","12565"
"23","34","51","3","00:09:05","300","150","0","12566"
"4","109","69","3","00:09:05","353","27","0","12568"
"58","101","41","3","00:10:17","100","206","0","12569"
"13","23","95","3","00:09:05","353","27","1","12570"
"76","58","235","3","00:10:48","457","206","0","12571"
"86","88","71","3","00:10:17","457","206","1","12572"
"76","1","105","3","00:09:05","397","73","0","12573"
"78","30","163","3","00:10:17","457","49","0","12574"
"76","1","218","3","00:09:05","100","49","0","12575"
"23","61","262","3","00:10:48","300","150","1","12576"
"4","23","206","3","00:10:17","457","49","1","12577"
"16","116","4","3","00:09:06","100","206","1","12578"
"109","156","27","3","00:10:18","457","49","1","12580"
"23","81","20","3","00:09:06","100","206","0","12581"
"116","34","110","3","00:10:18","457","49","1","12582"
"58","192","144","3","00:09:06","100","49","1","12583"
"57","25","207","3","00:09:06","353","27","1","12584"
"39","73","238","3","00:09:06","457","49","1","12585"
"21","161","115","3","00:10:18","100","206","1","12586"
"23","34","12","3","00:10:49","300","150","1","12587"
"142","116","59","3","00:09:07","100","49","0","12588"
"183","205","139","3","00:10:18","457","206","0","12589"
"101","78","162","3","00:09:07","457","206","1","12590"
"31","58","22","3","00:10:49","300","150","1","12591"
"138","34","170","3","00:10:18","457","206","0","12592"
"157","75","166","3","00:09:07","300","150","0","12593"
"4","34","135","3","00:10:49","353","27","0","12594"
"78","34","48","3","00:10:19","100","206","1","12595"
"78","114","182","3","00:09:07","397","73","1","12596"
"58","30","62","3","00:10:19","100","49","1","12597"
"183","212","184","3","00:09:07","247","273","1","12598"
"23","89","153","3","00:10:19","100","49","0","12599"
"21","65","203","3","00:09:07","100","206","1","12600"
"72","35","2","3","00:10:20","100","49","0","12601"
"167","21","147","3","00:10:49","100","206","1","12602"
"31","78","121","3","00:10:20","100","206","0","12603"
"89","34","189","3","00:10:20","457","49","1","12605"
"76","42","164","3","00:10:49","100","49","0","12607"
"244","1","218","3","00:10:20","300","150","0","12608"
"76","34","21","3","00:09:08","457","206","1","12609"
"88","101","54","3","00:09:08","457","49","0","12610"
"280","61","243","3","00:10:20","300","150","0","12611"
"30","21","156","3","00:09:08","457","206","1","12612"
"4","183","127","3","00:10:21","500","94","0","12613"
"248","21","239","3","00:09:08","500","94","1","12614"
"53","34","135","3","00:10:21","457","206","0","12615"
"23","75","136","3","00:10:21","300","150","1","12616"
"21","256","230","3","00:10:49","203","227","0","12617"
"31","58","254","3","00:10:49","100","206","1","12619"
"280","4","258","3","00:10:21","100","206","0","12620"
"39","34","110","3","00:09:09","300","150","0","12621"
"39","97","131","3","00:10:22","300","150","1","12622"
"138","75","266","3","00:10:22","500","94","0","12625"
"35","57","71","3","00:10:50","457","49","0","12626"
"201","183","180","3","00:10:50","203","27","0","12628"
"73","58","10","3","00:10:23","353","27","0","12629"
"97","39","175","3","00:09:09","203","227","0","12630"
"1","23","23","3","00:10:51","457","206","0","12631"
"116","39","51","3","00:10:23","100","206","1","12632"
"205","1","179","3","00:09:09","100","49","0","12633"
"42","23","73","3","00:10:51","300","150","0","12634"
"49","98","99","3","00:10:23","500","251","1","12635"
"57","31","200","3","00:09:09","203","227","1","12636"
"23","73","136","3","00:10:51","457","49","0","12637"
"31","57","103","3","00:10:23","100","206","1","12638"
"23","217","233","3","00:10:51","457","49","1","12639"
"76","58","122","3","00:10:52","100","49","1","12641"
"31","34","110","3","00:10:23","457","49","0","12642"
"32","23","33","3","00:09:10","457","49","0","12643"
"1","75","57","3","00:10:54","353","227","0","12644"
"57","75","41","3","00:09:10","457","206","1","12645"
"65","49","118","3","00:10:23","203","227","1","12646"
"57","21","59","3","00:10:54","457","49","1","12647"
"86","23","142","3","00:09:10","457","206","0","12648"
"149","21","73","3","00:10:24","100","49","1","12649"
"57","35","26","3","00:09:13","300","150","0","12651"
"31","42","13","3","00:10:55","457","206","1","12652"
"189","31","119","3","00:10:24","203","227","0","12653"
"31","88","106","3","00:09:13","353","27","0","12654"
"21","30","20","3","00:10:55","100","49","1","12655"
"195","101","181","3","00:10:24","143","94","0","12656"
"75","31","116","3","00:09:13","457","49","0","12657"
"31","58","22","3","00:10:55","203","227","0","12658"
"78","227","220","3","00:10:24","100","206","1","12659"
"30","49","121","3","00:10:55","457","206","0","12660"
"89","23","159","3","00:09:13","500","94","0","12661"
"227","89","150","3","00:10:55","500","94","1","12663"
"73","205","164","3","00:09:13","457","49","0","12664"
"57","175","162","3","00:10:55","353","227","0","12665"
"76","21","84","3","00:10:25","353","227","1","12666"
"31","73","224","3","00:09:13","457","49","0","12667"
"58","98","200","3","00:10:55","457","206","1","12668"
"75","15","105","3","00:10:25","500","94","1","12669"
"4","23","247","3","00:09:13","457","206","0","12670"
"15","75","29","3","00:10:56","300","150","1","12671"
"35","58","125","3","00:10:25","500","251","0","12672"
"34","31","161","3","00:10:57","500","94","0","12673"
"31","78","190","3","00:10:25","457","49","1","12675"
"204","89","150","3","00:10:58","500","94","0","12676"
"75","31","30","3","00:10:26","457","206","0","12677"
"195","138","168","3","00:10:58","203","27","1","12678"
"101","195","144","3","00:10:26","457","206","0","12679"
"1","30","173","3","00:10:58","300","150","0","12680"
"76","34","177","3","00:10:26","457","49","0","12681"
"189","57","209","3","00:10:59","100","206","0","12682"
"32","89","138","3","00:09:14","100","49","0","12683"
"97","89","203","3","00:10:26","100","206","1","12684"
"224","34","155","3","00:09:14","457","49","0","12686"
"58","78","237","3","00:10:26","100","49","1","12687"
"285","241","260","3","00:10:26","143","94","0","12689"
"97","156","55","3","00:11:00","100","206","0","12690"
"89","183","145","3","00:11:00","457","206","1","12692"
"15","39","32","3","00:10:27","100","206","0","12693"
"34","1","56","3","00:10:27","457","49","0","12695"
"34","23","117","3","00:10:27","143","251","1","12698"
"34","55","53","3","00:09:15","143","251","1","12699"
"1","34","32","3","00:11:01","100","206","0","12700"
"76","34","104","3","00:11:01","397","273","0","12701"
"21","57","132","3","00:09:15","100","49","1","12702"
"138","23","156","3","00:10:27","457","206","0","12703"
"23","75","136","3","00:11:01","457","49","1","12704"
"89","57","140","3","00:09:15","100","206","1","12705"
"57","34","268","3","00:10:27","100","49","1","12706"
"76","227","164","3","00:11:01","100","206","1","12707"
"76","58","222","3","00:09:16","457","206","0","12708"
"4","280","214","3","00:11:01","457","49","0","12709"
"40","58","260","3","00:11:01","300","150","0","12712"
"23","86","12","3","00:11:02","143","251","1","12713"
"57","21","191","3","00:09:17","457","49","0","12714"
"21","42","107","3","00:11:02","457","49","0","12715"
"201","4","197","3","00:09:17","300","150","0","12716"
"191","4","208","3","00:09:17","457","49","1","12717"
"39","53","103","3","00:09:18","457","49","1","12719"
"97","30","168","3","00:09:18","203","227","1","12720"
"78","30","182","3","00:09:18","500","94","0","12721"
"224","39","236","3","00:10:28","143","94","1","12723"
"183","42","157","3","00:11:02","457","49","0","12724"
"1","23","147","3","00:09:19","457","206","1","12725"
"15","23","4","3","00:10:29","457","49","0","12726"
"57","175","162","3","00:11:02","353","27","1","12727"
"34","76","150","3","00:09:19","300","150","1","12728"
"58","45","212","3","00:11:02","100","49","0","12729"
"239","195","219","3","00:09:19","500","94","0","12730"
"75","23","92","3","00:09:20","100","206","1","12732"
"4","31","188","3","00:09:20","100","206","1","12733"
"30","231","110","3","00:11:03","353","227","0","12734"
"39","88","137","3","00:11:03","100","206","0","12735"
"78","31","64","3","00:09:21","353","27","0","12738"
"34","75","128","3","00:10:29","143","94","0","12739"
"227","214","114","3","00:11:04","500","94","1","12740"
"23","78","126","3","00:09:21","100","49","1","12741"
"125","183","118","3","00:11:04","457","49","0","12742"
"183","205","139","3","00:10:29","457","49","0","12743"
"31","57","176","3","00:09:21","300","150","0","12744"
"4","76","129","3","00:11:04","300","150","0","12745"
"35","31","141","3","00:11:04","500","94","0","12746"
"205","1","148","3","00:10:29","143","251","1","12747"
"195","89","203","3","00:09:21","300","150","1","12748"
"138","220","229","3","00:11:04","143","251","0","12749"
"63","4","19","3","00:11:05","100","49","1","12751"
"1","89","184","3","00:10:29","143","251","0","12752"
"30","57","37","3","00:11:05","457","49","1","12753"
"57","34","39","3","00:10:30","203","27","0","12754"
"23","4","115","3","00:11:05","100","206","1","12755"
"125","1","52","3","00:10:30","457","206","1","12756"
"4","23","160","3","00:11:05","300","150","1","12757"
"116","205","146","3","00:10:30","353","27","0","12758"
"1","34","157","3","00:10:30","100","206","0","12761"
"88","75","18","3","00:11:06","500","251","0","12762"
"23","88","233","3","00:10:30","100","49","1","12763"
"269","101","233","3","00:11:06","100","49","0","12764"
"109","21","23","3","00:10:31","353","27","1","12765"
"21","76","8","3","00:11:07","247","273","1","12768"
"1","75","57","3","00:10:32","457","206","0","12770"
"231","210","128","3","00:11:07","500","251","1","12771"
"1","57","65","3","00:10:32","100","49","0","12773"
"224","35","135","3","00:11:07","300","150","0","12774"
"81","49","37","3","00:11:50","457","49","0","12775"
"78","65","187","3","00:11:07","100","206","1","12776"
"42","97","117","3","00:11:50","143","94","1","12777"
"30","75","138","3","00:11:50","457","49","0","12778"
"30","16","190","3","00:11:50","353","27","1","12779"
"34","88","120","3","00:10:32","500","94","1","12780"
"23","4","208","3","00:11:50","457","206","1","12781"
"65","57","122","3","00:10:32","300","150","1","12782"
"1","42","48","3","00:11:08","457","49","1","12783"
"244","88","235","3","00:11:50","457","206","0","12784"
"97","88","251","3","00:10:32","457","49","0","12785"
"76","23","86","3","00:11:51","203","27","0","12788"
"31","78","42","3","00:10:33","100","206","1","12789"
"214","23","111","3","00:11:51","300","150","1","12790"
"75","4","122","3","00:11:51","100","206","1","12791"
"30","224","137","3","00:10:33","457","206","1","12792"
"21","13","96","3","00:11:52","300","150","0","12793"
"34","31","46","3","00:10:34","500","94","0","12794"
"42","244","238","3","00:11:52","100","49","0","12795"
"30","78","228","3","00:11:08","500","94","1","12796"
"23","88","233","3","00:10:34","100","49","1","12797"
"4","116","59","3","00:11:53","203","27","0","12798"
"114","269","239","3","00:11:08","247","273","1","12800"
"20","58","209","3","00:11:53","457","206","1","12801"
"73","34","2","3","00:11:54","100","206","0","12802"
"189","280","265","3","00:11:08","457","49","1","12803"
"42","31","9","3","00:10:35","143","94","0","12804"
"142","86","39","3","00:11:54","100","49","0","12805"
"42","114","43","3","00:11:09","457","49","1","12806"
"57","1","19","3","00:10:35","457","49","0","12807"
"73","58","72","3","00:11:54","100","206","1","12808"
"35","88","71","3","00:10:35","457","206","1","12809"
"78","97","95","3","00:11:54","457","206","1","12810"
"31","57","103","3","00:10:35","100","49","0","12811"
"78","31","173","3","00:10:35","100","206","0","12812"
"227","23","130","3","00:11:54","300","150","0","12813"
"42","76","61","3","00:11:09","203","227","0","12814"
"21","30","175","3","00:10:35","300","150","0","12815"
"27","23","147","3","00:11:54","457","206","1","12816"
"97","42","12","3","00:10:36","143","94","1","12817"
"125","183","118","3","00:11:09","203","27","0","12818"
"30","76","138","3","00:10:36","203","227","0","12820"
"89","78","145","3","00:11:09","500","94","0","12821"
"97","76","136","3","00:11:55","300","150","1","12822"
"57","42","167","3","00:11:09","300","150","1","12823"
"280","4","243","3","00:11:55","143","94","0","12824"
"23","227","186","3","00:11:09","100","49","0","12825"
"30","57","260","3","00:11:55","300","150","0","12826"
"16","21","4","3","00:11:10","100","206","1","12827"
"31","65","17","3","00:11:56","457","206","0","12828"
"57","23","31","3","00:11:56","457","49","0","12829"
"30","57","49","3","00:11:10","300","150","0","12830"
"98","78","85","3","00:11:56","100","49","0","12831"
"4","31","201","3","00:11:10","353","27","0","12832"
"4","30","152","3","00:11:56","100","206","1","12833"
"57","42","155","3","00:11:56","457","49","0","12834"
"42","1","179","3","00:11:56","100","49","1","12835"
"73","195","196","3","00:11:56","300","150","1","12836"
"1","76","29","3","00:11:57","300","150","1","12837"
"195","88","115","3","00:11:57","100","49","1","12838"
"76","1","118","3","00:11:57","203","227","1","12840"
"115","86","51","3","00:11:11","100","49","1","12841"
"206","57","125","3","00:13:04","500","94","1","12842"
"21","1","70","3","00:11:11","457","49","1","12843"
"280","42","243","3","00:11:11","500","251","0","12844"
"4","227","135","3","00:13:05","100","206","1","12846"
"97","58","28","3","00:11:12","300","150","0","12847"
"116","65","40","3","00:13:06","300","150","1","12848"
"88","35","39","3","00:11:12","100","49","0","12849"
"34","1","56","3","00:13:06","100","206","0","12850"
"224","49","127","3","00:11:13","143","251","1","12851"
"4","89","178","3","00:11:57","500","94","1","12852"
"23","114","168","3","00:13:06","457","49","0","12853"
"199","97","149","3","00:11:13","100","206","0","12854"
"244","88","235","3","00:11:57","457","49","1","12855"
"30","88","199","3","00:13:06","457","49","1","12856"
"57","23","219","3","00:11:13","300","150","1","12857"
"89","316","263","3","00:11:57","143","251","1","12858"
"88","227","249","3","00:11:13","300","150","0","12859"
"76","35","21","3","00:11:14","100","49","1","12863"
"34","78","259","3","00:13:06","500","94","1","12864"
"30","57","37","3","00:11:58","457","49","1","12865"
"31","58","37","3","00:11:14","457","49","1","12866"
"98","4","199","3","00:11:58","100","49","0","12867"
"86","58","71","3","00:13:07","100","49","1","12868"
"57","1","69","3","00:11:14","300","150","1","12869"
"21","76","204","3","00:11:58","100","206","1","12870"
"191","183","123","3","00:13:07","353","27","0","12871"
"21","183","134","3","00:11:14","300","150","0","12872"
"15","89","246","3","00:11:14","203","227","1","12874"
"37","23","43","3","00:11:59","100","206","1","12875"
"61","88","264","3","00:11:14","100","206","1","12876"
"86","30","46","3","00:11:59","500","251","0","12877"
"30","75","66","3","00:11:59","143","251","1","12879"
"21","13","96","3","00:12:00","100","206","1","12880"
"57","76","129","3","00:12:00","203","227","0","12881"
"31","4","197","3","00:12:00","100","49","0","12883"
"4","81","27","3","00:11:15","203","27","0","12884"
"101","97","191","3","00:12:01","457","49","0","12885"
"73","30","174","3","00:11:15","500","251","0","12886"
"4","227","253","3","00:13:07","100","49","0","12887"
"190","73","210","3","00:11:15","457","49","0","12888"
"76","21","86","3","00:13:08","457","49","0","12891"
"23","49","126","3","00:13:08","457","49","1","12892"
"88","39","201","3","00:13:08","457","49","0","12893"
"88","23","31","3","00:11:16","100","206","1","12894"
"245","227","242","3","00:13:08","500","251","0","12896"
"57","195","244","3","00:13:08","500","251","0","12897"
"39","35","146","3","00:11:16","457","206","0","12899"
"54","23","31","3","00:13:09","100","49","0","12900"
"31","57","37","3","00:12:02","457","49","1","12901"
"21","89","153","3","00:11:16","457","49","1","12902"
"205","23","256","3","00:13:09","143","251","1","12903"
"191","116","175","3","00:12:02","203","227","1","12904"
"201","34","170","3","00:11:16","100","206","0","12905"
"88","34","268","3","00:13:09","100","206","0","12906"
"4","101","254","3","00:12:02","100","206","1","12907"
"98","42","13","3","00:13:10","100","49","0","12910"
"30","89","17","3","00:12:03","457","49","0","12911"
"57","34","39","3","00:13:10","203","227","0","12912"
"65","30","47","3","00:12:04","457","206","1","12913"
"23","78","230","3","00:11:16","457","49","1","12914"
"116","57","103","3","00:13:10","457","206","0","12915"
"57","42","135","3","00:12:04","100","206","1","12916"
"101","206","212","3","00:13:10","100","206","1","12917"
"76","183","145","3","00:12:04","500","94","1","12919"
"42","101","61","3","00:11:17","203","27","1","12920"
"42","86","150","3","00:12:04","143","251","0","12921"
"138","316","261","3","00:13:10","300","150","0","12922"
"31","57","176","3","00:12:04","100","49","0","12923"
"31","13","85","3","00:11:17","203","27","0","12924"
"195","76","203","3","00:12:04","300","150","1","12926"
"34","76","150","3","00:11:17","300","150","1","12927"
"104","1","38","3","00:12:05","100","206","1","12928"
"57","42","167","3","00:11:17","203","27","0","12929"
"23","78","97","3","00:13:11","300","150","1","12930"
"76","31","158","3","00:12:05","457","206","1","12931"
"57","30","172","3","00:11:17","397","273","1","12932"
"21","34","124","3","00:13:11","300","150","0","12933"
"30","78","180","3","00:12:05","203","27","0","12934"
"224","280","221","3","00:11:17","143","94","1","12935"
"227","30","161","3","00:13:11","143","251","1","12936"
"15","21","225","3","00:11:17","457","206","0","12937"
"205","42","258","3","00:12:05","457","206","0","12938"
"75","76","263","3","00:11:17","300","150","1","12940"
"34","220","229","3","00:13:11","143","94","0","12941"
"115","88","28","3","00:12:06","500","251","0","12943"
"21","42","12","3","00:13:12","500","94","1","12944"
"42","81","35","3","00:11:18","100","49","1","12945"
"88","49","101","3","00:12:06","143","251","0","12946"
"30","220","176","3","00:13:12","100","206","0","12947"
"116","78","38","3","00:11:18","203","227","0","12948"
"42","78","179","3","00:12:06","100","49","0","12949"
"76","57","72","3","00:13:13","100","206","1","12950"
"65","30","116","3","00:12:07","300","150","0","12951"
"57","156","62","3","00:11:18","100","206","1","12952"
"13","21","95","3","00:13:13","100","49","1","12953"
"97","76","136","3","00:12:07","353","27","0","12954"
"75","4","122","3","00:11:18","100","49","1","12955"
"101","78","151","3","00:11:18","100","49","0","12956"
"280","34","240","3","00:11:18","500","94","1","12957"
"286","227","249","3","00:11:18","300","150","1","12958"
"4","65","267","3","00:11:18","457","49","1","12959"
"89","195","111","3","00:13:13","457","206","0","12960"
"21","42","124","3","00:11:19","300","150","0","12961"
"98","73","224","3","00:12:07","457","49","0","12962"
"231","31","141","3","00:13:13","143","94","0","12963"
"23","75","204","3","00:11:19","457","49","1","12964"
"89","21","239","3","00:12:07","500","94","1","12965"
"15","89","246","3","00:13:13","457","49","0","12966"
"190","34","252","3","00:11:19","100","49","1","12967"
"76","15","14","3","00:12:08","457","49","0","12968"
"1","42","157","3","00:13:14","457","49","1","12969"
"142","116","59","3","00:12:08","353","227","1","12970"
"31","183","190","3","00:13:14","100","206","0","12971"
"23","31","6","3","00:11:20","100","49","1","12972"
"101","57","10","3","00:12:09","100","206","1","12973"
"34","81","9","3","00:11:20","143","251","1","12975"
"65","78","25","3","00:12:09","457","206","0","12976"
"31","88","106","3","00:11:20","300","150","0","12977"
"58","65","18","3","00:12:10","397","73","1","12978"
"76","23","86","3","00:12:10","100","49","0","12979"
"30","191","256","3","00:11:20","500","251","1","12980"
"224","1","162","3","00:12:10","300","150","1","12981"
"30","61","258","3","00:11:20","100","49","0","12982"
"73","40","177","3","00:12:10","457","206","0","12983"
"205","15","143","3","00:11:21","500","251","0","12984"
"89","45","223","3","00:12:10","500","94","0","12985"
"39","4","176","3","00:11:21","353","227","0","12986"
"30","73","232","3","00:12:10","500","251","0","12987"
"31","76","224","3","00:11:21","203","27","1","12988"
"109","31","27","3","00:13:15","100","49","0","12990"
"21","183","126","3","00:12:11","353","227","0","12991"
"76","23","92","3","00:11:22","100","206","0","12992"
"4","30","188","3","00:12:11","457","49","1","12993"
"78","21","94","3","00:11:22","457","49","0","12994"
"23","15","38","3","00:13:15","100","206","0","12995"
"224","75","266","3","00:11:22","143","94","0","12996"
"101","78","101","3","00:13:15","143","251","1","12997"
"88","75","108","3","00:11:23","203","227","1","12998"
"39","88","106","3","00:13:15","457","49","0","12999"
"231","57","165","3","00:11:23","500","251","0","13000"
"4","58","264","3","00:12:11","300","150","1","13001"
"224","42","167","3","00:13:15","457","49","0","13002"
"97","34","124","3","00:12:12","457","206","0","13004"
"27","23","147","3","00:12:12","100","206","0","13005"
"25","31","20","3","00:11:24","100","49","1","13006"
"88","206","212","3","00:13:15","100","206","0","13007"
"76","31","158","3","00:12:12","353","27","1","13008"
"21","1","50","3","00:12:13","457","206","1","13009"
"138","316","261","3","00:13:15","500","94","0","13010"
"75","21","111","3","00:12:14","457","206","0","13011"
"101","42","21","3","00:13:16","300","150","0","13012"
"76","21","25","3","00:11:24","300","150","1","13013"
"35","21","24","3","00:13:16","143","251","0","13014"
"97","75","136","3","00:12:14","457","49","0","13015"
"4","81","27","3","00:11:24","300","150","0","13016"
"15","156","99","3","00:13:16","143","251","1","13017"
"35","27","143","3","00:12:15","397","273","0","13018"
"78","65","29","3","00:11:24","457","206","0","13019"
"149","30","46","3","00:12:16","500","251","1","13020"
"34","76","150","3","00:13:16","143","94","1","13021"
"227","224","211","3","00:11:24","500","251","1","13022"
"57","76","129","3","00:12:16","100","49","0","13023"
"42","86","150","3","00:12:16","397","73","1","13025"
"30","42","243","3","00:11:24","500","94","0","13026"
"54","23","31","3","00:13:17","100","49","1","13027"
"89","21","159","3","00:12:16","457","49","1","13028"
"35","21","73","3","00:11:25","353","227","0","13031"
"1","31","163","3","00:12:16","100","49","0","13032"
"75","88","140","3","00:11:25","203","227","1","13033"
"88","21","191","3","00:12:16","203","227","0","13034"
"78","42","213","3","00:12:16","100","49","1","13035"
"78","195","147","3","00:11:25","457","49","0","13036"
"58","248","249","3","00:12:16","300","150","1","13037"
"201","227","170","3","00:11:26","457","206","0","13040"
"98","75","138","3","00:12:17","457","49","0","13041"
"58","109","19","3","00:11:27","457","206","0","13042"
"15","42","16","3","00:12:18","300","150","0","13043"
"76","21","142","3","00:11:27","457","206","1","13044"
"98","78","85","3","00:12:18","203","227","0","13045"
"227","101","165","3","00:11:27","300","150","0","13046"
"78","21","98","3","00:12:19","457","49","0","13047"
"76","114","158","3","00:12:19","457","206","0","13048"
"57","31","188","3","00:11:27","100","49","0","13049"
"47","31","258","3","00:11:27","457","49","0","13050"
"17","101","171","3","00:12:19","100","49","0","13051"
"15","89","220","3","00:12:19","457","206","1","13052"
"34","78","234","3","00:12:19","500","94","0","13054"
"116","1","38","3","00:11:28","457","206","0","13057"
"280","88","260","3","00:12:20","500","94","1","13058"
"75","21","63","3","00:11:28","100","206","1","13059"
"110","4","185","3","00:11:28","457","49","0","13061"
"73","1","45","3","00:12:21","100","49","0","13062"
"21","42","262","3","00:11:28","457","49","0","13063"
"23","35","51","3","00:12:21","100","206","1","13064"
"31","76","17","3","00:11:29","300","150","1","13065"
"31","227","146","3","00:12:21","100","206","1","13066"
"30","101","103","3","00:11:29","100","206","1","13067"
"57","30","188","3","00:12:21","100","206","1","13068"
"31","75","138","3","00:11:29","203","227","1","13069"
"224","23","216","3","00:12:21","143","251","0","13070"
"88","31","200","3","00:11:29","457","206","0","13071"
"31","57","37","3","00:12:22","457","206","0","13073"
"73","1","105","3","00:12:22","500","94","1","13074"
"98","57","197","3","00:12:22","100","49","1","13075"
"58","21","15","3","00:12:23","100","206","0","13076"
"205","31","243","3","00:11:29","397","273","0","13077"
"57","116","31","3","00:12:23","457","49","0","13078"
"57","73","18","3","00:11:30","397","273","1","13079"
"76","142","72","3","00:12:23","457","206","0","13080"
"42","31","35","3","00:11:30","100","49","1","13081"
"31","1","121","3","00:12:23","100","206","0","13082"
"65","86","36","3","00:11:30","500","251","0","13083"
"1","34","32","3","00:12:24","457","49","0","13084"
"65","23","63","3","00:12:24","100","206","1","13085"
"1","31","64","3","00:11:30","300","150","0","13086"
"42","76","114","3","00:12:24","247","273","0","13087"
"231","49","148","3","00:12:24","300","150","1","13088"
"35","21","130","3","00:11:30","500","94","0","13089"
"57","30","152","3","00:11:30","100","206","1","13090"
"39","31","9","3","00:11:31","500","94","0","13093"
"115","75","40","3","00:11:31","203","227","1","13094"
"30","1","85","3","00:11:31","100","49","1","13095"
"183","34","157","3","00:11:31","100","49","1","13096"
"4","23","207","3","00:11:31","457","49","1","13097"
"78","227","246","3","00:11:31","300","150","1","13098"
"45","269","256","3","00:11:31","247","73","1","13099"
"30","42","13","3","00:11:32","100","49","0","13100"
"75","88","140","3","00:11:32","203","27","1","13101"
"75","42","189","3","00:11:32","100","49","1","13102"
"61","244","238","3","00:11:32","457","206","0","13103"
"15","86","32","3","00:11:33","353","27","1","13104"
"138","40","170","3","00:11:33","457","49","0","13105"
"23","31","175","3","00:11:33","353","227","0","13106"
"76","78","218","3","00:11:33","100","49","0","13107"
"65","88","10","3","00:11:34","300","150","0","13108"
"23","78","50","3","00:11:34","100","206","1","13109"
"21","88","115","3","00:11:34","100","206","1","13110"
"34","21","130","3","00:11:34","500","94","1","13111"
"101","189","207","3","00:07:21","100","49","0","13112"
"195","76","153","3","00:07:22","457","206","0","13113"
"57","34","155","3","00:07:22","457","49","0","13114"
"227","316","263","3","00:07:22","500","251","1","13115"
"31","1","11","3","00:07:23","100","49","0","13118"
"1","34","157","3","00:07:23","457","206","1","13119"
"227","23","239","3","00:07:23","143","94","0","13120"
"76","1","52","3","00:07:24","353","227","0","13121"
"31","76","67","3","00:07:24","353","227","1","13122"
"23","75","136","3","00:07:24","457","49","1","13123"
"206","97","102","3","00:07:25","100","49","0","13124"
"1","4","113","3","00:07:25","100","206","1","13125"
"183","86","133","3","00:07:25","203","27","1","13126"
"205","34","240","3","00:07:25","457","49","0","13127"
"78","76","57","3","00:07:26","203","227","0","13128"
"101","78","151","3","00:07:26","100","206","0","13129"
"224","78","162","3","00:07:26","457","49","0","13130"
"34","21","216","3","00:07:26","143","251","1","13131"
"78","142","65","3","00:07:27","353","27","1","13133"
"191","39","175","3","00:07:27","300","150","1","13134"
"78","76","29","3","00:07:28","300","150","1","13135"
"34","31","35","3","00:07:28","353","27","1","13136"
"76","97","84","3","00:07:28","457","206","0","13137"
"256","89","246","3","00:07:28","457","49","1","13138"
"78","57","251","3","00:07:28","100","206","0","13139"
"75","23","86","3","00:07:29","100","206","1","13141"
"1","30","163","3","00:07:29","353","227","0","13142"
"31","76","166","3","00:07:29","353","227","1","13143"
"75","180","105","3","00:07:30","300","150","1","13146"
"191","224","252","3","00:07:30","457","49","1","13147"
"1","61","34","3","00:07:31","100","49","1","13149"
"4","23","206","3","00:07:31","100","49","1","13150"
"1","97","4","3","00:07:32","100","206","0","13152"
"49","97","95","3","00:07:32","203","227","1","13153"
"4","73","238","3","00:07:32","100","49","1","13154"
"35","101","5","3","00:07:33","300","150","1","13155"
"76","88","140","3","00:07:33","457","206","0","13156"
"73","57","10","3","00:07:34","457","206","1","13157"
"89","31","158","3","00:07:34","457","49","0","13158"
"86","231","164","3","00:07:34","457","49","1","13159"
"65","280","248","3","00:07:34","457","49","0","13160"
"31","78","42","3","00:07:35","100","49","1","13161"
"58","21","59","3","00:07:35","300","150","1","13162"
"21","78","97","3","00:07:35","457","206","0","13163"
"35","78","148","3","00:07:35","300","150","1","13164"
"23","89","169","3","00:07:35","300","150","0","13165"
"31","231","110","3","00:07:36","353","27","1","13167"
"23","220","115","3","00:07:36","457","206","0","13168"
"58","35","26","3","00:07:37","100","49","0","13170"
"142","101","41","3","00:07:37","457","49","1","13171"
"30","76","66","3","00:07:37","500","251","0","13172"
"31","21","149","3","00:07:37","457","49","0","13173"
"78","30","182","3","00:07:37","143","94","0","13174"
"227","138","211","3","00:07:37","500","94","1","13175"
"75","97","63","3","00:07:38","100","49","0","13177"
"34","31","161","3","00:07:38","300","150","0","13178"
"4","35","167","3","00:07:38","457","49","0","13179"
"78","116","99","3","00:07:40","397","73","1","13183"
"76","88","140","3","00:07:40","457","49","1","13184"
"75","316","263","3","00:07:40","143","251","0","13185"
"75","57","122","3","00:07:41","203","27","1","13186"
"101","34","2","3","00:07:42","300","150","1","13187"
"201","224","103","3","00:07:42","100","206","1","13188"
"4","35","155","3","00:07:42","300","150","0","13189"
"4","42","167","3","00:07:43","300","150","0","13190"
"97","75","8","3","00:07:44","143","251","1","13191"
"23","75","169","3","00:07:44","457","49","1","13192"
"57","31","201","3","00:07:45","353","27","1","13193"
"34","21","216","3","00:07:45","143","251","0","13194"
"75","1","14","3","00:07:46","300","150","0","13195"
"30","76","17","3","00:07:46","100","49","1","13196"
"31","16","42","3","00:07:46","353","27","0","13197"
"31","58","176","3","00:07:46","457","206","0","13198"
"4","88","264","3","00:07:46","100","49","1","13199"
"75","97","84","3","00:07:47","100","206","1","13200"
"57","75","108","3","00:07:47","457","49","0","13201"
"30","57","137","3","00:07:47","300","150","0","13202"
"76","195","142","3","00:07:47","457","206","1","13203"
"31","78","180","3","00:07:47","457","49","1","13204"
"39","244","224","3","00:07:47","300","150","1","13205"
"86","101","61","3","00:07:48","100","49","1","13207"
"23","61","262","3","00:07:48","100","49","0","13208"
"1","75","29","3","00:07:49","457","49","1","13210"
"23","31","168","3","00:07:49","300","150","0","13211"
"4","31","172","3","00:07:49","143","251","1","13212"
"101","30","212","3","00:07:49","300","150","0","13213"
"57","23","219","3","00:07:49","143","94","1","13214"
"58","31","3","3","00:07:50","457","49","0","13216"
"75","42","21","3","00:07:50","457","206","0","13217"
"76","21","159","3","00:07:50","500","251","1","13218"
"189","4","208","3","00:07:50","457","49","0","13219"
"78","227","220","3","00:07:50","353","227","0","13220"
"183","65","187","3","00:07:51","457","206","1","13222"
"280","42","258","3","00:07:51","100","206","1","13223"
"58","42","26","3","00:07:52","100","206","1","13226"
"204","75","114","3","00:07:52","457","206","0","13227"
"227","57","125","3","00:07:52","500","94","0","13228"
"23","89","100","3","00:07:53","457","206","0","13229"
"89","39","174","3","00:07:53","500","94","1","13230"
"15","21","23","3","00:07:54","353","227","0","13231"
"23","101","90","3","00:07:54","100","206","1","13232"
"89","78","145","3","00:07:54","500","251","0","13233"
"23","76","88","3","00:07:55","457","206","0","13235"
"49","142","113","3","00:07:55","100","206","0","13236"
"31","89","166","3","00:07:55","457","49","0","13237"
"4","42","167","3","00:07:55","457","49","0","13238"
"78","86","32","3","00:07:56","203","27","0","13239"
"49","42","139","3","00:07:56","457","206","0","13240"
"101","23","244","3","00:07:56","500","251","0","13241"
"30","23","58","3","00:07:57","100","206","1","13243"
"49","23","94","3","00:07:57","100","206","1","13244"
"97","34","124","3","00:07:57","457","206","1","13245"
"78","101","171","3","00:07:57","457","206","1","13246"
"4","89","178","3","00:07:57","500","94","0","13247"
"57","34","268","3","00:07:57","100","49","0","13248"
"78","76","184","3","00:07:58","143","251","0","13249"
"75","138","211","3","00:07:58","247","73","1","13250"
"4","89","253","3","00:07:58","100","49","1","13251"
"1","206","112","3","00:07:59","457","49","1","13252"
"31","183","190","3","00:08:00","100","49","0","13253"
"18","58","251","3","00:13:17","457","206","0","13254"
"57","23","160","3","00:13:18","300","150","0","13256"
"97","76","8","3","00:13:19","143","94","1","13257"
"53","23","206","3","00:13:19","300","150","1","13258"
"205","57","260","3","00:13:19","143","251","1","13259"
"116","57","103","3","00:13:20","203","227","1","13260"
"89","35","177","3","00:13:20","100","49","1","13261"
"1","75","187","3","00:13:20","100","49","1","13262"
"57","34","39","3","00:13:21","353","27","1","13264"
"214","1","105","3","00:13:22","500","251","1","13265"
"34","21","117","3","00:13:22","457","206","1","13266"
"45","248","217","3","00:13:22","300","150","0","13267"
"23","31","262","3","00:13:22","457","49","1","13268"
"30","15","11","3","00:13:23","457","49","0","13269"
"103","109","50","3","00:13:23","100","49","1","13270"
"78","21","147","3","00:13:23","300","150","0","13271"
"231","97","183","3","00:13:23","100","49","0","13272"
"27","142","49","3","00:13:24","300","150","0","13274"
"21","34","124","3","00:13:24","100","49","1","13275"
"4","227","155","3","00:13:24","300","150","1","13276"
"30","101","197","3","00:13:24","457","49","0","13277"
"65","86","36","3","00:13:25","397","73","1","13278"
"78","42","112","3","00:13:25","457","206","0","13279"
"57","89","215","3","00:13:25","100","49","0","13280"
"76","224","140","3","00:13:26","203","27","1","13282"
"57","195","144","3","00:13:26","100","49","0","13283"
"4","31","172","3","00:13:26","247","273","0","13284"
"31","280","214","3","00:13:26","300","150","0","13285"
"23","81","6","3","00:13:27","100","49","1","13288"
"101","42","21","3","00:13:27","353","227","0","13289"
"227","4","125","3","00:13:27","500","251","1","13290"
"23","4","132","3","00:13:27","457","49","0","13291"
"224","58","229","3","00:13:28","143","251","0","13292"
"31","89","253","3","00:13:28","100","206","1","13293"
"34","31","161","3","00:13:29","500","94","0","13296"
"30","15","42","3","00:13:30","457","206","0","13297"
"109","97","98","3","00:13:30","100","49","1","13298"
"23","34","124","3","00:13:31","100","49","0","13299"
"21","89","136","3","00:13:31","100","206","1","13300"
"205","1","148","3","00:13:31","143","251","1","13301"
"23","58","233","3","00:13:31","100","206","0","13302"
"58","78","237","3","00:13:31","300","150","1","13303"
"57","89","249","3","00:13:31","300","150","1","13304"
"76","58","10","3","00:13:32","457","206","1","13305"
"224","78","101","3","00:13:32","143","94","0","13306"
"183","75","133","3","00:13:32","353","227","1","13307"
"89","1","145","3","00:13:32","500","251","1","13308"
"101","97","207","3","00:13:32","100","206","1","13309"
"138","23","216","3","00:13:32","300","150","0","13310"
"81","57","37","3","00:13:33","300","150","0","13313"
"75","81","47","3","00:13:33","300","150","1","13314"
"4","55","65","3","00:13:33","300","150","1","13315"
"224","183","127","3","00:13:33","500","251","0","13316"
"101","227","167","3","00:12:24","300","150","1","13317"
"21","183","230","3","00:12:25","300","150","1","13319"
"58","195","219","3","00:13:34","500","251","1","13320"
"220","244","263","3","00:12:25","397","273","0","13321"
"23","65","40","3","00:13:36","100","49","1","13322"
"76","195","111","3","00:13:36","353","27","0","13324"
"156","65","66","3","00:12:26","500","94","1","13325"
"21","78","97","3","00:12:26","100","49","0","13326"
"23","58","115","3","00:13:36","100","49","1","13327"
"39","206","214","3","00:12:26","203","227","1","13328"
"30","13","11","3","00:13:37","457","206","0","13329"
"57","30","152","3","00:12:27","100","206","1","13330"
"23","212","169","3","00:13:37","100","206","1","13331"
"76","58","222","3","00:12:27","100","206","1","13332"
"30","205","146","3","00:13:38","100","206","0","13335"
"76","142","72","3","00:12:28","457","49","1","13336"
"30","1","228","3","00:13:38","143","251","0","13337"
"97","30","119","3","00:12:28","100","49","0","13338"
"224","76","108","3","00:13:39","100","49","1","13339"
"23","34","124","3","00:12:28","300","150","1","13340"
"30","78","121","3","00:13:39","100","206","0","13341"
"30","97","156","3","00:12:28","457","206","1","13342"
"101","45","212","3","00:13:39","300","150","1","13343"
"30","101","260","3","00:13:39","300","150","0","13345"
"30","75","166","3","00:12:29","457","49","1","13348"
"146","195","102","3","00:13:40","457","206","1","13349"
"227","31","161","3","00:13:40","143","94","0","13351"
"75","78","118","3","00:12:30","353","227","0","13352"
"78","75","184","3","00:12:30","143","251","1","13354"
"116","231","110","3","00:13:41","100","49","0","13355"
"4","195","206","3","00:12:30","457","49","1","13356"
"34","30","221","3","00:12:30","500","94","0","13357"
"30","23","33","3","00:12:31","457","206","1","13358"
"97","57","115","3","00:12:31","457","49","0","13359"
"76","195","196","3","00:12:31","100","49","1","13360"
"21","183","230","3","00:12:31","457","206","1","13361"
"4","76","224","3","00:13:41","100","206","1","13363"
"75","23","86","3","00:13:42","353","27","1","13365"
"53","1","19","3","00:12:32","100","49","0","13366"
"98","78","180","3","00:13:42","353","227","0","13367"
"21","89","203","3","00:13:42","300","150","1","13368"
"31","244","267","3","00:12:32","457","49","0","13369"
"30","97","228","3","00:13:42","143","251","0","13370"
"138","227","266","3","00:13:42","300","150","0","13372"
"58","91","59","3","00:12:33","353","227","1","13375"
"65","49","118","3","00:13:43","100","49","1","13376"
"31","1","121","3","00:12:33","100","49","0","13377"
"89","30","174","3","00:13:43","300","150","1","13378"
"189","13","123","3","00:12:33","457","206","1","13379"
"78","231","157","3","00:12:33","457","49","0","13381"
"58","42","26","3","00:13:44","300","150","1","13382"
"25","57","208","3","00:12:33","300","150","1","13383"
"73","15","218","3","00:12:33","100","206","1","13385"
"21","39","175","3","00:13:45","100","49","0","13386"
"210","97","195","3","00:13:45","203","227","1","13388"
"76","34","36","3","00:12:34","300","150","0","13389"
"97","65","8","3","00:13:46","500","94","0","13390"
"21","1","50","3","00:12:34","100","206","1","13391"
"115","86","12","3","00:13:46","143","251","1","13392"
"34","42","236","3","00:12:34","500","251","1","13393"
"30","34","13","3","00:13:46","300","150","0","13394"
"39","105","43","3","00:13:46","100","206","1","13396"
"30","142","49","3","00:12:35","457","206","1","13397"
"4","98","62","3","00:13:46","100","49","1","13398"
"142","101","54","3","00:12:35","457","49","1","13399"
"34","57","71","3","00:13:47","100","49","0","13400"
"88","76","108","3","00:13:47","353","27","0","13401"
"31","1","190","3","00:12:35","100","206","1","13402"
"45","78","143","3","00:13:47","300","150","1","13403"
"31","58","37","3","00:12:36","457","49","1","13404"
"23","42","186","3","00:12:36","457","206","0","13405"
"39","57","176","3","00:13:47","300","150","0","13406"
"190","224","252","3","00:12:36","203","27","0","13407"
"75","23","196","3","00:13:47","300","150","1","13408"
"23","78","96","3","00:12:37","100","206","0","13409"
"89","224","211","3","00:13:47","300","150","1","13410"
"75","78","118","3","00:12:37","457","206","0","13411"
"86","23","142","3","00:12:37","457","49","1","13413"
"21","109","97","3","00:13:48","100","49","1","13414"
"78","42","213","3","00:12:37","353","27","0","13415"
"227","88","120","3","00:13:48","143","251","1","13416"
"57","15","237","3","00:12:37","100","49","0","13417"
"1","142","34","3","00:13:49","300","150","1","13418"
"31","75","17","3","00:12:38","100","49","1","13419"
"195","212","100","3","00:13:49","457","206","1","13420"
"227","191","102","3","00:12:38","457","49","1","13421"
"190","39","119","3","00:13:49","100","206","1","13422"
"34","75","128","3","00:12:38","500","94","1","13423"
"31","76","154","3","00:13:49","457","206","1","13424"
"35","212","150","3","00:12:38","500","94","0","13425"
"30","75","67","3","00:13:50","457","49","0","13426"
"31","57","199","3","00:12:38","457","206","0","13427"
"245","114","242","3","00:12:38","300","150","1","13428"
"31","57","254","3","00:12:38","353","227","0","13429"
"76","86","2","3","00:12:39","100","49","1","13430"
"86","88","71","3","00:12:39","203","27","1","13431"
"116","88","103","3","00:12:39","300","150","1","13432"
"23","75","90","3","00:13:50","100","49","1","13433"
"227","27","143","3","00:12:39","143","94","1","13434"
"42","78","148","3","00:13:50","500","94","1","13435"
"30","23","256","3","00:12:39","143","94","0","13436"
"78","101","185","3","00:13:50","203","27","0","13437"
"21","57","132","3","00:12:40","300","150","1","13438"
"42","21","183","3","00:12:40","457","49","0","13440"
"183","101","185","3","00:12:40","203","227","1","13442"
"116","1","38","3","00:13:51","100","49","0","13443"
"42","21","247","3","00:12:40","100","49","1","13444"
"31","76","138","3","00:13:51","457","49","1","13445"
"75","4","72","3","00:13:52","100","49","1","13449"
"4","25","206","3","00:13:52","100","206","0","13451"
"35","109","68","3","00:12:41","397","273","0","13452"
"1","61","213","3","00:13:52","457","49","1","13453"
"183","23","147","3","00:12:41","100","206","1","13454"
"4","76","224","3","00:13:52","100","206","0","13455"
"34","42","236","3","00:12:41","300","150","0","13456"
"269","138","252","3","00:13:52","457","206","1","13457"
"21","76","88","3","00:12:42","457","206","1","13458"
"23","75","203","3","00:12:42","300","150","1","13460"
"30","1","85","3","00:13:53","100","206","0","13461"
"21","13","97","3","00:12:43","100","49","1","13462"
"31","88","106","3","00:13:53","100","206","1","13463"
"1","58","113","3","00:12:43","300","150","0","13464"
"30","88","137","3","00:13:53","457","206","0","13465"
"58","31","62","3","00:12:44","100","49","0","13466"
"205","39","141","3","00:13:53","300","150","0","13467"
"1","58","65","3","00:12:44","457","206","1","13468"
"30","189","149","3","00:13:53","353","227","0","13469"
"189","86","153","3","00:12:44","100","206","1","13470"
"138","78","234","3","00:13:53","247","273","0","13471"
"89","88","226","3","00:12:44","500","251","1","13472"
"115","30","20","3","00:13:54","300","150","0","13473"
"224","1","234","3","00:12:44","300","150","0","13474"
"34","78","24","3","00:13:54","500","94","0","13475"
"125","206","104","3","00:12:45","500","251","0","13480"
"57","23","15","3","00:13:55","100","49","1","13481"
"23","13","123","3","00:12:45","457","49","1","13482"
"15","81","27","3","00:13:55","203","27","0","13483"
"76","21","159","3","00:12:45","300","150","0","13484"
"78","31","99","3","00:13:55","300","150","1","13485"
"78","39","173","3","00:12:45","457","206","1","13486"
"78","57","171","3","00:13:55","457","49","0","13487"
"57","190","244","3","00:12:45","397","73","1","13488"
"23","34","186","3","00:13:55","457","49","1","13489"
"61","31","3","3","00:13:56","353","227","0","13491"
"30","57","49","3","00:12:46","353","27","1","13492"
"78","76","29","3","00:13:56","100","206","1","13493"
"21","1","50","3","00:12:46","203","27","0","13494"
"21","1","50","3","00:13:56","100","206","1","13495"
"1","231","157","3","00:12:46","457","206","0","13496"
"49","116","95","3","00:13:56","203","27","1","13497"
"21","88","233","3","00:12:46","457","206","1","13498"
"78","116","98","3","00:13:56","457","49","0","13499"
"114","244","263","3","00:12:46","247","273","1","13500"
"1","97","147","3","00:13:56","100","206","0","13501"
"4","78","162","3","00:11:34","100","49","0","13503"
"75","35","177","3","00:13:56","100","206","1","13505"
"57","189","219","3","00:11:34","143","94","1","13506"
"27","35","13","3","00:12:48","457","49","0","13507"
"73","23","196","3","00:13:56","300","150","0","13508"
"75","16","14","3","00:12:48","457","49","0","13509"
"316","4","227","3","00:11:34","353","27","1","13510"
"58","23","59","3","00:12:48","353","227","1","13511"
"205","34","240","3","00:13:56","500","251","0","13513"
"21","34","186","3","00:11:35","100","49","1","13514"
"13","23","98","3","00:12:48","457","206","0","13515"
"54","35","26","3","00:13:57","100","49","0","13516"
"81","88","49","3","00:11:36","100","49","0","13517"
"34","75","128","3","00:12:48","397","273","1","13518"
"78","21","98","3","00:13:57","457","49","0","13519"
"31","73","154","3","00:12:48","457","206","1","13520"
"75","16","14","3","00:11:37","457","49","0","13521"
"1","231","139","3","00:13:57","457","206","0","13522"
"209","31","158","3","00:11:37","457","49","0","13523"
"31","224","176","3","00:12:48","457","206","1","13524"
"57","35","155","3","00:13:57","203","27","0","13525"
"88","248","215","3","00:12:48","457","49","1","13526"
"75","23","195","3","00:11:37","353","227","1","13527"
"227","30","161","3","00:13:57","500","94","1","13528"
"248","39","231","3","00:12:48","143","251","1","13529"
"183","75","187","3","00:13:57","457","49","0","13531"
"23","57","28","3","00:12:49","300","150","1","13532"
"30","34","170","3","00:11:39","457","206","0","13533"
"316","58","235","3","00:13:57","100","49","0","13534"
"65","78","25","3","00:11:40","300","150","0","13535"
"1","21","109","3","00:12:49","457","49","0","13536"
"88","78","237","3","00:13:57","100","206","0","13537"
"42","212","150","3","00:12:49","143","94","0","13538"
"78","195","109","3","00:11:40","457","206","1","13539"
"31","1","180","3","00:12:49","300","150","1","13540"
"42","97","117","3","00:11:40","143","251","0","13541"
"31","57","254","3","00:12:49","100","49","0","13543"
"49","97","94","3","00:13:58","457","49","1","13544"
"21","31","6","3","00:12:50","100","49","0","13545"
"30","88","137","3","00:13:58","300","150","0","13546"
"13","42","139","3","00:12:50","457","49","0","13547"
"1","57","171","3","00:13:58","457","49","0","13548"
"21","39","175","3","00:13:58","100","206","1","13550"
"73","31","47","3","00:12:51","100","206","1","13551"
"39","75","138","3","00:11:40","100","49","0","13552"
"39","58","176","3","00:13:58","457","206","1","13553"
"75","39","116","3","00:12:51","300","150","1","13554"
"31","78","180","3","00:11:40","100","49","1","13555"
"34","78","179","3","00:12:51","100","206","0","13556"
"30","4","197","3","00:13:58","457","49","0","13557"
"73","23","241","3","00:11:40","457","49","0","13558"
"58","23","244","3","00:11:40","500","94","1","13560"
"88","78","15","3","00:12:52","100","49","0","13561"
"190","57","233","3","00:13:58","353","27","1","13562"
"78","54","34","3","00:12:52","100","206","1","13563"
"34","15","259","3","00:13:58","500","94","0","13564"
"61","57","264","3","00:11:40","457","49","0","13565"
"31","30","214","3","00:13:59","457","49","1","13566"
"30","109","11","3","00:11:41","203","27","0","13567"
"97","224","132","3","00:14:00","100","49","1","13568"
"57","79","15","3","00:11:41","100","206","0","13569"
"57","21","144","3","00:14:00","457","49","1","13570"
"34","21","130","3","00:11:41","247","273","0","13571"
"89","195","239","3","00:14:00","143","251","1","13572"
"23","57","44","3","00:12:52","100","49","0","13573"
"269","30","265","3","00:14:00","300","150","0","13574"
"75","15","105","3","00:12:52","500","94","1","13575"
"88","39","39","3","00:14:01","457","206","1","13576"
"4","78","162","3","00:11:41","300","150","1","13577"
"227","30","161","3","00:12:53","300","150","1","13578"
"189","73","210","3","00:11:41","100","206","0","13579"
"1","86","184","3","00:12:53","300","150","1","13580"
"78","21","98","3","00:14:01","457","49","0","13581"
"32","34","110","3","00:12:54","100","49","1","13582"
"75","1","52","3","00:11:42","100","206","1","13585"
"31","1","180","3","00:12:54","100","206","0","13586"
"34","31","46","3","00:12:55","500","94","0","13588"
"23","65","88","3","00:11:42","457","206","0","13589"
"189","72","208","3","00:14:02","457","206","1","13590"
"31","21","131","3","00:11:42","457","49","0","13591"
"280","61","243","3","00:12:55","500","94","1","13592"
"4","23","207","3","00:11:42","457","206","1","13593"
"23","88","209","3","00:14:02","457","49","0","13594"
"81","15","11","3","00:12:56","457","49","0","13595"
"205","97","228","3","00:11:42","143","94","1","13596"
"88","78","15","3","00:12:56","100","49","1","13598"
"97","248","220","3","00:11:43","457","206","1","13599"
"76","78","52","3","00:12:56","457","49","0","13600"
"65","75","257","3","00:11:43","353","27","1","13601"
"101","175","162","3","00:12:56","457","206","1","13602"
"78","23","109","3","00:14:03","100","49","0","13603"
"21","224","252","3","00:12:56","300","150","1","13605"
"125","58","72","3","00:11:44","457","206","1","13606"
"205","21","130","3","00:12:57","143","94","0","13607"
"189","1","123","3","00:14:03","100","206","0","13608"
"76","31","174","3","00:12:57","143","251","0","13610"
"89","30","174","3","00:14:03","300","150","1","13611"
"78","101","185","3","00:12:57","100","206","0","13612"
"23","221","181","3","00:11:45","397","73","1","13613"
"57","31","201","3","00:14:03","457","206","1","13614"
"248","88","226","3","00:11:45","500","94","1","13615"
"4","30","214","3","00:14:03","457","49","0","13616"
"244","269","241","3","00:14:03","203","227","1","13618"
"101","88","10","3","00:11:46","100","206","0","13619"
"97","227","107","3","00:11:46","100","49","1","13621"
"45","39","258","3","00:14:03","100","206","0","13622"
"191","34","124","3","00:12:58","100","49","0","13623"
"23","30","20","3","00:11:47","203","227","0","13624"
"27","16","11","3","00:14:04","300","150","0","13625"
"39","224","103","3","00:11:47","300","150","1","13627"
"58","76","18","3","00:14:04","143","251","1","13628"
"4","30","152","3","00:11:47","100","49","1","13629"
"30","23","58","3","00:14:04","203","27","0","13630"
"21","76","203","3","00:11:47","100","206","0","13631"
"65","23","86","3","00:14:04","100","49","0","13632"
"101","30","201","3","00:11:48","203","227","1","13633"
"49","30","89","3","00:14:04","100","206","1","13634"
"248","88","226","3","00:11:48","500","94","0","13635"
"78","31","99","3","00:14:04","143","251","0","13636"
"88","21","244","3","00:14:04","500","94","1","13637"
"16","35","139","3","00:14:05","457","49","0","13640"
"57","21","59","3","00:14:06","100","206","0","13642"
"86","58","71","3","00:14:06","100","49","0","13643"
"89","227","177","3","00:14:06","300","150","0","13644"
"183","116","173","3","00:14:07","100","206","1","13645"
"21","210","204","3","00:14:07","100","206","0","13646"
"61","88","264","3","00:14:07","457","49","0","13647"
"57","31","62","3","00:14:08","203","27","1","13648"
"15","31","99","3","00:14:08","300","150","1","13649"
"1","76","57","3","00:14:17","457","206","0","13650"
"125","142","72","3","00:14:17","300","150","0","13652"
"156","116","33","3","00:14:09","100","206","1","13653"
"32","4","197","3","00:14:09","457","49","0","13654"
"1","31","173","3","00:14:17","353","227","0","13655"
"1","227","220","3","00:14:17","353","27","1","13657"
"89","21","142","3","00:14:10","300","150","1","13658"
"248","220","226","3","00:14:17","300","150","1","13659"
"57","115","249","3","00:14:17","457","49","0","13660"
"57","21","59","3","00:14:18","100","49","1","13661"
"1","88","251","3","00:14:18","353","227","1","13662"
"313","75","257","3","00:14:18","457","49","0","13663"
"15","35","16","3","00:14:19","300","150","0","13664"
"15","57","34","3","00:14:19","100","206","1","13665"
"98","35","60","3","00:14:19","353","227","0","13666"
"116","231","146","3","00:14:19","353","227","1","13667"
"224","195","216","3","00:14:19","397","73","1","13668"
"23","30","20","3","00:14:20","100","49","1","13669"
"25","75","40","3","00:14:20","100","206","0","13670"
"76","1","118","3","00:14:20","300","150","0","13671"
"21","78","126","3","00:14:20","100","206","0","13672"
"89","21","142","3","00:14:20","457","49","0","13673"
"227","57","165","3","00:14:20","500","251","1","13674"
"42","76","238","3","00:14:21","100","206","0","13675"
"57","30","3","3","00:14:22","300","150","0","13676"
"73","88","10","3","00:14:22","100","49","1","13677"
"31","100","67","3","00:14:22","457","206","0","13678"
"31","65","166","3","00:14:22","100","206","1","13679"
"269","280","265","3","00:14:22","457","49","1","13680"
"109","23","23","3","00:14:23","457","49","0","13681"
"34","23","73","3","00:14:23","300","150","1","13682"
"89","78","105","3","00:14:23","397","273","0","13683"
"34","66","114","3","00:14:23","143","94","1","13684"
"42","57","120","3","00:14:23","247","273","0","13685"
"31","75","138","3","00:14:23","300","150","1","13686"
"75","88","140","3","00:14:23","457","49","1","13687"
"86","157","158","3","00:14:23","100","49","1","13688"
"57","21","160","3","00:14:23","353","227","0","13689"
"97","31","168","3","00:14:23","457","49","1","13690"
"34","21","183","3","00:14:23","457","206","0","13691"
"34","1","234","3","00:14:23","143","251","1","13692"
"224","78","259","3","00:14:23","500","94","1","13693"
"1","35","112","3","00:14:24","457","49","0","13694"
"21","57","132","3","00:14:24","100","206","0","13695"
"183","205","139","3","00:14:24","100","49","0","13696"
"286","15","237","3","00:14:24","457","49","0","13697"
"138","313","261","3","00:14:24","500","94","0","13698"
"65","78","45","3","00:14:25","300","150","0","13699"
"23","109","50","3","00:14:25","100","206","1","13700"
"86","125","61","3","00:14:25","457","49","1","13701"
"1","57","65","3","00:14:25","100","49","1","13702"
"31","1","87","3","00:14:25","100","49","0","13703"
"23","205","107","3","00:14:25","457","206","0","13704"
"224","195","216","3","00:14:25","500","251","0","13705"
"183","204","269","3","00:14:25","300","150","0","13706"
"75","23","86","3","00:14:26","457","49","0","13707"
"58","248","215","3","00:14:26","100","49","1","13708"
"89","76","263","3","00:14:26","143","251","1","13709"
"13","35","16","3","00:14:27","100","49","1","13710"
"13","31","89","3","00:14:27","457","49","0","13711"
"39","97","149","3","00:14:27","300","150","0","13712"
"57","78","151","3","00:14:27","300","150","1","13713"
"34","1","234","3","00:14:27","143","251","1","13714"
"205","31","243","3","00:14:27","500","94","1","13715"
"88","101","41","3","00:14:28","457","49","1","13719"
"31","42","60","3","00:14:28","100","206","1","13720"
"42","23","130","3","00:14:28","143","94","0","13721"
"30","57","199","3","00:14:28","457","49","1","13722"
"189","76","210","3","00:14:28","300","150","1","13723"
"78","138","250","3","00:14:28","300","150","0","13724"
"34","313","261","3","00:14:28","500","94","1","13725"
"21","227","124","3","00:14:29","100","49","0","13728"
"88","39","172","3","00:14:29","143","94","0","13729"
"205","39","258","3","00:14:29","100","49","1","13730"
"21","1","70","3","00:14:30","457","206","0","13731"
"57","34","167","3","00:14:30","300","150","0","13732"
"115","78","38","3","00:14:31","353","27","1","13733"
"42","1","56","3","00:14:31","203","227","0","13734"
"227","31","231","3","00:14:31","300","150","0","13735"
"205","58","260","3","00:14:31","300","150","0","13736"
"35","73","5","3","00:14:32","300","150","1","13737"
"42","27","9","3","00:14:32","500","94","1","13738"
"98","21","58","3","00:14:32","300","150","0","13739"
"39","125","61","3","00:14:32","457","49","1","13740"
"224","15","259","3","00:14:32","500","94","1","13741"
"89","21","142","3","00:14:33","353","27","0","13743"
"88","97","191","3","00:14:33","203","227","0","13744"
"224","191","216","3","00:14:33","500","94","0","13745"
"21","81","55","3","00:14:34","100","49","1","13746"
"34","192","102","3","00:14:35","100","206","1","13749"
"34","42","236","3","00:14:35","500","94","0","13750"
"13","205","139","3","00:14:36","300","150","1","13751"
"1","76","187","3","00:14:36","300","150","0","13752"
"57","23","31","3","00:14:37","100","206","1","13753"
"142","86","39","3","00:14:37","457","49","1","13754"
"23","76","136","3","00:14:37","100","206","1","13755"
"57","31","188","3","00:14:37","457","206","1","13756"
"1","156","27","3","00:14:38","203","227","1","13758"
"34","42","236","3","00:14:38","500","94","0","13759"
"31","65","166","3","00:14:39","100","206","1","13761"
"75","39","174","3","00:14:39","397","273","0","13762"
"1","23","23","3","00:14:40","100","49","1","13763"
"4","76","129","3","00:14:40","203","227","0","13764"
"189","114","168","3","00:14:40","300","150","1","13765"
"1","89","246","3","00:14:40","203","27","1","13766"
"183","30","269","3","00:14:40","300","150","1","13767"
"81","101","66","3","00:14:41","143","251","0","13768"
"1","31","182","3","00:14:41","500","94","1","13769"
"61","65","267","3","00:14:41","100","49","1","13770"
"86","72","61","3","00:14:42","457","206","1","13772"
"78","34","157","3","00:14:42","353","227","1","13773"
"21","78","50","3","00:14:43","300","150","0","13774"
"31","183","180","3","00:14:43","457","206","1","13775"
"101","39","2","3","00:14:44","100","206","1","13777"
"57","30","3","3","00:14:44","100","49","0","13778"
"57","76","41","3","00:14:44","203","27","0","13779"
"142","91","59","3","00:14:44","100","206","0","13780"
"183","31","163","3","00:14:44","100","49","0","13781"
"76","34","177","3","00:14:44","457","206","1","13782"
"217","23","207","3","00:14:44","457","206","0","13783"
"227","21","239","3","00:14:44","247","73","0","13784"
"23","109","97","3","00:14:45","100","206","0","13785"
"73","15","218","3","00:14:45","100","206","0","13786"
"58","89","249","3","00:14:45","457","49","1","13787"
"88","156","62","3","00:14:46","203","227","1","13790"
"42","57","165","3","00:14:46","143","251","1","13791"
"57","224","268","3","00:14:46","300","150","1","13792"
"15","280","269","3","00:14:46","100","49","1","13793"
"89","21","111","3","00:14:47","300","150","0","13794"
"34","76","261","3","00:14:47","143","251","1","13795"
"21","1","70","3","00:14:48","457","49","0","13797"
"88","190","219","3","00:14:48","300","150","0","13798"
"195","88","233","3","00:14:48","203","27","1","13799"
"30","61","243","3","00:14:48","500","94","0","13800"
"227","31","231","3","00:14:49","247","273","0","13801"
"31","78","42","3","00:14:50","457","206","1","13804"
"183","76","133","3","00:14:50","300","150","0","13805"
"204","1","143","3","00:14:50","143","251","0","13806"
"31","183","180","3","00:14:50","457","206","1","13807"
"1","76","187","3","00:14:50","457","206","0","13808"
"4","248","253","3","00:14:50","353","27","1","13809"
"76","97","63","3","00:14:51","100","49","1","13810"
"34","23","183","3","00:14:51","457","206","0","13811"
"42","21","24","3","00:14:52","500","251","0","13812"
"142","78","69","3","00:14:52","100","206","0","13813"
"21","78","134","3","00:14:52","100","206","1","13814"
"183","195","147","3","00:14:52","457","49","0","13815"
"31","73","154","3","00:14:52","100","206","0","13816"
"183","31","163","3","00:14:52","100","49","1","13817"
"57","189","206","3","00:14:52","457","49","1","13818"
"31","58","254","3","00:14:52","100","206","1","13819"
"23","76","153","3","00:14:53","100","206","0","13820"
"23","157","175","3","00:14:53","457","206","1","13821"
"1","31","182","3","00:14:53","500","94","0","13822"
"89","76","263","3","00:14:53","143","251","0","13823"
"58","34","26","3","00:14:54","300","150","1","13824"
"23","31","119","3","00:14:54","100","206","1","13825"
"57","76","129","3","00:14:54","100","206","0","13826"
"224","35","135","3","00:14:54","457","49","1","13827"
"31","76","154","3","00:14:54","100","206","1","13828"
"183","42","157","3","00:14:54","300","150","0","13829"
"78","88","65","3","00:14:55","100","206","1","13831"
"76","191","159","3","00:14:55","457","49","1","13832"
"31","4","176","3","00:14:55","100","49","0","13833"
"30","61","258","3","00:14:55","100","206","1","13834"
"128","4","72","3","00:14:56","457","206","1","13835"
"98","78","85","3","00:14:56","457","49","0","13836"
"224","15","234","3","00:14:56","300","150","0","13837"
"280","89","217","3","00:14:57","500","251","1","13838"
"191","34","252","3","00:14:57","100","49","0","13839"
"142","101","54","3","00:14:58","300","150","0","13840"
"21","42","186","3","00:14:58","100","206","0","13841"
"4","31","201","3","00:14:58","300","150","1","13842"
"97","30","6","3","00:14:59","100","206","1","13843"
"23","1","38","3","00:14:59","457","49","1","13844"
"23","31","119","3","00:14:59","100","206","0","13845"
"42","23","183","3","00:14:59","457","49","1","13846"
"98","88","197","3","00:14:59","100","49","1","13847"
"105","76","40","3","00:15:00","300","150","1","13848"
"15","23","4","3","00:15:01","203","227","1","13849"
"42","114","43","3","00:15:01","300","150","1","13850"
"58","89","178","3","00:15:01","143","94","1","13851"
"42","78","179","3","00:15:01","457","49","1","13852"
"42","204","214","3","00:15:01","457","49","1","13853"
"75","15","118","3","00:15:02","100","49","1","13855"
"42","4","165","3","00:15:02","143","94","1","13856"
"23","75","88","3","00:15:04","457","49","1","13860"
"78","23","95","3","00:15:04","100","206","0","13861"
"78","97","98","3","00:15:04","457","49","1","13862"
"75","30","116","3","00:15:04","100","49","0","13863"
"31","21","156","3","00:15:04","100","49","0","13864"
"89","205","223","3","00:15:04","143","251","1","13865"
"78","34","250","3","00:15:04","457","49","1","13866"
"58","35","26","3","00:15:05","100","49","1","13868"
"97","1","123","3","00:15:05","100","206","1","13869"
"35","89","150","3","00:15:05","500","94","0","13870"
"30","1","180","3","00:15:05","457","49","0","13871"
"23","4","208","3","00:15:05","300","150","0","13872"
"58","183","237","3","00:15:05","100","206","0","13873"
"227","21","239","3","00:15:05","143","94","0","13874"
"65","1","52","3","00:15:06","353","227","1","13875"
"1","116","99","3","00:15:06","500","94","1","13876"
"195","4","115","3","00:15:06","300","150","1","13877"
"57","31","152","3","00:15:06","100","49","0","13878"
"23","280","265","3","00:15:06","100","206","0","13879"
"39","37","146","3","00:15:07","457","206","1","13881"
"65","109","14","3","00:15:08","100","49","1","13884"
"81","21","58","3","00:15:08","457","206","0","13885"
"4","42","167","3","00:15:08","100","206","1","13886"
"57","35","26","3","00:15:09","100","49","1","13887"
"58","78","127","3","00:15:09","247","273","1","13888"
"227","76","128","3","00:15:09","143","94","1","13889"
"1","30","173","3","00:15:09","457","49","0","13890"
"97","1","126","3","00:15:10","100","49","0","13891"
"76","23","196","3","00:15:10","100","49","0","13892"
"49","58","229","3","00:15:10","500","251","0","13893"
"31","21","131","3","00:15:12","457","49","0","13894"
"31","88","37","3","00:15:13","100","49","1","13895"
"142","101","54","3","00:15:13","100","206","0","13896"
"39","1","121","3","00:15:13","100","206","0","13897"
"31","42","13","3","00:15:14","100","49","0","13898"
"21","31","20","3","00:15:14","100","49","0","13899"
"1","116","99","3","00:15:14","500","94","1","13900"
"227","1","143","3","00:15:14","300","150","0","13901"
"35","89","150","3","00:15:14","397","273","1","13902"
"23","57","209","3","00:15:14","100","49","1","13903"
"39","78","56","3","00:15:15","300","150","0","13904"
"75","57","122","3","00:15:15","100","49","0","13905"
"89","23","159","3","00:15:15","100","206","1","13906"
"30","89","166","3","00:15:15","300","150","0","13907"
"30","224","240","3","00:15:15","457","206","1","13908"
"30","75","67","3","00:15:16","457","206","1","13910"
"31","4","106","3","00:15:16","457","206","1","13911"
"21","39","175","3","00:15:16","100","49","1","13912"
"313","34","245","3","00:15:16","457","49","0","13913"
"42","75","128","3","00:15:17","143","94","1","13914"
"227","183","143","3","00:15:17","143","94","0","13915"
"21","31","168","3","00:15:17","457","49","0","13916"
"285","15","228","3","00:15:17","143","251","1","13917"
"42","97","183","3","00:15:18","203","227","0","13918"
"78","30","173","3","00:15:19","353","227","1","13920"
"76","101","222","3","00:15:19","100","49","1","13921"
"88","78","15","3","00:15:20","100","49","0","13924"
"65","31","30","3","00:15:21","300","150","1","13925"
"76","1","118","3","00:15:21","457","49","1","13926"
"30","31","258","3","00:15:21","457","206","0","13927"
"76","23","86","3","00:15:22","457","206","0","13929"
"75","23","195","3","00:15:22","100","206","1","13930"
"31","4","199","3","00:15:22","457","49","1","13931"
"73","88","235","3","00:15:22","100","49","0","13932"
"201","65","267","3","00:15:22","100","206","0","13933"
"78","23","95","3","00:15:23","100","206","0","13934"
"25","4","208","3","00:15:23","100","49","1","13935"
"58","116","59","3","00:15:24","457","206","1","13937"
"138","49","87","3","00:15:24","100","206","1","13938"
"76","34","104","3","00:15:24","143","94","0","13939"
"34","61","236","3","00:15:24","500","94","0","13940"
"220","313","263","3","00:15:24","300","150","0","13941"
"75","15","14","3","00:15:25","100","206","1","13942"
"65","78","25","3","00:15:25","100","49","0","13943"
"57","35","26","3","00:15:25","300","150","1","13944"
"30","57","37","3","00:15:25","300","150","0","13945"
"42","31","161","3","00:15:25","143","251","0","13946"
"30","1","180","3","00:15:25","457","49","0","13947"
"34","30","221","3","00:15:25","500","251","1","13948"
"35","220","120","3","00:15:26","500","251","1","13950"
"21","204","124","3","00:15:26","100","206","0","13951"
"42","98","141","3","00:15:26","143","251","0","13952"
"201","88","199","3","00:15:26","300","150","0","13953"
"280","36","240","3","00:15:26","500","94","1","13954"
"30","23","256","3","00:15:26","143","251","1","13955"
"75","30","30","3","00:15:27","100","206","0","13956"
"35","142","71","3","00:15:27","457","206","0","13957"
"31","1","190","3","00:15:27","100","206","1","13958"
"31","21","247","3","00:15:27","100","206","1","13959"
"57","75","129","3","00:15:28","203","227","1","13961"
"16","75","29","3","00:15:29","100","49","0","13962"
"30","78","85","3","00:15:29","100","206","1","13963"
"30","227","217","3","00:15:29","143","94","1","13964"
"76","78","45","3","00:15:30","100","49","1","13967"
"30","57","137","3","00:15:30","203","27","0","13968"
"89","34","189","3","00:15:30","100","206","1","13969"
"142","115","31","3","00:15:31","457","206","0","13970"
"1","30","163","3","00:15:31","457","206","1","13971"
"21","30","20","3","00:15:32","100","49","1","13972"
"109","31","27","3","00:15:32","100","206","0","13973"
"231","76","114","3","00:15:32","143","94","1","13974"
"78","224","171","3","00:15:32","457","49","0","13975"
"25","75","203","3","00:15:32","100","49","1","13976"
"190","224","252","3","00:15:32","457","206","1","13977"
"34","97","259","3","00:15:32","500","251","0","13978"
"23","214","100","3","00:15:33","100","206","0","13979"
"76","58","222","3","00:15:33","100","206","0","13980"
"16","21","225","3","00:15:34","100","206","0","13982"
"75","34","36","3","00:15:35","143","94","1","13983"
"58","35","155","3","00:15:36","203","27","0","13986"
"30","57","197","3","00:15:36","457","206","0","13987"
"23","78","50","3","00:15:37","457","49","1","13988"
"23","78","96","3","00:15:37","457","49","1","13989"
"34","23","216","3","00:15:37","397","273","1","13990"
"58","34","26","3","00:15:38","300","150","1","13992"
"98","1","42","3","00:15:38","100","49","1","13993"
"217","30","212","3","00:15:38","457","49","0","13994"
"142","23","59","3","00:15:39","300","150","1","13995"
"195","42","107","3","00:15:39","203","227","1","13996"
"42","1","148","3","00:15:39","143","94","0","13997"
"76","31","174","3","00:15:39","500","251","0","13998"
"31","280","214","3","00:15:39","457","49","1","13999"
"21","88","233","3","00:15:39","100","206","0","14000"
"73","138","245","3","00:15:39","300","150","1","14001"
"21","30","20","3","00:15:40","203","27","0","14002"
"34","86","150","3","00:15:40","143","251","0","14003"
"30","23","256","3","00:15:40","143","251","1","14004"
"1","21","4","3","00:15:41","100","49","1","14005"
"156","42","60","3","00:15:41","300","150","0","14006"
"76","88","72","3","00:15:41","100","49","0","14007"
"224","1","151","3","00:15:41","203","227","0","14008"
"89","42","189","3","00:15:41","100","206","0","14009"
"30","57","197","3","00:15:41","457","206","1","14010"
"21","30","20","3","00:15:42","203","27","1","14011"
"34","31","35","3","00:15:42","100","206","0","14012"
"101","76","178","3","00:15:43","143","251","1","14014"
"34","58","229","3","00:15:43","300","150","0","14015"
"280","39","243","3","00:15:43","143","251","1","14016"
"39","34","110","3","00:15:44","353","27","0","14018"
"75","31","116","3","00:15:44","457","206","1","14019"
"30","224","176","3","00:15:44","100","49","1","14020"
"105","167","38","3","00:15:45","100","206","1","14021"
"76","57","140","3","00:15:45","457","206","0","14022"
"231","78","143","3","00:15:45","300","150","0","14023"
"31","227","253","3","00:15:45","457","206","1","14024"
"78","65","255","3","00:15:45","203","227","0","14025"
"30","75","66","3","00:15:46","500","94","1","14026"
"34","4","125","3","00:15:46","143","251","1","14027"
"58","42","167","3","00:15:46","100","49","1","14028"
"39","244","224","3","00:15:46","353","227","1","14029"
"23","34","107","3","00:15:47","300","150","1","14031"
"34","23","117","3","00:15:47","457","49","0","14032"
"212","42","164","3","00:15:47","457","206","0","14033"
"30","78","85","3","00:15:48","100","206","1","14034"
"191","73","210","3","00:15:48","457","49","0","14035"
"73","42","2","3","00:15:49","100","206","0","14036"
"34","81","46","3","00:15:49","397","73","1","14037"
"42","75","61","3","00:15:49","100","206","1","14038"
"97","183","126","3","00:15:49","457","49","1","14039"
"105","15","38","3","00:15:50","100","206","1","14040"
"30","227","217","3","00:15:50","500","251","1","14041"
"39","58","103","3","00:15:51","457","206","1","14042"
"1","75","184","3","00:15:51","500","94","1","14043"
"88","31","201","3","00:15:51","300","150","0","14044"
"109","78","23","3","00:15:52","353","27","1","14045"
"75","17","105","3","00:15:52","247","273","0","14046"
"224","97","144","3","00:15:52","457","206","0","14047"
"280","21","256","3","00:15:52","143","251","1","14048"
"76","81","30","3","00:15:53","300","150","0","14050"
"86","97","43","3","00:15:53","100","49","1","14051"
"78","23","147","3","00:15:53","100","49","0","14052"
"4","280","214","3","00:15:53","457","206","0","14053"
"34","23","216","3","00:15:53","500","94","0","14054"
"88","35","39","3","00:15:54","300","150","1","14057"
"227","66","263","3","00:15:54","500","251","1","14058"
"191","39","119","3","00:15:55","457","206","1","14060"
"30","88","106","3","00:15:56","457","49","1","14061"
"224","138","152","3","00:15:56","457","206","0","14062"
"231","116","161","3","00:15:56","247","273","1","14063"
"78","31","182","3","00:15:56","500","94","0","14064"
"58","39","188","3","00:15:56","100","49","1","14065"
"23","57","208","3","00:15:56","100","206","0","14066"
"1","34","32","3","00:15:57","457","49","0","14067"
"39","97","73","3","00:15:57","457","49","1","14068"
"39","231","110","3","00:15:57","203","227","1","14069"
"30","75","138","3","00:15:57","457","49","0","14070"
"42","31","9","3","00:15:58","143","94","1","14071"
"34","78","24","3","00:15:58","143","94","1","14072"
"34","76","128","3","00:15:58","143","251","1","14073"
"224","97","160","3","00:15:58","300","150","0","14074"
"78","212","187","3","00:15:58","457","49","1","14075"
"21","78","97","3","00:15:59","100","206","1","14076"
"75","15","118","3","00:15:59","457","206","1","14077"
"23","13","123","3","00:15:59","300","150","0","14078"
"23","57","181","3","00:15:59","500","94","0","14079"
"72","245","212","3","00:15:59","353","227","0","14080"
"34","75","266","3","00:15:59","143","251","1","14081"
"88","101","41","3","00:16:00","457","206","1","14083"
"23","75","90","3","00:16:00","100","49","1","14084"
"75","31","116","3","00:16:00","457","49","0","14085"
"30","21","131","3","00:16:00","457","49","1","14086"
"89","116","158","3","00:16:00","300","150","1","14087"
"73","57","222","3","00:16:00","457","49","1","14088"
"1","30","64","3","00:16:01","100","206","0","14090"
"97","57","115","3","00:16:01","457","206","0","14091"
"201","57","199","3","00:16:01","457","49","0","14092"
"34","30","221","3","00:16:01","300","150","0","14093"
"76","21","25","3","00:16:02","457","49","0","14095"
"42","75","61","3","00:16:02","100","206","1","14096"
"89","30","174","3","00:16:02","300","150","0","14097"
"57","227","249","3","00:16:02","203","227","0","14098"
"1","205","112","3","00:16:03","457","206","0","14099"
"4","49","127","3","00:16:03","143","94","0","14100"
"138","78","234","3","00:16:03","300","150","1","14101"
"30","115","242","3","00:16:03","500","251","0","14102"
"61","23","247","3","00:16:03","457","206","1","14103"
"316","75","257","3","00:16:03","100","49","0","14104"
"57","75","54","3","00:16:05","100","206","0","14105"
"57","30","62","3","00:16:05","100","206","1","14106"
"191","39","119","3","00:16:05","100","49","0","14107"
"4","244","224","3","00:16:05","100","206","0","14108"
"57","42","26","3","00:16:06","457","206","0","14109"
"21","138","252","3","00:16:06","300","150","0","14110"
"23","78","126","3","00:16:07","457","49","1","14111"
"231","30","141","3","00:16:07","500","251","1","14112"
"31","15","11","3","00:16:08","457","49","0","14113"
"97","125","100","3","00:16:08","353","227","1","14114"
"39","88","103","3","00:16:08","300","150","1","14115"
"224","34","135","3","00:16:08","100","49","1","14116"
"31","58","137","3","00:16:08","300","150","1","14117"
"97","227","246","3","00:16:08","457","206","1","14118"
"23","30","6","3","00:16:09","457","206","0","14120"
"30","34","60","3","00:16:09","457","49","0","14121"
"89","183","145","3","00:16:10","500","94","1","14122"
"88","39","188","3","00:16:10","100","206","1","14123"
"31","57","197","3","00:16:10","100","206","1","14124"
"88","65","41","3","00:16:11","457","206","1","14126"
"31","34","60","3","00:16:11","457","49","0","14127"
"21","16","96","3","00:16:11","300","150","0","14128"
"227","89","114","3","00:16:11","247","73","1","14129"
"280","4","258","3","00:16:11","457","49","1","14130"
"224","1","162","3","00:16:12","100","206","1","14132"
"42","183","179","3","00:16:12","457","206","0","14133"
"101","23","206","3","00:16:12","300","150","0","14134"
"61","23","247","3","00:16:12","203","227","0","14135"
"21","75","136","3","00:16:13","100","49","0","14136"
"21","58","233","3","00:16:13","457","206","0","14137"
"217","195","244","3","00:16:13","143","94","0","14138"
"16","57","65","3","00:16:14","100","49","1","14140"
"69","1","14","3","00:16:15","353","27","1","14141"
"89","23","142","3","00:16:15","100","206","1","14142"
"78","4","185","3","00:16:15","457","206","1","14143"
"205","42","243","3","00:16:15","500","251","1","14144"
"15","73","255","3","00:16:15","457","49","0","14145"
"23","30","20","3","00:16:16","100","206","1","14148"
"42","30","35","3","00:16:16","100","49","1","14149"
"61","21","59","3","00:16:16","457","206","0","14150"
"65","21","86","3","00:16:16","100","49","1","14151"
"31","23","131","3","00:16:16","300","150","1","14152"
"116","57","137","3","00:16:16","300","150","0","14153"
"231","31","161","3","00:16:16","500","94","0","14154"
"13","168","89","3","00:16:17","300","150","1","14155"
"191","31","119","3","00:16:17","457","49","1","14156"
"30","23","149","3","00:16:17","100","206","1","14157"
"57","115","160","3","00:16:17","100","206","1","14158"
"98","183","190","3","00:16:17","203","27","0","14159"
"31","58","264","3","00:16:17","100","206","0","14160"
"34","75","128","3","00:16:18","500","94","0","14161"
"23","227","186","3","00:16:18","457","206","0","14162"
"15","23","4","3","00:16:19","100","206","1","14163"
"76","31","47","3","00:16:19","203","27","0","14164"
"23","1","70","3","00:16:19","100","49","0","14165"
"116","227","110","3","00:16:19","203","27","1","14166"
"57","34","155","3","00:16:19","457","49","1","14167"
"73","23","196","3","00:16:19","203","227","0","14168"
"138","65","261","3","00:16:19","143","251","1","14169"
"57","21","160","3","00:16:20","100","206","1","14171"
"31","76","166","3","00:16:20","457","49","1","14172"
"227","58","226","3","00:16:20","500","251","1","14173"
"57","75","54","3","00:16:21","300","150","1","14174"
"98","1","85","3","00:16:21","457","206","0","14175"
"206","21","130","3","00:16:21","143","251","1","14176"
"34","97","43","3","00:16:22","100","206","1","14177"
"34","21","216","3","00:16:23","247","273","1","14178"
"201","89","253","3","00:16:23","100","49","0","14179"
"57","183","151","3","00:16:24","300","150","1","14181"
"73","31","227","3","00:16:24","100","49","0","14182"
"23","88","28","3","00:16:26","143","251","1","14183"
"75","23","63","3","00:16:26","457","49","1","14184"
"183","75","184","3","00:16:26","300","150","0","14185"
"1","57","185","3","00:16:26","300","150","0","14186"
"31","89","138","3","00:16:27","300","150","1","14188"
"42","23","43","3","00:16:28","100","49","1","14189"
"78","34","48","3","00:16:28","100","206","0","14190"
"1","30","64","3","00:16:28","457","49","0","14191"
"76","23","111","3","00:16:28","457","206","0","14192"
"30","23","149","3","00:16:28","100","206","1","14193"
"31","4","197","3","00:16:28","203","27","0","14194"
"58","227","215","3","00:16:28","353","27","1","14195"
"245","4","258","3","00:16:28","100","49","1","14196"
"23","78","97","3","00:16:29","100","206","0","14198"
"57","78","127","3","00:16:29","143","251","1","14199"
"31","206","214","3","00:16:29","457","206","1","14200"
"31","34","60","3","00:16:30","457","206","0","14201"
"39","57","137","3","00:16:30","457","206","0","14202"
"183","30","182","3","00:16:30","143","251","0","14203"
"23","30","6","3","00:16:31","457","49","1","14204"
"13","97","94","3","00:16:31","100","49","1","14205"
"227","58","226","3","00:16:31","500","251","1","14206"
"1","58","251","3","00:16:32","100","49","0","14207"
"35","27","9","3","00:16:33","397","273","0","14209"
"58","97","15","3","00:16:33","457","206","0","14210"
"58","86","26","3","00:16:33","300","150","0","14211"
"58","195","144","3","00:16:33","100","49","0","14212"
"34","205","221","3","00:16:33","247","73","1","14213"
"183","34","250","3","00:16:33","457","49","0","14214"
"75","23","63","3","00:16:34","457","49","1","14215"
"78","81","99","3","00:16:34","143","94","1","14216"
"161","73","178","3","00:16:34","500","94","0","14217"
"27","76","17","3","00:16:35","100","206","1","14219"
"23","75","40","3","00:16:35","457","49","0","14220"
"57","21","59","3","00:16:35","457","206","1","14221"
"4","142","65","3","00:16:35","353","27","1","14222"
"75","21","86","3","00:16:35","100","206","1","14223"
"97","125","100","3","00:16:35","100","49","1","14224"
"224","49","101","3","00:16:35","300","150","1","14225"
"58","31","152","3","00:16:35","457","49","0","14226"
"23","157","175","3","00:16:35","100","206","0","14227"
"34","142","53","3","00:16:36","500","94","0","14228"
"23","1","70","3","00:16:36","457","49","0","14229"
"86","21","142","3","00:16:36","100","206","0","14230"
"67","39","174","3","00:16:36","143","94","1","14231"
"149","23","73","3","00:16:37","100","206","1","14233"
"227","73","128","3","00:16:37","143","94","0","14234"
"97","57","132","3","00:16:37","457","49","1","14235"
"53","78","151","3","00:16:37","457","49","0","14236"
"31","109","11","3","00:16:38","100","206","1","14238"
"31","4","42","3","00:16:38","100","49","0","14239"
"149","58","71","3","00:16:38","100","49","0","14240"
"224","76","108","3","00:16:38","100","49","0","14241"
"227","4","165","3","00:16:38","143","94","1","14242"
"78","31","89","3","00:16:39","203","27","0","14245"
"125","42","104","3","00:16:39","143","251","0","14246"
"42","21","130","3","00:16:39","143","251","1","14247"
"4","227","167","3","00:16:40","300","150","1","14250"
"42","21","183","3","00:16:40","457","49","1","14251"
"205","34","240","3","00:16:40","300","150","1","14252"
"42","88","53","3","00:16:41","300","150","0","14254"
"97","76","88","3","00:16:41","457","206","0","14255"
"189","30","119","3","00:16:41","457","49","0","14256"
"231","101","165","3","00:16:41","143","251","0","14257"
"78","97","94","3","00:16:42","300","150","1","14259"
"183","31","182","3","00:16:42","300","150","0","14260"
"1","58","185","3","00:16:42","457","206","0","14261"
"21","76","210","3","00:16:42","353","27","0","14262"
"78","58","251","3","00:16:42","100","206","0","14263"
"78","75","29","3","00:16:43","100","206","0","14264"
"75","23","63","3","00:16:43","457","49","1","14265"
"191","1","123","3","00:16:43","300","150","1","14266"
"280","89","217","3","00:16:43","500","251","1","14267"
"81","142","37","3","00:16:44","300","150","1","14268"
"75","1","45","3","00:16:44","457","206","0","14269"
"13","31","89","3","00:16:44","457","49","0","14270"
"65","30","116","3","00:16:44","457","206","0","14271"
"21","86","12","3","00:16:45","247","73","1","14273"
"16","23","98","3","00:16:45","100","206","0","14274"
"21","212","169","3","00:16:45","100","206","1","14275"
"227","220","226","3","00:16:45","500","251","1","14276"
"57","89","249","3","00:16:45","457","49","1","14277"
"58","31","62","3","00:16:46","100","49","1","14278"
"15","142","113","3","00:16:46","457","49","1","14279"
"244","190","241","3","00:16:46","300","150","0","14280"
"58","69","18","3","00:16:47","300","150","0","14281"
"58","89","215","3","00:16:47","457","49","0","14282"
"31","57","176","3","00:16:48","100","49","0","14284"
"57","21","206","3","00:16:48","300","150","1","14285"
"57","45","212","3","00:16:48","300","150","1","14286"
"115","1","38","3","00:16:49","353","27","0","14288"
"31","23","149","3","00:16:49","100","49","1","14289"
"75","142","10","3","00:16:50","100","206","0","14290"
"23","58","115","3","00:16:50","457","206","1","14291"
"76","1","118","3","00:16:50","300","150","1","14292"
"42","76","150","3","00:16:50","143","251","1","14293"
"227","61","231","3","00:16:50","143","251","1","14294"
"78","156","64","3","00:16:51","300","150","0","14297"
"42","1","68","3","00:16:51","300","150","1","14298"
"125","57","72","3","00:16:51","300","150","1","14299"
"23","1","126","3","00:16:51","457","49","1","14300"
"125","42","135","3","00:16:51","203","227","0","14301"
"190","4","262","3","00:16:51","203","27","0","14302"
"57","34","268","3","00:16:51","100","49","0","14303"
"81","142","37","3","00:16:52","203","27","1","14305"
"53","49","101","3","00:16:52","247","273","0","14306"
"35","78","148","3","00:16:52","500","94","1","14307"
"89","42","164","3","00:16:52","457","206","0","14308"
"39","285","214","3","00:16:52","457","49","1","14309"
"30","4","199","3","00:16:53","457","49","0","14310"
"205","34","240","3","00:16:53","500","251","0","14311"
"73","97","195","3","00:16:54","100","206","1","14312"
"30","31","243","3","00:16:54","500","251","1","14313"
"97","76","255","3","00:16:54","300","150","1","14314"
"34","23","43","3","00:16:55","100","206","1","14315"
"30","100","67","3","00:16:55","457","206","1","14316"
"57","1","69","3","00:16:55","457","49","0","14317"
"23","149","124","3","00:16:55","300","150","1","14318"
"31","42","170","3","00:16:55","100","49","0","14319"
"58","23","244","3","00:16:55","143","94","0","14320"
"57","30","3","3","00:16:56","100","49","1","14321"
"21","75","169","3","00:16:56","457","49","1","14322"
"114","21","239","3","00:16:57","247","73","1","14324"
"30","53","103","3","00:16:58","457","49","1","14325"
"30","23","131","3","00:16:58","100","206","1","14326"
"78","4","185","3","00:16:58","300","150","1","14327"
"189","4","209","3","00:16:58","100","206","0","14328"
"78","101","251","3","00:16:58","100","206","1","14329"
"34","30","9","3","00:16:59","300","150","1","14330"
"89","109","14","3","00:16:59","457","206","0","14331"
"98","78","85","3","00:16:59","457","49","1","14332"
"78","195","225","3","00:16:59","100","206","1","14333"
"31","227","110","3","00:17:00","100","206","1","14335"
"15","21","4","3","00:17:01","100","206","1","14336"
"88","21","15","3","00:17:02","457","206","1","14338"
"81","57","49","3","00:17:02","300","150","1","14339"
"73","97","195","3","00:17:02","100","49","0","14340"
"58","97","237","3","00:17:02","300","150","1","14341"
"75","1","45","3","00:17:03","203","227","0","14342"
"21","78","50","3","00:17:03","100","206","1","14343"
"89","206","104","3","00:17:03","247","273","1","14344"
"23","76","169","3","00:17:03","457","206","0","14345"
"31","1","11","3","00:17:04","100","206","1","14347"
"58","195","219","3","00:17:04","300","150","1","14348"
"31","57","22","3","00:17:05","457","206","1","14349"
"65","27","30","3","00:17:05","457","206","0","14350"
"4","103","59","3","00:17:05","457","206","1","14351"
"30","76","67","3","00:17:05","100","206","0","14352"
"98","1","87","3","00:17:05","457","206","1","14353"
"195","34","107","3","00:17:05","100","49","1","14354"
"78","4","185","3","00:17:05","300","150","1","14355"
"183","89","187","3","00:17:06","457","49","0","14356"
"1","34","16","3","00:17:07","300","150","0","14357"
"57","86","26","3","00:17:07","100","206","0","14358"
"1","98","64","3","00:17:07","100","206","0","14359"
"30","53","103","3","00:17:07","457","49","1","14360"
"31","23","149","3","00:17:09","203","27","0","14363"
"4","30","200","3","00:17:09","100","49","1","14364"
"78","42","213","3","00:17:09","457","206","0","14365"
"4","316","267","3","00:17:09","100","206","1","14366"
"42","280","214","3","00:17:10","353","27","0","14367"
"34","1","234","3","00:17:10","143","251","1","14368"
"30","23","58","3","00:17:11","100","206","1","14369"
"42","23","117","3","00:17:11","500","251","0","14370"
"224","195","216","3","00:17:11","143","94","0","14371"
"15","280","269","3","00:17:11","353","27","1","14372"
"75","1","45","3","00:17:12","457","49","0","14374"
"76","23","92","3","00:17:12","100","49","1","14375"
"21","156","6","3","00:17:13","300","150","1","14377"
"78","31","163","3","00:17:13","457","49","1","14378"
"30","88","199","3","00:17:13","457","49","1","14379"
"1","23","23","3","00:17:14","457","206","1","14380"
"42","76","61","3","00:17:14","100","206","1","14381"
"42","23","117","3","00:17:14","500","251","0","14382"
"57","75","129","3","00:17:14","100","206","0","14383"
"31","78","190","3","00:17:14","300","150","1","14384"
"316","21","241","3","00:17:14","457","206","1","14385"
"30","39","258","3","00:17:14","100","49","0","14386"
"1","75","57","3","00:17:15","457","49","1","14387"
"269","280","265","3","00:17:15","300","150","0","14388"
"65","35","2","3","00:17:16","457","206","0","14389"
"73","195","196","3","00:17:16","457","206","0","14390"
"88","190","244","3","00:17:16","300","150","0","14391"
"23","220","115","3","00:17:17","457","49","1","14394"
"76","195","159","3","00:17:17","300","150","1","14395"
"78","42","213","3","00:17:17","457","206","1","14396"
"138","42","236","3","00:17:17","300","150","0","14397"
"57","23","31","3","00:17:18","353","27","0","14398"
"34","316","261","3","00:17:18","500","251","0","14399"
"75","142","10","3","00:17:19","100","206","0","14400"
"31","23","156","3","00:17:19","100","206","1","14401"
"89","30","158","3","00:17:19","100","206","1","14402"
"16","97","4","3","00:17:20","300","150","0","14403"
"97","142","28","3","00:17:20","500","251","1","14404"
"75","23","92","3","00:17:20","100","206","1","14405"
"138","78","259","3","00:17:20","500","94","0","14406"
"58","224","268","3","00:17:20","203","227","0","14407"
"15","280","269","3","00:17:20","457","49","0","14408"
"35","21","24","3","00:17:21","500","251","0","14409"
"23","34","107","3","00:17:21","100","49","1","14410"
"280","138","240","3","00:17:21","353","27","0","14411"
"149","57","71","3","00:17:22","100","206","0","14413"
"34","227","266","3","00:17:22","300","150","0","14414"
"227","97","117","3","00:17:23","247","73","1","14416"
"4","75","129","3","00:17:23","100","206","1","14417"
"39","88","197","3","00:17:23","457","49","0","14418"
"190","91","252","3","00:17:23","100","206","0","14419"
"23","31","119","3","00:17:25","100","49","1","14420"
"76","227","189","3","00:17:25","100","49","1","14421"
"4","23","207","3","00:17:25","300","150","1","14422"
"34","15","56","3","00:17:26","353","27","1","14423"
"92","1","70","3","00:17:26","100","49","1","14424"
"4","73","224","3","00:17:26","203","227","1","14425"
"34","42","236","3","00:17:26","500","251","0","14426"
"189","31","262","3","00:17:26","457","206","0","14427"
"86","75","5","3","00:17:27","457","206","1","14429"
"76","21","196","3","00:17:27","457","49","1","14430"
"280","34","240","3","00:17:27","457","49","1","14431"
"31","78","121","3","00:17:28","457","49","1","14432"
"30","13","42","3","00:17:29","100","206","1","14433"
"34","57","53","3","00:17:29","397","273","0","14434"
"316","21","241","3","00:17:29","457","49","1","14435"
"58","1","19","3","00:17:31","100","49","1","14437"
"142","34","39","3","00:17:31","100","206","1","14438"
"78","21","95","3","00:17:31","300","150","1","14439"
"76","183","145","3","00:17:31","300","150","1","14440"
"15","65","29","3","00:17:32","300","150","0","14441"
"23","1","123","3","00:17:32","300","150","0","14442"
"34","42","236","3","00:17:32","500","251","1","14443"
"76","78","118","3","00:17:33","457","49","0","14445"
"30","89","166","3","00:17:33","457","206","1","14446"
"23","75","169","3","00:17:33","457","49","0","14447"
"58","31","3","3","00:17:34","100","49","0","14449"
"116","231","146","3","00:17:34","457","206","0","14450"
"78","21","147","3","00:17:34","353","227","0","14451"
"4","23","207","3","00:17:34","353","27","0","14452"
"76","89","257","3","00:17:34","100","206","1","14453"
"75","73","263","3","00:17:34","500","94","1","14454"
"86","57","71","3","00:17:35","100","49","0","14455"
"101","88","72","3","00:17:36","300","150","1","14458"
"78","21","98","3","00:17:36","100","206","0","14459"
"57","34","167","3","00:17:36","203","227","1","14460"
"30","57","197","3","00:17:36","457","206","1","14461"
"31","42","13","3","00:17:37","457","206","0","14462"
"30","21","58","3","00:17:37","300","150","0","14463"
"191","89","100","3","00:17:37","457","49","1","14464"
"39","75","138","3","00:17:37","300","150","1","14465"
"1","30","182","3","00:17:37","143","94","0","14466"
"231","23","183","3","00:17:37","300","150","0","14467"
"76","42","189","3","00:17:37","353","227","0","14468"
"42","76","238","3","00:17:37","100","49","0","14469"
"57","115","31","3","00:17:38","457","206","1","14471"
"21","75","90","3","00:17:38","203","227","0","14472"
"183","231","157","3","00:17:39","300","150","1","14473"
"1","30","64","3","00:17:40","457","49","0","14476"
"30","75","66","3","00:17:40","143","251","1","14477"
"227","189","130","3","00:17:40","143","94","1","14478"
"183","73","133","3","00:17:40","100","206","0","14479"
"39","23","149","3","00:17:40","100","206","1","14480"
"4","57","264","3","00:17:40","457","49","0","14481"
"42","26","9","3","00:17:41","143","94","0","14482"
"23","88","115","3","00:17:41","457","49","1","14483"
"34","89","266","3","00:17:41","143","251","1","14484"
"65","34","21","3","00:17:42","300","150","0","14485"
"75","86","36","3","00:17:42","500","94","0","14486"
"31","1","85","3","00:17:42","457","206","1","14487"
"42","78","179","3","00:17:42","457","49","1","14488"
"205","34","240","3","00:17:42","457","49","0","14489"
"23","227","107","3","00:17:43","457","49","1","14490"
"205","1","143","3","00:17:43","500","94","0","14491"
"34","76","150","3","00:17:43","500","94","0","14492"
"111","156","27","3","00:17:44","100","206","1","14493"
"39","30","46","3","00:17:44","143","251","0","14494"
"224","204","135","3","00:17:44","100","49","1","14495"
"58","248","249","3","00:17:44","300","150","0","14496"
"280","31","258","3","00:17:44","100","206","0","14497"
"34","30","9","3","00:17:45","143","94","0","14498"
"21","78","97","3","00:17:45","457","206","1","14499"
"78","21","147","3","00:17:45","457","206","0","14500"
"231","1","148","3","00:17:45","300","150","1","14501"
"73","78","218","3","00:17:45","100","206","0","14502"
"39","231","110","3","00:17:46","300","150","0","14505"
"57","75","108","3","00:17:47","100","206","1","14506"
"23","61","262","3","00:17:47","203","27","0","14507"
"15","21","23","3","00:17:48","457","49","1","14508"
"4","97","144","3","00:17:48","300","150","0","14509"
"1","31","99","3","00:17:49","500","94","0","14510"
"78","73","255","3","00:17:49","353","27","0","14511"
"101","35","2","3","00:17:50","100","206","0","14512"
"34","30","35","3","00:17:50","100","206","1","14513"
"30","75","67","3","00:17:50","100","49","0","14514"
"21","78","97","3","00:17:50","457","49","0","14515"
"23","89","153","3","00:17:50","457","49","1","14516"
"4","88","264","3","00:17:50","457","49","0","14517"
"75","86","36","3","00:17:51","500","94","0","14518"
"57","23","207","3","00:17:51","100","49","0","14519"
"34","78","234","3","00:17:51","300","150","1","14520"
"78","58","251","3","00:17:51","100","49","1","14521"
"97","35","12","3","00:08:01","500","94","1","14522"
"75","1","14","3","00:08:01","203","227","1","14523"
"57","65","18","3","00:08:01","143","94","0","14524"
"30","75","67","3","00:08:01","457","49","1","14525"
"138","205","170","3","00:08:01","457","206","1","14526"
"23","31","175","3","00:08:01","457","49","1","14527"
"15","227","246","3","00:08:01","300","150","1","14528"
"88","1","69","3","00:08:02","203","227","0","14530"
"76","1","118","3","00:08:02","457","49","1","14531"
"42","31","141","3","00:08:02","143","94","0","14532"
"42","78","148","3","00:08:02","143","251","1","14533"
"4","31","152","3","00:08:02","100","206","0","14534"
"23","78","50","3","00:08:03","457","49","1","14535"
"39","65","138","3","00:08:03","457","206","0","14536"
"13","31","236","3","00:08:03","500","94","0","14537"
"76","4","45","3","00:17:57","100","49","1","14540"
"78","42","48","3","00:17:57","100","206","0","14541"
"105","4","50","3","00:17:57","300","150","1","14542"
"75","15","105","3","00:17:57","500","94","1","14543"
"98","76","154","3","00:17:57","203","227","1","14544"
"227","34","211","3","00:17:57","300","150","0","14545"
"76","89","257","3","00:17:57","457","49","0","14546"
"1","57","65","3","00:17:58","100","49","0","14547"
"86","105","73","3","00:17:58","353","227","1","14548"
"34","57","120","3","00:17:58","300","150","0","14549"
"1","42","112","3","00:17:59","300","150","0","14550"
"78","35","139","3","00:17:59","300","150","1","14551"
"31","76","238","3","00:17:59","100","206","1","14552"
"1","73","255","3","00:17:59","457","49","1","14553"
"61","73","267","3","00:17:59","300","150","0","14554"
"15","98","27","3","00:18:00","457","206","0","14555"
"21","42","107","3","00:18:00","457","49","0","14556"
"57","90","191","3","00:18:00","100","206","1","14557"
"57","31","201","3","00:18:00","300","150","1","14558"
"4","204","155","3","00:14:10","100","206","1","14559"
"73","58","222","3","00:18:00","100","206","0","14560"
"4","227","155","3","00:18:01","100","206","1","14561"
"42","31","161","3","00:18:01","500","251","1","14562"
"78","30","182","3","00:18:01","143","251","0","14563"
"65","42","189","3","00:14:10","100","49","0","14564"
"34","58","53","3","00:18:02","500","251","0","14567"
"32","88","106","3","00:18:02","457","49","1","14569"
"101","76","129","3","00:18:02","300","150","1","14570"
"30","4","137","3","00:18:02","100","206","1","14571"
"227","97","117","3","00:14:11","397","73","1","14572"
"78","86","184","3","00:18:02","500","94","0","14573"
"58","34","268","3","00:14:11","100","49","0","14574"
"78","280","269","3","00:18:03","457","49","1","14577"
"76","15","105","3","00:14:12","143","251","1","14579"
"88","75","108","3","00:14:12","457","206","0","14580"
"58","21","160","3","00:14:12","457","49","0","14582"
"76","280","248","3","00:14:12","100","49","1","14583"
"57","23","15","3","00:18:04","353","27","0","14584"
"244","4","227","3","00:14:13","457","49","1","14585"
"75","21","84","3","00:18:04","457","206","0","14586"
"31","4","197","3","00:18:04","353","227","0","14587"
"78","227","246","3","00:14:13","457","206","1","14588"
"4","195","206","3","00:18:04","457","206","0","14589"
"31","88","137","3","00:14:14","457","49","0","14590"
"65","75","257","3","00:18:04","457","206","1","14591"
"161","78","69","3","00:18:05","100","49","1","14592"
"78","98","89","3","00:18:05","353","227","0","14593"
"76","97","25","3","00:18:06","457","49","0","14594"
"42","209","150","3","00:18:06","143","251","1","14596"
"31","101","103","3","00:14:15","457","49","0","14597"
"1","35","112","3","00:14:15","457","206","1","14598"
"78","62","113","3","00:14:15","457","206","0","14600"
"42","114","43","3","00:18:07","100","49","1","14601"
"75","88","122","3","00:14:15","300","150","0","14602"
"88","1","69","3","00:14:16","457","49","0","14605"
"23","75","8","3","00:18:08","143","251","1","14606"
"45","1","143","3","00:14:16","143","251","1","14607"
"1","57","34","3","00:18:08","457","49","1","14608"
"21","75","169","3","00:14:16","300","150","1","14609"
"89","23","142","3","00:18:08","457","206","1","14610"
"76","195","241","3","00:14:16","100","206","1","14611"
"61","88","264","3","00:14:16","457","49","0","14612"
"76","31","158","3","00:18:08","300","150","1","14613"
"101","195","206","3","00:18:08","457","206","1","14615"
"23","61","262","3","00:18:08","100","49","0","14616"
"21","75","88","3","00:18:09","300","150","1","14617"
"4","39","172","3","00:18:09","143","251","0","14618"
"76","30","30","3","00:14:17","457","206","1","14619"
"1","86","32","3","00:14:17","457","206","1","14621"
"31","23","33","3","00:18:10","457","49","1","14626"
"57","75","108","3","00:18:10","457","49","0","14627"
"23","227","124","3","00:18:10","457","206","1","14628"
"231","89","150","3","00:18:10","500","251","1","14629"
"57","1","162","3","00:18:10","300","150","1","14630"
"78","86","184","3","00:18:10","500","251","1","14631"
"31","23","247","3","00:18:10","300","150","0","14632"
"76","1","14","3","00:18:11","300","150","1","14633"
"97","183","126","3","00:18:11","100","206","1","14634"
"21","49","134","3","00:18:11","457","206","1","14635"
"4","206","214","3","00:18:11","457","206","1","14637"
"1","23","147","3","00:19:05","457","206","0","14639"
"57","30","62","3","00:18:12","300","150","0","14640"
"138","42","236","3","00:19:05","143","251","0","14641"
"98","23","156","3","00:18:12","100","49","1","14643"
"31","58","22","3","00:19:06","457","206","1","14644"
"15","21","23","3","00:19:06","300","150","1","14645"
"101","198","215","3","00:18:12","300","150","1","14646"
"88","35","39","3","00:19:08","457","206","1","14650"
"58","31","62","3","00:19:08","100","49","0","14651"
"42","78","68","3","00:19:08","500","94","1","14652"
"76","34","164","3","00:19:08","457","206","0","14653"
"244","190","241","3","00:19:08","100","49","0","14654"
"61","88","264","3","00:19:08","353","27","1","14655"
"53","1","19","3","00:19:09","300","150","0","14656"
"34","78","24","3","00:19:09","247","273","0","14657"
"76","57","72","3","00:19:09","300","150","1","14658"
"1","42","112","3","00:19:09","203","227","0","14659"
"73","183","145","3","00:19:09","143","94","1","14660"
"42","57","165","3","00:19:09","143","251","0","14661"
"89","30","174","3","00:19:09","300","150","1","14662"
"142","65","41","3","00:19:10","457","206","1","14663"
"88","1","69","3","00:19:10","100","49","0","14664"
"23","75","90","3","00:19:10","100","49","1","14665"
"42","73","128","3","00:19:10","397","73","0","14666"
"23","78","230","3","00:19:10","300","150","1","14667"
"23","75","40","3","00:19:11","100","49","1","14669"
"58","175","162","3","00:19:11","300","150","1","14670"
"4","31","201","3","00:19:11","457","49","0","14671"
"76","205","248","3","00:18:12","100","49","1","14672"
"31","1","42","3","00:18:13","100","206","1","14673"
"89","97","111","3","00:18:13","300","150","0","14674"
"244","1","218","3","00:19:11","300","150","0","14675"
"138","76","261","3","00:18:14","300","150","0","14676"
"30","23","256","3","00:19:11","500","251","1","14677"
"97","109","96","3","00:19:12","457","206","0","14682"
"21","30","20","3","00:18:15","457","206","0","14683"
"31","88","264","3","00:19:12","457","49","0","14684"
"224","1","127","3","00:18:15","143","94","1","14686"
"39","101","61","3","00:19:13","300","150","0","14687"
"1","23","109","3","00:19:13","100","49","1","14688"
"21","57","181","3","00:18:15","500","251","0","14689"
"78","205","139","3","00:19:13","300","150","1","14690"
"58","89","249","3","00:18:15","457","49","1","14692"
"34","73","5","3","00:19:14","457","49","1","14693"
"30","23","58","3","00:19:14","300","150","0","14694"
"34","58","71","3","00:19:14","457","49","0","14696"
"30","227","242","3","00:19:14","143","251","0","14697"
"23","76","40","3","00:18:16","100","206","0","14698"
"34","78","24","3","00:19:15","300","150","1","14700"
"34","189","117","3","00:18:16","500","94","1","14701"
"42","31","35","3","00:19:15","457","49","1","14702"
"31","23","149","3","00:18:16","100","206","1","14703"
"73","138","245","3","00:18:16","100","206","1","14704"
"57","78","69","3","00:18:18","353","227","1","14705"
"98","35","60","3","00:19:15","457","206","1","14706"
"75","21","84","3","00:18:18","100","206","1","14707"
"49","81","99","3","00:19:15","300","150","0","14708"
"15","76","255","3","00:18:18","300","150","0","14709"
"31","76","224","3","00:19:15","457","49","1","14710"
"75","15","14","3","00:19:16","100","49","1","14713"
"31","76","138","3","00:19:16","203","227","1","14715"
"57","31","152","3","00:19:17","457","49","0","14717"
"189","217","208","3","00:19:17","353","227","1","14718"
"57","31","3","3","00:19:18","353","227","1","14719"
"57","65","18","3","00:19:18","300","150","0","14720"
"78","23","94","3","00:19:18","457","206","1","14721"
"31","23","156","3","00:19:18","457","206","1","14722"
"30","4","199","3","00:19:18","300","150","1","14723"
"4","21","206","3","00:19:18","457","206","0","14724"
"42","78","179","3","00:19:19","203","227","1","14725"
"224","42","155","3","00:19:20","100","49","0","14726"
"88","30","212","3","00:19:20","100","206","1","14727"
"76","58","222","3","00:19:20","353","227","1","14728"
"23","31","175","3","00:19:21","457","49","0","14729"
"61","57","264","3","00:19:21","300","150","1","14730"
"23","76","8","3","00:18:19","397","73","0","14731"
"75","35","21","3","00:19:22","457","206","1","14732"
"65","97","63","3","00:19:23","100","49","0","14733"
"101","97","84","3","00:19:23","300","150","1","14734"
"76","88","140","3","00:19:23","457","49","0","14735"
"75","23","25","3","00:12:59","100","206","0","14736"
"4","23","207","3","00:19:23","457","206","1","14737"
"42","280","214","3","00:19:23","457","49","1","14738"
"183","73","255","3","00:19:23","457","49","0","14739"
"30","23","58","3","00:18:19","300","150","1","14740"
"138","4","236","3","00:12:59","143","251","1","14741"
"21","76","153","3","00:19:24","100","206","1","14742"
"280","23","256","3","00:12:59","143","251","0","14743"
"30","42","243","3","00:19:24","500","251","1","14745"
"21","4","115","3","00:18:19","300","150","1","14746"
"31","89","166","3","00:13:00","353","27","0","14747"
"4","57","254","3","00:13:00","457","206","0","14749"
"75","15","14","3","00:19:25","100","206","1","14750"
"31","42","170","3","00:18:19","203","27","1","14752"
"49","65","41","3","00:13:01","100","49","1","14753"
"21","75","136","3","00:19:25","300","150","1","14754"
"224","21","160","3","00:13:01","457","49","0","14755"
"34","23","216","3","00:19:25","143","94","1","14756"
"35","30","161","3","00:13:01","143","251","0","14757"
"30","183","180","3","00:13:01","300","150","1","14759"
"57","31","3","3","00:19:26","457","49","0","14760"
"23","205","107","3","00:18:20","100","206","1","14761"
"138","31","236","3","00:13:01","500","94","0","14762"
"23","73","8","3","00:19:26","143","251","0","14763"
"1","101","29","3","00:19:26","100","49","1","14765"
"81","58","49","3","00:13:02","457","206","0","14766"
"23","57","44","3","00:19:26","100","49","0","14767"
"34","23","216","3","00:13:02","500","251","1","14768"
"75","21","92","3","00:19:26","457","49","0","14769"
"15","30","269","3","00:13:02","100","206","0","14770"
"42","89","114","3","00:19:26","300","150","1","14771"
"37","89","114","3","00:13:03","100","49","0","14772"
"4","97","191","3","00:19:26","300","150","0","14773"
"191","101","181","3","00:13:03","143","94","1","14774"
"30","4","199","3","00:19:26","203","227","0","14775"
"97","21","225","3","00:19:26","353","227","1","14776"
"21","75","136","3","00:18:20","457","206","1","14777"
"23","31","175","3","00:18:21","300","150","1","14779"
"75","227","177","3","00:18:21","300","150","0","14780"
"58","31","188","3","00:18:21","457","49","0","14782"
"191","1","123","3","00:19:27","100","49","0","14783"
"31","57","199","3","00:18:21","457","206","1","14784"
"76","58","222","3","00:19:27","353","227","0","14785"
"31","227","253","3","00:18:21","457","49","1","14786"
"280","73","232","3","00:19:27","247","73","0","14787"
"23","89","100","3","00:19:28","457","49","1","14788"
"97","1","50","3","00:18:22","353","27","1","14789"
"97","42","124","3","00:19:28","300","150","0","14790"
"23","75","203","3","00:19:28","457","49","1","14791"
"21","58","233","3","00:19:28","100","49","0","14792"
"37","114","43","3","00:19:29","353","27","0","14793"
"1","42","112","3","00:19:29","353","227","0","14794"
"231","183","143","3","00:19:29","397","73","1","14795"
"31","73","154","3","00:19:29","100","206","0","14796"
"53","23","160","3","00:19:29","457","206","0","14797"
"23","76","88","3","00:18:22","457","206","0","14798"
"23","76","210","3","00:19:29","100","49","1","14799"
"30","1","87","3","00:19:30","100","206","1","14800"
"76","15","105","3","00:18:22","300","150","0","14801"
"4","183","162","3","00:19:30","300","150","0","14802"
"57","34","268","3","00:19:30","300","150","1","14803"
"224","75","129","3","00:18:22","457","49","1","14804"
"25","42","186","3","00:18:22","457","206","0","14806"
"285","73","232","3","00:18:22","300","150","0","14807"
"1","76","29","3","00:18:23","100","206","0","14808"
"30","49","37","3","00:18:23","300","150","0","14809"
"224","76","178","3","00:18:23","500","251","0","14810"
"21","31","20","3","00:19:31","100","206","1","14811"
"101","195","206","3","00:18:23","100","206","0","14812"
"53","42","26","3","00:19:31","100","206","1","14813"
"34","30","221","3","00:18:23","143","251","1","14814"
"42","1","68","3","00:19:31","300","150","1","14815"
"76","23","195","3","00:19:31","457","206","0","14816"
"76","1","45","3","00:18:24","100","49","0","14817"
"76","23","196","3","00:19:31","100","49","1","14818"
"31","244","224","3","00:19:31","457","206","1","14819"
"21","78","230","3","00:18:24","203","27","1","14820"
"61","21","247","3","00:19:31","300","150","0","14821"
"116","34","110","3","00:19:32","300","150","0","14822"
"23","30","55","4","00:00:00","300","150","1","14823"
"280","57","260","3","00:18:24","143","251","1","14824"
"21","73","136","3","00:19:32","457","49","0","14825"
"4","244","267","3","00:19:32","100","49","1","14826"
"1","57","65","4","00:00:00","300","150","0","14827"
"23","280","265","3","00:18:24","100","206","0","14828"
"31","75","67","4","00:00:00","300","150","0","14830"
"73","34","177","3","00:19:33","353","227","0","14831"
"57","1","69","4","00:00:00","300","150","1","14832"
"34","21","216","3","00:19:33","143","251","1","14833"
"31","1","85","4","00:00:00","300","150","1","14835"
"73","205","248","3","00:19:33","100","206","1","14836"
"31","1","87","4","00:00:00","300","150","1","14837"
"205","61","258","3","00:19:33","100","49","1","14838"
"13","31","89","4","00:00:00","300","150","1","14840"
"57","31","201","3","00:19:34","300","150","0","14841"
"78","23","94","3","00:18:25","353","227","0","14842"
"78","205","112","3","00:18:25","457","206","0","14843"
"191","101","181","3","00:18:25","300","150","0","14844"
"78","57","185","3","00:18:25","300","150","1","14845"
"34","1","234","3","00:19:34","300","150","1","14846"
"21","75","90","4","00:00:00","300","150","1","14847"
"75","34","211","3","00:18:25","143","251","0","14848"
"23","78","97","4","00:00:00","300","150","1","14850"
"76","42","21","3","00:18:26","457","206","0","14852"
"34","20","102","4","00:00:00","300","150","1","14853"
"1","75","133","3","00:19:35","457","49","1","14854"
"116","97","149","3","00:19:35","300","150","1","14855"
"31","88","106","4","00:00:00","300","150","1","14856"
"39","78","190","3","00:19:35","100","206","1","14857"
"21","34","107","4","00:00:00","300","150","0","14858"
"205","31","243","3","00:19:35","300","150","0","14859"
"76","31","116","4","00:00:00","300","150","0","14860"
"73","58","235","3","00:19:36","457","206","1","14861"
"57","34","39","3","00:18:26","457","49","1","14862"
"78","89","246","3","00:19:36","457","49","0","14863"
"34","23","117","4","00:00:00","300","150","0","14864"
"57","248","249","3","00:19:36","300","150","0","14865"
"57","31","200","3","00:18:26","457","49","0","14866"
"23","181","123","4","00:00:00","300","150","1","14867"
"53","42","26","3","00:19:37","100","49","1","14868"
"23","78","126","4","00:00:00","300","150","1","14869"
"76","280","248","3","00:18:26","457","49","0","14870"
"57","78","127","4","00:00:00","300","150","0","14871"
"57","76","41","3","00:18:27","300","150","0","14872"
"58","89","249","3","00:18:27","457","206","1","14873"
"34","75","128","4","00:00:00","300","150","0","14874"
"4","49","127","3","00:19:37","500","94","1","14875"
"73","88","140","3","00:19:37","100","49","1","14877"
"23","73","136","4","00:00:00","300","150","0","14878"
"34","30","9","3","00:18:28","143","251","1","14879"
"31","76","138","4","00:00:00","300","150","1","14880"
"191","125","100","3","00:18:28","457","49","0","14881"
"78","205","139","4","00:00:00","300","150","0","14882"
"78","30","64","3","00:18:29","100","206","1","14883"
"76","21","142","4","00:00:00","300","150","1","14884"
"21","75","169","3","00:19:37","457","49","1","14885"
"58","183","151","4","00:00:00","300","150","0","14886"
"21","65","169","3","00:18:29","457","206","0","14887"
"34","31","236","3","00:19:37","300","150","0","14888"
"57","34","155","4","00:00:00","300","150","1","14889"
"1","21","225","3","00:18:29","100","49","0","14891"
"31","189","156","4","00:00:00","300","150","1","14892"
"89","23","159","4","00:00:00","300","150","0","14894"
"42","31","161","4","00:00:00","300","150","1","14896"
"105","76","40","3","00:19:38","300","150","0","14897"
"183","31","163","4","00:00:00","300","150","0","14898"
"38","129","102","3","00:18:30","457","49","0","14899"
"57","23","207","3","00:19:38","457","49","0","14900"
"78","30","173","4","00:00:00","300","150","0","14901"
"316","212","218","3","00:19:38","300","150","1","14902"
"31","57","197","3","00:18:30","300","150","0","14903"
"1","30","269","3","00:19:38","457","49","1","14904"
"57","76","178","4","00:00:00","300","150","0","14905"
"205","1","179","4","00:00:00","300","150","1","14907"
"31","1","180","4","00:00:00","300","150","0","14909"
"23","4","132","3","00:19:39","100","206","0","14910"
"1","31","182","4","00:00:00","300","150","0","14911"
"73","61","227","3","00:18:30","100","206","1","14912"
"227","21","239","3","00:19:39","500","251","0","14913"
"89","42","189","4","00:00:00","300","150","0","14914"
"189","76","210","3","00:19:40","100","206","0","14915"
"138","220","229","3","00:18:30","300","150","0","14916"
"89","280","223","3","00:19:40","397","273","1","14917"
"31","183","190","4","00:00:00","300","150","1","14918"
"65","39","227","3","00:19:40","143","251","0","14919"
"31","57","199","4","00:00:00","300","150","1","14921"
"4","58","254","3","00:19:40","457","206","1","14922"
"195","76","204","4","00:00:00","300","150","0","14923"
"65","78","25","3","00:19:41","100","49","1","14924"
"101","190","219","3","00:18:31","300","150","1","14925"
"101","142","72","3","00:19:41","457","49","1","14926"
"57","23","206","4","00:00:00","300","150","1","14927"
"76","23","196","3","00:19:41","100","49","0","14928"
"73","195","241","3","00:18:31","457","206","1","14929"
"57","23","207","4","00:00:00","300","150","1","14930"
"205","42","243","3","00:19:41","143","94","0","14931"
"189","57","208","4","00:00:00","300","150","1","14932"
"78","76","29","3","00:18:32","300","150","0","14934"
"81","76","17","3","00:19:42","300","150","1","14935"
"195","57","209","4","00:00:00","300","150","1","14936"
"58","31","62","3","00:19:42","100","49","0","14937"
"57","101","54","3","00:18:32","300","150","1","14938"
"75","34","211","4","00:00:00","300","150","0","14939"
"31","1","85","3","00:19:42","100","49","1","14940"
"73","31","227","4","00:00:00","300","150","0","14941"
"116","101","103","3","00:19:42","300","150","0","14942"
"23","58","233","4","00:00:00","300","150","1","14943"
"1","23","109","3","00:19:42","100","49","1","14944"
"76","58","235","4","00:00:00","300","150","0","14945"
"39","35","110","3","00:19:42","300","150","1","14946"
"49","21","109","3","00:18:32","457","49","0","14947"
"88","78","237","4","00:00:00","300","150","1","14948"
"1","76","184","3","00:19:42","143","251","1","14949"
"89","23","239","4","00:00:00","300","150","1","14950"
"31","78","180","3","00:18:32","457","206","1","14952"
"76","34","245","4","00:00:00","300","150","1","14953"
"31","23","247","4","00:00:00","300","150","1","14954"
"88","8","101","3","00:18:33","397","73","0","14955"
"78","58","251","4","00:00:00","300","150","0","14956"
"39","49","121","3","00:18:33","457","206","0","14958"
"205","21","256","4","00:00:00","300","150","1","14959"
"34","58","53","3","00:19:43","500","251","1","14960"
"25","217","208","3","00:19:43","100","49","0","14961"
"65","75","257","4","00:00:00","300","150","1","14962"
"75","31","174","3","00:18:33","300","150","1","14963"
"31","76","238","3","00:19:43","100","206","0","14964"
"34","183","259","4","00:00:00","300","150","1","14965"
"280","58","260","4","00:00:00","300","150","0","14967"
"15","61","213","3","00:18:33","353","227","1","14968"
"23","31","262","4","00:00:00","300","150","1","14970"
"57","23","15","3","00:19:44","203","227","1","14971"
"73","42","227","3","00:18:33","100","206","1","14972"
"15","205","269","4","00:00:00","300","150","0","14973"
"21","30","55","3","00:19:44","203","227","1","14974"
"78","75","57","3","00:19:44","457","49","0","14976"
"42","88","120","3","00:18:34","300","150","1","14977"
"42","31","161","3","00:19:44","397","73","1","14978"
"76","205","248","3","00:18:35","203","27","0","14980"
"88","227","249","3","00:18:35","300","150","0","14981"
"227","101","165","3","00:19:44","143","94","1","14982"
"57","23","207","3","00:19:44","300","150","1","14983"
"73","101","222","3","00:19:44","203","227","1","14985"
"224","49","101","3","00:19:45","500","94","0","14987"
"101","39","2","3","00:19:46","100","49","0","14990"
"35","81","9","3","00:19:46","143","251","1","14992"
"34","26","261","3","00:18:35","143","251","0","14993"
"76","116","92","3","00:19:46","300","150","1","14995"
"78","73","133","3","00:19:46","300","150","0","14997"
"42","31","141","3","00:19:46","143","94","1","15000"
"57","23","160","3","00:19:46","457","206","1","15001"
"195","76","204","4","00:00:05","300","150","0","15002"
"57","23","206","4","00:00:05","397","273","0","15004"
"42","31","35","4","00:00:16","500","94","1","15006"
"30","65","17","3","00:18:36","300","150","1","15008"
"4","23","207","4","00:00:16","143","251","1","15009"
"15","30","89","3","00:19:47","100","49","0","15010"
"78","34","32","4","00:00:19","300","150","0","15011"
"75","21","86","3","00:18:36","300","150","0","15012"
"31","42","170","3","00:19:47","100","206","1","15013"
"31","15","11","4","00:00:20","247","73","1","15014"
"78","32","173","3","00:19:47","100","206","1","15015"
"34","205","221","3","00:18:36","300","150","1","15016"
"89","23","142","4","00:00:22","457","49","0","15017"
"4","31","188","3","00:19:47","300","150","1","15018"
"89","224","211","4","00:00:28","457","206","0","15019"
"58","224","268","3","00:19:47","300","150","1","15020"
"30","1","87","3","00:19:48","100","206","0","15022"
"227","30","161","4","00:00:34","100","49","1","15023"
"42","89","114","3","00:19:48","397","73","1","15024"
"21","30","168","3","00:19:48","457","49","1","15025"
"30","4","199","4","00:00:35","143","251","0","15026"
"21","31","262","4","00:00:35","143","251","0","15028"
"21","34","12","3","00:19:49","247","73","1","15029"
"23","42","262","3","00:18:36","100","49","1","15030"
"21","53","233","4","00:00:36","143","251","1","15031"
"65","78","45","3","00:19:49","457","206","1","15032"
"57","78","151","4","00:00:40","143","251","0","15033"
"34","142","53","3","00:19:49","143","94","1","15036"
"89","1","105","3","00:19:49","300","150","0","15037"
"80","76","17","4","00:00:41","143","251","1","15038"
"34","73","128","3","00:19:49","143","251","1","15040"
"61","23","247","4","00:00:41","143","251","1","15041"
"21","57","132","3","00:19:49","203","227","1","15042"
"168","78","87","4","00:00:47","500","251","0","15044"
"212","31","158","3","00:19:49","457","49","0","15045"
"23","30","175","3","00:19:49","457","49","1","15046"
"198","21","239","4","00:00:48","100","49","1","15047"
"76","42","177","3","00:19:49","457","49","0","15048"
"42","78","24","4","00:00:50","143","251","1","15049"
"97","23","225","3","00:19:49","457","206","0","15050"
"114","75","138","4","00:00:54","143","251","1","15051"
"30","34","13","3","00:19:50","457","49","1","15052"
"42","21","247","4","00:00:56","143","251","1","15053"
"204","73","150","3","00:19:50","247","273","1","15054"
"88","23","15","3","00:18:37","100","49","1","15055"
"30","183","180","4","00:00:58","500","94","0","15056"
"57","31","152","3","00:19:50","457","49","0","15057"
"16","88","251","4","00:00:59","247","73","1","15058"
"39","45","214","3","00:19:50","300","150","1","15059"
"58","13","151","4","00:01:02","143","251","0","15060"
"31","244","224","3","00:19:50","457","49","0","15061"
"39","224","106","4","00:01:04","500","251","0","15062"
"98","88","199","4","00:01:04","143","251","0","15065"
"156","146","60","3","00:18:37","300","150","1","15067"
"27","1","42","3","00:19:51","100","206","1","15068"
"30","49","121","3","00:19:51","457","206","1","15069"
"78","4","171","3","00:18:37","100","206","1","15070"
"1","97","147","3","00:19:51","300","150","0","15071"
"88","31","172","3","00:18:37","143","94","1","15072"
"31","73","138","4","00:01:07","300","150","1","15073"
"1","30","163","3","00:18:38","100","206","1","15074"
"61","86","26","4","00:01:09","100","49","1","15075"
"57","205","155","3","00:19:51","457","49","0","15076"
"42","198","161","4","00:01:10","100","206","1","15077"
"42","4","165","3","00:18:38","143","251","0","15078"
"76","35","36","3","00:19:52","300","150","0","15079"
"23","72","208","4","00:01:10","500","251","1","15080"
"116","1","38","3","00:19:52","300","150","0","15081"
"15","76","255","3","00:18:38","100","206","1","15082"
"30","75","67","3","00:19:52","100","49","0","15083"
"27","35","157","3","00:19:52","300","150","0","15084"
"1","76","184","3","00:19:52","143","251","1","15085"
"78","57","185","3","00:19:52","100","49","0","15086"
"97","227","186","3","00:19:52","300","150","0","15087"
"195","183","230","3","00:19:52","300","150","0","15088"
"280","76","232","3","00:19:52","143","251","0","15089"
"189","1","123","4","00:01:13","500","251","1","15090"
"34","212","234","3","00:19:52","143","94","1","15091"
"224","15","259","3","00:19:52","143","94","1","15092"
"58","13","151","4","00:01:13","500","94","0","15094"
"49","30","64","3","00:19:53","353","27","0","15095"
"78","88","251","4","00:01:14","500","251","0","15096"
"23","76","88","3","00:19:53","457","206","1","15097"
"34","23","130","4","00:01:18","143","94","0","15099"
"183","30","269","4","00:01:19","500","94","0","15100"
"34","23","43","3","00:18:39","100","206","0","15101"
"15","30","89","3","00:19:53","300","150","0","15102"
"31","75","17","4","00:01:21","300","150","1","15103"
"227","21","117","3","00:19:53","500","94","1","15104"
"76","21","159","4","00:01:21","247","273","0","15105"
"34","191","102","3","00:18:39","300","150","0","15106"
"76","88","140","3","00:19:53","457","49","1","15107"
"76","21","159","4","00:01:22","500","94","0","15108"
"58","78","151","3","00:19:53","100","49","1","15109"
"23","4","209","4","00:01:22","143","251","1","15110"
"89","21","142","3","00:18:39","457","49","0","15111"
"89","42","164","3","00:19:53","203","27","0","15112"
"4","21","206","4","00:01:23","500","94","1","15113"
"57","31","201","3","00:19:53","457","49","0","15114"
"104","65","40","4","00:01:24","100","49","0","15115"
"78","89","246","3","00:19:53","457","206","0","15116"
"316","205","248","3","00:19:53","300","150","0","15117"
"15","76","255","3","00:19:53","457","206","1","15118"
"34","57","71","3","00:19:54","100","49","1","15119"
"195","75","169","3","00:19:54","203","27","1","15120"
"39","21","73","3","00:19:55","353","227","1","15121"
"97","89","100","3","00:19:55","100","206","0","15122"
"57","75","108","3","00:19:55","457","49","0","15123"
"42","31","161","3","00:19:55","500","94","1","15124"
"189","181","123","4","00:01:25","500","94","0","15125"
"23","75","203","3","00:19:55","457","49","1","15126"
"57","23","206","3","00:19:55","100","49","1","15127"
"30","78","190","4","00:01:26","300","150","1","15128"
"195","286","233","4","00:01:26","300","150","1","15130"
"57","31","152","3","00:18:39","457","49","1","15131"
"31","57","106","4","00:01:27","500","94","1","15132"
"88","39","39","3","00:19:56","300","150","1","15133"
"75","1","52","3","00:19:56","457","206","1","15134"
"4","183","127","4","00:01:27","500","94","1","15135"
"39","65","61","3","00:19:56","100","206","0","15136"
"42","1","68","3","00:19:56","143","251","0","15137"
"23","217","208","4","00:01:28","143","251","0","15138"
"204","73","150","3","00:19:56","353","227","0","15139"
"31","21","156","3","00:19:56","457","206","1","15140"
"286","97","237","4","00:01:30","143","94","0","15141"
"30","58","199","3","00:19:56","457","206","1","15142"
"34","190","102","4","00:01:32","100","206","0","15143"
"57","205","212","3","00:19:56","300","150","0","15144"
"89","23","239","3","00:19:56","500","94","0","15145"
"30","34","240","3","00:19:56","457","206","0","15146"
"15","30","269","4","00:01:37","143","251","0","15147"
"23","1","70","3","00:19:57","300","150","0","15150"
"42","75","114","3","00:19:57","500","94","0","15151"
"101","195","206","4","00:01:41","500","251","1","15152"
"97","88","115","3","00:19:57","100","49","0","15153"
"57","78","151","3","00:19:57","300","150","0","15154"
"1","89","184","3","00:19:57","500","94","1","15155"
"78","57","185","3","00:19:57","300","150","0","15156"
"89","23","196","3","00:19:57","353","227","1","15157"
"78","30","173","3","00:19:58","100","206","0","15158"
"239","269","219","3","00:19:58","397","273","0","15159"
"31","73","17","4","00:01:44","143","94","0","15160"
"101","39","2","3","00:19:59","203","227","0","15161"
"23","73","210","3","00:19:59","100","49","1","15162"
"31","1","87","4","00:01:45","397","273","1","15163"
"149","23","225","3","00:19:59","457","49","1","15164"
"23","57","208","3","00:18:39","100","49","1","15165"
"39","75","138","4","00:01:47","143","251","0","15166"
"58","31","3","4","00:00:00","300","150","0","15167"
"31","15","11","4","00:00:00","300","150","1","15169"
"23","4","209","3","00:18:39","300","150","0","15170"
"21","34","12","4","00:00:00","300","150","1","15171"
"221","189","207","4","00:01:50","247","73","0","15172"
"1","30","64","3","00:18:40","457","49","0","15173"
"16","75","133","3","00:18:40","457","49","0","15174"
"58","21","15","4","00:00:00","300","150","0","15175"
"23","78","126","4","00:01:59","300","150","1","15176"
"31","75","17","4","00:00:00","300","150","1","15177"
"42","21","247","3","00:18:40","203","27","1","15178"
"21","34","12","4","00:02:02","143","94","0","15179"
"31","58","22","4","00:00:00","300","150","1","15180"
"198","21","156","4","00:02:02","500","251","0","15181"
"109","21","23","4","00:00:00","300","150","0","15182"
"190","45","265","3","00:18:40","300","150","0","15183"
"21","30","55","4","00:02:03","300","150","0","15184"
"34","21","24","4","00:00:00","300","150","1","15185"
"97","49","97","4","00:02:03","300","150","1","15186"
"58","42","26","4","00:00:00","300","150","0","15187"
"101","195","206","4","00:02:05","300","150","1","15188"
"15","31","27","4","00:00:00","300","150","1","15189"
"101","97","207","4","00:02:06","397","73","0","15190"
"78","34","32","4","00:00:00","300","150","0","15192"
"34","31","35","4","00:00:00","300","150","0","15194"
"15","31","27","4","00:02:09","143","251","1","15196"
"76","42","36","4","00:00:00","300","150","0","15197"
"1","212","187","3","00:18:41","457","49","0","15199"
"189","15","123","4","00:02:12","143","251","1","15200"
"61","23","247","4","00:02:13","143","251","0","15201"
"205","31","243","3","00:18:41","500","94","1","15202"
"89","23","239","4","00:02:14","457","49","0","15203"
"23","73","40","4","00:00:00","300","150","1","15204"
"31","78","121","3","00:18:42","457","49","1","15205"
"21","34","12","4","00:02:18","500","94","0","15206"
"21","55","44","4","00:00:00","300","150","0","15207"
"107","9","69","4","00:02:18","457","49","1","15208"
"73","23","159","3","00:18:42","100","49","0","15209"
"78","42","48","4","00:00:00","300","150","0","15210"
"31","78","87","4","00:02:18","500","94","1","15211"
"42","201","161","3","00:18:42","500","94","1","15212"
"30","4","199","4","00:02:18","500","94","0","15213"
"248","195","239","3","00:18:42","500","251","0","15214"
"21","101","90","4","00:02:19","500","251","1","15216"
"76","81","47","3","00:18:43","457","49","1","15217"
"23","58","233","4","00:02:19","500","94","0","15218"
"57","78","127","3","00:18:43","397","73","1","15219"
"31","75","17","4","00:02:21","143","94","0","15220"
"23","81","55","4","00:02:21","500","251","0","15221"
"31","42","170","3","00:18:43","100","206","1","15222"
"21","57","44","4","00:02:22","500","251","0","15223"
"23","42","186","3","00:18:43","457","206","1","15224"
"31","57","199","4","00:15:06","143","94","0","15225"
"39","1","190","4","00:02:22","500","251","1","15226"
"23","57","208","4","00:15:06","500","94","1","15227"
"224","97","234","3","00:18:43","247","273","0","15228"
"34","23","117","4","00:02:24","100","49","0","15229"
"23","89","204","4","00:15:11","397","273","1","15230"
"73","31","227","4","00:02:27","500","94","0","15231"
"31","35","110","3","00:18:44","300","150","0","15232"
"78","32","163","4","00:02:34","143","94","0","15233"
"21","13","97","4","00:02:38","247","273","1","15234"
"34","78","179","3","00:18:44","457","206","0","15235"
"23","65","204","4","00:15:22","300","150","1","15236"
"89","34","189","4","00:02:42","500","94","1","15237"
"21","4","208","4","00:15:36","143","94","0","15238"
"21","75","90","4","00:02:43","300","150","1","15239"
"30","76","232","3","00:18:44","300","150","1","15240"
"32","76","138","4","00:02:44","143","251","0","15241"
"23","78","97","4","00:15:48","300","150","0","15242"
"34","1","179","4","00:02:46","100","49","0","15243"
"31","109","87","4","00:15:53","500","94","1","15244"
"78","57","65","4","00:02:49","500","251","1","15245"
"23","224","208","4","00:16:05","500","251","1","15246"
"23","57","209","4","00:02:57","500","94","1","15247"
"31","111","87","4","00:16:08","397","73","1","15248"
"23","75","90","4","00:02:59","397","73","1","15249"
"97","101","90","4","00:16:10","397","73","0","15250"
"97","245","269","4","00:02:59","397","273","0","15251"
"97","217","208","4","00:16:16","300","150","0","15252"
"13","21","23","3","00:18:45","457","206","0","15253"
"31","1","87","4","00:16:24","143","251","1","15254"
"98","58","22","4","00:03:00","500","94","0","15255"
"31","78","87","4","00:16:42","143","94","0","15256"
"57","30","212","3","00:18:45","100","49","1","15257"
"23","75","90","4","00:17:29","300","150","1","15258"
"21","74","90","4","00:17:33","143","251","0","15259"
"23","4","208","4","00:17:48","500","94","1","15260"
"201","88","199","4","00:17:52","500","251","1","15261"
"20","30","55","4","00:03:00","500","251","0","15262"
"138","78","87","4","00:18:17","143","94","0","15263"
"31","88","199","4","00:18:28","143","251","1","15264"
"97","78","97","4","00:18:53","247","273","1","15265"
"138","78","87","4","00:19:24","143","251","1","15266"
"23","4","208","4","00:19:42","143","94","1","15267"
"23","13","97","4","00:19:43","143","94","0","15268"
"15","61","213","3","00:18:45","457","49","1","15269"
"98","57","199","4","00:19:53","500","94","0","15270"
"78","31","173","4","00:03:00","143","251","1","15271"
"30","78","87","5","00:00:00","300","150","1","15272"
"183","31","163","4","00:03:03","143","251","0","15273"
"142","109","19","3","00:18:46","457","206","0","15274"
"21","75","90","5","00:00:00","300","150","0","15275"
"1","88","113","3","00:18:46","457","49","1","15276"
"23","78","97","5","00:00:00","300","150","1","15277"
"21","30","55","4","00:03:17","500","94","0","15278"
"76","42","36","4","00:03:18","300","150","0","15279"
"58","78","69","4","00:03:18","143","251","0","15280"
"30","49","85","4","00:03:19","500","94","0","15281"
"31","57","199","5","00:00:00","300","150","0","15282"
"15","245","269","4","00:03:20","500","94","0","15283"
"189","57","208","5","00:00:00","300","150","0","15284"
"23","35","12","4","00:03:24","143","251","0","15285"
"21","75","90","5","00:00:22","353","27","0","15286"
"1","23","147","3","00:18:46","300","150","1","15287"
"286","15","237","4","00:03:30","500","94","0","15288"
"23","57","208","5","00:00:27","100","49","1","15289"
"103","76","90","4","00:03:32","143","94","0","15290"
"30","15","87","5","00:00:59","457","49","0","15291"
"58","78","69","4","00:03:33","500","94","0","15292"
"23","31","175","3","00:18:47","457","49","1","15293"
"23","101","208","5","00:01:51","457","49","1","15294"
"115","73","136","4","00:03:38","397","73","0","15295"
"39","57","199","4","00:03:41","500","94","1","15296"
"21","75","90","5","00:02:06","300","150","0","15297"
"30","1","87","4","00:03:42","143","251","1","15298"
"23","49","97","5","00:02:14","353","27","1","15299"
"34","23","130","4","00:03:44","247","73","1","15300"
"31","109","87","5","00:02:24","457","49","1","15301"
"39","75","138","4","00:03:44","500","251","0","15302"
"116","76","90","5","00:02:42","457","206","0","15303"
"39","1","190","3","00:18:47","457","206","0","15304"
"21","76","90","4","00:03:49","143","251","1","15305"
"31","78","190","4","00:03:49","143","94","1","15306"
"75","23","92","3","00:18:48","300","150","1","15307"
"31","13","87","5","00:02:43","457","49","0","15308"
"20","4","209","4","00:03:50","300","150","0","15309"
"30","4","199","5","00:02:43","353","227","0","15310"
"31","280","214","3","00:18:48","457","49","0","15311"
"39","88","199","5","00:03:07","203","27","0","15312"
"30","109","87","5","00:03:09","457","49","1","15313"
"227","30","223","3","00:18:48","500","94","1","15314"
"21","78","97","5","00:03:26","100","206","0","15315"
"15","280","269","4","00:03:50","500","94","0","15316"
"31","58","254","3","00:18:48","100","206","0","15317"
"31","78","87","5","00:03:53","457","206","1","15318"
"31","57","199","4","00:03:54","397","273","1","15319"
"23","58","208","5","00:04:33","457","206","1","15320"
"101","1","101","3","00:18:49","300","150","0","15321"
"73","42","227","4","00:03:54","500","251","1","15322"
"23","58","208","5","00:04:51","300","150","1","15323"
"31","195","156","4","00:03:56","500","251","1","15324"
"4","76","238","3","00:18:49","100","206","1","15325"
"78","31","173","4","00:03:58","500","251","1","15326"
"91","57","208","5","00:05:15","100","49","0","15327"
"34","183","259","4","00:04:04","457","206","1","15328"
"31","49","85","4","00:04:05","143","251","1","15329"
"15","280","269","4","00:04:06","500","94","1","15331"
"16","58","65","4","00:04:07","500","94","0","15332"
"34","31","46","3","00:18:50","143","251","0","15333"
"89","21","142","4","00:04:07","143","94","0","15334"
"57","30","62","3","00:18:50","100","206","0","15335"
"30","13","87","5","00:05:28","100","206","1","15336"
"76","88","122","3","00:18:50","300","150","1","15337"
"31","57","199","5","00:05:35","100","206","1","15338"
"21","13","97","5","00:06:10","100","49","0","15340"
"1","39","16","3","00:18:51","100","49","0","15341"
"21","13","97","5","00:06:30","457","206","0","15342"
"98","1","87","4","00:04:08","300","150","0","15343"
"21","75","88","3","00:18:51","457","49","0","15344"
"76","89","257","4","00:04:10","203","227","1","15345"
"23","4","132","3","00:18:51","100","49","1","15346"
"31","78","190","4","00:04:11","143","94","0","15347"
"75","34","189","3","00:18:51","100","206","0","15348"
"97","89","204","4","00:04:13","500","94","0","15349"
"31","1","190","3","00:18:51","457","206","1","15350"
"23","4","208","4","00:04:14","143","94","0","15351"
"89","21","196","3","00:18:51","300","150","1","15352"
"34","23","117","4","00:04:15","100","206","1","15353"
"30","78","87","5","00:06:33","457","49","1","15354"
"16","23","4","3","00:18:52","100","206","0","15355"
"1","31","163","4","00:04:24","500","251","1","15356"
"97","58","251","4","00:04:24","300","150","1","15357"
"31","13","87","5","00:06:49","300","150","1","15358"
"34","183","259","4","00:04:29","100","206","1","15359"
"97","49","97","5","00:06:54","203","27","0","15360"
"97","101","90","4","00:04:30","143","94","0","15361"
"88","23","31","3","00:18:52","100","206","0","15362"
"31","1","85","4","00:04:31","143","94","1","15363"
"31","57","199","5","00:07:43","457","206","0","15364"
"23","98","55","4","00:04:32","143","94","0","15365"
"78","42","48","3","00:18:52","100","206","0","15366"
"31","78","87","5","00:07:52","457","206","1","15367"
"34","78","56","3","00:18:52","457","49","0","15368"
"30","224","199","5","00:08:10","457","206","0","15369"
"86","75","61","3","00:18:52","100","49","0","15370"
"98","13","87","5","00:08:36","100","49","1","15371"
"189","57","208","5","00:08:37","100","206","1","15372"
"78","205","139","4","00:04:35","500","251","0","15373"
"21","16","97","5","00:08:58","203","27","1","15374"
"23","125","100","3","00:18:52","100","206","1","15375"
"31","4","199","5","00:08:59","457","206","1","15376"
"23","76","136","3","00:18:52","100","49","1","15377"
"39","57","199","5","00:09:34","100","49","0","15378"
"31","76","138","3","00:18:52","100","206","0","15379"
"78","30","163","4","00:04:35","143","251","1","15380"
"31","15","87","5","00:09:44","457","206","1","15381"
"195","76","203","3","00:18:52","457","206","1","15383"
"97","13","97","5","00:09:52","100","206","0","15384"
"21","76","204","3","00:18:52","100","49","0","15385"
"97","13","97","5","00:10:00","100","206","0","15386"
"42","280","214","3","00:18:52","457","49","0","15387"
"116","13","97","4","00:04:37","500","94","0","15388"
"21","13","97","5","00:10:10","100","206","1","15389"
"138","13","87","5","00:10:41","100","206","1","15391"
"23","4","209","4","00:04:38","300","150","0","15392"
"73","34","2","3","00:18:53","457","49","0","15393"
"210","183","259","4","00:04:43","457","206","0","15394"
"30","88","199","5","00:11:14","100","206","1","15395"
"39","81","9","3","00:18:53","300","150","1","15397"
"23","4","208","5","00:11:15","457","49","1","15398"
"78","142","65","4","00:04:49","143","251","0","15399"
"65","89","257","4","00:04:50","457","206","1","15400"
"4","138","152","3","00:18:53","300","150","0","15401"
"21","109","97","5","00:11:58","457","49","1","15402"
"31","89","17","4","00:04:51","500","251","1","15403"
"31","57","199","3","00:18:53","457","49","0","15404"
"189","217","208","5","00:12:12","457","49","0","15405"
"98","78","87","4","00:04:51","500","94","1","15406"
"23","73","8","3","00:18:54","143","251","1","15407"
"23","13","97","4","00:04:51","143","94","0","15408"
"156","109","87","5","00:12:28","457","206","1","15409"
"42","31","35","4","00:04:52","500","251","1","15410"
"75","30","47","3","00:18:54","300","150","0","15411"
"65","75","257","4","00:04:52","300","150","0","15412"
"23","78","97","5","00:12:31","457","49","1","15413"
"280","190","256","3","00:18:54","300","150","0","15414"
"97","30","269","4","00:04:52","143","251","0","15415"
"97","57","208","5","00:13:00","100","206","0","15416"
"31","65","267","3","00:18:54","300","150","1","15417"
"31","13","87","5","00:13:08","100","206","0","15418"
"183","31","163","4","00:04:55","143","94","1","15419"
"31","78","87","5","00:13:28","457","49","0","15421"
"88","1","237","4","00:04:55","143","251","1","15422"
"30","42","13","3","00:18:55","100","206","1","15423"
"30","78","87","5","00:13:42","100","206","1","15424"
"97","30","269","4","00:04:56","247","273","0","15425"
"27","142","49","3","00:18:55","300","150","1","15426"
"23","109","97","5","00:13:58","457","206","0","15427"
"88","1","237","4","00:04:58","300","150","1","15428"
"21","78","97","5","00:14:33","203","227","0","15429"
"1","75","57","3","00:18:55","457","49","0","15430"
"183","31","163","4","00:04:59","143","94","1","15431"
"30","57","199","5","00:14:37","457","49","1","15432"
"34","21","130","4","00:05:00","300","150","0","15433"
"76","78","118","3","00:18:55","300","150","1","15434"
"23","57","208","5","00:15:08","300","150","0","15435"
"97","75","90","4","00:05:03","500","94","0","15436"
"31","88","199","5","00:15:09","353","227","0","15437"
"39","195","149","3","00:18:55","100","206","0","15438"
"97","109","97","4","00:05:17","397","73","0","15439"
"39","4","199","5","00:15:39","203","27","0","15440"
"42","189","247","3","00:18:55","100","49","0","15441"
"97","75","90","4","00:05:21","500","94","0","15442"
"30","4","199","5","00:15:54","353","227","0","15443"
"31","1","87","4","00:05:36","500","251","1","15444"
"1","35","32","3","00:18:56","300","150","1","15445"
"4","23","207","4","00:05:38","300","150","1","15446"
"25","4","208","5","00:16:06","203","27","0","15447"
"98","57","199","4","00:05:43","500","94","0","15448"
"1","114","163","3","00:18:56","300","150","1","15449"
"23","78","97","5","00:16:09","100","206","1","15450"
"97","57","209","4","00:05:50","300","150","1","15451"
"138","78","87","5","00:16:42","100","206","0","15452"
"23","76","204","4","00:05:52","500","251","1","15453"
"73","30","248","3","00:18:56","100","206","0","15454"
"97","101","208","5","00:16:43","457","206","0","15455"
"31","1","87","4","00:06:20","143","251","1","15456"
"23","101","208","5","00:16:46","457","206","1","15457"
"23","4","209","4","00:06:20","500","251","0","15459"
"21","13","97","5","00:16:50","457","49","0","15460"
"75","4","45","3","00:18:57","100","206","0","15461"
"31","49","85","4","00:06:24","143","251","1","15462"
"23","72","208","5","00:17:08","457","206","1","15463"
"23","217","209","4","00:06:24","300","150","0","15464"
"42","23","117","3","00:18:57","143","251","1","15465"
"23","78","97","5","00:17:26","203","27","1","15466"
"23","58","209","4","00:06:37","300","150","0","15467"
"23","4","208","4","00:06:55","500","94","1","15468"
"191","217","181","3","00:18:57","397","73","0","15469"
"30","88","199","5","00:17:42","100","49","0","15470"
"25","57","208","5","00:17:48","100","49","1","15471"
"30","49","85","4","00:07:00","143","251","1","15472"
"30","34","240","3","00:18:57","457","49","0","15473"
"31","4","199","5","00:18:22","457","49","1","15474"
"31","78","87","4","00:07:06","247","273","0","15475"
"21","78","97","5","00:18:26","457","49","1","15477"
"116","101","90","4","00:07:06","500","94","0","15478"
"31","4","199","5","00:18:31","457","206","1","15479"
"30","1","85","4","00:07:10","143","251","0","15480"
"73","34","2","3","00:18:58","457","206","0","15481"
"31","4","199","4","00:07:19","500","251","0","15482"
"30","78","87","5","00:19:25","457","206","1","15483"
"23","49","97","4","00:07:46","143","251","1","15484"
"35","57","53","3","00:18:58","300","150","1","15485"
"30","78","87","5","00:19:33","203","27","0","15486"
"30","57","199","4","00:07:49","500","94","1","15487"
"34","280","221","3","00:18:58","300","150","1","15488"
"4","23","207","4","00:07:59","397","273","0","15489"
"31","78","87","6","00:00:00","300","150","1","15490"
"195","224","209","4","00:08:01","397","273","0","15491"
"58","89","249","3","00:18:58","300","150","0","15492"
"31","57","199","6","00:00:00","300","150","1","15493"
"189","57","208","4","00:08:06","500","94","1","15494"
"189","57","208","6","00:00:00","300","150","1","15495"
"31","78","85","4","00:08:13","500","251","1","15496"
"31","13","87","6","00:00:40","500","94","1","15497"
"195","76","204","4","00:08:31","143","251","0","15498"
"31","13","87","6","00:01:21","143","251","1","15499"
"21","4","262","3","00:18:58","300","150","0","15500"
"189","4","208","4","00:08:45","500","94","0","15501"
"98","78","87","6","00:01:41","143","94","0","15502"
"21","78","97","4","00:08:58","143","94","0","15503"
"31","57","199","6","00:02:12","143","94","0","15504"
"31","4","199","6","00:02:29","143","94","0","15505"
"156","13","87","6","00:02:48","247","73","1","15506"
"20","4","208","6","00:03:02","300","150","1","15507"
"34","23","130","3","00:18:59","300","150","1","15508"
"30","101","199","6","00:03:06","247","273","1","15509"
"34","23","216","3","00:18:59","143","94","1","15510"
"31","57","199","6","00:03:47","143","251","1","15511"
"23","210","204","4","00:08:58","500","94","1","15512"
"31","57","199","6","00:03:53","143","94","1","15513"
"57","23","207","4","00:09:04","143","251","0","15514"
"4","20","207","4","00:09:32","500","251","1","15515"
"23","217","208","6","00:04:24","500","94","1","15516"
"23","57","208","6","00:04:33","500","94","1","15517"
"97","21","225","3","00:18:59","100","206","0","15518"
"21","75","204","4","00:09:44","143","251","0","15519"
"89","88","226","3","00:18:59","500","94","0","15520"
"30","76","154","3","00:19:00","300","150","1","15521"
"30","1","87","4","00:09:46","143","94","0","15522"
"23","58","209","3","00:19:00","457","206","0","15523"
"34","57","71","3","00:19:01","300","150","1","15525"
"97","217","208","6","00:04:42","300","150","1","15526"
"34","57","125","3","00:19:01","457","49","1","15527"
"97","13","97","4","00:09:49","143","94","0","15528"
"98","13","87","6","00:05:13","247","73","0","15529"
"23","58","209","3","00:19:01","300","150","0","15530"
"23","75","90","4","00:09:52","500","94","1","15531"
"30","88","199","6","00:05:14","500","94","1","15532"
"98","57","199","4","00:09:54","500","94","1","15533"
"224","97","234","3","00:19:01","143","94","0","15534"
"30","88","199","6","00:05:26","143","94","1","15535"
"217","189","207","4","00:10:00","500","94","0","15536"
"31","78","87","6","00:06:34","247","273","0","15537"
"58","49","268","3","00:19:01","100","49","0","15538"
"217","189","207","4","00:10:20","247","273","0","15539"
"25","4","208","6","00:06:51","500","94","0","15540"
"23","78","38","3","00:19:02","100","49","1","15541"
"23","57","208","4","00:10:21","247","73","1","15542"
"31","13","87","6","00:06:58","143","251","1","15543"
"23","65","90","4","00:10:31","500","251","0","15544"
"23","75","90","3","00:19:02","100","206","1","15545"
"23","220","208","6","00:07:08","500","251","1","15546"
"75","88","122","3","00:19:02","353","227","0","15547"
"31","57","199","6","00:07:25","143","251","0","15548"
"125","205","167","3","00:19:02","353","27","0","15549"
"98","13","87","6","00:07:45","143","94","0","15550"
"23","57","209","4","00:10:35","500","251","0","15551"
"138","78","87","6","00:07:59","143","251","0","15553"
"156","78","85","4","00:10:48","247","73","0","15554"
"23","73","8","3","00:19:03","143","251","1","15555"
"23","57","208","6","00:08:14","500","94","1","15556"
"31","78","85","4","00:10:55","143","251","1","15557"
"42","57","165","3","00:19:03","143","94","1","15558"
"30","88","199","6","00:08:24","500","94","1","15559"
"31","1","85","4","00:11:00","143","251","1","15560"
"23","4","208","6","00:08:25","143","251","1","15561"
"191","224","181","3","00:19:03","500","251","0","15562"
"21","65","90","4","00:11:06","500","251","0","15563"
"39","88","199","6","00:08:26","500","94","0","15564"
"195","76","204","4","00:11:08","500","251","0","15565"
"31","4","199","6","00:08:45","397","73","1","15566"
"4","23","207","3","00:19:03","457","49","0","15567"
"31","13","87","6","00:08:51","500","94","0","15568"
"98","1","87","4","00:11:24","143","94","0","15569"
"30","101","199","6","00:09:44","247","273","0","15570"
"97","72","208","4","00:11:35","500","251","1","15571"
"30","78","87","6","00:10:41","500","94","1","15572"
"23","13","97","4","00:11:47","143","251","0","15573"
"31","2","87","6","00:11:05","500","251","1","15574"
"21","78","230","3","00:19:03","457","49","1","15575"
"31","57","199","4","00:11:50","500","251","1","15576"
"31","57","199","6","00:11:09","247","73","1","15577"
"76","57","235","3","00:19:03","300","150","1","15578"
"138","109","87","6","00:11:36","500","251","0","15579"
"23","65","88","3","00:19:04","457","49","1","15580"
"30","88","199","6","00:11:42","143","94","1","15581"
"31","57","199","6","00:12:58","500","251","1","15582"
"4","23","207","4","00:11:56","500","251","0","15583"
"31","57","199","6","00:13:16","300","150","0","15584"
"30","101","199","6","00:13:57","247","73","0","15585"
"23","13","97","4","00:12:00","143","94","0","15586"
"30","57","199","6","00:16:24","247","273","0","15587"
"88","75","108","3","00:19:04","457","49","0","15588"
"31","58","199","6","00:17:32","500","251","0","15589"
"23","73","204","4","00:12:01","500","251","0","15590"
"30","88","199","6","00:18:47","143","251","1","15591"
"116","75","90","4","00:12:13","143","251","1","15592"
"31","57","199","7","00:00:00","300","150","1","15593"
"31","57","199","7","00:00:12","100","206","1","15594"
"21","78","97","4","00:12:13","247","273","1","15595"
"30","101","199","7","00:03:09","100","206","1","15596"
"31","57","199","7","00:04:12","457","49","0","15597"
"4","20","207","4","00:12:29","143","94","1","15598"
"32","88","199","7","00:09:14","457","49","1","15599"
"31","1","87","4","00:12:39","397","273","0","15600"
"31","57","199","7","00:11:52","457","49","1","15601"
"98","88","199","4","00:13:09","500","251","0","15602"
"30","4","199","7","00:12:39","457","49","1","15603"
"98","101","199","7","00:13:00","353","227","0","15604"
"98","88","199","4","00:13:12","500","251","0","15605"
"23","57","208","4","00:13:14","397","73","0","15606"
"156","78","87","4","00:13:31","143","94","0","15607"
"21","101","90","4","00:13:35","143","94","0","15608"
"97","217","208","4","00:13:41","143","251","1","15609"
"31","78","85","4","00:13:44","143","251","0","15610"
"31","78","85","4","00:13:58","500","94","1","15611"
"31","57","199","4","00:14:00","143","251","0","15612"
"195","76","204","4","00:14:13","143","94","1","15613"
"217","23","207","4","00:14:14","500","251","0","15614"
"23","13","97","4","00:14:20","143","94","0","15615"
"23","13","97","4","00:14:24","143","94","0","15616"
"31","57","199","4","00:14:26","143","251","1","15617"
"31","4","199","4","00:14:43","247","273","0","15618"
"23","57","208","4","00:14:57","500","251","1","15619"
"42","30","46","3","00:17:52","143","94","1","15620"
"73","88","235","3","00:17:52","100","206","1","15621"
"73","34","164","3","00:17:53","100","206","1","15622"
"30","78","190","3","00:17:53","300","150","0","15623"
"16","23","98","3","00:17:54","300","150","0","15624"
"57","39","172","3","00:17:54","143","251","0","15625"
"227","61","231","3","00:17:54","143","251","1","15626"
"89","23","239","3","00:17:54","247","73","0","15627"
"65","105","63","3","00:17:55","300","150","1","15628"
"21","42","107","3","00:17:55","457","49","0","15629"
"227","23","183","3","00:17:55","457","206","1","15630"
"4","31","188","3","00:17:55","457","206","1","15631"
"30","76","232","3","00:17:55","143","251","0","15632"
"61","81","3","3","00:17:56","100","206","0","15634"
"101","42","167","3","00:17:56","300","150","1","15635"
"31","42","170","3","00:17:56","100","49","0","15636"
"58","76","41","3","00:17:57","100","49","1","15637"
"21","75","270","1","00:00:00","300","150","0","26963"
"190","89","270","1","00:01:43","100","206","0","26964"
"21","75","270","1","00:03:01","203","227","1","26965"
"191","89","270","1","00:04:36","100","49","1","26966"
"23","89","270","1","00:04:57","300","150","0","26967"
"189","75","270","1","00:05:46","100","206","1","26968"
"21","89","270","1","00:06:04","457","49","1","26969"
"23","75","270","1","00:08:25","100","49","0","26970"
"21","209","270","1","00:09:02","100","206","0","26971"
"21","89","270","1","00:09:22","353","227","1","26972"
"190","227","270","1","00:11:29","353","27","1","26973"
"23","75","270","1","00:11:51","457","49","1","26974"
"21","227","270","1","00:12:55","457","206","0","26975"
"21","227","270","1","00:13:04","457","49","0","26976"
"21","227","270","1","00:13:08","457","49","1","26977"
"269","220","270","1","00:17:07","300","150","0","26978"
"23","248","270","1","00:17:22","457","49","1","26979"
"189","75","270","1","00:17:51","457","206","1","26980"
"21","75","270","1","00:18:01","100","49","1","26981"
"23","209","270","1","00:19:13","100","49","1","26982"
"269","220","270","1","00:19:59","300","150","0","26983"
"21","75","270","2","00:00:00","300","150","1","26984"
"190","89","270","2","00:01:28","397","273","1","26985"
"269","75","270","2","00:03:06","500","94","0","26986"
"21","89","270","2","00:05:56","500","94","1","26987"
"23","75","270","2","00:09:05","143","251","1","26988"
"23","75","270","2","00:09:08","143","94","1","26989"
"190","227","270","2","00:09:49","397","273","1","26990"
"21","89","270","2","00:10:12","300","150","0","26991"
"21","220","270","2","00:10:38","500","94","1","26992"
"23","227","270","2","00:12:35","300","150","1","26993"
"23","227","270","2","00:12:46","500","251","1","26994"
"189","89","270","2","00:14:14","300","150","0","26995"
"189","89","270","2","00:14:17","300","150","1","26996"
"21","75","270","2","00:14:38","500","94","0","26997"
"191","89","270","2","00:16:20","300","150","0","26998"
"21","227","270","2","00:18:53","300","150","0","26999"
"21","75","270","2","00:19:33","500","94","0","27000"
"21","75","270","3","00:00:00","300","150","0","27001"
"23","220","270","3","00:02:12","457","49","1","27002"
"23","75","270","3","00:04:14","100","206","0","27003"
"190","227","270","3","00:08:50","203","227","1","27004"
"21","75","270","3","00:13:26","300","150","0","27005"
"21","89","270","3","00:13:47","457","49","1","27006"
"21","75","270","3","00:14:04","457","49","0","27007"
"23","75","270","3","00:14:10","457","49","1","27008"
"23","75","270","3","00:18:18","457","49","1","27009"
"21","75","270","3","00:18:52","100","206","0","27010"
"269","220","270","3","00:19:26","300","150","0","27011"
"269","220","270","3","00:19:32","353","27","0","27012"
"269","220","270","3","00:19:46","457","206","1","27013"
"269","220","270","3","00:19:56","457","206","0","27014"
"280","61","271","1","00:00:00","300","150","0","27015"
"30","4","271","1","00:03:27","397","273","1","27016"
"30","61","271","1","00:03:45","500","94","0","27017"
"204","201","271","1","00:04:35","143","94","0","27018"
"45","39","271","1","00:05:00","300","150","1","27019"
"280","35","271","1","00:05:21","500","94","0","27020"
"30","61","271","1","00:05:47","300","150","0","27021"
"204","39","271","1","00:10:07","300","150","0","27022"
"280","4","271","1","00:10:40","143","94","1","27023"
"280","4","271","1","00:13:29","143","251","0","27024"
"30","4","271","1","00:14:39","143","94","1","27025"
"30","4","271","1","00:18:23","143","94","0","27026"
"280","201","271","1","00:19:15","143","94","0","27027"
"280","61","271","2","00:00:00","300","150","1","27028"
"30","201","271","2","00:01:43","203","27","0","27029"
"30","39","271","2","00:02:29","457","49","0","27030"
"204","39","271","2","00:03:02","100","206","0","27031"
"45","4","271","2","00:03:09","300","150","0","27032"
"45","4","271","2","00:03:22","457","49","1","27033"
"30","61","271","2","00:03:37","353","27","1","27034"
"30","201","271","2","00:04:19","457","49","0","27035"
"47","39","271","2","00:05:37","100","206","1","27036"
"204","4","271","2","00:05:57","300","150","0","27037"
"280","201","271","2","00:08:12","457","49","0","27038"
"280","35","271","2","00:10:12","457","49","0","27039"
"280","35","271","2","00:10:16","457","49","0","27040"
"280","272","271","2","00:10:41","100","206","1","27041"
"245","61","271","2","00:11:04","203","27","1","27042"
"45","4","271","2","00:12:53","100","49","1","27043"
"280","4","271","2","00:13:01","457","206","0","27044"
"45","61","271","2","00:13:36","457","49","1","27045"
"280","4","271","2","00:14:00","457","206","0","27046"
"30","39","271","2","00:16:49","457","206","1","27047"
"280","4","271","2","00:18:01","457","49","0","27048"
"204","4","271","2","00:18:05","457","49","1","27049"
"280","4","271","3","00:00:00","300","150","1","27050"
"30","61","271","3","00:00:37","143","251","1","27051"
"280","4","271","3","00:01:44","500","94","0","27052"
"280","35","271","3","00:03:43","300","150","1","27053"
"204","35","271","3","00:04:55","300","150","1","27054"
"204","4","271","3","00:04:59","143","251","1","27055"
"280","4","271","3","00:05:11","143","251","0","27056"
"280","42","271","3","00:09:01","143","251","0","27057"
"280","4","271","3","00:09:09","143","251","1","27058"
"280","201","271","3","00:09:59","143","94","0","27059"
"45","4","271","3","00:12:32","500","251","0","27060"
"30","201","271","3","00:13:01","500","251","0","27061"
"280","39","271","3","00:13:42","500","251","0","27062"
"280","42","271","3","00:14:27","500","251","0","27063"
"280","42","271","3","00:14:37","500","94","1","27064"
"280","42","271","3","00:14:43","500","94","0","27065"
"30","61","271","3","00:17:37","143","94","0","27066"
"280","61","271","3","00:18:06","143","251","1","27067"
"34","76","272","1","00:00:00","300","150","1","27068"
"224","66","272","1","00:00:28","300","150","0","27069"
"34","65","272","1","00:02:13","500","94","1","27070"
"224","316","272","1","00:03:09","500","94","1","27071"
"138","73","272","1","00:04:07","143","251","1","27072"
"291","317","272","1","00:05:08","500","94","1","27073"
"34","76","272","1","00:06:10","143","251","0","27074"
"224","76","272","1","00:06:39","143","94","1","27075"
"138","73","272","1","00:07:52","143","251","1","27076"
"138","313","272","1","00:08:44","500","94","0","27077"
"34","76","272","1","00:08:59","500","94","1","27078"
"34","73","272","1","00:09:23","500","251","1","27079"
"224","73","272","1","00:09:36","500","251","0","27080"
"224","65","272","1","00:10:23","500","94","1","27081"
"237","66","272","1","00:10:57","143","94","0","27082"
"34","76","272","1","00:15:49","143","94","1","27083"
"34","73","272","1","00:18:38","397","273","1","27084"
"34","73","272","1","00:18:46","500","94","0","27085"
"138","313","272","1","00:19:48","300","150","1","27086"
"34","76","272","2","00:00:00","300","150","1","27087"
"224","66","272","2","00:00:31","353","27","1","27088"
"237","313","272","2","00:01:06","457","206","0","27089"
"34","316","272","2","00:02:47","300","150","0","27090"
"34","73","272","2","00:03:06","100","206","0","27091"
"224","73","272","2","00:03:24","100","49","0","27092"
"138","313","272","2","00:04:26","300","150","1","27093"
"34","76","272","2","00:04:58","203","227","1","27094"
"34","76","272","2","00:05:23","100","206","0","27095"
"34","73","272","2","00:06:15","100","49","0","27096"
"138","76","272","2","00:08:07","100","206","0","27097"
"34","65","272","2","00:08:34","457","206","1","27098"
"34","313","272","2","00:11:13","100","206","1","27099"
"49","316","272","2","00:12:00","100","206","0","27100"
"138","86","272","2","00:12:47","353","227","1","27101"
"34","73","272","2","00:14:22","300","150","1","27102"
"34","76","272","2","00:14:48","203","27","0","27103"
"34","76","272","2","00:15:13","457","206","0","27104"
"138","73","272","2","00:17:53","457","49","0","27105"
"34","76","272","2","00:18:48","300","150","1","27106"
"224","313","272","2","00:19:49","100","49","1","27107"
"34","313","272","2","00:19:59","100","206","1","27108"
"34","76","272","3","00:00:00","300","150","1","27109"
"224","316","272","3","00:01:30","143","94","0","27110"
"237","316","272","3","00:01:56","143","94","1","27111"
"34","73","272","3","00:02:14","143","251","0","27112"
"138","316","272","3","00:04:23","500","94","0","27113"
"34","73","272","3","00:05:45","143","251","0","27114"
"224","76","272","3","00:05:56","300","150","0","27115"
"34","73","272","3","00:08:18","397","273","1","27116"
"224","76","272","3","00:09:42","143","94","0","27117"
"34","316","272","3","00:09:58","143","251","1","27118"
"34","76","272","3","00:10:48","143","251","1","27119"
"34","73","272","3","00:11:10","143","94","1","27120"
"34","316","272","3","00:13:32","143","251","1","27121"
"224","316","272","3","00:14:45","143","94","0","27122"
"224","73","272","3","00:15:54","500","94","1","27123"
"224","76","272","3","00:16:56","500","251","0","27124"
"34","313","272","3","00:18:01","300","150","0","27125"
"291","73","272","3","00:18:37","300","150","1","27126"
"57","78","273","1","00:00:00","300","150","1","27127"
"58","183","273","1","00:01:25","457","206","1","27128"
"58","1","273","1","00:04:04","300","150","0","27129"
"88","183","273","1","00:04:48","100","49","0","27130"
"58","183","273","1","00:08:03","300","150","1","27131"
"88","183","273","1","00:08:25","457","206","0","27132"
"101","15","273","1","00:09:44","457","49","1","27133"
"101","78","273","1","00:09:46","457","49","1","27134"
"101","78","273","1","00:10:22","457","206","0","27135"
"58","243","273","1","00:10:43","457","206","0","27136"
"57","243","273","1","00:11:14","100","206","0","27137"
"58","1","273","1","00:14:52","300","150","0","27138"
"57","78","273","1","00:16:12","457","206","0","27139"
"58","183","273","1","00:17:39","300","150","0","27140"
"58","183","273","1","00:17:49","100","49","0","27141"
"57","78","273","1","00:19:36","100","49","1","27142"
"57","78","273","2","00:00:00","300","150","1","27143"
"57","78","273","2","00:03:10","500","94","0","27144"
"57","1","273","2","00:06:00","143","251","0","27145"
"58","15","273","2","00:08:03","500","94","0","27146"
"57","1","273","2","00:10:02","397","73","1","27147"
"58","15","273","2","00:11:02","500","251","0","27148"
"72","78","273","2","00:11:53","300","150","0","27149"
"57","243","273","2","00:13:07","300","150","1","27150"
"58","1","273","2","00:14:23","500","251","1","27151"
"88","1","273","2","00:14:41","143","251","0","27152"
"57","15","273","2","00:15:33","500","94","1","27153"
"101","78","273","2","00:16:50","500","94","0","27154"
"58","78","273","2","00:17:11","143","94","1","27155"
"88","1","273","2","00:18:29","300","150","0","27156"
"58","1","273","3","00:00:00","300","150","1","27157"
"88","15","273","3","00:00:08","300","150","0","27158"
"58","15","273","3","00:01:44","100","49","0","27159"
"101","1","273","3","00:02:04","300","150","0","27160"
"101","78","273","3","00:05:56","457","49","1","27161"
"57","78","273","3","00:06:21","457","49","0","27162"
"58","78","273","3","00:06:52","100","49","0","27163"
"88","8","273","3","00:07:19","457","49","1","27164"
"88","97","273","3","00:07:29","203","27","0","27165"
"57","78","273","3","00:09:23","100","49","1","27166"
"101","78","273","3","00:10:11","100","206","0","27167"
"58","15","273","3","00:11:27","457","206","1","27168"
"58","78","273","3","00:11:44","457","49","0","27169"
"57","1","273","3","00:13:26","300","150","1","27170"
"57","78","273","3","00:15:25","100","206","0","27171"
"58","1","273","3","00:16:50","457","49","1","27172"
"58","78","273","3","00:18:57","457","206","1","27173"
"57","97","273","3","00:19:46","100","206","1","27174"
"58","15","273","4","00:00:00","300","150","1","27175"
"58","17","273","4","00:04:46","300","150","0","27176"
"31","23","274","1","00:00:00","300","150","0","27177"
"61","23","274","1","00:02:40","100","206","0","27178"
"4","269","274","1","00:04:55","100","206","0","27179"
"42","23","274","1","00:07:39","100","49","1","27180"
"201","102","274","1","00:08:17","203","27","1","27181"
"61","189","274","1","00:09:57","203","27","1","27182"
"4","23","274","1","00:11:14","100","206","0","27183"
"31","21","274","1","00:13:01","300","150","1","27184"
"4","269","274","1","00:14:12","300","150","1","27185"
"31","23","274","1","00:15:38","100","206","1","27186"
"201","269","274","1","00:17:48","100","206","0","27187"
"4","23","274","1","00:18:15","457","206","1","27188"
"31","23","274","1","00:19:18","100","206","1","27189"
"31","190","274","2","00:00:00","300","150","0","27190"
"31","23","274","2","00:01:03","143","251","1","27191"
"61","21","274","2","00:01:48","500","251","0","27192"
"61","21","274","2","00:02:17","500","251","0","27193"
"4","191","274","2","00:02:37","397","273","1","27194"
"201","269","274","2","00:03:15","143","251","0","27195"
"31","23","274","2","00:04:27","500","251","1","27196"
"4","21","274","2","00:05:28","143","251","1","27197"
"42","23","274","2","00:06:07","143","94","1","27198"
"31","102","274","2","00:08:58","247","73","1","27199"
"201","269","274","2","00:10:01","397","73","1","27200"
"4","23","274","2","00:10:47","500","94","1","27201"
"4","23","274","2","00:10:55","500","94","0","27202"
"31","189","274","2","00:11:20","143","94","0","27203"
"201","269","274","2","00:13:07","143","251","1","27204"
"4","23","274","2","00:13:50","397","73","0","27205"
"31","21","274","2","00:14:41","397","73","0","27206"
"61","23","274","2","00:16:17","500","94","1","27207"
"201","21","274","2","00:18:08","500","251","0","27208"
"31","21","274","2","00:18:42","143","251","0","27209"
"4","21","274","2","00:19:52","500","251","0","27210"
"61","21","274","3","00:00:00","300","150","1","27211"
"4","23","274","3","00:01:16","353","227","0","27212"
"98","21","274","3","00:03:41","457","49","0","27213"
"31","23","274","3","00:04:11","457","206","1","27214"
"39","24","274","3","00:04:47","457","49","1","27215"
"42","23","274","3","00:06:03","353","227","1","27216"
"4","269","274","3","00:07:22","457","49","0","27217"
"42","189","274","3","00:07:54","100","49","0","27218"
"31","189","274","3","00:08:11","457","49","1","27219"
"31","21","274","3","00:11:23","300","150","1","27220"
"42","189","274","3","00:11:43","100","49","1","27221"
"4","23","274","3","00:12:05","100","49","1","27222"
"61","102","274","3","00:12:32","457","49","1","27223"
"98","21","274","3","00:12:50","457","49","1","27224"
"31","23","274","3","00:13:57","457","206","1","27225"
"201","191","274","3","00:14:09","300","150","1","27226"
"61","269","274","3","00:15:35","100","206","0","27227"
"201","191","274","3","00:17:32","100","206","1","27228"
"4","269","274","3","00:18:09","457","206","1","27229"
"227","76","275","1","00:00:00","300","150","1","27230"
"75","73","275","1","00:00:22","247","273","1","27231"
"89","313","275","1","00:02:19","500","251","0","27232"
"161","76","275","1","00:04:45","500","251","0","27233"
"220","76","275","1","00:07:10","300","150","0","27234"
"89","316","275","1","00:08:07","300","150","1","27235"
"227","74","275","1","00:09:43","143","94","0","27236"
"75","76","275","1","00:10:51","300","150","1","27237"
"89","76","275","1","00:11:34","143","251","1","27238"
"75","76","275","1","00:12:04","143","251","0","27239"
"114","316","275","1","00:13:50","143","94","0","27240"
"89","313","275","1","00:14:30","247","73","0","27241"
"89","76","275","1","00:15:24","500","251","1","27242"
"114","73","275","1","00:16:15","143","251","0","27243"
"227","76","275","1","00:19:06","143","94","1","27244"
"227","73","275","1","00:19:30","500","251","0","27245"
"227","76","275","2","00:00:00","300","150","0","27246"
"89","313","275","2","00:01:37","203","227","0","27247"
"220","44","275","2","00:03:37","457","49","1","27248"
"75","73","275","2","00:04:21","100","206","0","27249"
"75","76","275","2","00:04:44","100","206","0","27250"
"227","76","275","2","00:12:44","353","27","0","27251"
"227","76","275","2","00:12:56","457","49","1","27252"
"220","73","275","2","00:13:11","457","206","1","27253"
"75","313","275","2","00:15:39","100","206","1","27254"
"227","76","275","2","00:16:21","100","49","1","27255"
"75","76","275","2","00:16:38","100","206","1","27256"
"220","313","275","2","00:17:40","100","49","1","27257"
"220","76","275","2","00:17:51","457","206","0","27258"
"89","76","275","2","00:18:10","457","49","1","27259"
"75","73","275","2","00:18:46","353","27","0","27260"
"227","76","275","3","00:00:00","300","150","1","27261"
"89","26","275","3","00:01:30","500","94","0","27262"
"75","76","275","3","00:02:40","143","251","1","27263"
"220","73","275","3","00:03:43","500","94","0","27264"
"75","76","275","3","00:06:41","143","251","1","27265"
"75","65","275","3","00:06:48","143","94","1","27266"
"220","316","275","3","00:07:49","500","94","1","27267"
"75","76","275","3","00:09:07","300","150","0","27268"
"220","73","275","3","00:11:57","500","94","0","27269"
"89","73","275","3","00:14:10","500","94","1","27270"
"75","76","275","3","00:15:06","500","94","0","27271"
"75","313","275","3","00:15:37","500","94","0","27272"
"220","73","275","3","00:16:39","500","94","0","27273"
"75","73","275","3","00:18:02","500","94","1","27274"
"220","73","275","3","00:19:05","143","94","1","27275"
"76","31","276","1","00:00:00","300","150","0","27276"
"76","31","276","1","00:00:19","457","49","0","27277"
"315","4","276","1","00:00:54","353","27","0","27278"
"317","4","276","1","00:01:30","203","227","1","27279"
"313","4","276","1","00:01:41","203","27","1","27280"
"76","4","276","1","00:01:57","100","49","0","27281"
"316","201","276","1","00:03:41","353","227","1","27282"
"76","31","276","1","00:05:27","457","49","1","27283"
"73","4","276","1","00:06:37","100","206","0","27284"
"73","4","276","1","00:06:44","100","206","0","27285"
"76","31","276","1","00:07:27","300","150","0","27286"
"316","61","276","1","00:09:13","457","206","0","27287"
"76","31","276","1","00:10:35","300","150","0","27288"
"313","31","276","1","00:11:15","100","206","1","27289"
"86","201","276","1","00:11:49","457","49","0","27290"
"317","201","276","1","00:12:12","457","206","0","27291"
"313","31","276","1","00:15:57","457","49","0","27292"
"76","31","276","1","00:16:31","457","49","0","27293"
"73","42","276","1","00:16:44","457","206","1","27294"
"73","31","276","1","00:19:41","100","206","0","27295"
"76","39","276","2","00:00:00","300","150","0","27296"
"73","31","276","2","00:01:31","143","94","1","27297"
"73","31","276","2","00:01:39","300","150","0","27298"
"313","4","276","2","00:02:13","500","94","1","27299"
"315","201","276","2","00:02:53","500","94","1","27300"
"76","31","276","2","00:04:04","300","150","1","27301"
"76","39","276","2","00:05:12","143","94","0","27302"
"316","4","276","2","00:08:04","300","150","0","27303"
"76","4","276","2","00:08:51","143","94","1","27304"
"100","31","276","2","00:11:41","500","94","0","27305"
"313","35","276","2","00:13:20","300","150","0","27306"
"76","31","276","2","00:14:27","500","94","0","27307"
"316","4","276","2","00:15:08","397","273","1","27308"
"313","31","276","2","00:17:22","500","94","0","27309"
"73","4","276","2","00:18:06","300","150","0","27310"
"76","42","276","2","00:19:14","500","251","1","27311"
"76","4","276","2","00:19:52","300","150","0","27312"
"76","31","276","3","00:00:00","300","150","0","27313"
"313","201","276","3","00:02:02","457","206","0","27314"
"76","42","276","3","00:03:20","457","49","0","27315"
"76","31","276","3","00:05:01","203","27","1","27316"
"76","31","276","3","00:05:52","100","49","0","27317"
"73","201","276","3","00:07:08","457","49","1","27318"
"73","61","276","3","00:07:30","300","150","1","27319"
"73","61","276","3","00:07:38","353","27","0","27320"
"76","31","276","3","00:08:41","100","49","0","27321"
"73","31","276","3","00:09:51","457","49","1","27322"
"313","61","276","3","00:11:14","203","27","1","27323"
"73","61","276","3","00:13:17","353","27","0","27324"
"73","61","276","3","00:13:28","457","49","1","27325"
"73","31","276","3","00:16:23","100","206","1","27326"
"76","61","276","3","00:16:44","100","49","1","27327"
"76","61","276","3","00:16:51","300","150","1","27328"
"73","4","276","3","00:17:29","300","150","0","27329"
"76","61","276","3","00:18:30","300","150","1","27330"
"76","31","276","3","00:18:56","300","150","1","27331"
"76","31","276","4","00:00:00","300","150","0","27332"
"76","31","276","4","00:04:35","500","94","1","27333"
"57","34","277","1","00:00:00","300","150","1","27334"
"88","224","277","1","00:04:33","457","206","0","27335"
"101","138","277","1","00:05:26","457","49","0","27336"
"57","224","277","1","00:08:42","100","206","0","27337"
"58","224","277","1","00:09:09","353","27","1","27338"
"57","34","277","1","00:12:06","100","49","0","27339"
"101","224","277","1","00:14:04","100","206","0","27340"
"88","138","277","1","00:14:15","300","150","1","27341"
"57","224","277","1","00:16:41","353","27","1","27342"
"57","34","277","1","00:17:15","457","49","1","27343"
"101","138","277","1","00:17:53","203","27","0","27344"
"58","224","277","1","00:19:02","300","150","1","27345"
"57","34","277","2","00:00:00","300","150","1","27346"
"88","224","277","2","00:01:39","143","251","1","27347"
"88","138","277","2","00:01:46","143","251","0","27348"
"57","34","277","2","00:03:26","143","251","1","27349"
"88","224","277","2","00:04:45","143","94","1","27350"
"88","224","277","2","00:04:58","500","251","1","27351"
"58","138","277","2","00:06:38","143","94","1","27352"
"115","34","277","2","00:08:17","500","94","0","27353"
"57","224","277","2","00:09:13","300","150","1","27354"
"101","138","277","2","00:09:55","300","150","1","27355"
"58","34","277","2","00:10:17","300","150","0","27356"
"57","34","277","2","00:12:01","500","251","0","27357"
"88","224","277","2","00:12:43","247","73","0","27358"
"101","237","277","2","00:13:38","500","251","0","27359"
"38","237","277","2","00:13:47","500","251","0","27360"
"58","34","277","2","00:13:58","300","150","0","27361"
"57","224","277","2","00:14:47","300","150","1","27362"
"58","138","277","2","00:15:36","143","94","0","27363"
"192","34","277","2","00:19:29","500","94","0","27364"
"101","34","277","3","00:00:00","300","150","0","27365"
"58","224","277","3","00:01:00","300","150","0","27366"
"57","34","277","3","00:01:47","100","49","0","27367"
"88","34","277","3","00:02:09","100","206","1","27368"
"101","34","277","3","00:04:46","457","49","1","27369"
"88","34","277","3","00:05:51","457","49","0","27370"
"58","34","277","3","00:09:21","457","206","1","27371"
"88","138","277","3","00:10:08","300","150","0","27372"
"57","34","277","3","00:11:03","100","206","1","27373"
"57","34","277","3","00:11:05","100","206","1","27374"
"101","291","277","3","00:12:41","353","27","0","27375"
"57","34","277","3","00:14:01","100","49","0","27376"
"58","138","277","3","00:15:19","457","49","0","27377"
"88","224","277","3","00:15:29","457","206","1","27378"
"57","291","277","3","00:16:47","100","206","0","27379"
"58","34","277","3","00:17:11","100","49","1","27380"
"57","138","277","3","00:17:39","100","206","0","27381"
"88","224","277","3","00:18:02","300","150","1","27382"
"57","34","277","3","00:18:14","300","150","0","27383"
"57","34","277","3","00:18:36","457","49","0","27384"
"57","34","277","3","00:19:00","457","49","0","27385"
"58","34","277","3","00:19:07","457","206","1","27386"
"30","15","278","1","00:00:00","300","150","0","27387"
"30","1","278","1","00:02:53","457","49","1","27388"
"245","15","278","1","00:04:12","143","94","0","27389"
"30","183","278","1","00:05:48","397","273","0","27390"
"280","15","278","1","00:07:46","143","251","1","27391"
"30","15","278","1","00:13:29","500","94","0","27392"
"9","1","278","1","00:15:49","397","273","1","27393"
"30","243","278","1","00:16:07","100","206","1","27394"
"30","15","278","1","00:16:15","300","150","1","27395"
"280","1","278","1","00:17:24","500","251","1","27396"
"30","15","278","2","00:00:00","300","150","0","27397"
"47","8","278","2","00:01:42","100","206","1","27398"
"45","183","278","2","00:04:18","203","27","0","27399"
"45","183","278","2","00:04:35","353","27","1","27400"
"280","1","278","2","00:05:16","457","206","0","27401"
"30","78","278","2","00:06:22","100","49","0","27402"
"30","183","278","2","00:06:41","100","206","0","27403"
"280","78","278","2","00:06:56","353","27","0","27404"
"30","97","278","2","00:08:17","100","49","1","27405"
"245","15","278","2","00:09:52","100","206","1","27406"
"245","78","278","2","00:09:58","100","206","1","27407"
"245","1","278","2","00:12:38","100","206","1","27408"
"205","15","278","2","00:13:34","100","49","0","27409"
"245","78","278","2","00:13:52","457","49","1","27410"
"280","183","278","2","00:14:13","100","49","1","27411"
"30","15","278","2","00:14:16","457","49","1","27412"
"280","1","278","2","00:17:16","100","206","0","27413"
"30","15","278","2","00:17:36","100","49","0","27414"
"30","15","278","2","00:17:44","100","206","1","27415"
"245","1","278","2","00:19:44","100","206","0","27416"
"280","1","278","2","00:19:56","100","206","1","27417"
"30","15","278","3","00:00:00","300","150","0","27418"
"245","15","278","3","00:01:31","500","94","0","27419"
"30","15","278","3","00:01:49","500","94","0","27420"
"40","15","278","3","00:03:03","500","94","0","27421"
"280","243","278","3","00:03:54","500","251","0","27422"
"206","97","278","3","00:05:29","500","94","1","27423"
"9","97","278","3","00:07:19","143","251","0","27424"
"280","183","278","3","00:08:01","143","251","1","27425"
"245","15","278","3","00:11:02","500","251","0","27426"
"280","183","278","3","00:12:01","300","150","0","27427"
"280","78","278","3","00:14:28","143","94","0","27428"
"205","1","278","3","00:15:53","143","251","0","27429"
"280","183","278","3","00:19:12","143","251","1","27430"
"245","57","279","1","00:00:00","300","150","1","27431"
"245","57","279","1","00:00:05","300","150","0","27432"
"245","57","279","1","00:02:43","397","273","1","27433"
"30","101","279","1","00:05:15","500","94","0","27434"
"30","88","279","1","00:08:07","247","273","1","27435"
"245","57","279","1","00:08:20","143","94","0","27436"
"245","57","279","1","00:08:35","247","273","1","27437"
"280","58","279","1","00:08:55","143","251","1","27438"
"280","58","279","1","00:09:01","300","150","1","27439"
"280","58","279","1","00:09:15","500","251","0","27440"
"45","101","279","1","00:09:28","397","273","1","27441"
"30","88","279","1","00:10:32","247","273","1","27442"
"45","101","279","1","00:12:37","397","273","1","27443"
"30","88","279","1","00:12:58","500","94","1","27444"
"245","57","279","1","00:13:14","300","150","0","27445"
"45","101","279","1","00:14:51","300","150","0","27446"
"245","101","279","1","00:15:29","143","251","0","27447"
"245","286","279","1","00:15:44","143","251","1","27448"
"245","57","279","1","00:17:00","143","251","0","27449"
"30","101","279","1","00:17:10","300","150","1","27450"
"40","58","279","1","00:17:32","500","251","1","27451"
"45","88","279","1","00:18:03","300","150","0","27452"
"280","57","279","2","00:00:00","300","150","1","27453"
"280","57","279","2","00:03:49","457","206","1","27454"
"280","57","279","2","00:06:08","100","49","1","27455"
"9","58","279","2","00:07:21","100","206","0","27456"
"280","58","279","2","00:10:18","100","206","0","27457"
"9","58","279","2","00:11:50","457","206","1","27458"
"30","88","279","2","00:12:32","457","206","0","27459"
"280","57","279","2","00:13:02","457","49","0","27460"
"280","57","279","2","00:13:21","353","27","1","27461"
"205","58","279","2","00:14:11","457","206","0","27462"
"280","88","279","2","00:15:53","457","49","0","27463"
"280","57","279","2","00:17:10","100","49","1","27464"
"30","58","279","2","00:17:42","100","49","1","27465"
"206","58","279","2","00:18:00","100","49","0","27466"
"280","58","279","2","00:19:45","100","206","0","27467"
"280","57","279","3","00:00:00","300","150","0","27468"
"245","57","279","3","00:03:18","300","150","0","27469"
"245","58","279","3","00:03:40","397","273","0","27470"
"245","101","279","3","00:05:47","143","251","1","27471"
"280","57","279","3","00:06:58","247","73","1","27472"
"280","57","279","3","00:09:30","143","94","1","27473"
"280","57","279","3","00:09:35","143","94","0","27474"
"280","57","279","3","00:09:42","143","251","0","27475"
"30","101","279","3","00:10:45","300","150","0","27476"
"280","88","279","3","00:11:14","143","94","0","27477"
"280","58","279","3","00:11:48","500","251","1","27478"
"30","58","279","3","00:12:25","143","251","1","27479"
"245","115","279","3","00:13:37","300","150","1","27480"
"45","101","279","3","00:15:27","300","150","0","27481"
"30","58","279","3","00:16:11","143","251","1","27482"
"30","57","279","3","00:16:19","143","251","1","27483"
"245","101","279","3","00:19:15","300","150","1","27484"
"76","21","280","1","00:00:00","300","150","1","27485"
"76","21","280","1","00:00:11","300","150","0","27486"
"316","21","280","1","00:02:26","457","49","0","27487"
"313","102","280","1","00:04:47","457","49","1","27488"
"76","191","280","1","00:05:51","457","49","1","27489"
"73","23","280","1","00:06:48","100","206","1","27490"
"86","269","280","1","00:07:55","457","49","0","27491"
"316","269","280","1","00:07:59","457","49","0","27492"
"73","23","280","1","00:10:11","300","150","0","27493"
"66","23","280","1","00:10:37","100","49","0","27494"
"316","23","280","1","00:11:08","100","206","0","27495"
"316","23","280","1","00:11:17","100","206","0","27496"
"313","21","280","1","00:12:42","457","49","0","27497"
"76","21","280","1","00:12:49","457","49","0","27498"
"73","21","280","1","00:16:28","457","49","0","27499"
"316","102","280","1","00:18:12","300","150","0","27500"
"76","102","280","1","00:18:27","457","206","1","27501"
"73","102","280","1","00:19:43","100","206","1","27502"
"76","21","280","2","00:00:00","300","150","0","27503"
"76","269","280","2","00:02:26","143","251","0","27504"
"73","23","280","2","00:03:57","500","94","1","27505"
"73","189","280","2","00:04:16","300","150","1","27506"
"313","269","280","2","00:05:28","143","94","1","27507"
"76","23","280","2","00:07:41","143","94","1","27508"
"76","102","280","2","00:08:04","300","150","0","27509"
"73","23","280","2","00:13:59","397","273","0","27510"
"65","23","280","2","00:14:09","500","251","0","27511"
"76","23","280","2","00:14:13","500","251","0","27512"
"73","21","280","2","00:15:45","143","251","1","27513"
"76","23","280","2","00:17:29","397","273","0","27514"
"65","21","280","2","00:19:14","500","251","1","27515"
"65","191","280","2","00:19:24","143","251","0","27516"
"76","23","280","2","00:19:40","247","73","0","27517"
"76","21","280","3","00:00:00","300","150","1","27518"
"76","21","280","3","00:00:05","353","227","0","27519"
"73","23","280","3","00:00:52","457","49","0","27520"
"313","102","280","3","00:02:08","457","49","1","27521"
"313","102","280","3","00:02:18","457","206","1","27522"
"244","23","280","3","00:03:34","457","206","0","27523"
"76","23","280","3","00:03:41","457","206","0","27524"
"76","23","280","3","00:03:54","457","206","0","27525"
"76","191","280","3","00:04:08","457","49","0","27526"
"73","23","280","3","00:05:18","300","150","0","27527"
"73","102","280","3","00:08:42","457","206","1","27528"
"313","21","280","3","00:09:34","100","206","0","27529"
"316","21","280","3","00:11:50","457","49","1","27530"
"76","23","280","3","00:12:27","203","227","0","27531"
"313","21","280","3","00:13:54","353","227","0","27532"
"76","21","280","3","00:15:29","353","27","1","27533"
"313","23","280","3","00:16:28","100","206","0","27534"
"76","23","280","3","00:16:37","100","49","1","27535"
"73","269","280","3","00:17:16","100","49","1","27536"
"313","269","280","3","00:17:33","353","227","1","27537"
"76","21","280","3","00:18:03","100","206","1","27538"
"76","23","280","3","00:18:14","300","150","1","27539"
"76","21","280","3","00:19:50","100","49","0","27540"
"76","23","280","4","00:00:00","300","150","1","27541"
"73","21","280","4","00:00:28","457","49","0","27542"
"76","23","280","4","00:02:11","500","251","0","27543"
"75","97","281","1","00:00:00","300","150","0","27544"
"220","1","281","1","00:01:56","500","251","1","27545"
"75","97","281","1","00:02:39","247","273","0","27546"
"75","97","281","1","00:08:14","143","251","1","27547"
"248","15","281","1","00:09:29","143","251","0","27548"
"227","78","281","1","00:09:51","397","73","0","27549"
"220","1","281","1","00:10:49","143","94","0","27550"
"75","15","281","1","00:12:16","500","251","0","27551"
"248","15","281","1","00:12:32","143","251","0","27552"
"75","1","281","1","00:14:09","247","73","1","27553"
"75","97","281","1","00:14:30","143","251","1","27554"
"75","183","281","1","00:16:56","247","273","1","27555"
"220","78","281","1","00:17:48","300","150","1","27556"
"75","15","281","1","00:18:28","500","251","0","27557"
"75","243","281","1","00:18:57","500","94","0","27558"
"75","97","281","2","00:00:00","300","150","0","27559"
"248","1","281","2","00:02:38","100","206","1","27560"
"248","1","281","2","00:02:45","100","206","0","27561"
"75","97","281","2","00:03:13","100","206","0","27562"
"75","97","281","2","00:03:19","100","49","0","27563"
"75","15","281","2","00:03:23","100","49","1","27564"
"227","78","281","2","00:04:11","457","49","0","27565"
"220","15","281","2","00:04:33","100","49","1","27566"
"161","15","281","2","00:04:42","457","49","0","27567"
"89","243","281","2","00:05:50","353","27","0","27568"
"227","1","281","2","00:06:40","100","49","1","27569"
"227","97","281","2","00:06:44","100","49","1","27570"
"161","15","281","2","00:07:44","457","49","0","27571"
"75","15","281","2","00:08:05","457","49","0","27572"
"75","15","281","2","00:11:44","100","49","1","27573"
"75","97","281","2","00:13:36","100","206","1","27574"
"227","1","281","2","00:14:26","100","206","0","27575"
"75","1","281","2","00:14:33","100","206","1","27576"
"220","1","281","2","00:15:50","100","206","1","27577"
"75","15","281","2","00:18:24","457","49","0","27578"
"75","15","281","3","00:00:00","300","150","0","27579"
"220","97","281","3","00:01:26","247","273","0","27580"
"227","183","281","3","00:03:19","300","150","1","27581"
"75","15","281","3","00:08:32","143","251","1","27582"
"75","183","281","3","00:12:28","143","251","1","27583"
"220","183","281","3","00:14:04","143","251","0","27584"
"227","78","281","3","00:14:49","300","150","1","27585"
"75","15","281","3","00:16:15","247","273","0","27586"
"220","97","281","3","00:16:34","300","150","1","27587"
"227","15","281","3","00:17:22","500","251","1","27588"
"75","15","281","3","00:19:34","143","251","1","27589"
"75","97","281","4","00:00:00","300","150","0","27590"
"57","61","282","1","00:00:00","300","150","1","27591"
"101","39","282","1","00:02:02","143","251","1","27592"
"57","61","282","1","00:02:37","143","94","0","27593"
"57","272","282","1","00:02:43","397","73","1","27594"
"58","61","282","1","00:06:25","143","251","1","27595"
"57","61","282","1","00:08:09","143","251","1","27596"
"57","201","282","1","00:08:58","500","94","1","27597"
"58","4","282","1","00:09:18","500","251","1","27598"
"101","201","282","1","00:10:46","500","94","1","27599"
"57","61","282","1","00:11:39","500","94","1","27600"
"58","42","282","1","00:12:48","500","251","1","27601"
"88","201","282","1","00:14:03","143","251","0","27602"
"58","61","282","1","00:15:09","300","150","0","27603"
"88","4","282","1","00:16:20","300","150","0","27604"
"57","39","282","1","00:17:28","300","150","1","27605"
"57","35","282","1","00:18:18","500","94","1","27606"
"58","42","282","1","00:18:37","500","251","1","27607"
"88","274","282","1","00:19:35","500","251","0","27608"
"57","61","282","2","00:00:00","300","150","0","27609"
"58","4","282","2","00:00:38","457","206","0","27610"
"58","201","282","2","00:01:16","457","49","1","27611"
"88","61","282","2","00:01:44","100","49","1","27612"
"88","61","282","2","00:01:47","100","49","1","27613"
"57","4","282","2","00:03:16","457","49","1","27614"
"58","4","282","2","00:03:39","300","150","1","27615"
"101","39","282","2","00:06:02","300","150","0","27616"
"58","201","282","2","00:06:21","300","150","0","27617"
"58","201","282","2","00:06:36","300","150","0","27618"
"88","201","282","2","00:08:01","300","150","0","27619"
"58","39","282","2","00:09:13","300","150","0","27620"
"57","61","282","2","00:11:52","300","150","0","27621"
"101","39","282","2","00:12:55","100","49","0","27622"
"58","61","282","2","00:13:36","100","49","1","27623"
"58","201","282","2","00:14:10","457","49","1","27624"
"58","201","282","2","00:14:13","457","49","0","27625"
"58","61","282","2","00:17:42","100","206","1","27626"
"57","4","282","2","00:19:14","353","27","1","27627"
"57","61","282","3","00:00:00","300","150","1","27628"
"58","39","282","3","00:03:44","143","94","1","27629"
"101","42","282","3","00:08:23","500","94","1","27630"
"57","42","282","3","00:08:44","397","273","0","27631"
"58","4","282","3","00:12:59","500","251","0","27632"
"58","42","282","3","00:13:51","500","94","0","27633"
"57","39","282","3","00:16:04","500","251","1","27634"
"101","61","282","3","00:19:17","300","150","1","27635"
"57","39","282","3","00:19:47","397","273","0","27636"
"34","1","283","1","00:00:00","300","150","1","27637"
"138","1","283","1","00:00:33","300","150","1","27638"
"34","78","283","1","00:01:43","143","251","0","27639"
"237","1","283","1","00:03:05","300","150","0","27640"
"237","1","283","1","00:03:12","143","94","0","27641"
"34","78","283","1","00:04:41","300","150","0","27642"
"291","97","283","1","00:05:39","143","251","1","27643"
"34","1","283","1","00:06:50","143","251","0","27644"
"237","1","283","1","00:08:46","500","94","0","27645"
"34","78","283","1","00:12:30","300","150","1","27646"
"34","78","283","1","00:12:39","500","94","1","27647"
"224","97","283","1","00:13:13","143","94","0","27648"
"34","1","283","1","00:13:49","143","94","1","27649"
"291","15","283","1","00:15:08","500","94","1","27650"
"34","15","283","1","00:15:38","500","251","0","27651"
"34","15","283","1","00:17:00","500","251","0","27652"
"291","1","283","1","00:18:46","143","251","0","27653"
"34","78","283","1","00:19:55","300","150","1","27654"
"34","1","283","2","00:00:00","300","150","0","27655"
"138","78","283","2","00:01:23","100","206","1","27656"
"291","97","283","2","00:02:09","100","49","1","27657"
"291","97","283","2","00:02:14","100","49","1","27658"
"291","1","283","2","00:02:25","300","150","1","27659"
"34","15","283","2","00:03:27","300","150","0","27660"
"138","1","283","2","00:05:08","353","227","0","27661"
"291","78","283","2","00:06:16","457","49","1","27662"
"138","1","283","2","00:07:29","100","206","1","27663"
"291","15","283","2","00:07:49","457","206","1","27664"
"34","78","283","2","00:08:38","300","150","1","27665"
"34","183","283","2","00:09:22","100","49","1","27666"
"138","1","283","2","00:10:04","300","150","1","27667"
"291","15","283","2","00:11:09","353","27","1","27668"
"99","254","283","2","00:11:27","300","150","0","27669"
"34","97","283","2","00:12:54","100","49","0","27670"
"34","15","283","2","00:13:16","300","150","1","27671"
"291","183","283","2","00:14:16","353","227","1","27672"
"138","97","283","2","00:14:44","203","27","0","27673"
"138","97","283","2","00:14:51","300","150","1","27674"
"34","97","283","2","00:15:22","100","206","1","27675"
"224","15","283","2","00:16:22","100","49","1","27676"
"138","1","283","2","00:16:43","100","206","1","27677"
"291","15","283","2","00:19:26","300","150","0","27678"
"34","259","283","3","00:00:00","300","150","1","27679"
"138","15","283","3","00:00:24","397","273","0","27680"
"34","183","283","3","00:02:01","397","273","1","27681"
"34","1","283","3","00:02:15","143","251","1","27682"
"138","15","283","3","00:02:39","143","251","0","27683"
"138","1","283","3","00:03:22","500","251","0","27684"
"291","97","283","3","00:03:35","300","150","1","27685"
"237","97","283","3","00:05:36","247","73","0","27686"
"34","15","283","3","00:08:55","247","273","0","27687"
"34","97","283","3","00:10:59","143","251","1","27688"
"291","15","283","3","00:13:40","300","150","0","27689"
"34","15","283","3","00:13:52","500","94","0","27690"
"34","15","283","3","00:14:02","500","94","1","27691"
"138","15","283","3","00:14:15","500","251","0","27692"
"34","97","283","3","00:14:47","300","150","1","27693"
"138","15","283","3","00:15:46","247","273","1","27694"
"291","97","283","3","00:16:14","300","150","1","27695"
"291","97","283","3","00:16:30","143","251","1","27696"
"138","183","283","3","00:18:15","300","150","0","27697"
"138","15","283","3","00:18:29","143","251","0","27698"
"34","15","283","3","00:18:49","500","251","0","27699"
"21","34","284","1","00:00:00","300","150","0","27700"
"21","34","284","1","00:00:12","353","27","1","27701"
"23","138","284","1","00:00:46","353","227","1","27702"
"21","237","284","1","00:02:30","300","150","1","27703"
"21","34","284","1","00:02:48","100","49","1","27704"
"189","138","284","1","00:03:22","353","227","1","27705"
"269","291","284","1","00:04:27","100","206","1","27706"
"102","34","284","1","00:05:42","457","49","0","27707"
"23","34","284","1","00:05:59","457","206","1","27708"
"23","34","284","1","00:06:07","457","49","0","27709"
"102","237","284","1","00:08:53","203","227","1","27710"
"23","138","284","1","00:11:03","457","49","0","27711"
"269","138","284","1","00:11:59","100","206","1","27712"
"21","138","284","1","00:12:15","100","206","0","27713"
"23","34","284","1","00:13:09","100","206","1","27714"
"23","34","284","1","00:14:51","457","49","0","27715"
"21","224","284","1","00:15:41","457","206","1","27716"
"23","34","284","1","00:17:28","300","150","0","27717"
"21","138","284","1","00:19:05","100","206","1","27718"
"21","34","284","2","00:00:00","300","150","1","27719"
"269","224","284","2","00:01:36","500","251","0","27720"
"102","291","284","2","00:02:09","247","73","1","27721"
"102","291","284","2","00:02:17","300","150","1","27722"
"189","34","284","2","00:03:43","143","94","0","27723"
"269","138","284","2","00:04:31","143","251","1","27724"
"269","224","284","2","00:04:39","143","251","1","27725"
"21","34","284","2","00:06:05","397","273","0","27726"
"23","224","284","2","00:06:37","300","150","0","27727"
"23","138","284","2","00:06:56","300","150","1","27728"
"269","138","284","2","00:07:54","143","251","1","27729"
"21","224","284","2","00:09:42","500","251","1","27730"
"21","34","284","2","00:10:06","500","94","0","27731"
"102","138","284","2","00:12:54","143","94","0","27732"
"21","138","284","2","00:13:05","143","251","0","27733"
"23","34","284","2","00:14:51","500","251","1","27734"
"269","138","284","2","00:15:22","300","150","1","27735"
"21","34","284","2","00:17:37","300","150","0","27736"
"23","34","284","2","00:18:52","500","94","1","27737"
"23","34","284","3","00:00:00","300","150","0","27738"
"23","34","284","3","00:00:28","300","150","1","27739"
"21","224","284","3","00:01:07","300","150","0","27740"
"23","237","284","3","00:03:20","300","150","1","27741"
"102","291","284","3","00:05:52","457","206","1","27742"
"102","291","284","3","00:06:05","203","27","1","27743"
"23","34","284","3","00:06:47","457","49","0","27744"
"21","224","284","3","00:07:37","353","27","0","27745"
"269","34","284","3","00:08:19","300","150","0","27746"
"25","291","284","3","00:10:30","300","150","0","27747"
"23","34","284","3","00:11:34","300","150","0","27748"
"21","237","284","3","00:13:34","457","206","1","27749"
"191","237","284","3","00:13:44","100","49","0","27750"
"23","224","284","3","00:15:07","100","49","1","27751"
"23","34","284","3","00:16:38","457","49","0","27752"
"247","34","284","3","00:17:35","457","206","0","27753"
"23","34","284","3","00:18:07","457","49","0","27754"
"21","34","284","3","00:18:36","300","150","1","27755"
"102","237","284","3","00:19:13","300","150","0","27756"
"102","237","284","3","00:19:24","457","49","0","27757"
"227","57","285","1","00:00:00","300","150","1","27758"
"75","58","285","1","00:00:26","143","251","0","27759"
"75","58","285","1","00:00:49","143","251","1","27760"
"75","57","285","1","00:02:35","247","73","0","27761"
"220","58","285","1","00:03:26","143","251","0","27762"
"75","88","285","1","00:05:14","500","94","0","27763"
"75","58","285","1","00:07:33","500","94","1","27764"
"220","101","285","1","00:08:10","500","251","0","27765"
"75","58","285","1","00:11:25","247","273","0","27766"
"89","57","285","1","00:11:45","143","251","1","27767"
"220","88","285","1","00:13:26","143","251","1","27768"
"220","88","285","1","00:13:32","143","251","0","27769"
"75","241","285","1","00:18:03","143","251","0","27770"
"75","57","285","1","00:18:38","500","94","1","27771"
"220","88","285","1","00:19:44","500","94","1","27772"
"220","88","285","1","00:19:59","500","94","1","27773"
"75","58","285","2","00:00:00","300","150","0","27774"
"89","88","285","2","00:01:28","457","49","1","27775"
"227","58","285","2","00:03:57","300","150","1","27776"
"227","58","285","2","00:04:11","100","49","0","27777"
"75","88","285","2","00:05:43","457","206","1","27778"
"75","88","285","2","00:05:49","457","49","1","27779"
"75","57","285","2","00:06:09","100","206","0","27780"
"227","58","285","2","00:06:31","100","49","1","27781"
"248","101","285","2","00:07:12","100","49","0","27782"
"75","57","285","2","00:09:28","457","206","1","27783"
"227","58","285","2","00:10:24","300","150","1","27784"
"75","58","285","2","00:10:30","457","206","1","27785"
"75","58","285","2","00:10:47","100","206","1","27786"
"75","101","285","2","00:11:01","100","206","1","27787"
"227","88","285","2","00:13:19","457","49","1","27788"
"248","101","285","2","00:13:35","100","49","1","27789"
"75","101","285","2","00:13:48","100","206","0","27790"
"75","57","285","2","00:17:17","457","206","1","27791"
"75","57","285","2","00:17:25","203","227","1","27792"
"75","57","285","2","00:17:29","300","150","1","27793"
"114","88","285","2","00:19:10","457","206","0","27794"
"75","57","285","2","00:19:25","300","150","0","27795"
"75","57","285","2","00:19:33","100","206","0","27796"
"227","57","285","3","00:00:00","300","150","1","27797"
"220","88","285","3","00:01:19","500","94","0","27798"
"227","88","285","3","00:04:11","500","94","0","27799"
"75","88","285","3","00:05:27","500","94","1","27800"
"220","58","285","3","00:06:48","500","251","0","27801"
"75","58","285","3","00:06:59","143","94","0","27802"
"75","58","285","3","00:07:06","143","251","0","27803"
"227","101","285","3","00:08:59","143","94","1","27804"
"75","58","285","3","00:09:50","300","150","1","27805"
"220","58","285","3","00:10:27","300","150","0","27806"
"227","57","285","3","00:12:40","143","94","1","27807"
"75","58","285","3","00:14:38","300","150","0","27808"
"220","57","285","3","00:16:38","247","73","0","27809"
"75","58","285","3","00:19:06","300","150","1","27810"
"75","58","285","4","00:00:00","300","150","0","27811"
"31","183","286","1","00:00:00","300","150","0","27812"
"61","78","286","1","00:00:35","457","206","0","27813"
"4","97","286","1","00:01:34","203","27","0","27814"
"39","1","286","1","00:02:21","100","206","1","27815"
"31","183","286","1","00:02:45","300","150","0","27816"
"4","97","286","1","00:04:55","100","206","1","27817"
"31","78","286","1","00:06:47","300","150","0","27818"
"201","183","286","1","00:07:22","100","206","1","27819"
"61","78","286","1","00:08:39","457","49","0","27820"
"42","97","286","1","00:10:26","100","49","0","27821"
"201","183","286","1","00:13:41","300","150","0","27822"
"31","183","286","1","00:14:10","100","206","1","27823"
"61","183","286","1","00:14:50","300","150","0","27824"
"4","1","286","1","00:15:47","457","49","1","27825"
"31","149","286","1","00:16:18","100","206","1","27826"
"42","97","286","1","00:16:24","100","49","1","27827"
"42","97","286","1","00:16:28","100","49","1","27828"
"61","78","286","1","00:17:00","300","150","1","27829"
"4","97","286","1","00:18:09","203","27","0","27830"
"42","78","286","1","00:18:56","203","227","0","27831"
"42","78","286","1","00:19:01","353","27","0","27832"
"42","78","286","2","00:00:00","300","150","1","27833"
"61","97","286","2","00:01:30","500","94","0","27834"
"201","78","286","2","00:03:42","500","94","0","27835"
"61","15","286","2","00:08:19","247","273","1","27836"
"39","15","286","2","00:11:18","500","94","0","27837"
"32","15","286","2","00:13:28","143","251","0","27838"
"201","1","286","2","00:14:45","247","273","0","27839"
"61","78","286","2","00:16:58","300","150","0","27840"
"61","78","286","2","00:17:10","397","73","0","27841"
"4","97","286","2","00:18:22","397","73","1","27842"
"4","97","286","2","00:18:31","397","73","0","27843"
"201","15","286","2","00:19:53","397","73","0","27844"
"42","15","286","3","00:00:00","300","150","1","27845"
"61","78","286","3","00:00:37","457","49","0","27846"
"61","97","286","3","00:04:30","203","227","0","27847"
"61","15","286","3","00:06:01","300","150","0","27848"
"42","78","286","3","00:07:02","353","27","0","27849"
"4","78","286","3","00:07:35","300","150","1","27850"
"39","243","286","3","00:08:49","457","49","0","27851"
"42","78","286","3","00:09:07","457","49","1","27852"
"35","243","286","3","00:09:50","100","206","0","27853"
"201","78","286","3","00:10:34","457","49","1","27854"
"201","15","286","3","00:10:46","457","49","1","27855"
"4","15","286","3","00:10:59","353","227","0","27856"
"4","97","286","3","00:12:45","457","206","0","27857"
"201","183","286","3","00:13:39","300","150","0","27858"
"61","15","286","3","00:16:00","457","49","0","27859"
"42","78","286","3","00:16:10","457","206","1","27860"
"61","78","286","3","00:17:01","457","49","0","27861"
"4","97","286","3","00:17:26","300","150","0","27862"
"42","15","286","3","00:19:16","457","49","0","27863"
"42","15","286","3","00:19:37","457","49","0","27864"
"61","97","286","3","00:19:45","300","150","0","27865"
"42","183","286","4","00:00:00","300","150","1","27866"
"76","34","287","1","00:00:00","300","150","1","27867"
"313","208","287","1","00:01:44","457","49","1","27868"
"313","293","287","1","00:01:53","203","227","0","27869"
"313","237","287","1","00:02:32","457","206","0","27870"
"73","224","287","1","00:04:00","300","150","0","27871"
"100","224","287","1","00:04:11","203","227","1","27872"
"73","224","287","1","00:04:16","100","206","1","27873"
"313","237","287","1","00:05:55","457","49","1","27874"
"313","237","287","1","00:06:09","100","206","1","27875"
"76","237","287","1","00:06:39","100","49","1","27876"
"73","224","287","1","00:07:58","457","49","1","27877"
"313","237","287","1","00:10:12","100","206","1","27878"
"313","237","287","1","00:10:29","100","206","1","27879"
"73","224","287","1","00:12:27","100","206","1","27880"
"65","291","287","1","00:14:49","100","49","1","27881"
"65","34","287","1","00:14:56","300","150","1","27882"
"73","34","287","1","00:16:20","100","206","0","27883"
"313","34","287","1","00:16:46","457","49","1","27884"
"76","224","287","1","00:17:25","457","206","0","27885"
"313","34","287","1","00:17:54","457","49","0","27886"
"76","34","287","2","00:00:00","300","150","1","27887"
"73","224","287","2","00:00:45","143","94","0","27888"
"316","293","287","2","00:02:23","143","94","1","27889"
"313","224","287","2","00:05:19","500","94","0","27890"
"313","34","287","2","00:09:58","500","94","0","27891"
"316","293","287","2","00:12:29","500","251","0","27892"
"73","34","287","2","00:14:30","500","94","1","27893"
"76","34","287","2","00:19:00","500","94","0","27894"
"76","34","287","2","00:19:23","500","94","1","27895"
"76","34","287","3","00:00:00","300","150","1","27896"
"73","34","287","3","00:00:36","100","206","1","27897"
"313","224","287","3","00:01:37","353","27","1","27898"
"313","224","287","3","00:01:46","100","206","1","27899"
"116","34","287","3","00:04:15","100","206","0","27900"
"76","224","287","3","00:05:48","100","206","1","27901"
"76","34","287","3","00:07:26","100","49","0","27902"
"73","34","287","3","00:07:47","100","206","1","27903"
"65","34","287","3","00:08:31","100","49","0","27904"
"313","91","287","3","00:10:31","457","49","1","27905"
"73","34","287","3","00:13:09","100","49","0","27906"
"73","34","287","3","00:14:27","100","206","0","27907"
"313","34","287","3","00:15:15","457","49","0","27908"
"313","34","287","3","00:15:53","457","49","0","27909"
"76","34","287","3","00:16:01","457","206","1","27910"
"76","34","287","3","00:18:03","457","49","0","27911"
"313","293","287","3","00:19:52","300","150","0","27912"
"21","245","288","1","00:00:00","300","150","0","27913"
"23","245","288","1","00:00:24","300","150","0","27914"
"23","9","288","1","00:00:29","300","150","1","27915"
"269","245","288","1","00:02:50","300","150","0","27916"
"23","206","288","1","00:03:56","300","150","1","27917"
"23","40","288","1","00:04:16","300","150","0","27918"
"23","30","288","1","00:07:13","500","94","0","27919"
"23","245","288","1","00:08:05","500","94","1","27920"
"21","45","288","1","00:08:35","397","273","1","27921"
"21","45","288","1","00:08:53","300","150","1","27922"
"23","30","288","1","00:10:05","300","150","0","27923"
"21","245","288","1","00:11:14","143","94","1","27924"
"269","45","288","1","00:12:11","247","273","1","27925"
"269","30","288","1","00:12:35","500","94","1","27926"
"23","30","288","1","00:12:57","500","94","1","27927"
"102","285","288","1","00:13:53","143","94","0","27928"
"21","245","288","1","00:14:29","500","94","0","27929"
"23","245","288","1","00:15:01","143","251","0","27930"
"21","245","288","1","00:19:37","143","251","1","27931"
"21","245","288","2","00:00:00","300","150","1","27932"
"23","30","288","2","00:00:22","300","150","1","27933"
"269","45","288","2","00:00:55","100","49","1","27934"
"102","206","288","2","00:06:30","457","49","0","27935"
"21","206","288","2","00:06:36","457","206","0","27936"
"269","204","288","2","00:07:09","300","150","1","27937"
"21","245","288","2","00:08:22","300","150","0","27938"
"25","245","288","2","00:09:49","457","49","1","27939"
"23","30","288","2","00:10:41","457","49","1","27940"
"102","285","288","2","00:12:32","300","150","0","27941"
"23","245","288","2","00:12:54","353","227","0","27942"
"21","245","288","2","00:13:24","100","206","0","27943"
"269","30","288","2","00:13:54","100","206","0","27944"
"102","45","288","2","00:15:19","100","49","0","27945"
"269","204","288","2","00:15:58","300","150","1","27946"
"269","30","288","2","00:16:04","457","49","0","27947"
"21","45","288","2","00:18:11","457","49","1","27948"
"269","245","288","2","00:18:37","300","150","1","27949"
"21","30","288","3","00:00:00","300","150","1","27950"
"102","30","288","3","00:02:31","500","94","0","27951"
"23","205","288","3","00:03:39","300","150","1","27952"
"23","205","288","3","00:03:53","300","150","1","27953"
"191","30","288","3","00:04:36","500","94","0","27954"
"21","206","288","3","00:05:10","143","251","1","27955"
"102","204","288","3","00:08:03","397","73","0","27956"
"269","245","288","3","00:08:38","500","251","1","27957"
"23","204","288","3","00:10:08","500","251","1","27958"
"269","30","288","3","00:10:41","397","73","0","27959"
"269","30","288","3","00:11:06","500","94","0","27960"
"21","245","288","3","00:12:34","300","150","1","27961"
"21","245","288","3","00:12:47","143","94","0","27962"
"102","30","288","3","00:13:50","300","150","0","27963"
"269","30","288","3","00:15:33","500","94","0","27964"
"90","30","288","3","00:15:42","500","251","0","27965"
"23","30","288","3","00:16:59","300","150","0","27966"
"21","30","288","3","00:19:30","143","251","1","27967"
"15","76","289","1","00:00:00","300","150","1","27968"
"97","73","289","1","00:00:59","100","206","1","27969"
"212","76","289","1","00:02:04","457","206","0","27970"
"78","316","289","1","00:04:39","353","27","0","27971"
"15","76","289","1","00:05:02","457","206","0","27972"
"97","313","289","1","00:06:40","100","206","1","27973"
"97","76","289","1","00:08:41","100","206","0","27974"
"97","76","289","1","00:08:48","300","150","0","27975"
"15","76","289","1","00:11:15","457","49","1","27976"
"97","73","289","1","00:15:05","353","27","0","27977"
"97","76","289","1","00:18:31","457","206","0","27978"
"78","73","289","1","00:18:59","100","206","0","27979"
"78","65","289","1","00:19:27","100","206","1","27980"
"78","63","289","1","00:19:36","300","150","0","27981"
"78","76","289","2","00:00:00","300","150","0","27982"
"243","313","289","2","00:01:09","247","73","0","27983"
"78","73","289","2","00:02:06","300","150","1","27984"
"1","313","289","2","00:04:59","247","73","1","27985"
"78","76","289","2","00:06:23","500","251","1","27986"
"15","76","289","2","00:06:35","397","73","1","27987"
"15","73","289","2","00:07:24","300","150","1","27988"
"15","313","289","2","00:08:23","500","94","0","27989"
"78","313","289","2","00:08:35","500","94","1","27990"
"1","316","289","2","00:08:57","247","73","0","27991"
"15","316","289","2","00:09:09","143","251","1","27992"
"15","316","289","2","00:09:24","247","273","1","27993"
"1","65","289","2","00:12:09","500","251","0","27994"
"183","316","289","2","00:16:11","397","273","1","27995"
"1","76","289","2","00:17:56","500","94","1","27996"
"183","76","289","2","00:18:11","143","94","0","27997"
"78","73","289","2","00:19:19","500","94","1","27998"
"15","76","289","3","00:00:00","300","150","0","27999"
"97","73","289","3","00:00:42","100","206","1","28000"
"97","73","289","3","00:01:09","457","49","1","28001"
"15","76","289","3","00:02:52","203","227","1","28002"
"15","76","289","3","00:03:07","100","49","0","28003"
"15","316","289","3","00:03:19","100","206","0","28004"
"15","76","289","3","00:06:05","457","49","0","28005"
"78","313","289","3","00:07:31","457","206","1","28006"
"78","73","289","3","00:07:50","203","27","0","28007"
"97","76","289","3","00:08:59","300","150","0","28008"
"78","26","289","3","00:09:13","100","206","1","28009"
"78","73","289","3","00:10:06","100","49","1","28010"
"78","73","289","3","00:12:44","100","206","0","28011"
"78","73","289","3","00:12:57","100","206","0","28012"
"15","73","289","3","00:13:10","353","27","1","28013"
"15","73","289","3","00:13:16","457","49","1","28014"
"97","313","289","3","00:17:21","457","49","1","28015"
"1","73","289","3","00:19:34","300","150","0","28016"
"1","316","289","3","00:19:43","457","49","0","28017"
"21","58","290","1","00:00:00","300","150","1","28018"
"23","88","290","1","00:00:27","300","150","1","28019"
"269","57","290","1","00:01:20","300","150","0","28020"
"23","88","290","1","00:03:44","100","49","1","28021"
"23","101","290","1","00:05:06","100","49","0","28022"
"21","101","290","1","00:05:51","100","49","0","28023"
"23","58","290","1","00:09:22","457","49","0","28024"
"189","88","290","1","00:10:43","457","206","1","28025"
"191","88","290","1","00:10:53","457","49","0","28026"
"191","57","290","1","00:11:07","457","49","1","28027"
"189","57","290","1","00:13:50","300","150","0","28028"
"23","58","290","1","00:14:39","300","150","0","28029"
"191","88","290","1","00:14:50","300","150","0","28030"
"23","57","290","1","00:16:15","300","150","0","28031"
"269","58","290","1","00:17:10","457","206","1","28032"
"23","58","290","2","00:00:00","300","150","0","28033"
"191","88","290","2","00:01:04","500","94","0","28034"
"189","88","290","2","00:01:48","300","150","1","28035"
"23","57","290","2","00:02:23","300","150","0","28036"
"102","101","290","2","00:03:57","143","94","0","28037"
"269","58","290","2","00:04:15","500","251","0","28038"
"23","58","290","2","00:05:45","143","94","0","28039"
"269","57","290","2","00:11:08","143","251","1","28040"
"23","58","290","2","00:12:37","397","273","0","28041"
"191","101","290","2","00:13:24","397","73","0","28042"
"102","57","290","2","00:14:34","500","94","1","28043"
"23","88","290","2","00:15:38","143","94","1","28044"
"23","58","290","2","00:15:46","300","150","1","28045"
"191","58","290","2","00:15:57","143","251","0","28046"
"269","57","290","2","00:18:04","500","94","1","28047"
"23","58","290","2","00:19:27","500","251","0","28048"
"23","58","290","3","00:00:00","300","150","1","28049"
"23","57","290","3","00:00:22","100","49","0","28050"
"269","88","290","3","00:01:03","457","206","0","28051"
"269","101","290","3","00:01:37","457","49","0","28052"
"191","58","290","3","00:02:16","457","206","0","28053"
"191","57","290","3","00:02:40","457","49","0","28054"
"102","57","290","3","00:02:52","100","49","1","28055"
"269","101","290","3","00:04:40","100","49","0","28056"
"23","88","290","3","00:07:51","100","206","1","28057"
"269","88","290","3","00:08:10","100","49","1","28058"
"23","57","290","3","00:11:30","100","49","1","28059"
"104","57","290","3","00:12:29","203","27","0","28060"
"269","58","290","3","00:13:28","100","206","1","28061"
"269","58","290","3","00:13:32","100","206","0","28062"
"191","88","290","3","00:17:45","100","206","0","28063"
"190","57","290","3","00:18:40","100","206","1","28064"
"75","245","291","1","00:00:00","300","150","0","28065"
"75","30","291","1","00:00:29","500","94","0","28066"
"75","245","291","1","00:02:29","143","251","0","28067"
"75","245","291","1","00:02:58","143","251","0","28068"
"75","245","291","1","00:04:55","247","73","0","28069"
"220","30","291","1","00:05:54","143","94","1","28070"
"220","30","291","1","00:05:56","143","94","1","28071"
"227","45","291","1","00:06:48","300","150","0","28072"
"227","205","291","1","00:07:07","500","251","0","28073"
"227","205","291","1","00:07:12","500","251","0","28074"
"89","245","291","1","00:07:15","300","150","0","28075"
"227","245","291","1","00:10:00","300","150","0","28076"
"89","206","291","1","00:11:12","143","251","0","28077"
"220","206","291","1","00:12:25","247","273","1","28078"
"227","245","291","1","00:13:21","397","73","0","28079"
"114","245","291","1","00:15:44","500","251","1","28080"
"248","204","291","1","00:16:00","300","150","0","28081"
"89","245","291","2","00:00:00","300","150","1","28082"
"89","30","291","2","00:00:15","457","49","1","28083"
"220","245","291","2","00:03:52","203","27","1","28084"
"89","45","291","2","00:05:39","457","49","1","28085"
"220","30","291","2","00:06:49","100","206","0","28086"
"227","245","291","2","00:08:32","457","49","1","28087"
"220","245","291","2","00:09:18","100","49","0","28088"
"248","204","291","2","00:09:46","100","206","0","28089"
"89","30","291","2","00:10:29","457","206","0","28090"
"227","245","291","2","00:11:45","457","49","1","28091"
"220","45","291","2","00:12:49","100","49","1","28092"
"248","30","291","2","00:13:19","300","150","0","28093"
"89","30","291","2","00:13:33","457","206","0","28094"
"248","30","291","2","00:17:10","100","49","0","28095"
"89","45","291","2","00:18:00","300","150","1","28096"
"89","245","291","3","00:00:00","300","150","0","28097"
"75","30","291","3","00:00:35","500","94","1","28098"
"75","245","291","3","00:04:21","500","94","0","28099"
"248","206","291","3","00:05:27","300","150","0","28100"
"239","30","291","3","00:05:43","247","73","0","28101"
"89","204","291","3","00:06:31","500","94","1","28102"
"248","30","291","3","00:08:32","143","251","0","28103"
"248","205","291","3","00:09:36","500","251","0","28104"
"89","205","291","3","00:09:41","500","251","0","28105"
"89","30","291","3","00:10:16","500","94","0","28106"
"89","205","291","3","00:10:36","500","251","1","28107"
"89","205","291","3","00:10:47","500","251","0","28108"
"227","205","291","3","00:12:40","500","251","1","28109"
"220","30","291","3","00:13:20","500","94","0","28110"
"220","30","291","3","00:13:50","143","94","0","28111"
"89","206","291","3","00:15:35","143","251","1","28112"
"89","245","291","3","00:16:08","143","94","0","28113"
"89","205","291","3","00:18:54","500","251","0","28114"
"227","30","291","3","00:19:25","500","94","0","28115"
"248","45","291","3","00:19:42","300","150","1","28116"
"42","34","292","1","00:00:00","300","150","1","28117"
"42","34","292","1","00:02:36","353","27","0","28118"
"42","34","292","1","00:02:56","457","206","1","28119"
"42","34","292","1","00:04:27","100","206","0","28120"
"42","34","292","1","00:06:53","100","206","1","28121"
"42","34","292","1","00:11:48","457","49","1","28122"
"42","49","292","1","00:12:27","100","49","0","28123"
"61","293","292","1","00:13:58","457","49","1","28124"
"61","34","292","1","00:14:41","457","49","0","28125"
"4","293","292","1","00:17:15","457","206","1","28126"
"61","34","292","1","00:17:32","353","27","0","28127"
"42","34","292","1","00:17:55","100","49","1","28128"
"42","34","292","2","00:00:00","300","150","0","28129"
"61","293","292","2","00:02:24","143","251","0","28130"
"61","34","292","2","00:04:17","300","150","0","28131"
"42","293","292","2","00:06:32","143","94","1","28132"
"42","34","292","2","00:07:13","500","94","0","28133"
"42","34","292","2","00:07:33","500","94","0","28134"
"4","210","292","2","00:08:45","397","273","0","28135"
"42","237","292","2","00:10:37","397","273","1","28136"
"42","34","292","2","00:10:44","143","94","0","28137"
"61","34","292","2","00:11:14","397","73","0","28138"
"61","34","292","2","00:11:45","500","94","0","28139"
"4","34","292","2","00:12:16","500","251","0","28140"
"42","34","292","2","00:12:42","500","251","1","28141"
"39","293","292","2","00:13:02","300","150","1","28142"
"42","34","292","2","00:14:45","500","94","0","28143"
"61","34","292","2","00:15:03","500","251","0","28144"
"61","34","292","2","00:15:16","500","94","0","28145"
"39","34","292","2","00:16:49","143","251","0","28146"
"35","34","292","2","00:19:00","143","94","0","28147"
"42","210","292","2","00:19:18","143","251","0","28148"
"42","210","292","2","00:19:43","500","94","1","28149"
"42","34","292","3","00:00:00","300","150","0","28150"
"61","293","292","3","00:01:06","100","49","1","28151"
"201","34","292","3","00:04:38","457","49","0","28152"
"42","293","292","3","00:05:57","100","206","0","28153"
"4","34","292","3","00:07:14","457","49","1","28154"
"201","293","292","3","00:07:56","300","150","1","28155"
"42","237","292","3","00:09:00","300","150","1","28156"
"61","237","292","3","00:09:36","300","150","0","28157"
"4","210","292","3","00:10:32","457","206","1","28158"
"4","34","292","3","00:10:41","457","49","0","28159"
"4","34","292","3","00:10:47","457","49","1","28160"
"42","34","292","3","00:11:25","457","49","0","28161"
"42","34","292","3","00:11:30","457","206","0","28162"
"61","49","292","3","00:12:20","457","206","0","28163"
"42","34","292","3","00:14:27","457","206","0","28164"
"201","49","292","3","00:15:59","457","49","0","28165"
"4","293","292","3","00:16:17","203","27","0","28166"
"4","237","292","3","00:19:27","300","150","0","28167"
"89","188","293","1","00:00:00","300","150","0","28168"
"89","21","293","1","00:00:08","143","251","1","28169"
"227","23","293","1","00:00:36","300","150","1","28170"
"89","102","293","1","00:02:13","300","150","0","28171"
"89","102","293","1","00:02:25","143","251","1","28172"
"161","269","293","1","00:04:09","500","94","0","28173"
"248","102","293","1","00:04:48","247","73","1","28174"
"89","21","293","1","00:05:58","143","94","1","28175"
"227","23","293","1","00:06:01","143","251","1","28176"
"248","102","293","1","00:08:36","143","251","1","28177"
"89","191","293","1","00:09:42","500","251","1","28178"
"248","102","293","1","00:11:43","500","251","1","28179"
"248","23","293","1","00:12:09","500","251","0","28180"
"89","189","293","1","00:13:08","397","73","0","28181"
"220","269","293","1","00:14:02","300","150","1","28182"
"89","269","293","1","00:17:27","500","251","1","28183"
"227","23","293","1","00:17:58","500","94","0","28184"
"89","21","293","1","00:19:17","143","251","0","28185"
"89","23","293","2","00:00:00","300","150","1","28186"
"220","21","293","2","00:01:33","203","27","1","28187"
"220","21","293","2","00:01:50","100","206","0","28188"
"227","269","293","2","00:02:52","300","150","1","28189"
"227","23","293","2","00:05:47","300","150","1","28190"
"220","21","293","2","00:07:41","100","49","0","28191"
"227","23","293","2","00:09:24","100","49","0","28192"
"248","23","293","2","00:10:07","100","206","0","28193"
"89","269","293","2","00:11:04","300","150","1","28194"
"220","189","293","2","00:12:49","457","49","1","28195"
"227","23","293","2","00:13:08","457","206","0","28196"
"220","189","293","2","00:17:57","457","49","0","28197"
"89","21","293","2","00:19:37","300","150","0","28198"
"89","21","293","3","00:00:00","300","150","1","28199"
"75","21","293","3","00:00:32","300","150","1","28200"
"75","21","293","3","00:04:52","247","273","0","28201"
"89","21","293","3","00:07:28","500","251","1","28202"
"220","269","293","3","00:08:49","300","150","1","28203"
"75","269","293","3","00:12:51","500","94","1","28204"
"89","21","293","3","00:16:36","247","273","1","28205"
"89","21","293","3","00:16:47","143","251","1","28206"
"89","23","293","3","00:17:03","247","73","1","28207"
"89","23","293","3","00:17:35","143","251","1","28208"
"220","269","293","3","00:18:14","300","150","1","28209"
"89","21","293","3","00:19:04","143","251","0","28210"
"89","21","293","3","00:19:46","143","251","0","28211"
"15","34","294","1","00:00:00","300","150","0","28212"
"97","210","294","1","00:01:06","100","206","1","28213"
"78","34","294","1","00:03:25","457","49","1","28214"
"78","34","294","1","00:03:30","300","150","0","28215"
"97","49","294","1","00:04:35","457","206","1","28216"
"15","34","294","1","00:05:57","100","206","1","28217"
"97","210","294","1","00:06:49","100","206","1","28218"
"1","210","294","1","00:06:55","100","49","1","28219"
"15","34","294","1","00:08:06","300","150","0","28220"
"97","34","294","1","00:08:15","457","49","0","28221"
"183","34","294","1","00:11:52","100","49","1","28222"
"78","291","294","1","00:14:32","100","206","1","28223"
"97","34","294","1","00:17:17","457","49","0","28224"
"1","210","294","1","00:17:42","353","227","0","28225"
"243","34","294","1","00:18:03","457","49","0","28226"
"183","34","294","1","00:19:52","353","27","1","28227"
"15","34","294","2","00:00:00","300","150","0","28228"
"97","210","294","2","00:01:28","143","251","0","28229"
"15","210","294","2","00:01:42","143","251","0","28230"
"15","34","294","2","00:02:01","500","94","0","28231"
"97","293","294","2","00:02:34","143","251","1","28232"
"1","293","294","2","00:02:58","500","251","0","28233"
"15","210","294","2","00:04:24","143","251","1","28234"
"15","210","294","2","00:04:28","143","94","1","28235"
"1","210","294","2","00:05:12","143","251","1","28236"
"183","34","294","2","00:05:34","143","94","1","28237"
"183","293","294","2","00:06:34","500","251","0","28238"
"78","293","294","2","00:07:01","143","251","1","28239"
"36","210","294","2","00:07:50","500","94","1","28240"
"1","293","294","2","00:09:36","247","273","1","28241"
"78","293","294","2","00:10:18","143","251","1","28242"
"78","210","294","2","00:10:23","143","251","1","28243"
"78","34","294","2","00:12:06","143","251","0","28244"
"15","34","294","2","00:12:16","143","94","1","28245"
"78","210","294","2","00:12:46","143","251","1","28246"
"97","49","294","2","00:14:29","143","251","1","28247"
"78","49","294","2","00:14:49","143","251","1","28248"
"15","34","294","2","00:15:00","143","94","0","28249"
"243","49","294","2","00:15:41","143","94","1","28250"
"15","34","294","2","00:16:28","247","73","1","28251"
"15","34","294","2","00:19:24","300","150","1","28252"
"15","34","294","3","00:00:00","300","150","1","28253"
"78","210","294","3","00:01:08","100","206","0","28254"
"97","34","294","3","00:02:56","203","227","1","28255"
"97","34","294","3","00:03:06","100","206","1","28256"
"1","293","294","3","00:04:33","300","150","1","28257"
"1","34","294","3","00:04:42","457","49","0","28258"
"97","34","294","3","00:06:30","203","227","1","28259"
"1","210","294","3","00:07:19","457","49","0","28260"
"15","34","294","3","00:08:20","457","49","0","28261"
"78","293","294","3","00:08:51","353","227","1","28262"
"78","293","294","3","00:09:13","100","206","1","28263"
"1","210","294","3","00:09:18","300","150","0","28264"
"1","210","294","3","00:09:29","100","49","1","28265"
"1","34","294","3","00:12:31","457","49","1","28266"
"97","34","294","3","00:13:07","457","206","1","28267"
"1","49","294","3","00:14:08","457","49","0","28268"
"78","291","294","3","00:15:18","100","206","0","28269"
"243","34","294","3","00:16:39","100","206","1","28270"
"1","34","294","3","00:18:38","100","49","0","28271"
"97","210","294","3","00:19:37","100","206","1","28272"
"1","210","294","3","00:19:42","100","206","1","28273"
"1","210","294","3","00:19:55","353","27","0","28274"
"58","42","295","1","00:00:00","300","150","1","28275"
"57","61","295","1","00:01:47","457","49","1","28276"
"192","61","295","1","00:04:01","100","206","1","28277"
"57","61","295","1","00:04:33","457","206","1","28278"
"57","61","295","1","00:04:40","143","251","0","28279"
"192","61","295","1","00:04:56","457","49","1","28280"
"58","42","295","1","00:04:57","457","49","0","28281"
"58","42","295","1","00:05:20","457","49","1","28282"
"58","4","295","1","00:07:14","100","49","1","28283"
"58","61","295","1","00:08:58","100","206","1","28284"
"101","4","295","1","00:10:43","457","49","1","28285"
"88","61","295","1","00:11:25","100","206","1","28286"
"58","42","295","1","00:12:03","100","49","0","28287"
"58","42","295","1","00:15:05","457","49","0","28288"
"58","42","295","1","00:15:29","353","227","0","28289"
"88","4","295","1","00:16:24","100","206","0","28290"
"88","4","295","1","00:16:36","100","49","1","28291"
"286","61","295","1","00:17:43","100","49","0","28292"
"57","61","295","1","00:17:53","353","27","0","28293"
"58","42","295","1","00:18:41","457","206","0","28294"
"58","42","295","1","00:19:04","100","49","1","28295"
"58","42","295","1","00:19:08","100","49","1","28296"
"88","4","295","1","00:19:35","100","206","1","28297"
"88","42","295","2","00:00:00","300","150","0","28298"
"58","61","295","2","00:00:29","143","251","1","28299"
"58","61","295","2","00:00:48","143","251","1","28300"
"58","157","295","2","00:02:56","247","73","1","28301"
"88","61","295","2","00:03:36","247","73","0","28302"
"101","201","295","2","00:05:37","300","150","0","28303"
"58","42","295","2","00:05:50","500","251","1","28304"
"101","61","295","2","00:06:37","247","73","0","28305"
"88","4","295","2","00:07:42","143","251","1","28306"
"286","4","295","2","00:08:36","500","94","1","28307"
"58","61","295","2","00:10:04","500","94","1","28308"
"57","201","295","2","00:10:45","247","73","0","28309"
"57","42","295","2","00:11:17","500","94","0","28310"
"88","42","295","2","00:11:20","300","150","0","28311"
"88","157","295","2","00:11:28","300","150","0","28312"
"101","4","295","2","00:13:24","143","251","1","28313"
"58","42","295","2","00:13:41","500","94","1","28314"
"57","4","295","2","00:14:32","143","251","1","28315"
"240","61","295","2","00:14:59","143","251","0","28316"
"88","201","295","2","00:18:16","500","251","1","28317"
"58","61","295","2","00:18:40","500","251","1","28318"
"58","42","295","3","00:00:00","300","150","0","28319"
"57","61","295","3","00:01:29","203","27","1","28320"
"58","42","295","3","00:02:50","100","206","0","28321"
"88","42","295","3","00:04:20","457","49","0","28322"
"240","201","295","3","00:06:42","100","206","0","28323"
"58","42","295","3","00:07:39","203","227","1","28324"
"58","42","295","3","00:11:27","457","206","0","28325"
"88","4","295","3","00:13:14","100","206","1","28326"
"58","42","295","3","00:14:28","457","49","1","28327"
"88","4","295","3","00:15:52","100","49","0","28328"
"58","42","295","3","00:17:16","457","49","1","28329"
"57","35","295","3","00:18:27","100","206","1","28330"
"88","61","295","3","00:18:50","100","49","1","28331"
"58","201","295","3","00:19:11","457","49","1","28332"
"58","61","295","3","00:19:24","100","206","1","28333"
"58","4","295","3","00:19:43","100","206","0","28334"
"58","4","295","4","00:00:00","300","150","1","28335"
"97","220","296","1","00:00:00","300","150","1","28336"
"97","220","296","1","00:00:15","100","206","1","28337"
"78","75","296","1","00:01:18","353","27","0","28338"
"78","227","296","1","00:04:19","100","49","1","28339"
"1","227","296","1","00:04:40","100","49","1","28340"
"97","248","296","1","00:05:20","353","27","0","28341"
"15","220","296","1","00:06:09","457","206","1","28342"
"15","248","296","1","00:12:16","457","49","1","28343"
"97","227","296","1","00:14:54","353","227","1","28344"
"15","220","296","1","00:15:18","353","227","1","28345"
"78","220","296","1","00:15:30","100","206","1","28346"
"97","220","296","2","00:00:00","300","150","0","28347"
"97","75","296","2","00:00:39","500","251","1","28348"
"97","75","296","2","00:00:46","500","94","0","28349"
"78","227","296","2","00:01:53","247","73","1","28350"
"78","227","296","2","00:02:11","300","150","0","28351"
"97","248","296","2","00:03:02","143","251","1","28352"
"15","248","296","2","00:03:34","143","251","1","28353"
"15","220","296","2","00:03:46","143","251","1","28354"
"15","220","296","2","00:03:58","143","251","1","28355"
"78","75","296","2","00:04:19","500","251","0","28356"
"1","220","296","2","00:05:15","500","251","1","28357"
"97","227","296","2","00:05:43","500","94","1","28358"
"97","75","296","2","00:06:29","500","94","0","28359"
"78","220","296","2","00:07:40","143","251","0","28360"
"78","220","296","2","00:07:47","143","251","0","28361"
"97","227","296","2","00:09:03","300","150","1","28362"
"15","227","296","2","00:09:14","143","251","1","28363"
"78","75","296","2","00:10:12","143","251","0","28364"
"78","75","296","2","00:11:32","500","94","0","28365"
"97","227","296","2","00:12:11","143","251","0","28366"
"1","227","296","2","00:15:10","143","251","1","28367"
"78","220","296","2","00:16:01","500","251","0","28368"
"15","75","296","2","00:17:15","247","73","1","28369"
"97","227","296","2","00:17:38","500","251","0","28370"
"97","75","296","2","00:19:57","300","150","0","28371"
"97","75","296","3","00:00:00","300","150","0","28372"
"1","227","296","3","00:01:13","457","49","1","28373"
"97","248","296","3","00:02:30","457","206","1","28374"
"15","75","296","3","00:03:05","203","27","1","28375"
"1","227","296","3","00:03:47","100","206","0","28376"
"97","75","296","3","00:05:39","203","27","0","28377"
"97","75","296","3","00:05:47","457","49","0","28378"
"1","75","296","3","00:06:28","457","49","0","28379"
"1","75","296","3","00:06:35","300","150","0","28380"
"15","75","296","3","00:06:44","457","49","1","28381"
"15","75","296","3","00:06:59","457","49","0","28382"
"15","75","296","3","00:07:13","457","49","1","28383"
"15","220","296","3","00:08:45","457","206","0","28384"
"15","75","296","3","00:09:20","457","49","0","28385"
"1","227","296","3","00:09:58","100","49","1","28386"
"1","227","296","3","00:10:07","100","49","0","28387"
"78","227","296","3","00:10:22","100","206","1","28388"
"97","75","296","3","00:11:13","100","206","0","28389"
"78","89","296","3","00:11:49","100","206","0","28390"
"15","89","296","3","00:12:40","100","206","1","28391"
"1","220","296","3","00:14:32","457","49","1","28392"
"97","75","296","3","00:14:41","353","227","0","28393"
"15","114","296","3","00:16:48","100","206","1","28394"
"1","75","296","3","00:19:38","300","150","1","28395"
"21","42","297","1","00:00:00","300","150","1","28396"
"23","42","297","1","00:00:45","100","49","1","28397"
"23","61","297","1","00:00:47","100","49","0","28398"
"269","42","297","1","00:01:43","457","49","0","28399"
"23","201","297","1","00:04:10","457","49","1","28400"
"21","42","297","1","00:04:55","203","227","0","28401"
"269","42","297","1","00:05:23","100","49","0","28402"
"21","42","297","1","00:07:34","100","206","0","28403"
"269","42","297","1","00:08:19","100","206","0","28404"
"189","4","297","1","00:09:33","100","206","1","28405"
"102","201","297","1","00:09:51","353","27","1","28406"
"21","42","297","1","00:10:57","353","27","1","28407"
"23","61","297","1","00:11:47","457","49","1","28408"
"23","61","297","1","00:12:02","203","227","0","28409"
"21","42","297","1","00:14:13","100","206","0","28410"
"269","201","297","1","00:16:40","457","49","1","28411"
"189","61","297","1","00:18:25","353","227","1","28412"
"21","61","297","1","00:18:32","457","49","0","28413"
"23","42","297","1","00:19:27","203","227","1","28414"
"23","42","297","1","00:19:36","100","49","1","28415"
"21","42","297","2","00:00:00","300","150","1","28416"
"23","61","297","2","00:00:32","500","94","1","28417"
"269","4","297","2","00:01:27","500","94","1","28418"
"23","4","297","2","00:05:18","500","94","1","28419"
"23","42","297","2","00:07:07","143","251","1","28420"
"269","201","297","2","00:09:33","500","251","0","28421"
"23","42","297","2","00:10:25","143","251","1","28422"
"21","61","297","2","00:11:03","500","94","1","28423"
"269","4","297","2","00:12:38","143","251","0","28424"
"269","42","297","2","00:12:42","143","94","0","28425"
"102","201","297","2","00:15:06","247","273","0","28426"
"269","42","297","2","00:19:19","300","150","0","28427"
"23","42","297","2","00:19:57","143","94","0","28428"
"23","42","297","3","00:00:00","300","150","0","28429"
"23","4","297","3","00:01:02","457","49","1","28430"
"23","4","297","3","00:03:02","457","206","0","28431"
"102","4","297","3","00:03:11","100","49","0","28432"
"23","4","297","3","00:05:03","300","150","1","28433"
"269","201","297","3","00:05:24","353","227","0","28434"
"269","42","297","3","00:05:44","457","49","0","28435"
"23","42","297","3","00:07:13","100","49","1","28436"
"21","61","297","3","00:07:36","100","49","1","28437"
"21","42","297","3","00:09:57","300","150","1","28438"
"269","4","297","3","00:11:45","300","150","1","28439"
"21","201","297","3","00:13:44","100","49","1","28440"
"102","4","297","3","00:18:38","100","49","1","28441"
"269","42","297","3","00:19:04","300","150","1","28442"
"34","280","298","1","00:00:00","300","150","0","28443"
"293","280","298","1","00:01:49","457","49","1","28444"
"156","280","298","1","00:03:40","353","227","0","28445"
"34","40","298","1","00:05:10","457","49","1","28446"
"34","280","298","1","00:07:30","457","49","0","28447"
"34","280","298","1","00:10:05","457","206","1","28448"
"156","30","298","1","00:10:33","300","150","1","28449"
"291","205","298","1","00:11:22","457","49","1","28450"
"34","30","298","1","00:14:25","300","150","1","28451"
"156","280","298","1","00:15:31","100","206","0","28452"
"34","30","298","1","00:15:54","457","49","0","28453"
"34","205","298","1","00:17:28","203","27","1","28454"
"34","40","298","1","00:18:33","100","206","0","28455"
"293","45","298","1","00:19:34","300","150","0","28456"
"34","280","298","2","00:00:00","300","150","1","28457"
"293","45","298","2","00:01:31","500","94","1","28458"
"293","280","298","2","00:02:03","500","94","0","28459"
"34","205","298","2","00:02:39","143","251","1","28460"
"34","40","298","2","00:02:57","143","251","1","28461"
"34","45","298","2","00:03:22","143","251","1","28462"
"156","30","298","2","00:03:49","143","94","1","28463"
"156","206","298","2","00:04:28","143","251","0","28464"
"156","47","298","2","00:05:50","500","251","1","28465"
"293","45","298","2","00:07:56","500","251","0","28466"
"34","45","298","2","00:08:23","143","251","1","28467"
"156","205","298","2","00:09:01","500","94","0","28468"
"291","45","298","2","00:11:24","397","273","1","28469"
"156","280","298","2","00:14:04","143","94","0","28470"
"293","30","298","2","00:14:21","143","94","1","28471"
"293","30","298","2","00:14:41","143","251","0","28472"
"34","205","298","2","00:16:12","500","251","1","28473"
"34","280","298","2","00:16:18","500","251","0","28474"
"34","30","298","2","00:16:44","247","273","0","28475"
"34","280","298","3","00:00:00","300","150","1","28476"
"34","280","298","3","00:02:11","143","251","1","28477"
"34","280","298","3","00:02:30","143","251","0","28478"
"210","30","298","3","00:03:28","100","49","0","28479"
"34","30","298","3","00:05:48","300","150","0","28480"
"34","30","298","3","00:09:21","100","206","1","28481"
"293","280","298","3","00:09:48","300","150","0","28482"
"156","280","298","3","00:10:24","100","49","0","28483"
"293","30","298","3","00:12:06","203","27","1","28484"
"293","30","298","3","00:12:12","457","49","0","28485"
"34","280","298","3","00:12:31","457","49","1","28486"
"34","280","298","3","00:13:07","457","49","1","28487"
"156","30","298","3","00:13:40","100","49","0","28488"
"34","280","298","3","00:14:45","457","206","1","28489"
"156","30","298","3","00:15:07","457","206","0","28490"
"34","30","298","3","00:17:45","457","49","1","28491"
"34","280","298","3","00:18:09","457","49","0","28492"
"156","40","298","3","00:19:14","457","206","0","28493"
"76","15","299","1","00:00:00","300","150","1","28494"
"73","97","299","1","00:00:50","300","150","1","28495"
"73","78","299","1","00:01:00","457","206","1","28496"
"76","97","299","1","00:03:24","100","206","1","28497"
"73","78","299","1","00:04:06","100","206","1","28498"
"316","97","299","1","00:06:03","100","49","0","28499"
"316","1","299","1","00:06:21","457","49","1","28500"
"73","78","299","1","00:06:51","100","206","0","28501"
"76","15","299","1","00:07:48","203","227","0","28502"
"86","15","299","1","00:09:13","457","49","0","28503"
"76","78","299","1","00:09:50","457","49","0","28504"
"73","15","299","1","00:10:31","353","27","0","28505"
"313","97","299","1","00:11:38","300","150","1","28506"
"76","1","299","1","00:13:10","100","49","1","28507"
"73","183","299","1","00:13:59","100","206","0","28508"
"73","16","299","1","00:17:17","457","49","1","28509"
"73","97","299","1","00:17:26","457","49","0","28510"
"313","78","299","1","00:18:12","353","227","1","28511"
"76","15","299","1","00:19:00","457","49","0","28512"
"73","15","299","1","00:19:40","100","49","0","28513"
"73","1","299","1","00:19:58","100","206","0","28514"
"76","97","299","2","00:00:00","300","150","1","28515"
"313","78","299","2","00:01:35","500","94","0","28516"
"313","78","299","2","00:01:57","143","251","0","28517"
"313","78","299","2","00:02:04","143","251","1","28518"
"73","15","299","2","00:04:39","143","251","0","28519"
"316","1","299","2","00:06:35","247","73","0","28520"
"73","15","299","2","00:07:58","500","94","0","28521"
"313","1","299","2","00:09:39","397","273","1","28522"
"76","15","299","2","00:10:54","300","150","0","28523"
"73","97","299","2","00:12:40","247","273","1","28524"
"76","97","299","2","00:13:36","143","94","1","28525"
"313","1","299","2","00:14:32","300","150","0","28526"
"73","78","299","2","00:16:00","143","251","1","28527"
"73","78","299","2","00:19:37","143","251","1","28528"
"76","97","299","3","00:00:00","300","150","1","28529"
"313","78","299","3","00:01:36","300","150","0","28530"
"73","1","299","3","00:02:34","457","206","0","28531"
"76","97","299","3","00:03:28","100","49","0","28532"
"54","78","299","3","00:04:38","300","150","0","28533"
"73","1","299","3","00:05:27","100","206","1","28534"
"73","1","299","3","00:05:31","100","206","1","28535"
"76","259","299","3","00:11:00","100","49","0","28536"
"73","1","299","3","00:12:01","457","206","1","28537"
"316","78","299","3","00:12:59","100","49","1","28538"
"76","15","299","3","00:14:14","300","150","0","28539"
"73","97","299","3","00:15:23","100","49","0","28540"
"76","1","299","3","00:16:50","300","150","0","28541"
"317","183","299","3","00:18:40","457","206","0","28542"
"42","280","300","1","00:00:00","300","150","1","28543"
"201","45","300","1","00:02:20","100","206","1","28544"
"4","30","300","1","00:04:00","457","206","1","28545"
"4","30","300","1","00:04:20","457","49","0","28546"
"201","280","300","1","00:05:36","457","49","0","28547"
"42","30","300","1","00:05:52","100","206","1","28548"
"42","47","300","1","00:08:25","100","206","0","28549"
"42","280","300","1","00:08:53","457","49","0","28550"
"4","30","300","1","00:09:09","300","150","1","28551"
"4","30","300","1","00:09:26","300","150","0","28552"
"42","280","300","1","00:10:26","457","49","0","28553"
"42","280","300","1","00:10:39","457","206","0","28554"
"201","45","300","1","00:11:05","353","27","0","28555"
"35","116","300","1","00:13:06","203","227","1","28556"
"42","280","300","1","00:14:11","457","49","0","28557"
"42","206","300","1","00:16:25","100","49","1","28558"
"201","45","300","1","00:16:55","300","150","1","28559"
"42","280","300","1","00:17:56","457","49","1","28560"
"4","116","300","1","00:18:13","100","49","1","28561"
"4","206","300","1","00:18:37","100","49","0","28562"
"4","206","300","1","00:18:41","100","49","0","28563"
"42","30","300","1","00:18:47","100","206","1","28564"
"32","280","300","1","00:19:00","457","49","0","28565"
"201","30","300","2","00:00:00","300","150","1","28566"
"4","116","300","2","00:01:45","143","251","0","28567"
"42","30","300","2","00:03:20","143","94","0","28568"
"4","47","300","2","00:04:37","143","251","1","28569"
"42","47","300","2","00:04:54","143","251","1","28570"
"4","116","300","2","00:05:45","143","94","1","28571"
"4","206","300","2","00:07:51","500","94","0","28572"
"4","45","300","2","00:07:56","397","273","0","28573"
"61","40","300","2","00:12:41","143","94","0","28574"
"4","280","300","2","00:15:03","143","251","0","28575"
"42","206","300","2","00:15:24","300","150","0","28576"
"42","30","300","2","00:15:35","300","150","0","28577"
"39","30","300","2","00:16:28","500","94","1","28578"
"4","280","300","2","00:17:07","143","251","1","28579"
"61","206","300","2","00:17:34","300","150","1","28580"
"274","280","300","2","00:18:12","247","73","1","28581"
"61","40","300","2","00:19:21","500","94","1","28582"
"4","280","300","2","00:19:51","300","150","1","28583"
"61","280","300","3","00:00:00","300","150","0","28584"
"42","45","300","3","00:01:54","300","150","1","28585"
"61","280","300","3","00:02:23","457","206","1","28586"
"42","30","300","3","00:04:02","100","206","1","28587"
"61","205","300","3","00:04:55","457","206","1","28588"
"61","280","300","3","00:05:06","457","49","0","28589"
"35","45","300","3","00:06:40","300","150","0","28590"
"61","205","300","3","00:06:51","353","27","0","28591"
"4","40","300","3","00:07:29","300","150","1","28592"
"42","45","300","3","00:11:57","353","227","1","28593"
"35","30","300","3","00:12:10","100","49","1","28594"
"4","285","300","3","00:13:43","100","49","0","28595"
"4","205","300","3","00:19:50","457","206","1","28596"
"76","75","301","1","00:00:00","300","150","1","28597"
"76","75","301","1","00:00:22","100","49","1","28598"
"313","220","301","1","00:01:46","457","206","1","28599"
"76","75","301","1","00:02:31","300","150","1","28600"
"76","89","301","1","00:02:54","457","49","0","28601"
"54","227","301","1","00:03:16","457","206","0","28602"
"54","220","301","1","00:04:43","300","150","0","28603"
"76","227","301","1","00:06:41","457","206","1","28604"
"73","220","301","1","00:07:55","300","150","1","28605"
"63","75","301","1","00:08:30","457","49","1","28606"
"313","227","301","1","00:12:36","100","206","1","28607"
"76","75","301","1","00:13:54","203","27","0","28608"
"73","75","301","1","00:18:36","100","206","1","28609"
"65","75","301","1","00:18:45","203","227","0","28610"
"76","75","301","2","00:00:00","300","150","1","28611"
"73","227","301","2","00:00:35","300","150","0","28612"
"313","161","301","2","00:01:56","500","94","0","28613"
"76","75","301","2","00:02:44","300","150","1","28614"
"313","248","301","2","00:05:31","500","94","0","28615"
"76","248","301","2","00:07:25","143","94","0","28616"
"313","227","301","2","00:08:09","300","150","0","28617"
"313","75","301","2","00:08:45","500","94","1","28618"
"73","75","301","2","00:08:54","300","150","0","28619"
"76","75","301","2","00:09:24","143","94","1","28620"
"313","220","301","2","00:13:03","500","251","1","28621"
"73","227","301","2","00:14:11","143","251","0","28622"
"76","75","301","2","00:14:36","397","273","1","28623"
"73","227","301","2","00:15:49","143","251","0","28624"
"73","227","301","2","00:19:00","397","73","0","28625"
"65","114","301","2","00:19:13","143","94","0","28626"
"76","89","301","3","00:00:00","300","150","1","28627"
"313","220","301","3","00:01:36","457","49","1","28628"
"76","248","301","3","00:04:38","203","27","1","28629"
"76","220","301","3","00:05:09","457","206","0","28630"
"76","75","301","3","00:06:42","100","49","0","28631"
"65","227","301","3","00:06:51","100","49","1","28632"
"76","75","301","3","00:07:56","457","206","1","28633"
"313","220","301","3","00:08:40","457","206","0","28634"
"313","75","301","3","00:09:54","100","49","1","28635"
"65","75","301","3","00:13:04","100","49","1","28636"
"76","75","301","3","00:13:25","353","227","1","28637"
"73","75","301","3","00:18:09","100","206","0","28638"
"76","75","301","3","00:18:18","100","49","1","28639"
"76","75","301","3","00:18:36","100","49","1","28640"
"269","97","302","1","00:00:00","300","150","0","28641"
"23","15","302","1","00:00:34","457","206","0","28642"
"21","97","302","1","00:01:41","457","49","1","28643"
"21","1","302","1","00:02:19","457","206","0","28644"
"102","15","302","1","00:03:14","457","49","0","28645"
"23","78","302","1","00:03:38","457","49","1","28646"
"21","1","302","1","00:04:49","100","49","1","28647"
"102","78","302","1","00:05:44","457","49","0","28648"
"23","183","302","1","00:06:35","457","206","0","28649"
"269","15","302","1","00:09:11","300","150","0","28650"
"21","1","302","1","00:10:38","457","49","0","28651"
"23","15","302","1","00:15:04","100","206","1","28652"
"21","97","302","1","00:16:15","100","49","1","28653"
"23","1","302","1","00:16:39","457","206","0","28654"
"102","78","302","1","00:16:45","300","150","1","28655"
"21","15","302","1","00:17:41","457","206","1","28656"
"21","36","302","1","00:17:52","457","206","0","28657"
"189","243","302","1","00:18:25","100","206","1","28658"
"23","97","302","1","00:18:54","100","206","1","28659"
"23","78","302","1","00:19:22","100","49","1","28660"
"23","97","302","1","00:20:00","300","150","1","28661"
"189","78","302","2","00:00:23","300","150","1","28662"
"189","8","302","2","00:00:39","500","94","1","28663"
"269","78","302","2","00:01:36","247","73","1","28664"
"102","1","302","2","00:02:53","397","73","0","28665"
"21","78","302","2","00:08:30","300","150","0","28666"
"21","78","302","2","00:08:45","397","273","0","28667"
"102","15","302","2","00:09:19","300","150","1","28668"
"21","78","302","2","00:11:28","300","150","1","28669"
"23","97","302","2","00:12:55","500","94","0","28670"
"23","15","302","2","00:14:05","143","94","1","28671"
"21","15","302","2","00:16:41","143","94","0","28672"
"21","78","302","2","00:17:03","500","94","0","28673"
"23","97","302","3","00:00:00","300","150","1","28674"
"23","97","302","3","00:00:21","100","49","1","28675"
"21","78","302","3","00:01:26","457","49","0","28676"
"269","1","302","3","00:02:25","100","206","1","28677"
"190","97","302","3","00:02:33","100","206","1","28678"
"189","15","302","3","00:03:25","100","206","1","28679"
"21","78","302","3","00:03:52","353","27","1","28680"
"21","78","302","3","00:03:59","353","227","1","28681"
"21","78","302","3","00:04:07","457","49","0","28682"
"21","15","302","3","00:04:16","300","150","1","28683"
"21","15","302","3","00:04:24","457","49","0","28684"
"269","1","302","3","00:05:01","203","27","0","28685"
"102","97","302","3","00:05:16","300","150","1","28686"
"23","97","302","3","00:05:41","100","49","1","28687"
"189","183","302","3","00:06:23","203","227","1","28688"
"190","78","302","3","00:07:51","457","49","0","28689"
"23","15","302","3","00:08:21","457","206","0","28690"
"21","183","302","3","00:09:08","457","206","0","28691"
"23","78","302","3","00:09:16","457","206","0","28692"
"23","78","302","3","00:10:02","457","49","0","28693"
"23","15","302","3","00:10:54","457","49","0","28694"
"21","15","302","3","00:11:37","300","150","0","28695"
"21","15","302","3","00:11:41","300","150","1","28696"
"269","183","302","3","00:12:19","457","206","1","28697"
"23","16","302","3","00:12:33","100","49","1","28698"
"23","78","302","3","00:18:36","100","49","1","28699"
"189","97","302","3","00:19:38","100","206","1","28700"
"23","97","302","3","00:19:50","100","49","1","28701"
"34","58","303","1","00:00:00","300","150","0","28702"
"293","57","303","1","00:05:15","300","150","0","28703"
"293","57","303","1","00:05:24","143","94","1","28704"
"34","101","303","1","00:06:15","143","251","0","28705"
"34","192","303","1","00:06:25","143","251","1","28706"
"34","58","303","1","00:07:02","247","73","1","28707"
"156","57","303","1","00:07:56","247","73","1","28708"
"293","58","303","1","00:09:09","300","150","1","28709"
"156","57","303","1","00:10:11","300","150","0","28710"
"34","58","303","1","00:11:04","500","251","1","28711"
"34","88","303","1","00:11:33","143","94","1","28712"
"293","58","303","1","00:13:30","500","94","0","28713"
"293","58","303","1","00:13:35","500","94","0","28714"
"156","58","303","1","00:13:59","143","94","1","28715"
"34","58","303","1","00:14:55","500","251","0","28716"
"291","88","303","1","00:16:24","500","251","1","28717"
"156","101","303","1","00:17:15","397","273","1","28718"
"34","192","303","1","00:17:42","143","251","1","28719"
"34","57","303","1","00:17:53","143","94","1","28720"
"34","57","303","1","00:18:05","143","94","1","28721"
"34","58","303","1","00:18:18","143","251","0","28722"
"34","88","303","1","00:18:44","500","94","0","28723"
"34","58","303","1","00:19:52","500","251","0","28724"
"34","58","303","2","00:00:00","300","150","0","28725"
"34","101","303","2","00:02:19","100","206","1","28726"
"156","58","303","2","00:03:46","100","49","0","28727"
"293","57","303","2","00:04:54","300","150","1","28728"
"34","88","303","2","00:05:31","300","150","1","28729"
"34","58","303","2","00:06:05","100","49","0","28730"
"156","286","303","2","00:06:49","100","49","0","28731"
"156","88","303","2","00:07:34","457","49","1","28732"
"293","58","303","2","00:11:23","100","206","0","28733"
"291","57","303","2","00:12:26","203","27","1","28734"
"34","88","303","2","00:14:28","300","150","0","28735"
"293","58","303","2","00:16:30","300","150","0","28736"
"156","58","303","2","00:18:37","300","150","0","28737"
"156","58","303","2","00:19:06","100","49","0","28738"
"34","286","303","2","00:19:59","300","150","1","28739"
"34","101","303","3","00:00:00","300","150","1","28740"
"34","101","303","3","00:03:24","143","251","0","28741"
"34","101","303","3","00:03:41","143","251","1","28742"
"156","88","303","3","00:05:07","500","94","1","28743"
"291","57","303","3","00:06:02","300","150","0","28744"
"34","58","303","3","00:06:32","500","251","0","28745"
"156","88","303","3","00:07:02","397","73","1","28746"
"156","101","303","3","00:09:23","300","150","1","28747"
"34","58","303","3","00:09:46","300","150","0","28748"
"156","57","303","3","00:10:49","143","251","1","28749"
"156","192","303","3","00:14:01","300","150","0","28750"
"34","88","303","3","00:15:04","143","94","0","28751"
"34","57","303","3","00:19:07","143","251","0","28752"
"30","21","304","1","00:00:00","300","150","1","28753"
"280","23","304","1","00:00:14","300","150","1","28754"
"30","102","304","1","00:02:17","300","150","1","28755"
"30","189","304","1","00:02:33","500","94","1","28756"
"45","102","304","1","00:05:20","300","150","1","28757"
"280","23","304","1","00:07:19","500","94","0","28758"
"280","37","304","1","00:10:53","143","251","0","28759"
"205","23","304","1","00:12:33","143","94","0","28760"
"30","23","304","1","00:12:38","143","251","1","28761"
"285","189","304","1","00:13:16","143","251","1","28762"
"40","189","304","1","00:14:50","500","94","0","28763"
"30","21","304","1","00:17:14","143","94","1","28764"
"30","189","304","1","00:17:31","143","94","0","28765"
"30","189","304","1","00:19:55","500","251","1","28766"
"30","21","304","2","00:00:00","300","150","1","28767"
"280","23","304","2","00:00:30","203","227","0","28768"
"206","23","304","2","00:02:19","457","206","1","28769"
"30","23","304","2","00:02:41","457","49","1","28770"
"45","269","304","2","00:04:07","300","150","0","28771"
"45","269","304","2","00:04:12","300","150","1","28772"
"30","21","304","2","00:06:33","457","49","1","28773"
"280","23","304","2","00:07:27","203","227","0","28774"
"280","21","304","2","00:11:00","353","227","1","28775"
"45","269","304","2","00:12:27","100","206","1","28776"
"45","269","304","2","00:12:53","457","49","1","28777"
"206","21","304","2","00:13:42","100","206","1","28778"
"30","23","304","2","00:14:34","100","206","1","28779"
"280","191","304","2","00:15:30","457","49","1","28780"
"285","191","304","2","00:16:15","100","206","0","28781"
"280","191","304","2","00:16:49","203","227","1","28782"
"30","23","304","2","00:17:51","100","206","0","28783"
"285","23","304","3","00:00:00","300","150","0","28784"
"280","21","304","3","00:00:46","300","150","0","28785"
"206","269","304","3","00:01:49","143","94","1","28786"
"30","23","304","3","00:02:09","143","94","1","28787"
"45","23","304","3","00:02:57","500","251","0","28788"
"280","189","304","3","00:04:05","500","94","1","28789"
"206","23","304","3","00:05:04","500","251","0","28790"
"280","23","304","3","00:06:13","500","251","0","28791"
"30","189","304","3","00:07:22","143","94","1","28792"
"280","23","304","3","00:10:13","500","251","0","28793"
"206","189","304","3","00:11:40","500","251","0","28794"
"280","269","304","3","00:12:20","300","150","1","28795"
"116","21","304","3","00:12:34","300","150","0","28796"
"206","21","304","3","00:12:40","143","251","1","28797"
"30","23","304","3","00:12:55","397","273","1","28798"
"30","23","304","3","00:15:46","300","150","1","28799"
"280","21","304","3","00:16:22","143","251","0","28800"
"116","191","304","3","00:17:17","247","73","0","28801"
"205","21","304","3","00:18:08","397","73","1","28802"
"280","23","304","3","00:19:31","143","94","0","28803"
"280","21","304","4","00:00:00","300","150","0","28804"
"285","21","304","4","00:03:39","100","49","0","28805"
"205","23","304","4","00:04:14","100","49","0","28806"
"61","75","305","1","00:00:00","300","150","0","28807"
"4","220","305","1","00:00:53","100","49","1","28808"
"61","220","305","1","00:03:15","203","27","0","28809"
"4","227","305","1","00:03:45","457","49","1","28810"
"4","227","305","1","00:04:11","203","27","1","28811"
"61","75","305","1","00:05:24","100","49","1","28812"
"61","75","305","1","00:05:34","300","150","0","28813"
"61","75","305","1","00:05:59","457","49","0","28814"
"39","220","305","1","00:06:26","457","206","1","28815"
"35","75","305","1","00:06:47","457","49","0","28816"
"61","220","305","1","00:08:08","100","49","0","28817"
"61","220","305","1","00:08:31","100","206","1","28818"
"201","239","305","1","00:09:23","100","206","1","28819"
"4","248","305","1","00:09:31","100","206","1","28820"
"61","227","305","1","00:10:57","457","206","1","28821"
"42","221","305","1","00:12:42","100","206","0","28822"
"35","75","305","1","00:17:27","100","206","1","28823"
"4","220","305","1","00:18:28","100","49","1","28824"
"201","227","305","1","00:19:18","353","227","1","28825"
"201","227","305","1","00:19:30","100","206","0","28826"
"128","75","305","1","00:19:43","457","49","0","28827"
"61","75","305","2","00:00:00","300","150","1","28828"
"61","75","305","2","00:03:13","500","251","0","28829"
"201","220","305","2","00:03:40","500","251","0","28830"
"201","75","305","2","00:04:34","500","94","0","28831"
"201","75","305","2","00:04:52","500","94","0","28832"
"4","227","305","2","00:05:02","397","273","0","28833"
"61","75","305","2","00:06:25","247","73","0","28834"
"4","114","305","2","00:07:06","500","94","0","28835"
"39","248","305","2","00:07:48","397","273","1","28836"
"201","220","305","2","00:08:49","247","73","1","28837"
"39","220","305","2","00:10:43","143","251","1","28838"
"42","89","305","2","00:10:58","143","94","0","28839"
"4","75","305","2","00:12:16","247","273","1","28840"
"42","75","305","2","00:14:28","500","94","1","28841"
"4","220","305","2","00:16:08","143","251","1","28842"
"4","75","305","2","00:16:18","143","94","0","28843"
"42","227","305","2","00:19:58","143","251","1","28844"
"61","75","305","3","00:00:00","300","150","0","28845"
"61","75","305","3","00:00:19","100","49","0","28846"
"61","75","305","3","00:03:24","203","227","1","28847"
"4","114","305","3","00:04:19","457","206","1","28848"
"35","227","305","3","00:04:32","100","206","0","28849"
"61","220","305","3","00:04:50","457","49","1","28850"
"61","220","305","3","00:05:33","100","49","1","28851"
"4","75","305","3","00:06:32","457","49","1","28852"
"42","75","305","3","00:06:52","203","227","1","28853"
"61","227","305","3","00:07:59","100","206","1","28854"
"201","220","305","3","00:08:28","300","150","0","28855"
"61","227","305","3","00:10:34","100","49","1","28856"
"39","248","305","3","00:11:54","203","27","0","28857"
"42","248","305","3","00:12:30","100","49","0","28858"
"61","75","305","3","00:13:43","457","49","1","28859"
"42","75","305","3","00:14:17","100","49","0","28860"
"61","220","305","3","00:15:39","457","49","1","28861"
"39","227","305","3","00:16:34","100","206","1","28862"
"4","75","305","3","00:17:22","203","27","0","28863"
"39","227","305","3","00:18:23","300","150","0","28864"
"4","75","305","3","00:19:09","353","27","1","28865"
"4","75","305","3","00:19:18","300","150","1","28866"
"88","73","306","1","00:00:00","300","150","1","28867"
"58","76","306","1","00:00:37","457","49","1","28868"
"101","73","306","1","00:02:26","203","27","0","28869"
"88","67","306","1","00:03:44","457","206","0","28870"
"88","313","306","1","00:03:53","203","27","0","28871"
"57","76","306","1","00:06:13","457","49","1","28872"
"58","76","306","1","00:06:56","457","206","0","28873"
"58","313","306","1","00:07:42","300","150","0","28874"
"58","76","306","1","00:10:21","100","206","0","28875"
"88","313","306","1","00:11:14","100","49","0","28876"
"88","313","306","1","00:11:38","457","206","1","28877"
"58","313","306","1","00:11:55","100","206","0","28878"
"58","76","306","1","00:14:05","457","49","1","28879"
"101","76","306","1","00:14:41","100","49","0","28880"
"88","76","306","1","00:14:58","457","206","0","28881"
"88","73","306","1","00:15:09","457","206","0","28882"
"57","73","306","1","00:18:34","300","150","0","28883"
"57","73","306","1","00:18:49","457","206","0","28884"
"58","73","306","2","00:00:00","300","150","0","28885"
"58","73","306","2","00:00:10","300","150","1","28886"
"240","66","306","2","00:00:41","300","150","1","28887"
"58","65","306","2","00:03:15","143","251","1","28888"
"88","316","306","2","00:05:08","500","94","1","28889"
"88","316","306","2","00:05:17","143","94","0","28890"
"58","73","306","2","00:05:52","397","273","1","28891"
"58","65","306","2","00:06:08","247","273","1","28892"
"58","76","306","2","00:06:50","500","94","0","28893"
"192","313","306","2","00:07:58","143","251","1","28894"
"241","73","306","2","00:08:14","143","251","1","28895"
"58","73","306","2","00:08:45","500","251","0","28896"
"88","316","306","2","00:09:24","500","251","1","28897"
"88","76","306","2","00:09:39","397","273","0","28898"
"58","316","306","2","00:14:14","143","251","0","28899"
"88","76","306","2","00:15:37","143","94","1","28900"
"58","73","306","2","00:17:32","500","94","1","28901"
"58","76","306","2","00:19:42","300","150","1","28902"
"58","73","306","3","00:00:00","300","150","0","28903"
"57","76","306","3","00:00:57","300","150","1","28904"
"101","316","306","3","00:01:56","457","49","1","28905"
"101","76","306","3","00:03:28","353","227","0","28906"
"88","76","306","3","00:04:37","457","206","1","28907"
"101","313","306","3","00:04:54","100","206","0","28908"
"101","313","306","3","00:05:04","457","206","0","28909"
"58","73","306","3","00:06:13","100","49","1","28910"
"88","76","306","3","00:07:20","457","49","0","28911"
"88","73","306","3","00:10:37","100","206","0","28912"
"57","76","306","3","00:11:16","457","206","0","28913"
"57","76","306","3","00:11:28","100","206","1","28914"
"88","76","306","3","00:12:47","300","150","0","28915"
"58","54","306","3","00:15:40","100","206","0","28916"
"58","73","306","3","00:19:22","100","206","1","28917"
"58","73","306","3","00:19:31","100","206","0","28918"
"21","220","307","1","00:00:00","300","150","1","28919"
"23","75","307","1","00:00:51","457","49","1","28920"
"23","75","307","1","00:01:09","457","49","1","28921"
"21","227","307","1","00:01:18","300","150","0","28922"
"269","248","307","1","00:02:15","457","49","0","28923"
"21","220","307","1","00:03:53","353","227","1","28924"
"23","227","307","1","00:04:26","457","206","1","28925"
"21","75","307","1","00:07:46","353","27","0","28926"
"190","227","307","1","00:09:05","300","150","0","28927"
"21","220","307","1","00:10:13","457","206","0","28928"
"23","75","307","1","00:11:08","100","49","0","28929"
"23","75","307","1","00:11:15","203","227","1","28930"
"269","248","307","1","00:11:43","353","27","0","28931"
"23","114","307","1","00:12:16","457","49","1","28932"
"23","75","307","1","00:14:15","300","150","0","28933"
"23","75","307","1","00:14:35","457","49","1","28934"
"21","227","307","1","00:15:18","457","206","1","28935"
"23","75","307","1","00:16:48","457","49","0","28936"
"190","227","307","1","00:17:39","300","150","1","28937"
"21","220","307","1","00:17:46","300","150","0","28938"
"21","75","307","1","00:18:01","457","49","0","28939"
"23","220","307","1","00:18:19","300","150","0","28940"
"21","227","307","1","00:19:02","353","227","1","28941"
"102","75","307","1","00:19:47","353","227","0","28942"
"21","220","307","2","00:00:00","300","150","0","28943"
"23","75","307","2","00:00:35","143","94","0","28944"
"21","75","307","2","00:03:30","300","150","1","28945"
"23","198","307","2","00:04:22","143","94","1","28946"
"23","248","307","2","00:05:18","500","94","0","28947"
"190","227","307","2","00:06:11","300","150","1","28948"
"21","75","307","2","00:07:35","397","73","0","28949"
"23","220","307","2","00:08:15","143","94","1","28950"
"269","248","307","2","00:09:02","247","73","1","28951"
"21","227","307","2","00:12:07","300","150","1","28952"
"23","75","307","2","00:12:57","143","94","1","28953"
"23","227","307","2","00:13:25","300","150","1","28954"
"269","220","307","2","00:14:06","143","94","1","28955"
"23","227","307","2","00:15:11","500","251","1","28956"
"23","227","307","2","00:15:17","500","251","0","28957"
"189","75","307","2","00:16:52","143","94","1","28958"
"102","75","307","2","00:17:23","500","94","0","28959"
"23","248","307","2","00:19:30","500","94","0","28960"
"21","220","307","3","00:00:00","300","150","1","28961"
"189","220","307","3","00:00:12","100","206","0","28962"
"23","75","307","3","00:00:53","100","49","0","28963"
"269","75","307","3","00:01:33","100","206","1","28964"
"23","248","307","3","00:02:06","457","206","1","28965"
"102","248","307","3","00:02:23","457","49","0","28966"
"23","220","307","3","00:03:43","500","251","1","28967"
"23","75","307","3","00:04:12","100","49","1","28968"
"23","75","307","3","00:04:17","300","150","1","28969"
"23","75","307","3","00:04:36","457","49","1","28970"
"37","220","307","3","00:06:38","100","49","0","28971"
"23","75","307","3","00:06:54","457","206","0","28972"
"21","220","307","3","00:07:45","457","206","1","28973"
"37","227","307","3","00:08:47","100","206","0","28974"
"102","227","307","3","00:08:53","100","49","0","28975"
"23","75","307","3","00:09:19","353","227","1","28976"
"21","220","307","3","00:10:12","457","206","0","28977"
"23","75","307","3","00:11:39","100","206","1","28978"
"23","220","307","3","00:12:31","100","49","1","28979"
"189","75","307","3","00:13:44","300","150","0","28980"
"269","220","307","3","00:14:31","100","49","0","28981"
"191","75","307","3","00:14:59","457","49","0","28982"
"23","75","307","3","00:15:10","457","49","1","28983"
"23","75","307","3","00:18:52","457","49","1","28984"
"21","75","307","3","00:19:07","300","150","0","28985"
"280","34","308","1","00:00:00","300","150","0","28986"
"30","138","308","1","00:00:23","300","150","0","28987"
"206","156","308","1","00:01:00","457","206","1","28988"
"280","293","308","1","00:05:17","100","206","1","28989"
"280","138","308","1","00:07:10","457","49","0","28990"
"280","138","308","1","00:10:55","457","206","0","28991"
"30","34","308","1","00:11:36","457","206","1","28992"
"280","293","308","1","00:13:48","100","206","1","28993"
"30","138","308","1","00:14:24","457","49","1","28994"
"30","34","308","1","00:17:48","457","49","0","28995"
"30","34","308","2","00:00:00","300","150","1","28996"
"280","156","308","2","00:00:05","397","73","1","28997"
"30","34","308","2","00:00:34","500","251","0","28998"
"280","34","308","2","00:02:22","500","251","1","28999"
"116","138","308","2","00:02:51","300","150","0","29000"
"116","138","308","2","00:02:58","300","150","1","29001"
"280","138","308","2","00:03:12","143","251","0","29002"
"280","34","308","2","00:03:52","247","73","0","29003"
"280","13","308","2","00:05:49","397","273","1","29004"
"280","34","308","2","00:09:38","143","251","1","29005"
"280","138","308","2","00:10:56","143","94","0","29006"
"30","34","308","2","00:11:55","143","94","1","29007"
"280","49","308","2","00:13:42","143","251","1","29008"
"45","34","308","2","00:16:01","143","251","0","29009"
"280","34","308","2","00:18:19","143","94","0","29010"
"30","138","308","2","00:18:59","397","273","1","29011"
"280","34","308","3","00:00:00","300","150","1","29012"
"30","138","308","3","00:01:07","100","206","0","29013"
"30","138","308","3","00:01:26","100","206","1","29014"
"45","293","308","3","00:03:09","457","206","0","29015"
"280","34","308","3","00:04:33","457","49","1","29016"
"40","138","308","3","00:05:09","353","27","0","29017"
"280","34","308","3","00:08:34","300","150","0","29018"
"116","34","308","3","00:11:27","100","206","0","29019"
"280","138","308","3","00:12:04","457","49","1","29020"
"280","138","308","3","00:12:28","100","206","1","29021"
"206","138","308","3","00:13:15","100","206","1","29022"
"30","156","308","3","00:13:40","203","227","0","29023"
"280","34","308","3","00:15:57","100","49","1","29024"
"30","138","308","3","00:16:25","300","150","0","29025"
"206","138","308","3","00:16:44","100","206","1","29026"
"206","138","308","3","00:16:52","100","206","1","29027"
"280","156","308","3","00:17:37","100","206","1","29028"
"280","34","308","3","00:17:49","100","49","0","29029"
"280","34","308","3","00:18:17","457","49","1","29030"
"280","34","308","3","00:19:49","300","150","0","29031"
"280","34","308","3","00:19:58","203","227","0","29032"
"280","34","308","4","00:00:00","300","150","1","29033"
"30","13","308","4","00:00:20","300","150","1","29034"
"30","156","308","4","00:02:51","500","251","1","29035"
"280","34","308","4","00:03:04","247","73","1","29036"
"280","224","308","4","00:03:35","143","251","0","29037"
"30","34","308","4","00:04:13","500","251","0","29038"
"61","34","309","1","00:00:00","300","150","0","29039"
"35","138","309","1","00:02:14","100","206","0","29040"
"201","34","309","1","00:02:57","457","49","1","29041"
"128","293","309","1","00:05:04","457","49","1","29042"
"61","34","309","1","00:06:53","300","150","0","29043"
"4","224","309","1","00:07:37","300","150","1","29044"
"201","138","309","1","00:08:25","353","27","1","29045"
"61","293","309","1","00:09:45","100","206","0","29046"
"201","138","309","1","00:12:36","100","206","1","29047"
"61","34","309","1","00:14:08","300","150","1","29048"
"4","224","309","1","00:15:27","100","206","0","29049"
"35","138","309","1","00:16:06","100","206","1","29050"
"4","34","309","1","00:18:14","100","49","1","29051"
"61","34","309","2","00:00:00","300","150","1","29052"
"4","34","309","2","00:00:16","300","150","1","29053"
"201","293","309","2","00:02:28","300","150","0","29054"
"61","34","309","2","00:02:59","500","251","0","29055"
"201","34","309","2","00:03:28","143","251","0","29056"
"4","224","309","2","00:03:43","300","150","1","29057"
"35","224","309","2","00:04:29","143","251","1","29058"
"201","138","309","2","00:05:12","500","94","1","29059"
"201","49","309","2","00:05:23","500","94","0","29060"
"201","34","309","2","00:05:50","500","94","0","29061"
"4","17","309","2","00:07:19","143","251","1","29062"
"4","34","309","2","00:07:31","143","251","0","29063"
"42","138","309","2","00:07:55","143","94","1","29064"
"42","34","309","2","00:08:17","143","251","1","29065"
"4","34","309","2","00:09:20","143","251","1","29066"
"4","34","309","2","00:09:29","143","251","1","29067"
"35","224","309","2","00:09:53","300","150","0","29068"
"61","138","309","2","00:11:55","300","150","1","29069"
"4","34","309","2","00:12:47","500","94","0","29070"
"201","34","309","2","00:15:47","500","251","0","29071"
"201","34","309","2","00:15:54","500","251","1","29072"
"42","49","309","2","00:16:52","500","94","0","29073"
"61","156","309","2","00:18:02","143","94","1","29074"
"61","34","309","3","00:00:00","300","150","0","29075"
"61","224","309","3","00:00:27","457","206","1","29076"
"35","34","309","3","00:01:58","457","49","1","29077"
"201","34","309","3","00:02:04","457","49","1","29078"
"61","293","309","3","00:03:02","100","49","0","29079"
"42","224","309","3","00:03:37","300","150","1","29080"
"35","138","309","3","00:04:05","100","206","0","29081"
"61","34","309","3","00:04:40","100","49","1","29082"
"4","138","309","3","00:06:25","100","49","1","29083"
"42","138","309","3","00:06:48","100","206","1","29084"
"42","156","309","3","00:07:24","100","206","1","29085"
"61","34","309","3","00:11:38","457","49","1","29086"
"42","17","309","3","00:13:23","457","49","1","29087"
"42","138","309","3","00:13:38","100","49","1","29088"
"61","34","309","3","00:14:13","353","227","1","29089"
"61","34","309","3","00:14:33","353","227","1","29090"
"39","224","309","3","00:14:56","100","49","1","29091"
"4","224","309","3","00:15:10","353","27","1","29092"
"61","34","309","3","00:15:41","457","49","0","29093"
"35","138","309","3","00:16:34","300","150","1","29094"
"4","224","309","3","00:17:03","457","206","1","29095"
"61","34","309","3","00:18:23","457","49","0","29096"
"201","293","309","3","00:19:48","300","150","0","29097"
"220","1","310","1","00:00:00","300","150","0","29098"
"227","97","310","1","00:04:09","247","73","0","29099"
"75","183","310","1","00:05:49","457","206","1","29100"
"75","15","310","1","00:05:57","143","251","0","29102"
"220","15","310","1","00:05:58","143","251","0","29103"
"227","15","310","1","00:07:13","143","251","0","29104"
"75","15","310","1","00:07:27","247","273","0","29105"
"220","97","310","1","00:08:03","300","150","0","29106"
"248","78","310","1","00:09:59","500","94","0","29107"
"75","15","310","1","00:12:15","143","251","1","29108"
"75","15","310","1","00:12:21","143","251","0","29109"
"220","15","310","1","00:12:46","500","251","0","29110"
"89","97","310","1","00:14:33","143","251","1","29111"
"75","259","310","1","00:16:43","500","94","0","29112"
"227","1","310","1","00:18:17","500","94","1","29113"
"161","259","310","1","00:18:30","500","251","0","29114"
"75","78","310","1","00:19:00","500","94","0","29115"
"227","97","310","1","00:19:14","300","150","1","29116"
"75","1","310","2","00:00:00","300","150","1","29117"
"220","97","310","2","00:00:27","100","49","0","29118"
"89","15","310","2","00:00:52","500","94","0","29119"
"75","1","310","2","00:01:31","500","251","0","29120"
"227","78","310","2","00:01:36","500","94","1","29121"
"89","97","310","2","00:03:04","300","150","0","29122"
"227","78","310","2","00:03:34","143","251","1","29123"
"227","15","310","2","00:03:55","500","94","1","29124"
"75","97","310","2","00:04:12","397","73","1","29125"
"220","1","310","2","00:05:39","143","94","1","29126"
"221","78","310","2","00:05:43","300","150","0","29127"
"75","78","310","2","00:06:18","143","251","1","29128"
"75","15","310","2","00:06:47","500","94","0","29129"
"227","97","310","2","00:10:21","143","94","1","29130"
"220","78","310","2","00:15:27","143","94","0","29131"
"161","78","310","2","00:15:36","143","251","0","29132"
"227","1","310","2","00:15:46","300","150","1","29133"
"89","15","310","2","00:16:36","300","150","0","29134"
"89","97","310","2","00:17:04","143","94","1","29135"
"89","97","310","2","00:17:18","143","251","1","29136"
"75","78","310","2","00:17:57","397","73","0","29137"
"75","15","310","2","00:18:58","500","94","0","29138"
"220","15","310","2","00:19:20","300","150","1","29139"
"227","15","310","3","00:00:00","300","150","0","29140"
"227","183","310","3","00:00:23","457","206","0","29141"
"75","183","310","3","00:00:41","300","150","0","29142"
"220","1","310","3","00:01:06","457","206","1","29143"
"89","78","310","3","00:01:28","353","227","1","29144"
"75","1","310","3","00:03:16","203","227","0","29145"
"220","78","310","3","00:04:03","203","227","1","29146"
"227","15","310","3","00:05:44","300","150","1","29147"
"75","36","310","3","00:06:22","100","206","1","29148"
"220","15","310","3","00:06:30","100","49","0","29149"
"75","97","310","3","00:07:00","100","206","1","29150"
"220","16","310","3","00:08:11","203","227","0","29151"
"220","78","310","3","00:08:55","353","227","1","29152"
"89","97","310","3","00:09:20","100","49","0","29153"
"220","78","310","3","00:10:58","100","49","1","29154"
"220","97","310","3","00:11:49","100","206","1","29155"
"220","97","310","3","00:11:58","100","49","1","29156"
"89","15","310","3","00:12:28","100","206","1","29157"
"75","78","310","3","00:13:42","100","206","1","29158"
"227","1","310","3","00:14:12","100","49","1","29159"
"239","16","310","3","00:15:01","300","150","0","29160"
"89","243","310","3","00:15:10","457","206","0","29161"
"75","15","310","3","00:16:36","100","49","0","29162"
"227","97","310","3","00:17:08","100","206","1","29163"
"75","1","310","3","00:19:00","353","27","1","29164"
"227","149","310","3","00:19:44","100","49","1","29165"
"57","34","311","1","00:00:00","300","150","0","29166"
"58","156","311","1","00:01:54","300","150","1","29167"
"88","156","311","1","00:05:39","100","49","1","29168"
"88","156","311","1","00:05:57","353","227","1","29169"
"88","156","311","1","00:08:37","457","206","1","29170"
"101","293","311","1","00:09:51","100","206","0","29171"
"57","34","311","1","00:10:18","100","206","1","29172"
"58","224","311","1","00:12:04","457","206","1","29173"
"88","34","311","1","00:12:30","457","49","0","29174"
"101","293","311","1","00:12:44","203","27","0","29175"
"57","34","311","1","00:13:09","300","150","1","29176"
"57","34","311","1","00:13:28","203","27","0","29177"
"57","34","311","1","00:16:36","457","206","1","29178"
"58","138","311","1","00:17:18","100","49","0","29179"
"58","138","311","1","00:17:44","100","206","1","29180"
"88","224","311","1","00:18:25","300","150","1","29181"
"57","34","311","1","00:19:00","457","49","0","29182"
"58","293","311","1","00:19:55","457","49","1","29183"
"57","34","311","2","00:00:00","300","150","0","29184"
"57","34","311","2","00:00:07","143","251","1","29185"
"57","34","311","2","00:00:23","500","251","0","29186"
"88","224","311","2","00:01:46","143","251","1","29187"
"57","138","311","2","00:02:36","143","251","1","29188"
"58","34","311","2","00:03:56","143","94","1","29189"
"58","34","311","2","00:04:17","143","94","0","29190"
"88","293","311","2","00:05:31","300","150","1","29191"
"58","34","311","2","00:07:15","143","94","0","29192"
"88","224","311","2","00:07:51","143","251","1","29193"
"58","224","311","2","00:08:34","143","94","1","29194"
"57","34","311","2","00:09:46","300","150","0","29195"
"101","293","311","2","00:11:07","300","150","1","29196"
"58","291","311","2","00:11:22","143","94","1","29197"
"88","49","311","2","00:12:03","500","251","0","29198"
"58","224","311","2","00:15:04","143","94","1","29199"
"88","34","311","2","00:16:10","247","273","0","29200"
"101","138","311","2","00:16:54","143","94","0","29201"
"101","17","311","2","00:17:10","500","94","0","29202"
"58","156","311","2","00:18:13","500","251","0","29203"
"57","34","311","3","00:00:00","300","150","0","29204"
"58","49","311","3","00:00:42","300","150","0","29205"
"88","224","311","3","00:01:31","300","150","0","29206"
"101","293","311","3","00:02:02","300","150","1","29207"
"101","293","311","3","00:02:07","457","206","1","29208"
"58","293","311","3","00:03:43","457","49","1","29209"
"88","142","311","3","00:04:08","457","49","0","29210"
"88","224","311","3","00:04:14","457","49","1","29211"
"101","224","311","3","00:04:32","457","49","1","29212"
"58","34","311","3","00:06:09","203","227","0","29213"
"101","293","311","3","00:08:51","300","150","1","29214"
"101","293","311","3","00:08:55","203","227","0","29215"
"57","142","311","3","00:10:24","457","49","1","29216"
"101","224","311","3","00:11:52","353","227","0","29217"
"101","34","311","3","00:12:04","457","49","0","29218"
"58","156","311","3","00:12:51","457","206","1","29219"
"88","138","311","3","00:14:51","100","206","0","29220"
"88","138","311","3","00:15:02","100","206","0","29221"
"58","138","311","3","00:15:09","100","206","1","29222"
"57","34","311","3","00:15:12","100","206","1","29223"
"57","34","311","3","00:16:43","457","49","0","29224"
"101","138","311","3","00:18:39","300","150","1","29225"
"58","34","311","3","00:18:54","203","227","1","29226"
"88","49","311","3","00:19:41","300","150","0","29227"
"88","138","311","3","00:19:48","100","206","0","29228"
"21","280","312","1","00:00:00","300","150","1","29229"
"21","40","312","1","00:00:30","457","49","1","29230"
"269","116","312","1","00:02:23","100","206","1","29231"
"23","30","312","1","00:04:36","457","49","1","29232"
"23","280","312","1","00:06:36","457","49","0","29233"
"23","280","312","1","00:06:47","457","49","0","29234"
"23","280","312","1","00:06:52","457","206","0","29235"
"21","30","312","1","00:07:05","300","150","1","29236"
"190","116","312","1","00:07:46","300","150","1","29237"
"102","45","312","1","00:08:17","100","206","1","29238"
"21","30","312","1","00:09:29","300","150","1","29239"
"269","206","312","1","00:10:25","300","150","0","29240"
"269","30","312","1","00:13:49","203","27","1","29241"
"23","280","312","1","00:15:15","203","27","1","29242"
"23","280","312","1","00:15:21","100","49","0","29243"
"23","280","312","1","00:15:29","353","27","0","29244"
"21","30","312","1","00:16:32","457","49","1","29245"
"190","206","312","1","00:17:00","457","206","0","29246"
"102","280","312","1","00:18:22","457","49","0","29247"
"23","280","312","2","00:00:00","300","150","0","29248"
"269","45","312","2","00:03:10","500","94","0","29249"
"23","280","312","2","00:05:19","247","73","1","29250"
"21","280","312","2","00:05:42","300","150","1","29251"
"21","280","312","2","00:05:48","500","94","0","29252"
"21","30","312","2","00:07:52","247","73","0","29253"
"21","30","312","2","00:08:11","143","251","1","29254"
"23","280","312","2","00:09:38","143","251","0","29255"
"269","116","312","2","00:09:59","300","150","0","29256"
"23","147","312","2","00:12:09","143","94","1","29257"
"189","30","312","2","00:13:08","143","94","0","29258"
"23","206","312","2","00:13:39","143","251","1","29259"
"23","280","312","2","00:15:08","143","251","1","29260"
"21","30","312","2","00:16:20","500","94","1","29261"
"102","280","312","2","00:17:59","500","94","0","29262"
"23","205","312","2","00:18:04","500","251","1","29263"
"21","30","312","2","00:18:58","500","94","0","29264"
"23","280","312","3","00:00:00","300","150","1","29265"
"21","30","312","3","00:01:06","300","150","1","29266"
"102","45","312","3","00:02:48","353","27","1","29267"
"21","40","312","3","00:04:04","353","27","1","29268"
"189","40","312","3","00:04:39","300","150","1","29269"
"23","280","312","3","00:05:30","300","150","1","29270"
"23","280","312","3","00:06:00","457","49","0","29271"
"23","205","312","3","00:06:15","300","150","1","29272"
"102","45","312","3","00:08:34","300","150","1","29273"
"23","280","312","3","00:09:36","457","49","1","29274"
"23","206","312","3","00:11:15","300","150","1","29275"
"189","30","312","3","00:13:11","100","206","1","29276"
"23","30","312","3","00:14:36","300","150","1","29277"
"23","280","312","3","00:18:21","457","49","1","29278"
"102","45","312","3","00:18:39","300","150","0","29279"
"269","206","312","3","00:19:34","300","150","1","29280"
"73","57","313","1","00:00:00","300","150","0","29281"
"313","88","313","1","00:01:46","457","206","1","29282"
"316","101","313","1","00:05:53","457","49","1","29283"
"76","57","313","1","00:10:07","457","49","0","29284"
"73","58","313","1","00:11:38","100","206","0","29285"
"316","101","313","1","00:13:22","100","49","0","29286"
"76","101","313","1","00:13:55","100","49","1","29287"
"73","58","313","1","00:15:09","457","206","1","29288"
"76","57","313","1","00:17:32","100","49","1","29289"
"65","58","313","1","00:17:53","100","49","0","29290"
"76","57","313","1","00:19:31","100","49","1","29291"
"73","57","313","2","00:00:00","300","150","0","29292"
"76","58","313","2","00:00:32","143","94","1","29293"
"76","58","313","2","00:00:36","143","94","1","29294"
"73","57","313","2","00:01:23","143","94","0","29295"
"76","53","313","2","00:02:09","143","94","1","29296"
"65","57","313","2","00:04:30","143","94","1","29297"
"66","101","313","2","00:05:41","247","273","0","29298"
"73","58","313","2","00:06:32","143","251","0","29299"
"73","58","313","2","00:06:41","247","273","1","29300"
"313","88","313","2","00:07:52","500","94","0","29301"
"316","58","313","2","00:08:26","500","251","1","29302"
"76","88","313","2","00:09:16","500","94","1","29303"
"65","101","313","2","00:11:02","143","94","1","29304"
"65","58","313","2","00:11:18","500","251","1","29305"
"316","58","313","2","00:13:29","500","251","0","29306"
"316","58","313","2","00:14:17","500","251","0","29307"
"76","88","313","2","00:14:52","500","94","0","29308"
"73","58","313","2","00:15:38","397","273","1","29309"
"76","57","313","2","00:16:03","500","94","0","29310"
"76","57","313","2","00:19:08","397","73","0","29311"
"73","57","313","3","00:00:00","300","150","0","29312"
"73","57","313","3","00:00:09","100","206","1","29313"
"73","57","313","3","00:00:20","100","49","0","29314"
"76","58","313","3","00:00:51","353","227","0","29315"
"86","58","313","3","00:03:14","457","206","0","29316"
"76","88","313","3","00:04:12","457","49","0","29317"
"73","88","313","3","00:04:39","100","206","1","29318"
"73","58","313","3","00:04:46","353","227","0","29319"
"76","72","313","3","00:05:14","457","206","0","29320"
"26","88","313","3","00:05:53","100","49","1","31679"
"73","58","313","3","00:07:43","300","150","1","31680"
"66","88","313","3","00:09:33","203","227","1","31681"
"73","58","313","3","00:11:21","300","150","1","31682"
"65","58","313","3","00:11:33","100","206","0","31683"
"73","72","313","3","00:13:43","100","206","1","31684"
"65","58","313","3","00:13:52","100","49","1","31685"
"65","57","313","3","00:15:06","100","49","0","31686"
"76","57","313","3","00:16:58","457","49","0","31687"
"73","101","313","3","00:17:37","457","49","0","31688"
"73","101","313","3","00:17:40","100","49","1","31689"
"76","58","313","3","00:17:47","457","49","0","31690"
"316","101","313","3","00:19:37","300","150","0","31691"
"316","101","313","3","00:19:52","457","49","1","31692"
"78","61","314","1","00:00:00","300","150","0","31693"
"1","4","314","1","00:01:17","143","251","0","31694"
"243","4","314","1","00:04:25","500","94","0","31695"
"15","4","314","1","00:08:04","500","94","0","31696"
"1","39","314","1","00:09:13","143","251","1","31697"
"15","42","314","1","00:10:24","143","251","1","31698"
"1","35","314","1","00:11:45","143","251","1","31699"
"97","201","314","1","00:14:05","143","251","1","31700"
"97","201","314","1","00:14:11","143","94","1","31701"
"15","4","314","1","00:15:38","300","150","1","31702"
"15","4","314","1","00:15:48","143","251","0","31703"
"78","61","314","1","00:16:18","500","251","0","31704"
"97","61","314","1","00:16:35","500","94","0","31705"
"97","272","314","1","00:16:41","500","94","1","31706"
"97","201","314","1","00:16:55","143","251","0","31707"
"15","4","314","1","00:17:56","397","273","1","31708"
"78","61","314","1","00:18:33","247","73","0","31709"
"78","61","314","1","00:18:42","143","251","0","31710"
"97","201","314","1","00:19:34","500","251","0","31711"
"15","201","314","1","00:19:58","300","150","1","31712"
"15","61","314","2","00:00:00","300","150","0","31713"
"97","61","314","2","00:00:20","457","206","0","31714"
"1","201","314","2","00:02:11","353","227","1","31715"
"15","61","314","2","00:02:53","300","150","0","31716"
"97","4","314","2","00:03:22","203","227","0","31717"
"97","4","314","2","00:03:40","457","49","1","31718"
"15","32","314","2","00:05:39","457","49","0","31719"
"97","42","314","2","00:05:59","457","49","1","31720"
"97","42","314","2","00:06:01","300","150","1","31721"
"15","4","314","2","00:07:15","100","206","1","31722"
"78","4","314","2","00:07:39","300","150","0","31723"
"78","4","314","2","00:10:48","203","227","0","31724"
"78","4","314","2","00:11:04","100","49","1","31725"
"15","39","314","2","00:13:06","457","206","0","31726"
"15","4","314","2","00:13:23","353","27","1","31727"
"15","61","314","2","00:15:00","100","49","1","31728"
"97","39","314","2","00:15:49","457","206","0","31729"
"183","42","314","2","00:15:57","457","49","1","31730"
"97","61","314","2","00:16:22","100","206","1","31731"
"97","42","314","2","00:17:00","457","49","0","31732"
"1","4","314","2","00:18:29","100","49","0","31733"
"15","42","314","3","00:00:00","300","150","1","31734"
"1","201","314","3","00:01:37","143","94","0","31735"
"1","4","314","3","00:02:07","500","94","0","31736"
"15","39","314","3","00:03:41","143","251","1","31737"
"1","4","314","3","00:05:24","143","251","0","31738"
"97","61","314","3","00:05:52","300","150","1","31739"
"15","4","314","3","00:06:29","500","251","0","31740"
"78","61","314","3","00:07:12","143","94","1","31741"
"78","61","314","3","00:07:20","143","94","1","31742"
"1","4","314","3","00:09:41","500","94","1","31743"
"78","61","314","3","00:11:04","143","251","1","31744"
"15","4","314","3","00:12:33","500","94","0","31745"
"78","61","314","3","00:13:37","143","94","0","31746"
"15","61","314","3","00:15:03","143","94","1","31747"
"78","4","314","3","00:15:43","143","94","1","31748"
"97","61","314","3","00:16:53","397","273","0","31749"
"15","61","314","3","00:17:14","143","94","1","31750"
"15","61","314","3","00:18:02","300","150","1","31751"
"15","4","314","3","00:18:34","143","251","1","31752"
"15","61","314","3","00:19:58","143","251","1","31753"
"75","34","315","1","00:00:00","300","150","1","39053"
"75","293","315","1","00:02:06","143","251","0","39054"
"75","34","315","1","00:02:18","300","150","0","39055"
"89","156","315","1","00:03:03","500","94","1","39056"
"75","34","315","1","00:06:06","397","273","0","39057"
"220","156","315","1","00:06:56","500","251","1","39058"
"89","49","315","1","00:07:58","500","251","1","39059"
"75","293","315","1","00:08:56","143","251","1","39060"
"89","34","315","1","00:09:57","143","94","1","39061"
"220","34","315","1","00:11:05","143","94","0","39062"
"75","138","315","1","00:12:27","143","251","0","39063"
"75","34","315","1","00:15:59","500","94","0","39064"
"75","34","315","1","00:16:30","500","251","0","39065"
"220","156","315","1","00:16:42","247","273","0","39066"
"75","49","315","1","00:18:17","143","251","1","39067"
"220","34","315","1","00:19:12","143","94","0","39068"
"209","142","315","1","00:19:36","500","94","0","39069"
"75","34","315","2","00:00:00","300","150","0","39070"
"310","34","315","2","00:01:04","100","206","1","39071"
"89","293","315","2","00:03:08","203","227","1","39072"
"75","156","315","2","00:05:01","100","206","1","39073"
"75","156","315","2","00:05:06","100","49","1","39074"
"75","156","315","2","00:05:08","100","49","1","39075"
"89","138","315","2","00:06:37","300","150","0","39076"
"220","224","315","2","00:07:05","100","206","1","39077"
"75","34","315","2","00:07:38","300","150","1","39078"
"75","224","315","2","00:09:54","457","206","1","39079"
"220","224","315","2","00:10:25","457","206","0","39080"
"310","138","315","2","00:10:35","300","150","0","39081"
"75","293","315","2","00:11:08","300","150","0","39082"
"89","34","315","2","00:12:02","100","49","0","39083"
"220","224","315","2","00:13:11","457","206","0","39084"
"220","224","315","2","00:13:16","457","206","1","39085"
"75","34","315","2","00:13:43","457","206","0","39086"
"75","34","315","2","00:14:16","100","206","1","39087"
"310","138","315","2","00:14:23","100","206","0","39088"
"310","34","315","2","00:14:39","457","49","0","39089"
"75","34","315","2","00:15:57","100","206","0","39090"
"89","142","315","2","00:16:51","457","49","1","39091"
"75","138","315","2","00:19:40","100","206","1","39092"
"75","34","315","3","00:00:00","300","150","0","39093"
"89","142","315","3","00:01:21","500","251","1","39094"
"89","138","315","3","00:01:33","500","251","0","39095"
"75","34","315","3","00:03:04","500","94","0","39096"
"310","138","315","3","00:05:46","143","251","0","39097"
"75","34","315","3","00:08:25","500","94","0","39098"
"310","138","315","3","00:08:42","247","273","0","39099"
"89","224","315","3","00:09:05","500","94","1","39100"
"89","224","315","3","00:09:18","143","251","0","39101"
"75","34","315","3","00:11:18","300","150","1","39102"
"220","224","315","3","00:12:40","143","94","1","39103"
"220","224","315","3","00:12:49","500","94","1","39104"
"89","138","315","3","00:13:29","500","94","0","39105"
"89","224","315","3","00:15:09","500","251","1","39106"
"75","34","315","3","00:16:13","397","73","0","39107"
"75","224","315","3","00:17:00","500","251","1","39108"
"89","34","315","3","00:18:10","500","94","0","39109"
"89","34","315","3","00:18:33","143","251","0","39110"
"75","34","315","3","00:19:16","500","251","1","39111"
"310","34","315","3","00:19:38","143","251","0","39112"
"30","73","316","1","00:00:00","300","150","1","41606"
"280","76","316","1","00:01:13","143","94","0","41607"
"40","73","316","1","00:02:59","143","94","0","41608"
"116","313","316","1","00:04:34","247","73","0","41609"
"30","73","316","1","00:08:38","143","94","0","41610"
"30","73","316","1","00:11:45","300","150","1","41611"
"280","76","316","1","00:12:43","500","94","0","41612"
"45","73","316","1","00:14:15","500","94","1","41613"
"45","73","316","1","00:14:23","300","150","0","41614"
"30","76","316","1","00:15:33","500","94","0","41615"
"30","76","316","1","00:15:39","500","251","0","41616"
"205","73","316","1","00:16:30","143","94","0","41617"
"206","313","316","1","00:17:38","143","251","1","41618"
"280","76","316","1","00:18:49","143","251","1","41619"
"280","76","316","1","00:18:56","143","251","0","41620"
"30","73","316","2","00:00:00","300","150","0","41621"
"30","76","316","2","00:00:16","100","49","1","41622"
"283","311","316","2","00:00:24","100","49","0","41623"
"205","73","316","2","00:01:15","457","49","0","41624"
"280","316","316","2","00:04:01","100","206","0","41625"
"30","76","316","2","00:04:24","457","206","1","41626"
"116","73","316","2","00:04:57","100","206","1","41627"
"30","316","316","2","00:06:36","457","206","0","41628"
"280","26","316","2","00:09:38","100","206","1","41629"
"30","76","316","2","00:11:06","100","49","0","41630"
"30","76","316","2","00:11:22","203","27","0","41631"
"45","73","316","2","00:11:47","100","206","0","41632"
"280","316","316","2","00:13:14","100","206","1","41633"
"280","76","316","2","00:14:03","100","206","1","41634"
"116","73","316","2","00:14:43","300","150","1","41635"
"30","313","316","2","00:16:03","100","206","1","41636"
"280","316","316","2","00:17:08","100","206","1","41637"
"280","73","316","3","00:00:00","300","150","1","41638"
"30","313","316","3","00:01:19","500","94","1","41639"
"206","73","316","3","00:02:02","143","94","0","41640"
"30","73","316","3","00:02:12","143","251","0","41641"
"116","313","316","3","00:04:19","500","251","0","41642"
"30","73","316","3","00:04:31","500","94","0","41643"
"280","76","316","3","00:05:35","143","251","0","41644"
"280","316","316","3","00:06:18","143","251","1","41645"
"30","73","316","3","00:07:55","143","251","0","41646"
"116","76","316","3","00:08:51","300","150","0","41647"
"280","313","316","3","00:09:30","300","150","1","41648"
"30","65","316","3","00:09:56","500","251","1","41649"
"30","73","316","3","00:10:10","500","94","0","41650"
"45","76","316","3","00:13:23","143","251","1","41651"
"45","76","316","3","00:13:28","247","273","1","41652"
"280","316","316","3","00:13:46","397","273","0","41653"
"280","316","316","3","00:14:15","143","251","0","41654"
"30","73","316","3","00:14:53","300","150","1","41655"
"280","76","316","3","00:15:57","143","251","0","41656"
"280","73","316","3","00:16:03","300","150","0","41657"
"30","76","316","3","00:16:29","143","94","0","41658"
"116","76","316","3","00:16:48","143","251","0","41659"
"30","73","316","3","00:17:32","500","94","0","41660"
"205","73","316","3","00:19:32","300","150","0","41661"
"97","21","317","1","00:00:00","300","150","0","41662"
"97","21","317","1","00:03:06","457","206","1","41663"
"1","102","317","1","00:04:55","300","150","1","41664"
"97","21","317","1","00:05:45","457","49","1","41665"
"78","23","317","1","00:06:15","457","206","0","41666"
"97","21","317","1","00:06:50","300","150","0","41667"
"97","21","317","1","00:09:20","457","206","1","41668"
"1","23","317","1","00:10:44","100","49","1","41669"
"78","21","317","1","00:11:14","300","150","1","41670"
"97","21","317","1","00:11:35","100","206","0","41671"
"15","23","317","1","00:12:36","457","206","1","41672"
"1","269","317","1","00:13:56","457","49","0","41673"
"15","21","317","1","00:15:03","300","150","1","41674"
"78","269","317","1","00:16:35","100","49","0","41675"
"97","21","317","1","00:17:06","457","206","1","41676"
"15","23","317","1","00:17:52","100","49","1","41677"
"15","23","317","1","00:17:59","100","206","0","41678"
"1","21","317","1","00:19:25","457","49","1","41679"
"97","21","317","2","00:00:00","300","150","0","41680"
"78","23","317","2","00:01:03","143","251","0","41681"
"1","102","317","2","00:02:27","397","73","0","41682"
"15","21","317","2","00:03:39","143","251","1","41683"
"15","269","317","2","00:06:12","143","251","1","41684"
"78","21","317","2","00:06:39","300","150","0","41685"
"97","23","317","2","00:07:37","247","73","1","41686"
"15","21","317","2","00:09:14","247","273","1","41687"
"78","23","317","2","00:10:19","500","251","0","41688"
"15","189","317","2","00:11:37","500","251","0","41689"
"97","189","317","2","00:11:54","500","251","1","41690"
"78","102","317","2","00:12:17","500","94","1","41691"
"15","23","317","2","00:12:33","143","94","1","41692"
"15","269","317","2","00:16:43","143","251","1","41693"
"97","21","317","3","00:00:00","300","150","1","41694"
"97","21","317","3","00:00:13","100","206","1","41695"
"97","23","317","3","00:01:08","457","206","0","41696"
"78","23","317","3","00:01:30","100","206","0","41697"
"1","102","317","3","00:02:03","457","49","1","41698"
"15","102","317","3","00:02:56","100","206","1","41699"
"97","21","317","3","00:03:14","100","49","0","41700"
"78","21","317","3","00:03:23","353","227","0","41701"
"78","21","317","3","00:03:40","353","27","0","41702"
"97","23","317","3","00:04:01","300","150","1","41703"
"97","23","317","3","00:04:19","100","206","0","41704"
"97","23","317","3","00:04:28","100","49","0","41705"
"1","269","317","3","00:05:01","100","49","1","41706"
"78","21","317","3","00:06:09","300","150","1","41707"
"78","23","317","3","00:06:15","100","206","0","41708"
"97","21","317","3","00:06:51","353","27","1","41709"
"1","21","317","3","00:07:07","100","49","0","41710"
"15","269","317","3","00:07:36","457","49","0","41711"
"78","23","317","3","00:09:06","457","206","1","41712"
"1","21","317","3","00:10:04","457","49","1","41713"
"15","21","317","3","00:10:16","100","49","1","41714"
"15","21","317","3","00:10:23","100","49","1","41715"
"1","23","317","3","00:12:44","100","49","1","41716"
"97","21","317","3","00:15:01","100","206","0","41717"
"15","23","317","3","00:16:09","457","49","0","41718"
"15","189","317","3","00:17:58","457","49","0","41719"
"15","189","317","3","00:18:24","300","150","0","41720"
"1","189","317","3","00:19:55","457","49","0","41721"
"39","97","318","1","00:00:00","300","150","1","46940"
"61","15","318","1","00:00:43","457","49","0","46941"
"39","97","318","1","00:02:59","300","150","0","46942"
"61","15","318","1","00:03:42","203","227","1","46943"
"39","97","318","1","00:06:03","300","150","1","46944"
"39","15","318","1","00:06:25","457","49","0","46945"
"42","78","318","1","00:07:40","100","206","1","46946"
"4","97","318","1","00:08:21","100","206","0","46947"
"42","183","318","1","00:08:57","100","206","1","46948"
"61","15","318","1","00:10:00","300","150","0","46949"
"4","1","318","1","00:11:11","100","206","0","46950"
"39","97","318","1","00:11:51","100","49","0","46951"
"61","15","318","1","00:11:59","100","49","0","46952"
"61","15","318","1","00:12:07","100","206","1","46953"
"61","15","318","1","00:12:14","100","49","0","46954"
"201","1","318","1","00:12:40","100","206","0","46955"
"4","78","318","1","00:12:57","457","49","0","46956"
"61","15","318","1","00:14:11","457","206","1","46957"
"42","97","318","1","00:16:22","100","49","1","46958"
"4","15","318","1","00:17:00","457","49","0","46959"
"201","78","318","1","00:18:14","203","27","0","46960"
"39","97","318","2","00:00:00","300","150","1","46961"
"39","97","318","2","00:00:14","300","150","0","46962"
"39","97","318","2","00:03:20","500","251","1","46963"
"61","15","318","2","00:03:51","143","251","0","46964"
"201","97","318","2","00:05:52","143","251","1","46965"
"61","15","318","2","00:06:16","143","251","0","46966"
"39","78","318","2","00:08:16","143","251","1","46967"
"201","97","318","2","00:08:41","143","94","1","46968"
"61","15","318","2","00:09:53","143","251","0","46969"
"42","97","318","2","00:10:23","143","251","1","46970"
"39","1","318","2","00:11:09","397","273","0","46971"
"39","8","318","2","00:11:27","143","251","1","46972"
"61","15","318","2","00:12:23","500","94","1","46973"
"4","97","318","2","00:13:48","500","94","1","46974"
"61","15","318","2","00:14:55","500","94","1","46975"
"4","15","318","2","00:15:20","500","94","1","46976"
"201","78","318","2","00:16:22","500","94","0","46977"
"61","15","318","2","00:18:22","500","251","1","46978"
"4","97","318","2","00:18:51","300","150","0","46979"
"39","15","318","3","00:00:00","300","150","0","46980"
"61","15","318","3","00:01:40","457","49","1","46981"
"4","1","318","3","00:01:57","457","206","1","46982"
"42","97","318","3","00:04:42","100","206","1","46983"
"4","97","318","3","00:06:06","100","49","1","46984"
"42","15","318","3","00:07:37","100","49","1","46985"
"201","78","318","3","00:07:56","353","27","1","46986"
"61","15","318","3","00:08:27","457","49","0","46987"
"4","78","318","3","00:09:41","300","150","1","46988"
"4","78","318","3","00:09:52","100","206","0","46989"
"39","15","318","3","00:10:48","457","49","0","46990"
"61","78","318","3","00:12:34","457","49","0","46991"
"4","259","318","3","00:13:10","457","206","1","46992"
"4","15","318","3","00:16:38","457","206","1","46993"
"61","97","318","3","00:17:34","457","206","1","46994"
"4","15","318","3","00:19:20","203","27","1","46995"
"42","97","318","4","00:00:00","300","150","1","46996"
"57","280","319","1","00:00:00","300","150","1","49663"
"58","30","319","1","00:00:33","457","49","1","49664"
"58","30","319","1","00:07:56","100","206","0","49665"
"58","30","319","1","00:07:58","100","206","0","49666"
"88","283","319","1","00:09:01","100","49","0","49667"
"101","45","319","1","00:09:09","100","49","0","49668"
"57","280","319","1","00:10:09","457","49","1","49669"
"58","280","319","1","00:10:27","457","49","0","49670"
"88","116","319","1","00:11:44","300","150","0","49671"
"58","45","319","1","00:12:05","457","49","0","49672"
"57","280","319","1","00:13:33","300","150","0","49673"
"101","45","319","1","00:16:22","100","206","1","49674"
"58","280","319","1","00:18:17","100","206","1","49675"
"58","280","319","1","00:18:25","100","206","1","49676"
"88","30","319","1","00:18:59","300","150","1","49677"
"57","280","319","2","00:00:00","300","150","0","49678"
"57","280","319","2","00:02:59","247","73","0","49679"
"57","280","319","2","00:03:18","500","94","1","49680"
"58","30","319","2","00:03:28","247","73","0","49681"
"101","45","319","2","00:05:06","397","73","1","49682"
"57","280","319","2","00:05:50","500","251","1","49683"
"57","280","319","2","00:06:09","500","94","0","49684"
"57","280","319","2","00:06:16","500","94","1","49685"
"58","280","319","2","00:06:44","143","94","1","49686"
"58","280","319","2","00:07:11","500","94","0","49687"
"88","30","319","2","00:07:54","300","150","1","49688"
"88","116","319","2","00:08:16","143","94","0","49689"
"88","116","319","2","00:08:25","143","251","0","49690"
"101","30","319","2","00:08:55","300","150","0","49691"
"58","280","319","2","00:10:06","143","94","1","49692"
"57","206","319","2","00:10:57","143","94","1","49693"
"58","280","319","2","00:12:15","143","94","1","49694"
"57","30","319","2","00:12:43","397","73","1","49695"
"88","116","319","2","00:13:27","500","251","1","49696"
"115","205","319","2","00:13:31","500","94","1","49697"
"101","45","319","2","00:14:08","300","150","1","49698"
"57","30","319","2","00:15:37","143","251","1","49699"
"57","40","319","2","00:15:40","143","251","1","49700"
"57","280","319","2","00:16:27","500","94","0","49701"
"58","40","319","2","00:17:44","500","251","1","49702"
"58","30","319","2","00:18:32","143","94","1","49703"
"57","47","319","3","00:00:00","300","150","1","49704"
"58","205","319","3","00:00:40","143","94","1","49705"
"88","47","319","3","00:02:38","143","251","1","49706"
"57","30","319","3","00:02:55","100","49","0","49707"
"58","280","319","3","00:03:15","300","150","0","49708"
"88","116","319","3","00:03:57","457","49","0","49709"
"88","116","319","3","00:04:00","457","49","1","49710"
"58","116","319","3","00:08:24","100","206","1","49711"
"57","30","319","3","00:11:08","100","206","0","49712"
"101","45","319","3","00:12:28","300","150","1","49713"
"101","116","319","3","00:16:19","100","206","1","49714"
"88","45","319","3","00:17:54","100","49","0","49715"
"34","75","320","1","00:00:00","300","150","1","49716"
"224","75","320","1","00:00:25","143","251","1","49717"
"138","75","320","1","00:00:57","300","150","1","49718"
"34","75","320","1","00:02:38","143","94","1","49719"
"34","89","320","1","00:03:04","500","94","1","49720"
"210","220","320","1","00:04:00","500","251","1","49721"
"138","310","320","1","00:04:31","247","73","0","49722"
"34","75","320","1","00:05:53","500","251","1","49723"
"34","75","320","1","00:06:00","500","251","1","49724"
"224","89","320","1","00:07:12","500","94","0","49725"
"34","75","320","1","00:09:23","143","251","1","49726"
"224","89","320","1","00:10:25","500","251","1","49727"
"34","220","320","1","00:11:53","143","251","1","49728"
"34","220","320","1","00:12:05","247","73","1","49729"
"224","220","320","1","00:12:19","143","94","1","49730"
"138","89","320","1","00:13:11","300","150","0","49731"
"34","75","320","1","00:14:45","500","251","0","49732"
"34","89","320","1","00:15:01","500","94","0","49733"
"224","89","320","1","00:15:04","397","73","0","49734"
"224","89","320","1","00:18:50","300","150","1","49735"
"224","75","320","1","00:18:58","300","150","1","49736"
"34","75","320","2","00:00:00","300","150","0","49737"
"34","89","320","2","00:00:36","457","49","0","49738"
"138","220","320","2","00:01:58","457","206","0","49739"
"34","89","320","2","00:03:09","353","227","0","49740"
"224","75","320","2","00:04:15","457","206","0","49741"
"224","75","320","2","00:04:25","300","150","1","49742"
"224","75","320","2","00:04:58","300","150","0","49743"
"224","89","320","2","00:07:15","100","206","0","49744"
"138","75","320","2","00:08:37","100","206","0","49745"
"34","75","320","2","00:11:30","457","206","0","49746"
"34","75","320","2","00:14:43","100","49","0","49747"
"224","89","320","2","00:15:31","457","49","0","49748"
"138","89","320","2","00:17:04","300","150","0","49749"
"34","75","320","2","00:17:55","100","49","1","49750"
"34","75","320","2","00:18:15","300","150","1","49751"
"224","89","320","2","00:19:05","300","150","1","49752"
"224","75","320","2","00:19:25","353","27","1","49753"
"13","89","320","2","00:19:38","300","150","1","49754"
"34","89","320","3","00:00:00","300","150","1","49755"
"224","220","320","3","00:00:46","500","251","0","49756"
"138","89","320","3","00:02:17","143","251","0","49757"
"34","220","320","3","00:03:04","300","150","0","49758"
"34","220","320","3","00:05:20","143","251","0","49759"
"34","161","320","3","00:06:08","143","251","1","49760"
"34","89","320","3","00:06:41","500","251","1","49761"
"34","220","320","3","00:07:51","143","251","1","49762"
"34","75","320","3","00:10:07","300","150","1","49763"
"224","220","320","3","00:10:29","300","150","1","49764"
"138","89","320","3","00:11:09","300","150","1","49765"
"34","89","320","3","00:13:48","143","94","1","49766"
"138","89","320","3","00:14:17","143","251","0","49767"
"34","75","320","3","00:14:54","500","251","1","49768"
"34","89","320","3","00:15:31","500","251","0","49769"
"224","75","320","3","00:16:07","300","150","0","49770"
"138","75","320","3","00:16:30","143","94","0","49771"
"34","75","320","3","00:17:16","500","94","0","49772"
"224","161","320","3","00:17:54","397","273","0","49773"
"34","75","320","3","00:18:11","300","150","1","49774"
"34","75","320","3","00:18:30","397","273","1","49775"
"34","75","320","3","00:18:36","500","94","1","49776"
"34","89","320","3","00:18:54","300","150","0","49777"
"34","89","320","3","00:18:58","500","94","1","49778"
"34","89","320","3","00:19:14","500","94","0","49779"
"99","89","320","3","00:19:46","500","94","0","49780"
"138","220","320","3","00:19:58","300","150","1","49781"
"34","75","320","4","00:00:00","300","150","0","49782"
"224","89","320","4","00:00:43","457","206","0","49783"
"23","73","321","1","00:00:00","300","150","1","52571"
"189","316","321","1","00:01:27","100","206","1","52572"
"189","316","321","1","00:01:34","203","227","1","52573"
"21","313","321","1","00:03:56","100","206","1","52574"
"21","73","321","1","00:04:22","457","49","0","52575"
"189","73","321","1","00:04:25","300","150","1","52576"
"189","313","321","1","00:05:05","457","49","1","52577"
"269","244","321","1","00:05:25","353","227","0","52578"
"189","244","321","1","00:09:03","100","206","1","52579"
"23","66","321","1","00:09:28","100","49","1","52580"
"23","313","321","1","00:11:15","100","49","1","52581"
"23","73","321","1","00:12:45","457","206","1","52582"
"21","313","321","1","00:14:06","457","49","1","52583"
"269","316","321","1","00:14:42","457","206","1","52584"
"23","313","321","1","00:16:24","100","206","1","52585"
"21","244","321","1","00:17:10","300","150","1","52586"
"21","73","321","1","00:17:16","457","49","1","52587"
"189","316","321","1","00:17:56","457","49","0","52588"
"23","317","321","1","00:18:06","100","49","1","52589"
"189","73","321","1","00:18:57","203","27","1","52590"
"23","73","321","1","00:19:32","100","49","1","52591"
"23","73","321","2","00:00:00","300","150","1","52592"
"189","316","321","2","00:02:19","143","94","1","52593"
"189","73","321","2","00:02:23","143","94","1","52594"
"269","316","321","2","00:03:28","143","251","0","52595"
"23","313","321","2","00:04:16","143","94","1","52596"
"189","73","321","2","00:05:34","500","94","0","52597"
"21","313","321","2","00:06:23","143","251","0","52598"
"23","313","321","2","00:06:35","143","94","0","52599"
"189","73","321","2","00:07:53","500","94","1","52600"
"269","316","321","2","00:08:38","143","94","1","52601"
"191","244","321","2","00:09:29","500","251","0","52602"
"191","244","321","2","00:09:44","300","150","0","52603"
"189","73","321","2","00:12:09","247","73","1","52604"
"23","313","321","2","00:12:32","143","94","1","52605"
"37","316","321","2","00:13:31","143","94","0","52606"
"21","73","321","2","00:14:39","500","94","0","52607"
"189","313","321","2","00:15:42","143","251","1","52608"
"23","244","321","2","00:17:21","500","94","1","52609"
"23","317","321","2","00:18:40","143","94","0","52610"
"23","73","321","3","00:00:00","300","150","0","52611"
"23","73","321","3","00:00:28","100","49","1","52612"
"190","313","321","3","00:01:09","100","206","0","52613"
"269","316","321","3","00:01:52","457","49","0","52614"
"189","316","321","3","00:02:08","100","206","1","52615"
"189","73","321","3","00:04:31","457","206","1","52616"
"189","73","321","3","00:04:39","457","49","0","52617"
"269","73","321","3","00:04:52","353","227","0","52618"
"23","65","321","3","00:06:05","457","206","0","52619"
"21","73","321","3","00:08:34","100","206","1","52620"
"23","316","321","3","00:10:01","457","49","0","52621"
"21","73","321","3","00:16:45","457","49","0","52622"
"23","313","321","3","00:18:02","300","150","1","52623"
"23","313","321","3","00:18:36","100","49","1","52624"
"23","73","321","3","00:18:46","100","49","1","52625"
"21","73","321","3","00:19:35","300","150","1","52626"
"73","30","322","1","00:00:00","300","150","1","76037"
"26","30","322","1","00:03:13","457","49","0","76038"
"316","283","322","1","00:04:41","457","206","1","76039"
"313","45","322","1","00:05:17","457","49","0","76040"
"313","30","322","1","00:06:21","353","227","0","76041"
"26","280","322","1","00:06:53","353","27","0","76042"
"313","280","322","1","00:09:59","457","49","0","76043"
"73","205","322","1","00:11:49","300","150","1","76044"
"65","280","322","1","00:12:04","100","49","1","76045"
"65","30","322","1","00:12:30","100","206","0","76046"
"65","280","322","1","00:12:48","457","49","1","76047"
"73","30","322","1","00:14:29","353","27","1","76048"
"316","30","322","1","00:15:05","100","206","0","76049"
"73","280","322","1","00:16:02","457","206","1","76050"
"313","30","322","1","00:16:54","457","49","0","76051"
"316","280","322","1","00:17:24","353","27","1","76052"
"73","30","322","1","00:19:08","457","49","1","76053"
"73","280","322","2","00:00:00","300","150","0","76054"
"316","116","322","2","00:02:08","500","251","0","76055"
"313","30","322","2","00:04:51","143","94","1","76056"
"63","40","322","2","00:07:03","500","94","1","76057"
"313","280","322","2","00:10:46","500","251","0","76058"
"244","30","322","2","00:11:57","247","73","0","76059"
"26","116","322","2","00:13:02","143","94","1","76060"
"316","280","322","2","00:13:48","500","94","1","76061"
"316","30","322","2","00:14:52","500","94","0","76062"
"313","280","322","2","00:16:03","500","94","1","76063"
"316","205","322","2","00:16:34","500","94","0","76064"
"316","30","322","2","00:18:34","143","251","1","76065"
"73","280","322","2","00:19:51","143","94","1","76066"
"65","280","322","3","00:00:00","300","150","0","76067"
"54","30","322","3","00:01:00","100","206","0","76068"
"73","30","322","3","00:01:10","353","27","1","76069"
"244","280","322","3","00:04:33","457","49","0","76070"
"73","30","322","3","00:05:44","457","206","1","76071"
"65","280","322","3","00:07:15","300","150","0","76072"
"316","30","322","3","00:09:04","100","206","1","76073"
"65","116","322","3","00:09:22","100","206","0","76074"
"65","280","322","3","00:11:11","100","49","0","76075"
"65","30","322","3","00:11:40","457","49","1","76076"
"65","280","322","3","00:14:23","100","49","0","76077"
"73","30","322","3","00:15:30","457","49","1","76078"
"316","30","322","3","00:16:55","100","49","1","76079"
"73","280","322","3","00:18:47","353","227","0","76080"
"73","30","322","4","00:00:00","300","150","0","76081"
"73","280","322","4","00:00:15","500","251","0","76082"
"63","280","322","4","00:02:07","500","94","0","76083"
"89","201","323","1","00:00:00","300","150","0","76084"
"89","4","323","1","00:00:21","500","94","0","76085"
"75","61","323","1","00:01:24","143","251","1","76086"
"89","4","323","1","00:05:50","500","94","0","76087"
"89","201","323","1","00:06:23","500","251","0","76088"
"75","61","323","1","00:07:24","143","251","1","76089"
"220","39","323","1","00:08:06","500","94","1","76090"
"75","61","323","1","00:10:44","143","94","0","76091"
"301","201","323","1","00:11:31","247","273","0","76092"
"75","61","323","1","00:14:24","500","251","0","76093"
"220","201","323","1","00:15:12","300","150","1","76094"
"89","201","323","1","00:16:01","500","94","1","76095"
"220","201","323","1","00:16:31","300","150","0","76096"
"75","4","323","1","00:17:01","300","150","0","76097"
"220","39","323","1","00:18:23","247","273","1","76098"
"89","39","323","2","00:00:00","300","150","0","76099"
"75","39","323","2","00:00:20","100","206","1","76100"
"75","39","323","2","00:00:40","100","206","1","76101"
"89","61","323","2","00:01:50","457","49","1","76102"
"89","4","323","2","00:02:14","100","206","0","76103"
"220","4","323","2","00:02:22","353","27","1","76104"
"248","4","323","2","00:05:04","457","49","1","76105"
"220","39","323","2","00:06:52","457","206","0","76106"
"75","39","323","2","00:07:36","100","206","1","76107"
"220","42","323","2","00:07:59","100","49","0","76108"
"161","61","323","2","00:08:36","203","27","1","76109"
"310","39","323","2","00:09:25","300","150","1","76110"
"220","39","323","2","00:09:56","100","49","0","76111"
"114","61","323","2","00:11:09","100","49","0","76112"
"89","4","323","2","00:12:09","300","150","0","76113"
"161","42","323","2","00:12:14","100","206","0","76114"
"75","128","323","2","00:13:06","100","206","1","76115"
"75","4","323","2","00:14:16","300","150","0","76116"
"89","4","323","2","00:17:08","457","49","1","76117"
"75","4","323","2","00:17:16","353","227","1","76118"
"75","61","323","2","00:17:54","100","49","0","76119"
"220","61","323","2","00:18:05","100","49","1","76120"
"89","201","323","2","00:18:53","100","206","1","76121"
"75","4","323","2","00:19:38","203","227","1","76122"
"89","61","323","3","00:00:00","300","150","1","76123"
"75","4","323","3","00:01:11","143","251","1","76124"
"220","201","323","3","00:01:31","300","150","0","76125"
"221","39","323","3","00:02:02","500","251","1","76126"
"89","61","323","3","00:02:33","300","150","0","76127"
"75","4","323","3","00:02:58","143","251","1","76128"
"220","201","323","3","00:03:47","500","94","1","76129"
"75","39","323","3","00:05:06","300","150","0","76130"
"89","61","323","3","00:06:30","500","94","1","76131"
"75","4","323","3","00:07:10","143","251","1","76132"
"75","201","323","3","00:07:50","500","94","0","76133"
"220","201","323","3","00:09:35","500","94","1","76134"
"220","39","323","3","00:11:32","500","94","1","76135"
"220","42","323","3","00:11:49","300","150","0","76136"
"89","42","323","3","00:12:03","500","251","0","76137"
"75","4","323","3","00:12:10","300","150","1","76138"
"75","4","323","3","00:12:26","300","150","1","76139"
"89","4","323","3","00:13:26","300","150","0","76140"
"89","42","323","3","00:14:24","500","94","0","76141"
"220","39","323","3","00:14:54","300","150","1","76142"
"220","201","323","3","00:15:18","300","150","1","76143"
"75","39","323","3","00:15:38","300","150","1","76144"
"89","4","323","3","00:16:42","500","251","0","76145"
"220","61","323","3","00:17:37","143","94","1","76146"
"75","42","323","3","00:19:57","300","150","0","76147"
"97","57","324","1","00:00:00","300","150","0","79102"
"1","88","324","1","00:01:50","100","206","1","79103"
"15","88","324","1","00:02:41","100","206","1","79104"
"78","58","324","1","00:04:12","100","49","0","79105"
"1","88","324","1","00:04:43","100","49","1","79106"
"97","101","324","1","00:05:30","300","150","1","79107"
"259","57","324","1","00:05:53","203","227","1","79108"
"78","58","324","1","00:06:45","100","206","1","79109"
"15","57","324","1","00:07:11","457","206","0","79110"
"97","57","324","1","00:07:47","100","206","1","79111"
"15","88","324","1","00:08:09","353","27","0","79112"
"78","101","324","1","00:09:22","100","206","1","79113"
"78","88","324","1","00:10:19","457","49","1","79114"
"97","88","324","1","00:10:26","457","49","1","79115"
"15","57","324","1","00:10:44","100","206","1","79116"
"15","57","324","1","00:10:58","457","206","1","79117"
"78","58","324","1","00:12:58","203","227","0","79118"
"1","58","324","1","00:15:12","300","150","0","79119"
"1","58","324","1","00:15:21","457","206","0","79120"
"97","57","324","2","00:00:00","300","150","1","79121"
"15","58","324","2","00:00:26","143","94","1","79122"
"78","88","324","2","00:01:22","500","94","1","79123"
"183","57","324","2","00:02:59","143","94","1","79124"
"97","58","324","2","00:03:26","500","251","1","79125"
"15","115","324","2","00:04:04","500","94","1","79126"
"78","57","324","2","00:04:33","143","251","0","79127"
"78","57","324","2","00:04:44","500","94","1","79128"
"97","88","324","2","00:07:14","143","251","1","79129"
"78","58","324","2","00:08:40","300","150","0","79130"
"78","58","324","2","00:09:16","500","251","0","79131"
"183","58","324","2","00:09:46","500","94","1","79132"
"15","101","324","2","00:12:31","143","251","1","79133"
"15","58","324","2","00:13:22","500","251","0","79134"
"78","88","324","2","00:13:43","143","251","0","79135"
"1","58","324","2","00:15:44","143","94","0","79136"
"78","58","324","2","00:16:23","143","251","0","79137"
"15","57","324","2","00:17:53","247","73","0","79138"
"97","58","324","2","00:18:26","397","273","1","79139"
"97","57","324","3","00:00:00","300","150","0","79140"
"15","57","324","3","00:00:18","203","27","0","79141"
"78","88","324","3","00:01:15","457","206","1","79142"
"16","192","324","3","00:02:49","203","227","0","79143"
"36","58","324","3","00:03:27","457","206","0","79144"
"183","58","324","3","00:03:33","457","49","0","79145"
"97","57","324","3","00:03:51","457","206","0","79146"
"97","57","324","3","00:08:22","300","150","0","79147"
"97","88","324","3","00:09:14","457","49","1","79148"
"78","58","324","3","00:09:45","457","206","1","79149"
"97","57","324","3","00:10:40","353","227","1","79150"
"15","115","324","3","00:12:03","100","206","1","79151"
"15","101","324","3","00:12:24","100","206","1","79152"
"15","58","324","3","00:16:25","100","49","1","79153"
"78","58","324","3","00:17:11","100","206","1","79154"
"97","57","324","3","00:17:19","100","49","0","79155"
"97","57","324","3","00:18:33","457","49","1","79156"
"15","58","324","4","00:00:00","300","150","1","79158"
"15","57","324","4","00:02:24","247","273","1","79159"
"78","58","324","4","00:02:55","397","73","0","79160"
"34","189","325","1","00:00:00","300","150","1","79161"
"138","21","325","1","00:01:14","143","251","0","79162"
"138","21","325","1","00:04:35","300","150","0","79163"
"34","23","325","1","00:06:20","143","251","1","79164"
"224","189","325","1","00:07:32","500","94","1","79165"
"293","269","325","1","00:08:52","500","94","1","79166"
"34","23","325","1","00:09:50","500","94","0","79167"
"34","23","325","1","00:09:57","500","251","0","79168"
"224","189","325","1","00:10:52","143","94","0","79169"
"34","21","325","1","00:12:20","143","251","1","79170"
"34","21","325","1","00:14:12","300","150","0","79171"
"224","23","325","1","00:16:24","143","94","0","79172"
"224","23","325","1","00:19:56","500","94","0","79173"
"34","189","325","2","00:00:00","300","150","1","79174"
"34","189","325","2","00:00:11","100","49","1","79175"
"138","23","325","2","00:01:12","300","150","1","79176"
"138","23","325","2","00:01:19","457","49","1","79177"
"34","269","325","2","00:02:40","457","49","0","79178"
"34","269","325","2","00:03:05","100","206","1","79179"
"34","23","325","2","00:03:14","100","206","0","79180"
"156","189","325","2","00:04:16","100","49","1","79181"
"224","21","325","2","00:04:54","353","27","0","79182"
"293","269","325","2","00:06:13","300","150","0","79183"
"34","21","325","2","00:07:13","457","206","1","79184"
"34","189","325","2","00:07:36","353","227","1","79185"
"138","23","325","2","00:08:12","300","150","0","79186"
"138","23","325","2","00:08:23","300","150","0","79187"
"34","21","325","2","00:08:42","300","150","0","79188"
"138","23","325","2","00:09:35","457","206","0","79189"
"34","189","325","2","00:15:06","457","206","0","79190"
"138","21","325","2","00:15:56","100","206","1","79191"
"142","23","325","2","00:17:16","457","206","1","79192"
"34","21","325","2","00:17:41","300","150","1","79193"
"142","23","325","2","00:18:54","100","206","1","79194"
"138","23","325","2","00:19:10","457","206","0","79195"
"34","189","325","3","00:00:00","300","150","0","79196"
"224","23","325","3","00:00:35","143","94","1","79197"
"156","21","325","3","00:01:39","300","150","0","79198"
"34","189","325","3","00:02:05","143","251","1","79199"
"293","269","325","3","00:02:29","300","150","1","79200"
"34","21","325","3","00:06:41","143","94","0","79201"
"156","21","325","3","00:07:23","143","94","1","79202"
"156","189","325","3","00:07:26","143","94","1","79203"
"156","189","325","3","00:07:45","500","94","0","79204"
"34","23","325","3","00:09:21","247","273","0","79205"
"138","23","325","3","00:09:50","500","251","0","79206"
"34","23","325","3","00:10:25","143","251","0","79207"
"156","21","325","3","00:10:43","247","73","1","79208"
"156","21","325","3","00:10:55","143","94","1","79209"
"156","21","325","3","00:11:11","500","94","0","79210"
"293","21","325","3","00:11:27","143","94","1","79211"
"293","102","325","3","00:11:34","143","94","1","79212"
"138","269","325","3","00:11:42","300","150","1","79213"
"34","23","325","3","00:12:25","143","251","0","79214"
"34","23","325","3","00:12:40","500","94","1","79215"
"156","21","325","3","00:13:18","397","73","1","79216"
"156","23","325","3","00:13:53","500","251","0","79217"
"142","21","325","3","00:14:49","143","251","1","79218"
"156","23","325","3","00:17:16","143","94","0","79219"
"34","191","325","3","00:18:04","500","94","1","79220"
"34","23","325","3","00:18:41","500","251","0","79221"
"34","23","325","3","00:18:56","500","251","0","79222"
"34","23","325","3","00:19:47","300","150","0","79223"
"34","61","326","1","00:00:00","300","150","1","88452"
"34","31","326","1","00:00:36","500","94","1","88453"
"13","4","326","1","00:01:41","143","251","1","88454"
"138","4","326","1","00:01:53","143","251","1","88455"
"34","4","326","1","00:02:06","143","251","1","88456"
"224","39","326","1","00:03:14","500","94","0","88457"
"34","4","326","1","00:07:57","500","251","0","88458"
"34","4","326","1","00:08:06","500","251","1","88459"
"34","61","326","1","00:08:22","143","94","1","88460"
"224","39","326","1","00:08:52","300","150","0","88461"
"224","39","326","1","00:08:57","500","251","0","88462"
"142","42","326","1","00:10:08","500","251","1","88463"
"34","4","326","1","00:11:38","500","251","1","88464"
"291","42","326","1","00:14:15","500","94","1","88465"
"156","4","326","1","00:15:49","143","94","1","88466"
"224","39","326","1","00:16:20","397","273","0","88467"
"34","39","326","1","00:16:48","143","251","0","88468"
"156","4","326","1","00:18:00","500","94","0","88469"
"34","61","326","1","00:19:25","143","251","1","88470"
"34","42","326","1","00:19:51","143","251","1","88471"
"34","31","326","1","00:19:58","143","94","0","88472"
"34","42","326","2","00:00:00","300","150","0","88473"
"156","4","326","2","00:01:24","100","49","1","88474"
"224","4","326","2","00:05:59","100","49","0","88475"
"224","31","326","2","00:06:29","457","49","0","88476"
"142","31","326","2","00:07:14","457","49","0","88477"
"34","4","326","2","00:07:37","300","150","1","88478"
"34","4","326","2","00:08:07","300","150","0","88479"
"34","39","326","2","00:10:31","100","206","1","88480"
"138","4","326","2","00:11:16","457","206","0","88481"
"224","61","326","2","00:11:49","457","206","0","88482"
"49","31","326","2","00:15:50","300","150","1","88483"
"224","201","326","2","00:17:44","457","49","0","88484"
"224","201","326","2","00:17:50","457","49","1","88485"
"34","39","326","2","00:18:54","353","27","0","88486"
"34","61","326","2","00:19:02","300","150","1","88487"
"34","31","326","3","00:00:00","300","150","1","88488"
"224","61","326","3","00:01:03","457","206","0","88489"
"138","61","326","3","00:02:12","457","49","1","88490"
"34","42","326","3","00:02:52","203","27","0","88491"
"293","39","326","3","00:03:23","353","227","0","88492"
"293","201","326","3","00:03:48","100","206","1","88493"
"34","42","326","3","00:04:39","100","49","0","88494"
"34","4","326","3","00:06:16","457","49","1","88495"
"34","61","326","3","00:08:58","457","49","1","88496"
"138","31","326","3","00:10:11","300","150","0","88497"
"138","39","326","3","00:10:46","203","27","1","88498"
"224","61","326","3","00:11:27","300","150","0","88499"
"224","42","326","3","00:15:09","100","206","0","88500"
"34","31","326","3","00:15:35","100","206","1","88501"
"224","31","326","3","00:16:23","457","206","1","88502"
"34","31","326","4","00:00:00","300","150","1","88503"
"34","31","326","4","00:03:01","300","150","1","88504"
"34","42","326","4","00:03:34","457","49","1","88505"
"220","21","327","1","00:00:00","300","150","0","88506"
"89","102","327","1","00:02:43","500","251","1","88507"
"220","23","327","1","00:04:04","300","150","0","88508"
"89","189","327","1","00:04:43","143","94","1","88509"
"89","189","327","1","00:04:53","300","150","0","88510"
"89","102","327","1","00:05:27","500","251","1","88511"
"75","23","327","1","00:07:08","397","73","0","88512"
"89","189","327","1","00:08:10","500","251","1","88513"
"75","21","327","1","00:09:54","143","251","1","88514"
"75","21","327","1","00:10:00","300","150","1","88515"
"89","23","327","1","00:10:08","300","150","0","88516"
"75","189","327","1","00:11:07","143","251","1","88517"
"75","189","327","1","00:11:15","143","251","0","88518"
"75","23","327","1","00:15:17","143","251","1","88519"
"114","21","327","1","00:16:54","143","94","0","88520"
"220","23","327","1","00:18:27","247","273","0","88521"
"89","21","327","1","00:19:10","500","251","1","88522"
"89","23","327","1","00:19:33","500","251","0","88523"
"89","23","327","1","00:19:52","500","94","0","88524"
"75","189","327","2","00:00:00","300","150","0","88525"
"75","189","327","2","00:00:07","100","206","1","88526"
"220","23","327","2","00:00:59","100","49","1","88527"
"89","21","327","2","00:01:50","300","150","1","88528"
"310","189","327","2","00:03:17","353","227","0","88529"
"220","23","327","2","00:04:18","100","206","0","88530"
"220","21","327","2","00:04:51","457","49","0","88531"
"220","21","327","2","00:05:14","457","49","0","88532"
"75","23","327","2","00:05:19","457","206","0","88533"
"75","102","327","2","00:05:51","353","27","1","88534"
"75","102","327","2","00:06:10","100","206","0","88535"
"220","21","327","2","00:08:26","100","49","0","88536"
"75","23","327","2","00:09:13","100","49","0","88537"
"75","23","327","2","00:09:23","300","150","1","88538"
"75","23","327","2","00:09:48","100","206","1","88539"
"89","189","327","2","00:11:57","353","227","1","88540"
"252","23","327","2","00:13:05","457","206","1","88541"
"89","102","327","2","00:15:08","457","206","1","88542"
"75","21","327","2","00:16:30","100","206","1","88543"
"220","23","327","2","00:16:50","100","49","1","88544"
"161","189","327","2","00:17:44","100","206","0","88545"
"248","21","327","2","00:18:33","100","206","1","88546"
"220","21","327","3","00:00:00","300","150","1","88547"
"220","21","327","3","00:00:06","143","94","1","88548"
"220","21","327","3","00:00:12","143","94","0","88549"
"220","23","327","3","00:00:50","500","251","0","88550"
"75","189","327","3","00:01:21","300","150","0","88551"
"89","102","327","3","00:02:18","500","251","1","88552"
"75","21","327","3","00:03:22","247","273","0","88553"
"75","23","327","3","00:03:42","500","251","0","88554"
"89","23","327","3","00:07:15","500","94","0","88555"
"89","23","327","3","00:07:32","500","251","0","88556"
"75","189","327","3","00:08:27","500","251","1","88557"
"75","189","327","3","00:08:48","397","273","1","88558"
"310","102","327","3","00:09:26","300","150","0","88559"
"75","21","327","3","00:10:26","500","94","0","88560"
"89","23","327","3","00:10:43","500","94","0","88561"
"89","23","327","3","00:14:23","500","94","0","88562"
"75","23","327","3","00:14:55","143","94","1","88563"
"89","21","327","3","00:16:30","143","94","1","88564"
"75","23","327","3","00:18:36","143","251","1","88565"
"75","23","327","3","00:19:05","143","94","1","88566"
"75","23","327","3","00:19:17","143","251","0","88567"
"75","21","327","4","00:00:00","300","150","1","88568"
"89","23","327","4","00:01:02","100","49","0","88569"
"306","224","211","2","00:04:23","100","206","1","190471"
"306","224","211","2","00:04:34","353","27","1","190472"
"252","224","211","2","00:11:07","100","206","0","190478"
"306","224","211","2","00:13:00","100","206","0","190479"
"88","306","215","1","00:11:50","353","27","0","190688"
"101","306","215","1","00:14:19","457","206","1","190690"
"88","306","215","3","00:01:19","300","150","1","190714"
"88","306","215","3","00:14:38","300","150","1","190727"
"58","306","215","3","00:19:31","300","150","0","190731"
"237","190","216","1","00:05:45","247","273","0","190734"
"237","195","216","1","00:15:55","143","251","0","190741"
"237","21","216","1","00:17:09","500","251","0","190742"
"237","21","216","3","00:03:34","500","94","0","190766"
"45","306","217","1","00:04:11","300","150","1","190794"
"30","306","217","2","00:00:55","300","150","1","190806"
"45","306","217","2","00:13:50","100","49","1","190819"
"280","306","217","3","00:04:36","500","251","0","190827"
"285","306","217","3","00:19:07","247","273","1","190838"
"97","252","220","1","00:02:04","353","27","1","190954"
"97","306","220","1","00:02:40","457","49","1","190955"
"15","301","220","1","00:07:04","100","206","1","190961"
"183","301","220","1","00:15:46","457","206","1","190967"
"78","306","220","1","00:18:28","100","206","1","190968"
"1","306","220","2","00:01:25","500","94","1","190970"
"78","306","220","2","00:11:49","500","94","1","190977"
"97","306","220","2","00:14:33","500","94","1","190981"
"15","306","220","2","00:17:19","143","251","1","190984"
"78","306","220","3","00:16:46","100","206","0","191000"
"237","206","221","2","00:12:18","100","206","1","191031"
"306","30","223","1","00:04:42","300","150","0","191114"
"306","45","223","1","00:13:53","397","273","1","191123"
"301","30","223","3","00:00:57","500","94","0","191144"
"301","280","223","3","00:03:09","300","150","1","191146"
"306","45","223","3","00:05:47","300","150","1","191148"
"306","101","226","1","00:07:50","300","150","0","191272"
"306","101","226","2","00:05:33","100","49","0","191289"
"306","101","226","3","00:02:06","500","251","1","191301"
"306","88","226","3","00:08:17","500","94","1","191307"
"306","220","226","3","00:13:18","143","251","0","191312"
"291","58","229","1","00:03:22","300","150","0","191429"
"237","101","229","1","00:09:04","247","273","1","191432"
"237","101","229","1","00:19:57","300","150","0","191442"
"237","58","229","2","00:12:51","100","206","0","191454"
"237","58","229","2","00:17:35","457","49","1","191457"
"237","58","229","3","00:12:14","500","251","1","191469"
"237","58","229","3","00:19:21","300","150","0","191475"
"237","220","229","3","00:19:33","143","94","0","191476"
"237","220","229","3","00:19:44","500","251","0","191477"
"306","39","231","1","00:08:45","143","251","1","191535"
"306","39","231","1","00:09:00","143","94","0","191536"
"306","42","231","1","00:13:34","143","251","0","191539"
"306","4","231","2","00:03:34","203","227","1","191548"
"306","61","231","2","00:12:24","300","150","0","191555"
"306","31","231","2","00:17:08","457","49","0","191560"
"306","61","231","3","00:01:07","300","150","0","191563"
"306","61","231","3","00:04:28","143","94","0","191565"
"306","61","231","3","00:04:38","397","273","1","191566"
"301","42","231","3","00:05:24","143","251","0","191567"
"306","39","231","3","00:09:10","143","251","0","191571"
"306","4","231","3","00:09:16","143","94","0","191572"
"252","39","231","3","00:16:11","143","251","0","191577"
"252","31","231","3","00:16:17","143","251","1","191578"
"252","31","231","3","00:17:30","247","273","0","191580"
"252","42","231","3","00:18:51","143","251","0","191582"
"237","1","234","1","00:04:44","300","150","1","191697"
"237","97","234","1","00:08:42","500","94","1","191699"
"237","97","234","1","00:08:44","500","94","1","191700"
"237","78","234","1","00:13:24","500","251","1","191708"
"237","1","234","1","00:19:55","300","150","0","191712"
"291","42","236","2","00:13:49","457","49","0","191831"
"306","195","239","1","00:00:00","300","150","0","191965"
"306","23","239","1","00:06:33","500","251","0","191973"
"306","195","239","2","00:00:00","300","150","0","191984"
"306","195","239","2","00:04:30","100","206","0","191988"
"306","23","239","2","00:07:01","100","206","0","191991"
"306","23","239","2","00:10:34","353","227","1","191995"
"306","195","239","3","00:00:00","300","150","0","192000"
"306","195","239","3","00:00:17","500","251","0","192001"
"306","23","239","3","00:04:25","500","251","0","192008"
"306","195","239","3","00:13:40","397","273","0","192014"
"45","291","240","2","00:07:09","143","251","1","192058"
"205","291","240","3","00:09:33","300","150","1","192074"
"245","306","242","1","00:01:21","300","150","0","192134"
"280","306","242","1","00:04:51","500","251","1","192137"
"280","306","242","1","00:05:22","143","251","1","192138"
"45","252","242","1","00:15:15","500","94","1","192144"
"245","306","242","2","00:12:41","100","206","0","192158"
"277","306","242","2","00:17:32","457","206","1","192165"
"30","252","242","3","00:14:01","397","273","0","192178"
"206","252","242","3","00:14:38","397","273","1","192179"
"30","306","242","3","00:15:55","300","150","1","192180"
"316","291","245","1","00:02:24","100","49","0","192301"
"316","291","245","2","00:08:49","500","94","1","192321"
"65","291","245","3","00:09:06","100","206","1","192333"
"1","306","246","1","00:02:23","203","227","1","192341"
"1","306","246","1","00:04:49","300","150","1","192343"
"97","306","246","1","00:07:38","300","150","0","192346"
"78","306","246","1","00:12:23","100","206","1","192350"
"78","306","246","1","00:17:32","100","206","1","192354"
"97","306","246","2","00:06:36","300","150","1","192361"
"1","306","246","2","00:17:54","143","94","0","192371"
"97","306","246","3","00:05:18","300","150","1","192380"
"15","306","246","3","00:05:46","100","206","1","192381"
"58","306","249","1","00:03:53","457","49","1","192502"
"57","306","249","2","00:07:00","500","94","1","192517"
"88","306","249","2","00:14:54","500","251","1","192522"
"15","291","250","2","00:06:10","397","273","0","192574"
"78","291","250","2","00:17:23","143","251","1","192581"
"243","291","250","2","00:19:55","247","273","0","192585"
"190","237","252","1","00:12:04","457","206","1","192661"
"269","237","252","2","00:02:30","457","206","0","192677"
"269","237","252","2","00:09:11","143","251","1","192685"
"23","237","252","2","00:16:13","143","94","1","192691"
"23","237","252","3","00:05:44","353","27","1","192700"
"25","294","252","3","00:07:51","300","150","0","192703"
"269","237","252","3","00:17:06","100","206","0","192713"
"4","306","253","1","00:04:12","100","49","1","192721"
"42","306","253","2","00:02:14","143","251","1","192731"
"4","306","253","2","00:18:50","500","94","1","192746"
"4","306","253","3","00:00:56","353","27","0","192749"
"201","306","253","3","00:01:21","100","49","0","192750"
"31","306","253","3","00:11:25","457","49","1","192757"
"237","1","259","1","00:02:31","397","273","1","193053"
"291","183","259","2","00:05:00","100","206","1","193078"
"237","97","259","2","00:12:43","203","27","1","193085"
"237","78","259","3","00:03:48","500","94","1","193092"
"237","97","259","3","00:11:15","143","94","0","193101"
"237","313","261","1","00:02:05","100","206","0","193163"
"237","313","261","1","00:08:39","300","150","0","193175"
"291","313","261","1","00:14:40","247","273","0","193181"
"237","313","261","2","00:02:58","300","150","1","193189"
"291","65","261","2","00:03:37","300","150","0","193190"
"237","227","266","1","00:13:33","143","94","1","193472"
"237","227","266","2","00:03:45","457","206","0","193482"
"237","220","266","3","00:02:04","500","251","0","193495"
"58","291","268","1","00:06:35","457","49","1","193575"
"58","291","268","1","00:06:44","203","227","1","193576"
"58","291","268","1","00:09:44","353","227","0","193578"
"101","291","268","1","00:12:27","100","206","1","193580"
"88","291","268","2","00:07:02","500","94","1","193594"
"101","291","268","2","00:17:46","397","273","0","193603"
"219","237","268","3","00:02:02","300","150","0","193608"
"101","291","268","3","00:02:10","457","206","0","193609"
"78","57","338","1","00:00:00","300","150","0","196892"
"78","57","338","1","00:00:09","100","206","0","196893"
"97","58","338","1","00:00:28","100","49","0","196894"
"15","88","338","1","00:00:56","100","49","1","196895"
"15","88","338","1","00:01:04","100","49","1","196896"
"15","57","338","1","00:03:23","457","49","1","196897"
"97","58","338","1","00:04:04","203","27","0","196898"
"1","88","338","1","00:04:34","100","49","0","196899"
"78","58","338","1","00:06:02","457","206","0","196900"
"15","57","338","1","00:08:35","100","206","1","196901"
"15","57","338","1","00:08:43","100","206","1","196902"
"15","58","338","1","00:08:58","100","206","0","196903"
"15","88","338","1","00:10:15","457","49","1","196904"
"15","57","338","1","00:12:43","353","27","0","196905"
"97","58","338","1","00:13:07","457","49","1","196906"
"78","88","338","1","00:13:42","457","49","1","196907"
"15","58","338","1","00:15:32","457","206","0","196908"
"1","88","338","1","00:16:26","457","206","1","196909"
"97","58","338","1","00:18:06","300","150","1","196910"
"78","72","338","1","00:19:07","100","206","1","196911"
"15","88","338","1","00:19:38","100","206","0","196912"
"15","101","338","2","00:00:00","300","150","1","196913"
"15","101","338","2","00:00:58","247","273","1","196914"
"15","101","338","2","00:01:13","143","94","1","196915"
"78","58","338","2","00:01:52","143","94","1","196916"
"97","88","338","2","00:03:54","500","251","0","196917"
"15","58","338","2","00:04:08","397","73","0","196918"
"78","101","338","2","00:05:11","143","94","0","196919"
"15","115","338","2","00:06:28","300","150","1","196920"
"15","88","338","2","00:07:00","143","251","1","196921"
"78","101","338","2","00:08:08","143","251","1","196922"
"78","57","338","2","00:09:53","500","94","1","196923"
"1","58","338","2","00:10:54","500","251","1","196924"
"15","101","338","2","00:13:23","143","251","1","196925"
"15","88","338","2","00:15:17","143","94","1","196926"
"15","57","338","2","00:15:31","143","94","1","196927"
"78","88","338","2","00:16:32","247","273","0","196928"
"15","57","338","2","00:17:45","500","94","0","196929"
"1","101","338","2","00:17:56","300","150","1","196930"
"1","101","338","2","00:18:06","300","150","1","196931"
"78","58","338","2","00:18:22","397","273","0","196932"
"15","58","338","2","00:18:32","143","251","0","196933"
"15","115","338","2","00:18:58","500","251","1","196934"
"1","57","338","2","00:19:26","300","150","1","196935"
"78","57","338","3","00:00:00","300","150","1","196936"
"15","57","338","3","00:00:23","300","150","1","196937"
"15","88","338","3","00:01:01","457","49","1","196938"
"15","57","338","3","00:05:02","457","49","1","196939"
"1","57","338","3","00:05:14","457","49","0","196940"
"78","58","338","3","00:06:05","203","227","1","196941"
"15","58","338","3","00:07:05","100","206","0","196942"
"15","101","338","3","00:07:27","100","206","0","196943"
"78","58","338","3","00:09:24","457","206","0","196944"
"97","58","338","3","00:11:41","457","206","1","196945"
"78","57","338","3","00:12:18","457","49","1","196946"
"1","88","338","3","00:12:47","457","49","1","196947"
"97","88","338","3","00:13:00","100","206","1","196948"
"97","58","338","3","00:14:04","457","206","1","196949"
"78","57","338","3","00:18:20","100","206","0","196950"
"97","57","338","3","00:19:19","457","49","1","196951"
"78","57","339","1","00:00:00","300","150","0","196952"
"15","58","339","1","00:00:39","457","206","1","196953"
"15","115","339","1","00:01:28","100","206","1","196954"
"15","57","339","1","00:02:31","457","49","1","196955"
"15","57","339","1","00:02:45","100","49","0","196956"
"78","88","339","1","00:03:56","100","206","0","196957"
"97","57","339","1","00:06:28","100","206","0","196958"
"183","58","339","1","00:07:10","100","49","0","196959"
"15","58","339","1","00:07:37","100","206","1","196960"
"97","58","339","1","00:09:32","353","227","0","196961"
"97","58","339","1","00:09:42","457","206","0","196962"
"1","58","339","1","00:10:26","457","206","0","196963"
"15","58","339","1","00:11:56","457","206","1","196964"
"15","101","339","1","00:12:40","100","206","1","196965"
"78","101","339","1","00:12:57","300","150","0","196966"
"1","88","339","1","00:13:16","300","150","0","196967"
"1","101","339","1","00:15:39","353","227","1","196968"
"97","57","339","1","00:16:39","457","206","1","196969"
"15","101","339","1","00:19:51","203","227","1","196970"
"15","58","339","1","00:19:55","100","49","1","196971"
"78","57","339","2","00:00:00","300","150","1","196972"
"78","57","339","2","00:00:16","397","273","0","196973"
"97","88","339","2","00:01:54","300","150","0","196974"
"15","57","339","2","00:02:29","143","94","0","196975"
"15","58","339","2","00:05:24","500","251","1","196976"
"97","115","339","2","00:06:06","500","251","0","196977"
"15","58","339","2","00:07:40","500","251","0","196978"
"183","241","339","2","00:08:51","500","94","0","196979"
"97","88","339","2","00:10:23","247","73","1","196980"
"97","58","339","2","00:12:16","397","73","0","196981"
"97","58","339","2","00:13:40","500","251","0","196982"
"15","57","339","2","00:15:38","397","73","1","196983"
"1","101","339","2","00:16:29","500","94","1","196984"
"78","58","339","2","00:16:42","143","94","0","196985"
"15","88","339","2","00:18:26","143","251","1","196986"
"15","57","339","2","00:19:30","500","94","1","196987"
"183","58","339","2","00:19:50","300","150","0","196988"
"15","57","339","3","00:00:00","300","150","0","196989"
"1","57","339","3","00:02:11","457","49","1","196990"
"97","58","339","3","00:03:23","100","206","1","196991"
"97","88","339","3","00:08:14","100","206","1","196992"
"15","57","339","3","00:08:23","100","206","1","196993"
"78","58","339","3","00:09:14","100","206","0","196994"
"78","101","339","3","00:09:36","300","150","0","196995"
"15","58","339","3","00:10:04","100","206","1","196996"
"97","58","339","3","00:10:27","100","206","1","196997"
"78","57","339","3","00:11:47","457","49","0","196998"
"183","57","339","3","00:14:25","457","49","0","196999"
"1","57","339","3","00:14:28","457","49","0","197000"
"15","58","339","3","00:14:49","203","227","1","197001"
"15","58","339","3","00:16:36","203","27","1","197002"
"15","58","339","3","00:16:41","100","206","0","197003"
"15","58","339","3","00:16:57","100","206","1","197004"
"15","88","339","3","00:17:48","100","206","0","197005"
"97","57","339","3","00:18:30","300","150","1","197006"
"97","57","339","3","00:18:35","457","49","1","197007"
"15","58","339","3","00:19:18","100","206","0","197008"
"1","58","339","3","00:19:35","100","49","1","197009"
"1","58","339","3","00:19:59","100","49","0","197010"
"31","21","340","1","00:00:00","300","150","0","197011"
"4","189","340","1","00:01:08","353","227","0","197012"
"39","189","340","1","00:01:49","100","206","1","197013"
"42","23","340","1","00:02:27","100","49","1","197014"
"31","23","340","1","00:02:38","100","206","0","197015"
"42","189","340","1","00:03:45","100","49","0","197016"
"31","21","340","1","00:04:36","457","206","1","197017"
"31","21","340","1","00:04:44","457","206","0","197018"
"61","23","340","1","00:08:36","300","150","0","197019"
"61","23","340","1","00:09:38","203","27","1","197020"
"42","23","340","1","00:09:50","100","49","1","197021"
"128","23","340","1","00:11:43","203","27","1","197022"
"39","21","340","1","00:13:47","100","206","1","197023"
"4","21","340","1","00:14:04","100","206","1","197024"
"4","189","340","1","00:14:09","100","49","0","197025"
"61","23","340","1","00:15:16","457","206","0","197026"
"31","21","340","1","00:16:16","300","150","0","197027"
"61","23","340","1","00:18:55","457","206","1","197028"
"31","189","340","1","00:19:40","457","49","0","197029"
"31","21","340","2","00:00:00","300","150","0","197030"
"61","23","340","2","00:01:05","500","94","1","197031"
"61","23","340","2","00:01:18","500","94","1","197032"
"39","102","340","2","00:02:46","300","150","1","197033"
"39","21","340","2","00:02:53","500","94","1","197034"
"201","126","340","2","00:04:47","500","94","1","197035"
"4","23","340","2","00:06:05","500","251","1","197036"
"31","23","340","2","00:06:16","500","94","0","197037"
"4","189","340","2","00:07:27","500","251","0","197038"
"31","21","340","2","00:08:37","143","94","0","197039"
"31","23","340","2","00:12:16","500","251","1","197040"
"31","23","340","2","00:12:34","500","251","1","197041"
"39","23","340","2","00:13:22","143","251","0","197042"
"4","23","340","2","00:15:29","500","251","1","197043"
"61","23","340","2","00:17:49","300","150","1","197044"
"39","189","340","2","00:18:35","300","150","1","197045"
"39","126","340","2","00:19:12","300","150","1","197046"
"61","21","340","3","00:00:00","300","150","0","197047"
"4","191","340","3","00:00:26","457","206","1","197048"
"4","23","340","3","00:00:50","100","49","0","197049"
"4","21","340","3","00:02:08","100","206","1","197050"
"31","23","340","3","00:02:58","300","150","0","197051"
"4","21","340","3","00:03:46","300","150","1","197052"
"31","21","340","3","00:04:27","100","206","1","197053"
"61","102","340","3","00:04:46","300","150","0","197054"
"39","269","340","3","00:05:13","457","206","1","197055"
"42","21","340","3","00:07:28","100","49","1","197056"
"4","102","340","3","00:09:08","100","206","1","197057"
"61","102","340","3","00:11:33","457","206","1","197058"
"61","23","340","3","00:11:50","457","206","1","197059"
"31","23","340","3","00:12:10","100","206","1","197060"
"61","23","340","3","00:14:51","457","206","0","197061"
"31","21","340","3","00:15:23","300","150","0","197062"
"39","102","340","3","00:16:20","300","150","1","197063"
"42","23","340","3","00:17:39","100","206","0","197064"
"61","21","340","3","00:18:20","457","49","0","197065"
"31","23","340","3","00:19:00","100","206","0","197066"
"4","21","340","3","00:19:26","457","206","1","197067"
"4","23","340","3","00:19:38","100","206","0","197068"
"31","21","340","4","00:00:00","300","150","1","197069"
"61","21","340","4","00:03:09","247","73","1","197070"
"42","21","341","1","00:00:00","300","150","0","197071"
"61","23","341","1","00:03:50","300","150","1","197072"
"61","23","341","1","00:06:02","300","150","1","197073"
"61","23","341","1","00:06:16","457","206","1","197074"
"42","23","341","1","00:06:36","457","206","1","197075"
"31","190","341","1","00:07:14","457","49","0","197076"
"31","23","341","1","00:09:15","100","206","1","197077"
"4","23","341","1","00:11:03","100","206","0","197078"
"31","102","341","1","00:12:17","300","150","1","197079"
"61","23","341","1","00:13:19","100","206","0","197080"
"42","21","341","1","00:14:16","100","206","1","197081"
"39","102","341","1","00:15:22","100","206","1","197082"
"61","23","341","1","00:16:42","100","49","0","197083"
"61","21","341","1","00:17:11","457","49","0","197084"
"31","23","341","1","00:17:26","100","206","1","197085"
"4","23","341","1","00:18:18","100","206","1","197086"
"31","23","341","2","00:00:00","300","150","0","197087"
"61","21","341","2","00:00:30","247","273","1","197089"
"4","269","341","2","00:01:46","500","251","1","197090"
"31","21","341","2","00:06:29","500","251","0","197091"
"31","21","341","2","00:06:38","500","251","1","197092"
"61","23","341","2","00:07:21","397","73","1","197093"
"128","269","341","2","00:08:08","397","73","1","197094"
"42","269","341","2","00:08:15","143","251","0","197095"
"31","21","341","2","00:08:19","143","251","0","197096"
"39","23","341","2","00:09:47","500","251","0","197097"
"4","23","341","2","00:09:54","500","251","1","197098"
"4","21","341","2","00:12:31","143","251","0","197099"
"4","23","341","2","00:12:48","500","94","0","197100"
"39","269","341","2","00:13:33","143","251","1","197101"
"31","21","341","2","00:13:44","143","251","1","197102"
"42","23","341","2","00:13:57","143","94","0","197103"
"4","23","341","2","00:15:06","143","251","1","197104"
"61","269","341","2","00:16:43","397","273","0","197105"
"61","269","341","2","00:16:59","500","94","0","197106"
"4","23","341","2","00:19:34","143","94","0","197107"
"42","21","341","3","00:00:00","300","150","0","197108"
"4","269","341","3","00:02:07","457","49","1","197109"
"31","21","341","3","00:03:17","100","206","0","197110"
"61","21","341","3","00:04:06","100","206","0","197111"
"4","23","341","3","00:04:59","457","206","1","197112"
"31","269","341","3","00:06:38","100","49","1","197113"
"61","21","341","3","00:07:14","203","27","1","197114"
"4","23","341","3","00:08:59","457","206","1","197115"
"42","23","341","3","00:09:06","457","49","0","197116"
"4","21","341","3","00:12:29","457","49","1","197117"
"4","21","341","3","00:12:37","457","206","1","197118"
"39","269","341","3","00:13:14","203","27","0","197119"
"4","23","341","3","00:13:40","203","27","1","197120"
"31","23","341","3","00:14:10","100","206","0","197121"
"42","23","341","3","00:15:34","100","49","0","197122"
"31","21","341","3","00:17:34","457","49","0","197123"
"201","23","341","3","00:18:35","457","206","0","197124"
"31","21","341","4","00:00:00","300","150","1","197125"
"39","23","341","4","00:02:08","143","251","1","197126"
"42","23","341","4","00:02:22","143","94","0","197127"
"31","23","341","4","00:02:44","143","251","1","197128"
"31","23","341","4","00:02:46","143","251","1","197129"
"4","21","341","4","00:03:48","143","251","1","197130"
"31","23","341","4","00:04:16","143","251","0","197131"
"4","23","341","4","00:05:28","500","251","0","197132"
"4","23","341","4","00:05:40","500","251","1","197133"
"31","102","341","4","00:07:35","143","251","1","197134"
"4","23","341","4","00:08:25","500","94","1","197135"
"61","21","341","4","00:10:00","143","251","1","197136"
"61","23","341","4","00:10:05","143","251","1","197137"
"4","126","341","4","00:11:57","500","94","1","197138"
"4","21","341","4","00:13:34","500","251","1","197139"
"4","21","341","4","00:13:43","500","94","1","197140"
"31","23","341","4","00:14:56","397","73","1","197141"
"31","23","341","4","00:15:11","397","273","1","197142"
"61","21","341","4","00:15:34","143","94","0","197143"
"39","269","341","4","00:16:07","500","251","1","197144"
"39","269","341","4","00:16:22","500","94","1","197145"
"31","269","341","4","00:17:05","143","251","0","197146"
"31","23","341","4","00:17:21","143","251","1","197147"
"31","21","341","5","00:00:00","300","150","0","197148"
"31","21","341","5","00:00:05","203","27","0","197149"
"61","23","341","5","00:00:31","100","206","1","197150"
"4","102","341","5","00:01:45","457","206","0","197151"
"39","269","341","5","00:01:59","457","206","0","197152"
"39","269","341","5","00:02:07","457","49","1","197153"
"31","23","341","5","00:02:22","100","206","1","197154"
"61","21","341","5","00:02:49","100","49","1","197155"
"61","23","341","5","00:05:36","203","227","0","197156"
"39","102","341","5","00:07:06","353","27","1","197157"
"39","102","341","5","00:07:15","457","206","0","197158"
"4","102","341","5","00:09:42","353","27","1","197159"
"61","23","341","5","00:11:09","100","49","0","197160"
"61","23","341","5","00:11:19","100","49","1","197161"
"31","23","341","5","00:12:56","457","206","0","197162"
"4","191","341","5","00:13:26","457","49","1","197163"
"31","23","341","5","00:15:13","300","150","0","197164"
"31","23","341","5","00:17:12","100","49","0","197165"
"4","269","341","5","00:18:05","353","27","1","197166"
"31","21","341","5","00:19:01","203","227","1","197167"
"31","21","341","6","00:00:00","300","150","1","197168"
"61","23","341","6","00:00:41","247","73","0","197169"
"189","31","342","1","00:00:00","300","150","1","197170"
"189","31","342","1","00:00:15","100","206","1","197171"
"23","39","342","1","00:01:57","457","49","1","197172"
"189","42","342","1","00:02:48","203","227","1","197173"
"23","4","342","1","00:03:22","300","150","1","197174"
"23","61","342","1","00:03:48","300","150","0","197175"
"21","39","342","1","00:04:44","300","150","0","197176"
"189","42","342","1","00:05:16","100","206","0","197177"
"189","42","342","1","00:05:24","203","27","0","197178"
"102","39","342","1","00:06:05","353","227","1","197179"
"23","61","342","1","00:11:27","100","49","1","197180"
"23","4","342","1","00:12:19","457","49","1","197181"
"23","4","342","1","00:12:55","300","150","0","197182"
"190","61","342","1","00:13:33","100","49","0","197183"
"23","42","342","1","00:14:00","100","49","1","197184"
"23","42","342","1","00:14:26","100","206","1","197185"
"23","39","342","1","00:14:40","300","150","0","197186"
"102","61","342","1","00:15:04","353","27","1","197187"
"23","4","342","1","00:15:52","100","49","0","197188"
"23","42","342","1","00:19:16","457","49","0","197189"
"21","4","342","1","00:19:42","203","227","0","197190"
"189","31","342","2","00:00:00","300","150","1","197191"
"189","42","342","2","00:00:26","500","94","0","197192"
"21","4","342","2","00:02:08","500","251","0","197193"
"21","4","342","2","00:02:17","500","94","0","197194"
"189","42","342","2","00:03:36","143","251","1","197195"
"23","61","342","2","00:04:36","300","150","0","197196"
"21","4","342","2","00:05:00","300","150","0","197197"
"189","42","342","2","00:05:51","500","251","1","197198"
"21","4","342","2","00:06:50","143","94","0","197199"
"23","35","342","2","00:08:01","300","150","1","197200"
"23","61","342","2","00:10:30","500","94","0","197201"
"21","4","342","2","00:12:04","300","150","0","197202"
"23","61","342","2","00:13:58","500","94","0","197203"
"23","61","342","2","00:14:04","500","251","1","197204"
"23","31","342","2","00:14:26","500","94","0","197205"
"21","4","342","2","00:16:11","300","150","0","197206"
"189","39","342","2","00:17:11","300","150","1","197207"
"23","39","342","2","00:17:25","143","94","1","197208"
"189","31","342","3","00:00:00","300","150","1","197209"
"189","4","342","3","00:00:28","457","49","1","197210"
"21","4","342","3","00:03:43","300","150","0","197211"
"21","61","342","3","00:06:13","100","206","1","197212"
"23","61","342","3","00:06:56","100","49","1","197213"
"102","61","342","3","00:09:32","100","49","0","197214"
"21","61","342","3","00:13:19","300","150","1","197215"
"189","61","342","3","00:13:43","100","206","0","197216"
"189","61","342","3","00:13:53","100","49","0","197217"
"23","61","342","3","00:14:11","100","206","0","197218"
"189","4","342","3","00:15:38","100","206","1","197219"
"23","201","342","3","00:17:05","100","206","0","197220"
"189","61","342","3","00:17:40","457","49","1","197221"
"23","61","342","3","00:18:22","100","49","1","197222"
"23","61","342","3","00:19:41","100","49","1","197223"
"57","15","343","1","00:00:00","300","150","0","197224"
"57","15","343","1","00:02:25","500","251","0","197225"
"58","183","343","1","00:03:09","500","251","0","197226"
"58","78","343","1","00:03:39","500","94","0","197227"
"88","78","343","1","00:03:48","500","251","0","197228"
"88","1","343","1","00:03:54","500","251","1","197229"
"101","1","343","1","00:04:02","500","251","0","197230"
"88","97","343","1","00:05:37","143","251","0","197231"
"58","97","343","1","00:05:41","300","150","1","197232"
"58","15","343","1","00:05:59","300","150","0","197233"
"101","97","343","1","00:10:07","500","94","1","197234"
"57","15","343","1","00:10:17","500","251","1","197235"
"58","78","343","1","00:11:29","300","150","1","197236"
"57","15","343","1","00:13:33","300","150","1","197237"
"101","256","343","1","00:14:30","500","251","1","197238"
"58","97","343","1","00:15:32","143","94","0","197239"
"58","78","343","1","00:17:52","500","251","1","197240"
"101","97","343","1","00:18:08","457","206","1","197241"
"57","15","343","1","00:19:17","143","251","1","197242"
"58","212","343","1","00:19:45","247","73","1","197243"
"88","1","343","2","00:00:00","300","150","0","197244"
"57","15","343","2","00:01:02","300","150","0","197245"
"101","183","343","2","00:01:33","457","49","0","197246"
"58","97","343","2","00:01:44","457","49","0","197247"
"57","15","343","2","00:03:53","457","49","1","197248"
"101","1","343","2","00:05:11","300","150","1","197249"
"57","15","343","2","00:06:27","300","150","0","197250"
"58","97","343","2","00:07:04","300","150","1","197251"
"58","97","343","2","00:10:16","457","49","1","197252"
"57","15","343","2","00:11:15","457","49","0","197253"
"57","15","343","2","00:11:21","457","49","0","197254"
"58","15","343","2","00:13:02","457","206","1","197255"
"58","1","343","2","00:15:08","100","49","0","197256"
"101","78","343","2","00:17:17","203","227","1","197257"
"101","15","343","2","00:18:58","457","49","0","197258"
"101","15","343","2","00:19:22","457","206","0","197259"
"58","1","343","2","00:19:55","457","206","1","197260"
"58","97","343","3","00:00:00","300","150","0","197261"
"57","1","343","3","00:01:16","500","94","0","197262"
"88","78","343","3","00:01:47","500","251","1","197263"
"57","15","343","3","00:03:19","143","251","0","197264"
"58","97","343","3","00:06:40","143","94","1","197265"
"57","15","343","3","00:07:56","143","94","1","197266"
"57","15","343","3","00:07:58","143","94","1","197267"
"57","15","343","3","00:10:59","143","251","0","197268"
"58","97","343","3","00:11:47","300","150","1","197269"
"58","97","343","3","00:12:06","143","94","1","197270"
"88","1","343","3","00:12:51","397","273","0","197271"
"57","15","343","3","00:14:44","500","251","0","197272"
"88","1","343","3","00:16:13","143","251","0","197273"
"88","15","343","3","00:16:22","300","150","0","197274"
"57","183","343","3","00:18:25","500","94","1","197275"
"88","1","343","3","00:19:17","247","73","1","197276"
"58","15","343","3","00:19:30","300","150","1","197277"
"57","15","344","1","00:00:00","300","150","0","197278"
"57","15","344","1","00:02:27","500","251","1","197279"
"101","15","344","1","00:03:04","143","251","0","197280"
"88","183","344","1","00:03:47","143","251","1","197281"
"57","15","344","1","00:04:32","247","73","1","197282"
"58","1","344","1","00:05:39","500","251","1","197283"
"88","1","344","1","00:05:59","143","251","0","197284"
"57","15","344","1","00:06:38","300","150","1","197285"
"101","1","344","1","00:07:35","500","251","0","197286"
"101","15","344","1","00:07:53","500","94","0","197287"
"58","212","344","1","00:08:22","397","73","1","197288"
"88","97","344","1","00:09:28","247","273","1","197289"
"88","1","344","1","00:09:41","143","251","0","197290"
"58","183","344","1","00:10:54","247","273","1","197291"
"101","97","344","1","00:11:53","143","94","0","197292"
"57","15","344","1","00:12:27","247","273","1","197293"
"57","1","344","1","00:13:13","500","251","0","197294"
"58","183","344","1","00:14:47","143","94","1","197295"
"88","1","344","1","00:15:59","397","73","0","197296"
"57","15","344","1","00:16:05","397","273","1","197297"
"53","15","344","1","00:16:21","500","251","1","197298"
"58","97","344","1","00:17:46","143","251","1","197299"
"58","1","344","1","00:17:54","143","251","0","197300"
"57","15","344","1","00:18:19","143","94","1","197301"
"88","97","344","1","00:19:43","500","94","0","197302"
"58","97","344","2","00:00:00","300","150","1","197303"
"57","15","344","2","00:00:27","353","227","1","197304"
"88","183","344","2","00:01:44","100","206","1","197305"
"101","1","344","2","00:02:24","457","49","0","197306"
"58","1","344","2","00:03:04","100","49","1","197307"
"88","97","344","2","00:03:25","300","150","0","197308"
"57","15","344","2","00:04:01","353","227","1","197309"
"58","183","344","2","00:05:13","457","206","0","197310"
"57","15","344","2","00:05:19","300","150","1","197311"
"57","15","344","2","00:05:23","300","150","0","197312"
"53","15","344","2","00:05:55","457","49","0","197313"
"88","97","344","2","00:06:03","300","150","1","197314"
"58","78","344","2","00:06:52","300","150","1","197315"
"58","15","344","2","00:06:59","300","150","0","197316"
"101","1","344","2","00:08:08","353","27","0","197317"
"57","15","344","2","00:09:18","300","150","0","197318"
"58","97","344","2","00:12:12","300","150","1","197319"
"57","97","344","2","00:12:35","100","206","1","197320"
"57","15","344","2","00:13:25","457","49","0","197321"
"58","78","344","2","00:14:18","457","49","1","197322"
"57","15","344","2","00:16:04","457","49","0","197323"
"88","97","344","2","00:16:14","203","227","1","197324"
"57","15","344","2","00:16:32","457","49","0","197325"
"57","15","344","2","00:16:36","457","49","1","197326"
"58","78","344","2","00:17:05","100","49","0","197327"
"88","1","344","2","00:18:40","100","206","1","197328"
"57","15","344","2","00:19:04","100","206","1","197329"
"241","15","344","3","00:00:00","300","150","0","197330"
"58","15","344","3","00:02:40","500","94","0","197331"
"101","15","344","3","00:03:12","500","94","0","197332"
"88","97","344","3","00:04:44","397","273","0","197333"
"57","1","344","3","00:05:17","500","94","0","197334"
"115","97","344","3","00:07:00","143","94","1","197335"
"88","97","344","3","00:10:23","500","94","1","197336"
"57","15","344","3","00:12:27","500","94","1","197337"
"101","15","344","3","00:13:56","500","94","0","197338"
"58","1","344","3","00:14:57","143","251","0","197339"
"88","78","344","3","00:16:18","300","150","1","197340"
"88","1","344","3","00:18:23","500","251","0","197341"
"88","1","344","3","00:18:31","500","94","1","197342"
"57","15","344","4","00:00:00","300","150","0","197343"
"58","183","344","4","00:00:32","353","227","1","197344"
"58","15","344","4","00:01:03","457","49","1","197345"
"58","78","344","4","00:01:37","457","49","0","197346"
"57","15","344","4","00:03:05","457","49","0","197347"
"58","97","344","4","00:03:56","203","27","1","197348"
"57","15","344","4","00:04:54","457","206","1","197349"
"101","1","344","4","00:05:54","457","206","1","197350"
"58","183","344","4","00:06:40","457","206","1","197351"
"88","15","344","4","00:07:51","457","49","0","197352"
"57","15","344","4","00:07:58","353","227","1","197353"
"58","183","344","4","00:08:40","203","227","0","197354"
"58","97","344","4","00:08:47","353","27","1","197355"
"57","15","344","4","00:09:05","100","49","1","197356"
"57","78","344","4","00:09:09","100","49","1","197357"
"57","97","344","4","00:10:59","100","49","0","197358"
"241","15","344","4","00:14:44","457","49","0","197359"
"57","15","344","4","00:15:17","457","206","0","197360"
"57","15","344","4","00:15:44","457","206","1","197361"
"57","183","344","4","00:17:49","457","49","1","197362"
"58","36","344","4","00:18:51","457","206","1","197363"
"58","78","344","4","00:19:28","457","49","0","197364"
"88","1","344","4","00:19:38","203","227","0","197365"
"88","97","344","4","00:19:55","300","150","0","197366"
"58","97","344","5","00:00:00","300","150","0","197367"
"57","15","344","5","00:00:23","500","251","1","197368"
"88","78","344","5","00:00:47","500","251","0","197369"
"21","4","345","1","00:00:00","300","150","0","197370"
"189","31","345","1","00:00:48","457","49","1","197371"
"269","39","345","1","00:01:58","100","206","1","197372"
"269","61","345","1","00:02:07","100","206","0","197373"
"189","4","345","1","00:03:48","100","206","1","197374"
"21","61","345","1","00:05:26","300","150","0","197375"
"189","42","345","1","00:06:22","457","206","1","197376"
"189","31","345","1","00:06:33","457","49","1","197377"
"189","42","345","1","00:10:09","457","49","1","197378"
"189","42","345","1","00:13:12","457","49","0","197379"
"23","201","345","1","00:13:56","457","49","0","197380"
"21","4","345","1","00:15:20","300","150","0","197381"
"21","39","345","1","00:19:00","300","150","0","197382"
"21","61","345","2","00:00:00","300","150","1","197383"
"23","31","345","2","00:00:53","500","94","0","197384"
"189","201","345","2","00:01:25","143","251","1","197385"
"21","35","345","2","00:05:12","300","150","0","197386"
"23","61","345","2","00:09:00","500","94","1","197387"
"189","4","345","2","00:09:28","143","251","0","197388"
"23","61","345","2","00:12:17","300","150","0","197389"
"23","61","345","2","00:12:24","500","251","0","197390"
"21","4","345","2","00:12:58","500","94","0","197391"
"23","4","345","2","00:16:33","143","251","1","197392"
"189","201","345","2","00:18:26","500","251","1","197393"
"189","31","345","3","00:00:00","300","150","0","197394"
"23","4","345","3","00:01:13","300","150","0","197395"
"189","31","345","3","00:02:19","457","49","0","197396"
"189","31","345","3","00:04:57","100","49","0","197397"
"23","39","345","3","00:08:05","300","150","0","197398"
"189","61","345","3","00:09:28","100","206","1","197399"
"189","31","345","3","00:10:02","457","49","0","197400"
"189","42","345","3","00:10:21","457","206","0","197401"
"21","31","345","3","00:10:44","300","150","1","197402"
"23","61","345","3","00:11:52","100","49","1","197403"
"23","4","345","3","00:12:01","300","150","1","197404"
"189","42","345","3","00:12:46","300","150","0","197405"
"189","42","345","3","00:13:01","457","206","0","197406"
"189","42","345","3","00:17:19","457","206","0","197407"
"23","61","345","3","00:18:53","300","150","0","197408"
"21","61","345","3","00:19:07","100","49","1","197409"
"31","23","347","1","00:00:00","300","150","1","197410"
"4","23","347","1","00:03:27","300","150","1","197411"
"4","189","347","1","00:04:10","457","49","1","197412"
"4","189","347","1","00:04:22","300","150","0","197413"
"39","269","347","1","00:05:26","300","150","0","197414"
"31","23","347","1","00:06:26","457","206","0","197415"
"31","23","347","1","00:06:30","457","206","0","197416"
"4","189","347","1","00:06:46","300","150","1","197417"
"39","269","347","1","00:08:36","457","206","1","197418"
"4","189","347","1","00:10:05","457","206","1","197419"
"4","189","347","1","00:10:14","457","49","1","197420"
"31","23","347","1","00:12:16","100","206","1","197421"
"31","23","347","1","00:12:18","300","150","0","197422"
"61","189","347","1","00:12:58","100","49","1","197423"
"61","189","347","1","00:13:13","100","49","0","197424"
"4","21","347","1","00:14:08","457","206","0","197425"
"31","269","347","1","00:14:42","100","49","1","197426"
"61","189","347","1","00:16:46","203","27","1","197427"
"4","21","347","1","00:17:46","457","206","1","197428"
"39","189","347","1","00:19:47","353","27","0","197429"
"31","23","347","2","00:00:00","300","150","0","197430"
"31","23","347","2","00:00:15","247","273","1","197431"
"61","21","347","2","00:01:46","397","273","0","197432"
"4","23","347","2","00:03:06","500","251","0","197433"
"39","21","347","2","00:05:16","143","251","1","197434"
"4","23","347","2","00:06:09","247","273","0","197435"
"31","23","347","2","00:07:15","143","251","1","197436"
"39","21","347","2","00:08:15","300","150","0","197437"
"4","269","347","2","00:09:41","500","94","1","197438"
"31","189","347","2","00:10:38","143","94","0","197439"
"61","102","347","2","00:12:44","500","251","0","197440"
"4","21","347","2","00:15:42","247","273","1","197441"
"4","23","347","2","00:16:11","500","251","1","197442"
"31","23","347","3","00:00:00","300","150","1","197443"
"61","20","347","3","00:00:54","457","206","1","197444"
"42","102","347","3","00:02:29","100","206","1","197445"
"4","23","347","3","00:03:06","300","150","0","197446"
"4","23","347","3","00:09:19","203","27","0","197447"
"61","189","347","3","00:11:19","457","49","0","197448"
"4","23","347","3","00:11:58","457","206","0","197449"
"274","102","347","3","00:12:27","353","27","1","197450"
"61","21","347","3","00:13:20","100","206","1","197451"
"4","23","347","3","00:15:09","353","27","0","197452"
"31","189","347","3","00:18:26","457","49","0","197453"
"61","189","347","3","00:19:06","457","49","1","197454"
"61","23","347","3","00:19:25","457","206","1","197455"
"57","31","348","1","00:00:00","300","150","1","197456"
"57","42","348","1","00:00:24","100","49","0","197457"
"58","61","348","1","00:00:44","143","94","0","197458"
"88","4","348","1","00:01:28","143","251","0","197459"
"101","4","348","1","00:01:41","143","251","1","197460"
"57","31","348","1","00:03:12","500","94","0","197461"
"57","31","348","1","00:05:10","397","273","0","197462"
"57","31","348","1","00:05:25","397","73","1","197463"
"58","61","348","1","00:05:30","300","150","1","197464"
"58","61","348","1","00:05:45","143","94","1","197465"
"88","4","348","1","00:06:06","143","251","1","197466"
"57","31","348","1","00:07:16","500","94","0","197467"
"88","31","348","1","00:13:02","300","150","0","197468"
"58","4","348","1","00:14:39","500","251","0","197469"
"88","31","348","1","00:15:42","500","94","0","197470"
"101","31","348","1","00:16:12","397","273","0","197471"
"58","4","348","1","00:17:46","500","251","0","197472"
"57","31","348","1","00:18:16","143","94","0","197473"
"58","61","348","1","00:19:35","143","94","0","197474"
"58","61","348","1","00:19:43","143","94","1","197475"
"58","61","348","1","00:19:53","143","94","0","197476"
"57","42","348","2","00:00:00","300","150","1","197477"
"88","42","348","2","00:01:42","100","49","1","197478"
"101","4","348","2","00:03:07","457","49","0","197479"
"57","128","348","2","00:04:59","100","206","0","197480"
"58","39","348","2","00:06:54","457","206","0","197481"
"88","61","348","2","00:07:19","100","49","1","197482"
"57","31","348","2","00:08:21","457","49","1","197483"
"101","4","348","2","00:08:45","100","206","1","197484"
"101","4","348","2","00:08:50","100","49","1","197485"
"101","4","348","2","00:08:57","100","49","1","197486"
"88","61","348","2","00:10:49","100","49","1","197487"
"57","31","348","2","00:11:40","457","206","1","197488"
"58","4","348","2","00:13:25","100","206","0","197489"
"88","4","348","2","00:15:21","100","206","0","197490"
"88","61","348","2","00:15:42","100","206","0","197491"
"101","31","348","2","00:18:41","457","49","0","197492"
"57","42","348","2","00:18:45","457","49","1","197493"
"57","42","348","2","00:18:58","300","150","1","197494"
"88","42","348","2","00:19:12","100","49","0","197495"
"88","42","348","3","00:00:00","300","150","0","197496"
"58","4","348","3","00:01:24","300","150","0","197497"
"101","4","348","3","00:02:01","500","251","1","197498"
"101","39","348","3","00:02:20","500","94","0","197499"
"88","61","348","3","00:02:30","143","94","0","197500"
"101","39","348","3","00:04:45","397","273","1","197501"
"101","31","348","3","00:05:28","500","94","0","197502"
"57","61","348","3","00:06:43","500","251","1","197503"
"58","4","348","3","00:07:32","300","150","0","197504"
"58","4","348","3","00:07:38","300","150","0","197505"
"57","31","348","3","00:08:26","143","94","0","197506"
"88","61","348","3","00:09:20","500","251","1","197507"
"57","4","348","3","00:11:29","143","94","0","197508"
"58","31","348","3","00:12:25","500","94","0","197509"
"57","31","348","3","00:14:11","500","94","0","197510"
"58","4","348","3","00:14:30","300","150","1","197511"
"58","4","348","3","00:17:06","300","150","0","197512"
"57","31","348","3","00:17:27","247","273","1","197513"
"57","31","348","3","00:19:05","300","150","1","197514"
"57","31","349","1","00:00:00","300","150","0","197515"
"57","31","349","1","00:00:12","397","273","0","197516"
"88","4","349","1","00:01:27","397","273","1","197517"
"101","39","349","1","00:02:14","300","150","1","197518"
"88","201","349","1","00:04:44","500","94","1","197519"
"57","31","349","1","00:10:19","500","251","0","197520"
"57","42","349","1","00:10:29","397","273","1","197521"
"58","61","349","1","00:11:19","500","94","1","197522"
"88","61","349","1","00:11:59","143","251","1","197523"
"88","4","349","1","00:12:06","143","94","0","197524"
"101","39","349","1","00:12:37","397","73","1","197525"
"58","61","349","1","00:13:55","143","94","1","197526"
"88","4","349","1","00:14:30","500","94","1","197527"
"58","4","349","1","00:15:02","143","94","1","197528"
"88","61","349","1","00:16:25","143","251","1","197529"
"58","39","349","1","00:17:45","300","150","0","197530"
"57","31","349","2","00:00:00","300","150","0","197531"
"58","61","349","2","00:01:11","457","49","0","197532"
"101","39","349","2","00:02:34","100","206","0","197533"
"57","31","349","2","00:03:18","100","206","1","197534"
"58","61","349","2","00:04:00","300","150","0","197535"
"58","4","349","2","00:04:36","457","49","1","197536"
"88","39","349","2","00:05:13","457","206","1","197537"
"58","61","349","2","00:06:18","100","206","1","197538"
"88","61","349","2","00:06:38","100","206","1","197539"
"88","4","349","2","00:07:52","100","206","1","197540"
"101","39","349","2","00:08:44","300","150","0","197541"
"57","31","349","2","00:13:34","100","206","1","197542"
"57","31","349","2","00:16:09","457","49","1","197543"
"57","42","349","2","00:16:17","203","27","0","197544"
"57","31","349","2","00:16:21","203","27","1","197545"
"101","4","349","2","00:17:58","457","49","1","197546"
"57","61","349","2","00:19:34","457","49","1","197547"
"57","31","349","3","00:00:00","300","150","1","197548"
"58","61","349","3","00:00:48","500","94","1","197549"
"58","4","349","3","00:00:57","500","94","1","197550"
"88","39","349","3","00:01:28","500","94","0","197551"
"88","4","349","3","00:04:42","143","251","1","197552"
"57","31","349","3","00:05:20","500","94","0","197553"
"57","31","349","3","00:07:45","143","251","1","197554"
"88","4","349","3","00:09:58","300","150","1","197555"
"58","274","349","3","00:10:25","247","73","1","197556"
"58","31","349","3","00:10:33","143","94","1","197557"
"115","4","349","3","00:11:30","300","150","1","197558"
"115","4","349","3","00:11:34","300","150","1","197559"
"58","4","349","3","00:13:55","300","150","1","197560"
"58","61","349","3","00:15:08","500","251","1","197561"
"88","39","349","3","00:15:44","300","150","1","197562"
"57","31","349","3","00:17:09","143","251","0","197563"
"88","61","349","3","00:17:52","143","251","1","197564"
"58","4","349","3","00:18:33","300","150","0","197565"
"88","31","349","3","00:19:02","247","273","1","197566"
"31","57","350","1","00:00:00","300","150","1","197567"
"61","58","350","1","00:00:45","100","206","0","197568"
"4","88","350","1","00:01:21","300","150","0","197569"
"4","58","350","1","00:03:24","203","27","0","197570"
"4","58","350","1","00:04:33","457","206","0","197571"
"31","57","350","1","00:07:39","100","206","1","197572"
"4","58","350","1","00:08:12","100","49","1","197573"
"4","88","350","1","00:08:55","457","49","0","197574"
"61","88","350","1","00:09:04","457","206","0","197575"
"4","58","350","1","00:11:30","457","49","1","197576"
"61","57","350","1","00:12:38","300","150","0","197577"
"31","58","350","1","00:14:22","100","206","1","197578"
"4","58","350","1","00:14:31","457","49","1","197579"
"61","57","350","1","00:16:06","457","49","1","197580"
"4","88","350","1","00:16:20","300","150","0","197581"
"61","88","350","1","00:18:44","457","49","1","197582"
"61","88","350","1","00:19:03","353","227","0","197583"
"31","57","350","1","00:19:13","457","206","0","197584"
"31","57","350","1","00:19:21","457","206","1","197585"
"31","57","350","2","00:00:00","300","150","1","197586"
"4","88","350","2","00:02:09","500","251","1","197587"
"39","57","350","2","00:04:15","500","94","0","197588"
"31","57","350","2","00:04:30","143","251","0","197589"
"4","101","350","2","00:05:22","143","251","1","197590"
"39","58","350","2","00:06:44","143","251","0","197591"
"61","101","350","2","00:08:59","500","94","0","197592"
"31","88","350","2","00:11:35","500","94","1","197593"
"39","58","350","2","00:12:59","500","251","0","197594"
"31","57","350","2","00:15:07","500","94","0","197595"
"31","57","350","2","00:15:18","500","94","1","197596"
"61","58","350","2","00:16:25","143","94","0","197597"
"4","101","350","2","00:16:56","300","150","0","197598"
"39","88","350","2","00:18:51","143","251","1","197599"
"61","57","350","2","00:19:18","500","251","0","197600"
"61","58","350","2","00:19:41","500","251","0","197601"
"42","241","350","2","00:19:54","143","251","0","197602"
"31","101","350","3","00:00:00","300","150","0","197603"
"31","57","350","3","00:00:42","100","206","1","197604"
"61","101","350","3","00:02:15","100","49","1","197605"
"61","58","350","3","00:02:30","100","49","0","197606"
"4","58","350","3","00:02:46","457","206","0","197607"
"31","88","350","3","00:03:27","100","206","1","197608"
"201","58","350","3","00:05:41","353","227","0","197609"
"31","57","350","3","00:08:24","457","206","1","197610"
"61","101","350","3","00:09:53","457","206","0","197611"
"61","57","350","3","00:12:12","300","150","0","197612"
"31","57","350","3","00:12:45","100","49","0","197613"
"39","101","350","3","00:15:56","300","150","1","197614"
"4","88","350","3","00:16:20","457","49","0","197615"
"4","57","350","3","00:18:32","457","49","1","197616"
"42","57","350","3","00:18:58","100","49","0","197617"
"31","58","350","3","00:19:41","203","227","0","197618"
"61","57","350","3","00:19:57","300","150","0","197619"
"31","57","350","4","00:00:00","300","150","1","197620"
"31","57","350","4","00:00:07","143","251","1","197621"
"61","58","350","4","00:00:34","143","251","0","197622"
"31","57","351","1","00:00:00","300","150","0","197623"
"31","57","351","1","00:00:08","100","206","1","197624"
"61","58","351","1","00:00:40","457","206","1","197625"
"4","58","351","1","00:01:20","100","49","0","197626"
"31","88","351","1","00:02:03","100","206","1","197627"
"42","57","351","1","00:02:07","100","49","0","197628"
"4","88","351","1","00:06:14","100","206","1","197629"
"4","88","351","1","00:06:19","100","49","0","197630"
"4","88","351","1","00:06:33","457","49","1","197631"
"39","101","351","1","00:07:15","353","227","1","197632"
"4","58","351","1","00:08:38","300","150","1","197633"
"61","88","351","1","00:09:04","100","206","0","197634"
"61","88","351","1","00:09:12","100","206","0","197635"
"31","57","351","1","00:10:00","100","206","1","197636"
"31","58","351","1","00:11:24","353","227","0","197637"
"42","88","351","1","00:11:51","457","49","1","197638"
"61","88","351","1","00:13:37","353","27","1","197639"
"61","57","351","1","00:14:32","300","150","0","197640"
"39","58","351","1","00:17:20","457","206","1","197641"
"31","57","351","2","00:00:00","300","150","0","197642"
"31","57","351","2","00:00:06","397","73","1","197643"
"31","57","351","2","00:00:27","143","251","0","197644"
"61","58","351","2","00:00:32","300","150","0","197645"
"61","58","351","2","00:03:37","500","251","0","197646"
"31","58","351","2","00:06:08","397","273","1","197647"
"61","57","351","2","00:06:14","397","73","0","197648"
"31","57","351","2","00:08:34","500","251","0","197649"
"31","101","351","2","00:09:10","500","94","1","197650"
"61","58","351","2","00:09:28","500","94","0","197651"
"4","88","351","2","00:10:22","500","94","0","197652"
"31","57","351","2","00:11:07","500","251","1","197653"
"31","57","351","2","00:11:28","143","251","1","197654"
"61","58","351","2","00:11:59","143","94","0","197655"
"4","88","351","2","00:12:57","500","94","0","197656"
"31","88","351","2","00:14:42","143","251","1","197657"
"31","57","351","2","00:14:52","143","251","1","197658"
"31","57","351","2","00:15:13","397","73","1","197659"
"31","58","351","2","00:15:43","500","251","1","197660"
"61","58","351","2","00:15:51","397","273","0","197661"
"61","58","351","2","00:16:00","500","94","0","197662"
"4","58","351","2","00:16:19","247","73","0","197663"
"61","57","351","2","00:17:06","143","94","0","197664"
"31","115","351","2","00:18:24","500","251","1","197665"
"4","58","351","2","00:18:55","500","94","1","197666"
"61","57","351","2","00:19:22","300","150","0","197667"
"31","57","351","2","00:19:56","247","73","0","197668"
"31","57","351","3","00:00:00","300","150","0","197669"
"31","57","351","3","00:00:23","457","49","0","197670"
"31","58","351","3","00:00:31","457","49","0","197671"
"4","58","351","3","00:01:17","100","206","1","197672"
"4","57","351","3","00:05:31","457","49","1","197673"
"31","57","351","3","00:05:55","100","206","1","197674"
"31","58","351","3","00:06:43","100","206","0","197675"
"61","88","351","3","00:08:24","100","206","0","197676"
"61","58","351","3","00:08:46","457","206","1","197677"
"31","88","351","3","00:10:09","457","49","1","197678"
"61","57","351","3","00:10:42","457","206","0","197679"
"42","58","351","3","00:11:40","100","49","1","197680"
"31","57","351","3","00:11:55","100","206","1","197681"
"31","57","351","3","00:12:10","457","206","0","197682"
"39","101","351","3","00:12:21","300","150","0","197683"
"61","57","351","3","00:14:02","100","49","0","197684"
"61","58","351","3","00:14:21","457","206","1","197685"
"4","88","351","3","00:15:29","457","49","0","197686"
"4","88","351","3","00:15:47","100","206","0","197687"
"61","57","351","3","00:16:31","100","206","0","197688"
"4","88","351","3","00:17:48","100","49","1","197689"
"31","88","351","3","00:17:58","100","206","1","197690"
"61","57","351","3","00:18:03","100","206","0","197691"
"31","58","351","3","00:19:40","457","49","1","197692"
"31","58","351","3","00:19:48","353","227","1","197693"
"31","57","351","4","00:00:00","300","150","1","197694"
"4","88","351","4","00:01:15","247","273","0","197695"
"42","57","351","4","00:02:25","143","94","1","197696"
"4","58","351","4","00:03:36","143","94","1","197697"
"4","58","351","4","00:06:09","397","273","1","197698"
"61","88","351","4","00:08:53","500","94","1","197699"
"4","58","351","4","00:09:13","500","94","1","197700"
"42","57","351","4","00:09:51","143","94","1","197701"
"31","57","351","4","00:10:01","143","251","0","197702"
"31","57","351","4","00:10:03","143","251","1","197703"
"61","58","351","4","00:10:56","500","94","0","197704"
"42","57","351","4","00:12:41","143","94","0","197705"
"61","58","351","4","00:13:07","247","273","0","197706"
"4","101","351","4","00:13:30","500","94","0","197707"
"4","101","351","4","00:13:36","500","251","0","197708"
"34","31","192","1","00:00:00","300","150","0","204520"
"42","30","192","1","00:00:11","300","150","1","204521"
"42","31","192","1","00:02:49","353","27","1","204522"
"231","30","192","1","00:03:26","457","206","0","204523"
"34","201","192","1","00:04:04","300","150","1","204524"
"34","31","192","1","00:05:00","100","206","0","204525"
"34","31","192","1","00:05:05","100","206","1","204526"
"34","31","192","1","00:05:13","300","150","1","204527"
"42","39","192","1","00:06:10","457","49","1","204528"
"231","30","192","1","00:06:51","457","49","0","204529"
"34","201","192","1","00:07:15","300","150","0","204530"
"42","31","192","1","00:07:49","300","150","1","204531"
"42","31","192","1","00:08:03","457","206","0","204532"
"34","39","192","1","00:08:18","300","150","1","204533"
"231","201","192","1","00:09:32","100","206","0","204534"
"34","39","192","1","00:11:53","457","49","0","204535"
"34","30","192","1","00:13:11","457","206","0","204536"
"227","31","192","1","00:13:27","100","206","0","204537"
"42","201","192","1","00:16:41","457","206","1","204538"
"34","31","192","1","00:18:28","100","206","1","204539"
"227","31","192","1","00:18:38","300","150","0","204540"
"42","31","192","2","00:00:00","300","150","0","204541"
"42","31","192","2","00:00:16","457","206","1","204542"
"34","30","192","2","00:00:31","353","227","0","204543"
"34","39","192","2","00:00:49","100","49","1","204544"
"34","39","192","2","00:00:52","100","49","0","204545"
"34","31","192","2","00:01:02","457","49","1","204546"
"42","31","192","2","00:01:29","457","206","0","204547"
"231","39","192","2","00:03:29","100","206","0","204548"
"227","157","192","2","00:06:34","457","49","1","204549"
"34","39","192","2","00:08:42","300","150","0","204550"
"42","31","192","2","00:11:21","300","150","0","204551"
"231","31","192","2","00:14:20","457","49","0","204552"
"42","31","192","2","00:14:46","457","206","1","204553"
"227","32","192","2","00:15:34","100","49","1","204554"
"205","26","192","2","00:19:42","100","49","0","204555"
"34","31","192","3","00:00:00","300","150","1","204556"
"42","201","192","3","00:02:05","457","49","1","204557"
"227","26","192","3","00:02:39","300","150","1","204558"
"231","201","192","3","00:04:44","457","206","0","204559"
"42","30","192","3","00:05:09","457","49","1","204560"
"42","31","192","3","00:07:12","457","49","0","204561"
"42","39","192","3","00:08:32","457","206","1","204562"
"231","31","192","3","00:09:20","457","49","0","204563"
"42","201","192","3","00:10:44","457","49","0","204564"
"42","26","192","3","00:10:46","457","49","1","204565"
"227","201","192","3","00:13:47","100","206","1","204566"
"34","31","192","3","00:13:55","100","206","0","204567"
"42","157","192","3","00:14:48","100","206","1","204568"
"42","98","192","3","00:14:56","100","49","0","204569"
"42","30","192","3","00:16:52","457","206","1","204570"
"227","157","192","3","00:18:05","457","206","0","204571"
"42","39","192","3","00:18:14","457","49","0","204572"
"42","30","192","3","00:18:27","457","206","0","204573"
"42","30","192","3","00:18:43","457","206","0","204574"
"42","39","192","3","00:19:43","300","150","0","204575"
"78","23","193","1","00:00:00","300","150","1","204576"
"183","21","193","1","00:00:55","300","150","1","204577"
"16","195","193","1","00:02:01","457","206","0","204578"
"78","23","193","1","00:02:23","300","150","0","204579"
"1","97","193","1","00:03:08","300","150","1","204580"
"16","195","193","1","00:04:44","100","206","1","204581"
"183","190","193","1","00:06:16","457","49","1","204582"
"1","195","193","1","00:08:05","457","206","1","204583"
"78","195","193","1","00:08:21","100","206","0","204584"
"183","23","193","1","00:09:01","353","227","1","204585"
"78","97","193","1","00:10:18","457","206","0","204586"
"1","21","193","1","00:11:07","300","150","1","204587"
"78","23","193","1","00:12:47","300","150","0","204588"
"78","23","193","1","00:16:10","457","206","1","204589"
"183","195","193","1","00:16:24","300","150","0","204590"
"78","97","193","1","00:17:38","100","206","1","204591"
"78","23","193","1","00:17:51","100","206","1","204592"
"1","23","193","1","00:19:42","100","206","0","204593"
"78","23","193","2","00:00:00","300","150","0","204594"
"1","195","193","2","00:01:12","397","73","0","204595"
"16","23","193","2","00:02:11","143","94","0","204596"
"78","97","193","2","00:03:15","143","251","1","204597"
"78","21","193","2","00:03:20","143","251","1","204598"
"78","195","193","2","00:04:44","500","251","1","204599"
"78","195","193","2","00:04:54","500","251","1","204600"
"13","23","193","2","00:06:21","143","94","0","204601"
"183","21","193","2","00:06:47","300","150","1","204602"
"1","97","193","2","00:07:38","143","94","1","204603"
"16","189","193","2","00:08:14","397","273","1","204604"
"13","23","193","2","00:08:52","143","94","0","204605"
"78","21","193","2","00:09:16","500","94","1","204606"
"78","21","193","2","00:09:45","300","150","1","204607"
"183","23","193","2","00:11:25","143","94","0","204608"
"16","189","193","2","00:13:59","500","94","1","204609"
"1","21","193","2","00:14:39","500","251","0","204610"
"16","23","193","2","00:14:58","300","150","0","204611"
"78","97","193","2","00:15:39","500","251","1","204612"
"1","97","193","2","00:16:32","143","251","0","204613"
"183","195","193","2","00:16:49","143","251","1","204614"
"183","195","193","2","00:17:17","300","150","1","204615"
"16","25","193","2","00:18:07","143","251","1","204616"
"78","21","193","2","00:19:41","143","94","0","204617"
"78","21","193","2","00:19:49","247","73","0","204618"
"78","23","193","3","00:00:00","300","150","1","204619"
"78","23","193","3","00:03:15","100","206","0","204620"
"78","23","193","3","00:03:23","100","206","0","204621"
"1","23","193","3","00:03:56","100","49","1","204622"
"78","23","193","3","00:04:04","100","206","0","204623"
"78","23","193","3","00:04:14","100","206","0","204624"
"1","21","193","3","00:04:34","100","49","0","204625"
"13","23","193","3","00:06:29","100","49","0","204626"
"13","23","193","3","00:06:36","100","49","1","204627"
"13","23","193","3","00:06:41","300","150","0","204628"
"16","97","193","3","00:07:19","300","150","0","204629"
"1","21","193","3","00:07:55","100","206","1","204630"
"16","195","193","3","00:08:51","353","27","1","204631"
"16","195","193","3","00:11:01","457","206","0","204632"
"49","97","193","3","00:12:31","457","206","1","204633"
"183","23","193","3","00:13:49","100","49","1","204634"
"78","102","193","3","00:15:00","100","206","0","204635"
"1","97","193","3","00:15:09","300","150","1","204636"
"16","195","193","3","00:15:33","300","150","1","204637"
"183","23","193","3","00:17:12","457","49","0","204638"
"183","23","193","3","00:17:20","457","49","1","204639"
"78","190","193","3","00:18:33","457","49","1","204640"
"16","195","193","3","00:19:14","300","150","0","204641"
"89","57","194","1","00:00:00","300","150","1","204642"
"76","57","194","1","00:03:30","457","49","0","204643"
"75","4","194","1","00:04:11","100","206","0","204644"
"65","223","194","1","00:05:38","100","49","1","204645"
"76","57","194","1","00:06:00","100","49","0","204646"
"89","88","194","1","00:08:19","457","49","0","204647"
"76","57","194","1","00:09:01","353","27","1","204648"
"212","4","194","1","00:11:02","353","27","1","204649"
"89","4","194","1","00:15:34","457","49","1","204650"
"75","57","194","1","00:16:32","457","206","1","204651"
"76","101","194","1","00:18:02","457","206","1","204652"
"89","88","194","1","00:19:58","100","206","1","204653"
"89","57","194","2","00:00:00","300","150","1","204654"
"76","4","194","2","00:02:17","457","206","0","204655"
"210","4","194","2","00:02:44","457","49","1","204656"
"89","57","194","2","00:03:38","457","49","1","204657"
"76","101","194","2","00:03:59","100","49","1","204658"
"76","4","194","2","00:04:41","100","206","0","204659"
"75","4","194","2","00:04:48","203","227","1","204660"
"75","4","194","2","00:04:59","353","227","0","204661"
"89","57","194","2","00:06:46","100","49","0","204662"
"61","4","194","2","00:07:36","457","49","1","204663"
"212","101","194","2","00:09:13","457","49","0","204664"
"89","88","194","2","00:09:47","100","206","1","204665"
"89","88","194","2","00:09:56","100","206","0","204666"
"89","88","194","2","00:10:05","100","206","1","204667"
"75","4","194","2","00:12:15","300","150","1","204668"
"210","4","194","2","00:12:23","203","227","1","204669"
"89","57","194","2","00:13:08","300","150","1","204670"
"75","88","194","2","00:13:54","203","227","1","204671"
"210","88","194","2","00:17:25","100","49","1","204672"
"89","57","194","3","00:00:00","300","150","1","204673"
"75","88","194","3","00:01:08","203","27","0","204674"
"75","88","194","3","00:01:29","457","49","0","204675"
"73","101","194","3","00:02:04","353","227","1","204676"
"210","57","194","3","00:02:37","300","150","0","204677"
"75","57","194","3","00:04:39","457","49","1","204678"
"76","4","194","3","00:06:55","457","49","0","204679"
"75","224","194","3","00:09:23","457","206","1","204680"
"73","57","194","3","00:11:07","100","206","1","204681"
"210","88","194","3","00:12:34","353","227","1","204682"
"210","88","194","3","00:15:31","457","49","1","204683"
"76","57","194","3","00:15:49","100","49","1","204684"
"89","53","194","3","00:16:14","100","206","1","204685"
"75","101","194","3","00:17:28","100","49","1","204686"
"210","4","194","3","00:18:14","100","49","1","204687"
"89","57","194","3","00:18:42","353","227","1","204688"
"76","57","194","4","00:00:00","300","150","1","204689"
"78","57","83","1","00:00:00","300","150","0","214473"
"1","57","83","1","00:00:12","457","49","0","214474"
"4","54","83","1","00:06:01","457","49","0","214475"
"1","57","83","1","00:06:42","353","227","1","214476"
"1","57","83","1","00:07:00","300","150","0","214477"
"15","88","83","1","00:07:29","457","49","0","214478"
"15","88","83","1","00:07:55","100","49","0","214479"
"78","142","83","1","00:08:08","300","150","1","214480"
"1","57","83","1","00:09:57","457","49","1","214481"
"78","142","83","1","00:11:51","203","27","1","214482"
"4","54","83","1","00:12:51","100","206","0","214483"
"1","88","83","1","00:14:24","457","49","0","214484"
"78","88","83","1","00:14:58","457","206","0","214485"
"1","54","83","1","00:16:48","100","206","0","214486"
"78","57","83","2","00:00:00","300","150","1","214487"
"1","88","83","2","00:00:33","500","94","1","214488"
"1","57","83","2","00:02:08","300","150","0","214489"
"1","57","83","2","00:02:19","143","94","1","214490"
"78","88","83","2","00:03:07","500","251","0","214491"
"78","88","83","2","00:03:13","300","150","1","214492"
"1","57","83","2","00:06:09","500","94","0","214493"
"1","88","83","2","00:06:40","500","94","1","214494"
"1","88","83","2","00:06:50","300","150","0","214495"
"78","54","83","2","00:08:20","143","251","0","214496"
"78","57","83","2","00:08:49","143","94","1","214497"
"78","88","83","2","00:11:08","500","251","0","214498"
"1","57","83","2","00:12:03","300","150","1","214499"
"1","88","83","2","00:13:23","500","94","1","214500"
"15","54","83","2","00:15:02","300","150","1","214501"
"15","54","83","2","00:15:11","397","273","1","214502"
"1","88","83","2","00:16:05","300","150","1","214503"
"4","57","83","2","00:16:30","247","73","1","214504"
"4","57","83","2","00:16:40","143","251","0","214505"
"78","142","83","2","00:17:46","143","251","1","214506"
"16","54","83","2","00:18:37","143","251","1","214507"
"1","88","83","2","00:19:48","300","150","0","214508"
"78","57","83","3","00:00:00","300","150","0","214509"
"1","88","83","3","00:01:08","457","49","1","214510"
"15","142","83","3","00:01:26","457","49","0","214511"
"78","54","83","3","00:04:11","457","206","1","214512"
"78","57","83","3","00:06:37","353","227","1","214513"
"109","88","83","3","00:07:03","457","49","0","214514"
"4","54","83","3","00:07:51","300","150","1","214515"
"15","54","83","3","00:08:23","100","206","1","214516"
"78","54","83","3","00:09:03","100","206","1","214517"
"78","88","83","3","00:13:49","457","49","0","214518"
"78","58","83","3","00:14:02","457","49","0","214519"
"78","57","83","3","00:14:33","457","49","1","214520"
"15","88","83","3","00:15:48","457","206","0","214521"
"78","57","83","3","00:16:38","457","49","0","214522"
"1","88","83","3","00:17:41","353","27","0","214523"
"78","57","83","3","00:18:24","100","206","1","214524"
"1","54","83","3","00:19:16","300","150","0","214525"
