"home_player_id","visiting_player_id","game_id","period","time","x_location","y_location","home_win"
"76","34","2","1","00:00:00","300","150","0"
"61","31","3","1","00:00:00","300","150","1"
"34","76","5","1","00:00:00","300","150","1"
"21","31","6","1","00:00:00","300","150","0"
"21","76","8","1","00:00:00","300","150","0"
"34","31","9","1","00:00:00","300","150","1"
"31","15","11","1","00:00:00","300","150","0"
"21","34","12","1","00:00:00","300","150","1"
"31","34","13","1","00:00:00","300","150","0"
"75","1","14","1","00:00:00","300","150","1"
"58","23","15","1","00:00:00","300","150","1"
"1","34","16","1","00:00:00","100","206","1"
"31","75","17","1","00:00:00","300","150","1"
"58","75","18","1","00:00:00","300","150","1"
"57","109","19","1","00:00:00","300","150","1"
"23","31","20","1","00:00:00","300","150","0"
"76","34","21","1","00:00:00","300","150","1"
"31","57","22","1","00:00:00","300","150","1"
"15","78","23","1","00:00:00","300","150","1"
"34","21","24","1","00:00:00","300","150","1"
"76","21","25","1","00:00:00","300","150","0"
"58","34","26","1","00:00:00","300","150","1"
"15","27","27","1","00:00:00","300","150","1"
"23","58","28","1","00:00:00","300","150","1"
"78","75","29","1","00:00:00","300","150","1"
"75","31","30","1","00:00:00","300","150","0"
"57","23","31","1","00:00:00","300","150","1"
"1","34","32","1","00:00:00","300","150","0"
"31","23","33","1","00:00:00","300","150","1"
"78","57","34","1","00:00:00","300","150","1"
"34","31","35","1","00:00:00","300","150","0"
"76","34","36","1","00:00:00","300","150","0"
"31","57","37","1","00:00:00","300","150","0"
"115","78","38","1","00:00:00","300","150","0"
"57","34","39","1","00:00:00","300","150","0"
"23","75","40","1","00:00:00","300","150","1"
"57","76","41","1","00:00:00","300","150","0"
"31","78","42","1","00:00:00","300","150","1"
"34","114","43","1","00:00:00","300","150","1"
"20","57","44","1","00:00:00","300","150","0"
"76","78","45","1","00:00:00","300","150","1"
"42","31","46","1","00:00:00","300","150","1"
"76","31","47","1","00:00:00","300","150","1"
"1","42","48","1","00:00:00","300","150","0"
"30","57","49","1","00:00:00","300","150","0"
"21","78","50","1","00:00:00","300","150","0"
"23","34","51","1","00:00:00","300","150","0"
"75","49","52","1","00:00:00","300","150","1"
"57","76","54","1","00:00:00","300","150","1"
"23","30","55","1","00:00:00","300","150","0"
"1","75","57","1","00:00:00","300","150","1"
"31","23","58","1","00:00:00","300","150","0"
"57","21","59","1","00:00:00","300","150","0"
"31","42","60","1","00:00:00","300","150","0"
"76","23","63","1","00:00:00","300","150","0"
"1","27","64","1","00:00:00","300","150","1"
"1","57","65","1","00:00:00","300","150","0"
"30","76","66","1","00:00:00","300","150","0"
"31","75","67","1","00:00:00","300","150","0"
"34","1","68","1","00:00:00","300","150","1"
"57","1","69","1","00:00:00","300","150","1"
"21","1","70","1","00:00:00","300","150","0"
"42","57","71","1","00:00:00","300","150","1"
"75","57","72","1","00:00:00","300","150","1"
"86","21","73","1","00:00:00","300","150","1"
"75","23","84","1","00:00:00","300","150","0"
"31","1","85","1","00:00:00","300","150","1"
"75","23","86","1","00:00:00","300","150","0"
"31","1","87","1","00:00:00","300","150","0"
"21","76","88","1","00:00:00","300","150","0"
"13","31","89","1","00:00:00","300","150","1"
"21","75","90","1","00:00:00","300","150","1"
"76","21","92","1","00:00:00","300","150","0"
"78","21","94","1","00:00:00","300","150","0"
"13","23","95","1","00:00:00","300","150","0"
"23","13","96","1","00:00:00","300","150","1"
"23","78","97","1","00:00:00","300","150","1"
"78","21","98","1","00:00:00","300","150","1"
"15","31","99","1","00:00:00","300","150","0"
"195","125","100","1","00:00:00","300","150","0"
"88","78","101","1","00:00:00","300","150","0"
"40","195","102","1","00:00:00","300","150","0"
"30","88","103","1","00:00:00","300","150","1"
"76","42","104","1","00:00:00","300","150","0"
"76","15","105","1","00:00:00","300","150","1"
"31","88","106","1","00:00:00","300","150","1"
"23","34","107","1","00:00:00","300","150","0"
"88","75","108","1","00:00:00","300","150","1"
"78","195","109","1","00:00:00","300","150","1"
"31","34","110","1","00:00:00","300","150","0"
"75","11","111","1","00:00:00","300","150","0"
"1","34","112","1","00:00:00","300","150","1"
"78","88","113","1","00:00:00","300","150","1"
"195","57","115","1","00:00:00","300","150","1"
"65","30","116","1","00:00:00","300","150","1"
"34","190","117","1","00:00:00","300","150","1"
"75","180","118","1","00:00:00","300","150","1"
"190","30","119","1","00:00:00","300","150","0"
"42","88","120","1","00:00:00","300","150","1"
"30","78","121","1","00:00:00","300","150","1"
"75","88","122","1","00:00:00","300","150","1"
"97","1","123","1","00:00:00","300","150","0"
"97","34","124","1","00:00:00","300","150","0"
"34","57","125","1","00:00:00","300","150","0"
"21","183","126","1","00:00:00","300","150","0"
"71","78","127","1","00:00:00","300","150","1"
"34","75","128","1","00:00:00","300","150","0"
"57","75","129","1","00:00:00","300","150","0"
"34","91","130","1","00:00:00","300","150","0"
"31","23","131","1","00:00:00","300","150","1"
"23","57","132","1","00:00:00","300","150","0"
"183","76","133","1","00:00:00","300","150","0"
"23","78","134","1","00:00:00","300","150","1"
"57","34","135","1","00:00:00","300","150","1"
"23","76","136","1","00:00:00","300","150","1"
"31","88","137","1","00:00:00","300","150","1"
"31","75","138","1","00:00:00","300","150","1"
"78","47","139","1","00:00:00","300","150","0"
"75","88","140","1","00:00:00","300","150","0"
"205","31","141","1","00:00:00","300","150","1"
"89","11","142","1","00:00:00","300","150","0"
"227","78","143","1","00:00:00","300","150","1"
"88","97","144","1","00:00:00","300","150","1"
"76","78","145","1","00:00:00","300","150","1"
"31","227","146","1","00:00:00","300","150","1"
"78","21","147","1","00:00:00","300","150","1"
"227","183","148","1","00:00:00","300","150","1"
"30","23","149","1","00:00:00","300","150","1"
"34","76","150","1","00:00:00","300","150","0"
"57","78","151","1","00:00:00","300","150","0"
"57","31","152","1","00:00:00","300","150","1"
"23","76","153","1","00:00:00","300","150","0"
"31","76","154","1","00:00:00","300","150","1"
"57","34","155","1","00:00:00","300","150","1"
"31","21","156","1","00:00:00","300","150","1"
"78","34","157","1","00:00:00","300","150","0"
"76","31","158","1","00:00:00","300","150","1"
"89","195","159","1","00:00:00","300","150","0"
"57","195","160","1","00:00:00","300","150","1"
"34","31","161","1","00:00:00","300","150","0"
"57","1","162","1","00:00:00","300","150","0"
"78","31","163","1","00:00:00","300","150","1"
"76","34","164","1","00:00:00","300","150","1"
"34","57","165","1","00:00:00","300","150","0"
"30","76","166","1","00:00:00","300","150","0"
"57","42","167","1","00:00:00","300","150","1"
"23","31","168","1","00:00:00","300","150","1"
"23","76","169","1","00:00:00","300","150","0"
"31","34","170","1","00:00:00","300","150","1"
"1","57","171","1","00:00:00","300","150","1"
"78","31","173","1","00:00:00","300","150","0"
"76","31","174","1","00:00:00","300","150","1"
"21","30","175","1","00:00:00","300","150","1"
"31","57","176","1","00:00:00","300","150","0"
"76","34","177","1","00:00:00","300","150","0"
"224","76","178","1","00:00:00","300","150","0"
"34","183","179","1","00:00:00","300","150","1"
"31","78","180","1","00:00:00","300","150","1"
"195","57","181","1","00:00:00","300","150","1"
"183","31","182","1","00:00:00","300","150","1"
"42","23","183","1","00:00:00","300","150","1"
"175","76","184","1","00:00:00","300","150","0"
"78","57","185","1","00:00:00","300","150","0"
"21","34","186","1","00:00:00","300","150","0"
"183","76","187","1","00:00:00","300","150","1"
"57","31","188","1","00:00:00","300","150","1"
"89","34","189","1","00:00:00","300","150","1"
"31","78","190","1","00:00:00","300","150","1"
"57","23","191","1","00:00:00","300","150","1"
"75","23","195","1","00:00:00","300","150","0"
"76","21","196","1","00:00:00","300","150","1"
"31","57","197","1","00:00:00","300","150","0"
"31","57","199","1","00:00:00","300","150","1"
"57","31","200","1","00:00:00","300","150","1"
"57","31","201","1","00:00:00","300","150","1"
"195","76","203","1","00:00:00","300","150","1"
"195","76","204","1","00:00:00","300","150","1"
"57","23","206","1","00:00:00","300","150","1"
"57","21","207","1","00:00:00","300","150","1"
"189","57","208","1","00:00:00","300","150","1"
"195","57","209","1","00:00:00","300","150","0"
"21","76","210","1","00:00:00","300","150","0"
"89","138","211","1","00:00:00","300","150","0"
"57","30","212","1","00:00:00","300","150","0"
"97","31","213","1","00:00:00","300","150","1"
"31","30","214","1","00:00:00","300","150","1"
"57","227","215","1","00:00:00","300","150","1"
"138","23","216","1","00:00:00","300","150","1"
"280","227","217","1","00:00:00","300","150","0"
"73","15","218","1","00:00:00","300","150","1"
"57","23","219","1","00:00:00","300","150","1"
"1","89","220","1","00:00:00","300","150","1"
"34","280","221","1","00:00:00","300","150","0"
"76","57","222","1","00:00:00","300","150","1"
"248","280","223","1","00:00:00","300","150","0"
"31","76","224","1","00:00:00","300","150","1"
"97","23","225","1","00:00:00","300","150","0"
"227","58","226","1","00:00:00","300","150","1"
"76","31","227","1","00:00:00","300","150","1"
"30","1","228","1","00:00:00","300","150","1"
"34","58","229","1","00:00:00","300","150","1"
"21","97","230","1","00:00:00","300","150","0"
"227","31","231","1","00:00:00","300","150","1"
"30","73","232","1","00:00:00","300","150","1"
"21","58","233","1","00:00:00","300","150","1"
"34","97","234","1","00:00:00","300","150","1"
"73","58","235","1","00:00:00","300","150","1"
"34","31","236","1","00:00:00","300","150","1"
"58","15","237","1","00:00:00","300","150","1"
"31","73","238","1","00:00:00","300","150","0"
"30","224","240","1","00:00:00","300","150","0"
"76","195","241","1","00:00:00","300","150","1"
"280","89","242","1","00:00:00","300","150","1"
"280","61","243","1","00:00:00","300","150","0"
"58","195","244","1","00:00:00","300","150","0"
"76","34","245","1","00:00:00","300","150","0"
"97","248","246","1","00:00:00","300","150","0"
"31","21","247","1","00:00:00","300","150","0"
"76","205","248","1","00:00:00","300","150","0"
"58","89","249","1","00:00:00","300","150","0"
"78","34","250","1","00:00:00","300","150","0"
"97","58","251","1","00:00:00","300","150","0"
"23","34","252","1","00:00:00","300","150","0"
"31","89","253","1","00:00:00","300","150","1"
"31","58","254","1","00:00:00","300","150","1"
"183","76","255","1","00:00:00","300","150","0"
"30","23","256","1","00:00:00","300","150","1"
"280","4","258","1","00:00:00","300","150","0"
"138","183","259","1","00:00:00","300","150","1"
"30","58","260","1","00:00:00","300","150","0"
"138","65","261","1","00:00:00","300","150","0"
"23","31","262","1","00:00:00","300","150","0"
"75","65","263","1","00:00:00","300","150","0"
"31","58","264","1","00:00:00","300","150","0"
"21","205","265","1","00:00:00","300","150","1"
"34","75","266","1","00:00:00","300","150","0"
"31","76","267","1","00:00:00","300","150","1"
"58","224","268","1","00:00:00","300","150","0"
"1","205","269","1","00:00:00","300","150","1"
"21","75","270","1","00:00:00","300","150","0"
"280","23","330","1","00:00:00","300","150","1"
"30","21","331","1","00:00:00","300","150","0"
"39","212","332","1","00:00:00","300","150","1"
"227","34","333","1","00:00:00","300","150","1"
"57","76","334","1","00:00:00","300","150","0"
"89","224","335","1","00:00:00","300","150","0"
"88","73","336","1","00:00:00","300","150","1"
"31","78","337","1","00:00:00","300","150","1"
"34","1","56","1","00:00:02","300","150","1"
"65","89","257","1","00:00:02","300","150","0"
"34","57","53","1","00:00:05","300","150","1"
"31","34","110","1","00:00:05","353","27","0"
"189","57","208","1","00:00:05","203","27","0"
"30","224","240","1","00:00:05","300","150","0"
"97","1","123","1","00:00:06","100","206","1"
"78","75","29","1","00:00:07","353","227","0"
"23","78","97","1","00:00:07","300","150","1"
"57","34","155","1","00:00:07","457","49","0"
"65","89","257","1","00:00:07","100","49","1"
"76","58","10","1","00:00:08","500","251","1"
"75","35","36","1","00:00:08","300","150","1"
"88","31","172","1","00:00:08","300","150","0"
"34","31","236","1","00:00:08","143","94","0"
"23","34","252","1","00:00:08","100","206","0"
"76","21","92","1","00:00:09","203","227","1"
"34","280","221","1","00:00:09","143","251","0"
"1","21","94","1","00:00:10","457","49","1"
"57","75","129","1","00:00:10","143","251","1"
"34","76","150","1","00:00:10","143","251","1"
"30","181","240","1","00:00:10","100","49","0"
"248","280","223","1","00:00:11","143","94","1"
"76","30","30","1","00:00:12","353","27","1"
"75","57","72","1","00:00:13","100","206","1"
"75","88","122","1","00:00:13","353","27","0"
"30","1","228","1","00:00:13","457","49","1"
"76","195","241","1","00:00:13","353","27","1"
"34","31","35","1","00:00:14","500","94","1"
"76","13","52","1","00:00:14","457","206","1"
"76","42","104","1","00:00:14","353","227","1"
"89","21","196","1","00:00:14","100","206","0"
"31","30","214","1","00:00:14","100","206","0"
"57","78","151","1","00:00:15","457","206","0"
"73","183","218","1","00:00:15","100","206","1"
"23","75","40","1","00:00:16","300","150","0"
"57","1","162","1","00:00:16","353","27","0"
"58","248","249","1","00:00:16","353","227","0"
"205","31","141","1","00:00:17","500","94","0"
"23","76","153","1","00:00:17","100","49","1"
"31","42","170","1","00:00:17","100","206","0"
"97","31","213","1","00:00:17","353","227","0"
"78","23","225","1","00:00:17","457","206","0"
"1","280","269","1","00:00:17","457","49","1"
"57","31","201","1","00:00:18","457","49","1"
"114","58","226","1","00:00:18","143","251","0"
"30","31","243","1","00:00:18","397","273","1"
"34","1","68","1","00:00:19","300","150","1"
"88","75","108","1","00:00:19","100","206","1"
"224","183","127","1","00:00:19","457","206","0"
"34","30","221","1","00:00:19","300","150","0"
"100","58","235","1","00:00:19","300","150","0"
"76","34","21","1","00:00:20","100","49","0"
"31","42","60","1","00:00:20","457","206","0"
"224","227","135","1","00:00:20","500","94","1"
"115","57","28","1","00:00:21","457","49","1"
"88","78","69","1","00:00:21","203","27","1"
"224","27","101","1","00:00:21","300","150","0"
"21","42","107","1","00:00:21","300","150","0"
"78","27","64","1","00:00:22","300","150","1"
"34","31","46","1","00:00:23","457","49","0"
"23","13","96","1","00:00:23","353","227","0"
"21","42","12","1","00:00:24","457","206","0"
"57","195","219","1","00:00:24","300","150","0"
"42","23","24","1","00:00:25","143","94","0"
"78","21","147","1","00:00:25","300","150","0"
"32","23","149","1","00:00:25","457","49","0"
"42","4","165","1","00:00:26","500","94","0"
"224","76","178","1","00:00:26","353","227","0"
"75","21","195","1","00:00:26","457","49","1"
"58","15","19","1","00:00:27","100","49","0"
"30","88","37","1","00:00:27","100","49","0"
"53","207","212","1","00:00:27","353","27","1"
"125","42","104","1","00:00:28","457","49","1"
"42","212","332","1","00:00:28","100","206","1"
"23","126","8","1","00:00:29","457","49","1"
"23","86","12","1","00:00:29","457","206","1"
"57","21","15","1","00:00:29","203","27","1"
"15","35","32","1","00:00:29","457","49","0"
"76","183","145","1","00:00:29","100","49","1"
"31","23","149","1","00:00:29","457","49","1"
"101","183","151","1","00:00:29","457","206","1"
"78","30","89","1","00:00:30","100","206","1"
"4","73","224","1","00:00:30","100","49","0"
"57","34","268","1","00:00:30","457","49","0"
"15","31","27","1","00:00:31","457","49","1"
"30","88","37","1","00:00:31","100","49","1"
"23","65","40","1","00:00:31","457","49","1"
"58","23","59","1","00:00:31","100","49","1"
"78","231","112","1","00:00:31","100","206","0"
"31","89","166","1","00:00:31","353","227","1"
"1","4","171","1","00:00:31","457","49","0"
"227","23","239","1","00:00:31","500","94","0"
"248","4","231","1","00:00:32","203","227","0"
"73","224","245","1","00:00:32","100","206","0"
"78","76","57","1","00:00:33","100","49","0"
"1","280","269","1","00:00:33","457","49","0"
"1","76","29","1","00:00:34","457","206","1"
"78","42","157","1","00:00:34","457","49","0"
"42","78","179","1","00:00:34","100","206","1"
"78","89","220","1","00:00:34","100","206","0"
"78","195","225","1","00:00:34","457","206","1"
"31","248","253","1","00:00:34","457","49","0"
"280","21","256","1","00:00:34","143","251","1"
"30","21","58","1","00:00:35","457","49","0"
"23","58","115","1","00:00:35","353","27","1"
"57","30","201","1","00:00:35","457","49","1"
"75","21","63","1","00:00:36","353","27","0"
"76","1","118","1","00:00:36","353","27","0"
"30","1","180","1","00:00:36","300","150","1"
"30","34","240","1","00:00:36","143","251","1"
"227","89","150","1","00:00:37","397","73","1"
"88","75","41","1","00:00:38","100","206","1"
"75","1","45","1","00:00:38","203","227","1"
"4","280","214","1","00:00:38","100","206","0"
"100","58","222","1","00:00:38","353","227","1"
"205","15","228","1","00:00:38","457","49","1"
"21","201","168","1","00:00:39","300","150","1"
"42","97","332","1","00:00:39","203","227","0"
"4","30","200","1","00:00:40","100","206","1"
"34","23","117","1","00:00:41","100","49","0"
"1","30","163","1","00:00:41","100","49","0"
"280","31","258","1","00:00:42","100","206","1"
"1","76","29","1","00:00:43","457","206","1"
"42","57","53","1","00:00:43","397","273","1"
"17","31","99","1","00:00:43","143","94","0"
"183","30","182","1","00:00:43","500","94","0"
"31","89","253","1","00:00:43","300","150","0"
"23","1","50","1","00:00:44","500","251","0"
"4","57","264","1","00:00:44","300","150","1"
"78","4","171","1","00:00:45","300","150","0"
"30","88","49","1","00:00:46","457","49","1"
"21","75","136","1","00:00:46","100","49","0"
"224","114","172","1","00:00:46","500","94","1"
"49","30","221","1","00:00:46","143","94","0"
"57","35","26","1","00:00:47","143","94","1"
"34","15","56","1","00:00:47","457","49","1"
"75","21","63","1","00:00:47","100","206","1"
"189","78","123","1","00:00:47","457","49","0"
"78","89","184","1","00:00:47","143","251","1"
"30","4","243","1","00:00:47","500","94","1"
"280","31","258","1","00:00:47","500","94","0"
"89","227","104","1","00:00:48","500","251","0"
"1","231","112","1","00:00:48","457","49","0"
"4","30","188","1","00:00:48","203","27","1"
"61","89","253","1","00:00:48","300","150","1"
"101","1","101","1","00:00:49","143","94","0"
"30","227","217","1","00:00:49","143","251","1"
"1","34","48","1","00:00:50","100","206","0"
"98","78","85","1","00:00:50","100","206","0"
"32","21","58","1","00:00:51","353","27","0"
"23","75","88","1","00:00:51","203","27","1"
"30","224","137","1","00:00:51","353","27","1"
"4","88","254","1","00:00:51","457","206","1"
"57","34","268","1","00:00:51","203","27","1"
"98","78","87","1","00:00:52","100","49","0"
"227","23","239","1","00:00:52","500","251","1"
"23","280","265","1","00:00:52","457","206","1"
"75","30","47","1","00:00:53","457","206","0"
"42","86","150","1","00:00:53","143","251","1"
"30","73","154","1","00:00:53","300","150","0"
"32","1","121","1","00:00:54","100","206","0"
"114","23","239","1","00:00:54","500","251","0"
"183","224","250","1","00:00:54","100","206","1"
"23","15","38","1","00:00:55","100","206","1"
"78","31","64","1","00:00:55","100","206","0"
"23","31","175","1","00:00:55","100","49","1"
"61","73","224","1","00:00:56","300","150","1"
"245","248","242","1","00:00:56","247","73","1"
"227","224","165","1","00:00:57","500","251","1"
"78","4","213","1","00:00:57","457","49","1"
"224","76","108","1","00:00:58","100","206","1"
"42","30","161","1","00:00:58","100","206","0"
"4","88","254","1","00:00:58","457","49","0"
"21","78","96","1","00:00:59","300","150","1"
"1","31","173","1","00:00:59","100","206","0"
"1","98","64","1","00:01:00","300","150","1"
"75","23","92","1","00:01:00","100","206","0"
"101","1","101","1","00:01:00","500","94","1"
"1","30","173","1","00:01:01","100","206","1"
"57","89","178","1","00:01:01","500","94","0"
"88","23","244","1","00:01:01","353","27","0"
"35","97","73","1","00:01:02","100","49","1"
"195","89","100","1","00:01:02","300","150","1"
"195","76","169","1","00:01:02","300","150","0"
"4","30","188","1","00:01:02","353","27","0"
"39","15","337","1","00:01:02","100","49","0"
"78","76","29","1","00:01:03","457","49","1"
"15","42","16","1","00:01:04","100","206","1"
"34","88","53","1","00:01:05","143","251","0"
"88","98","62","1","00:01:05","100","206","0"
"76","142","72","1","00:01:05","300","150","0"
"78","73","133","1","00:01:06","203","27","1"
"88","206","212","1","00:01:06","457","49","0"
"30","89","217","1","00:01:06","247","273","0"
"73","149","218","1","00:01:06","203","227","0"
"205","190","256","1","00:01:06","247","73","0"
"217","244","334","1","00:01:06","203","27","0"
"27","4","11","1","00:01:07","203","27","0"
"21","4","132","1","00:01:07","397","273","1"
"224","227","167","1","00:01:07","457","206","0"
"88","30","3","1","00:01:08","100","206","0"
"58","115","31","1","00:01:08","100","49","1"
"39","42","110","1","00:01:08","100","206","1"
"88","195","191","1","00:01:08","300","150","0"
"35","89","253","1","00:01:08","457","49","1"
"65","81","30","1","00:01:09","203","227","1"
"65","4","45","1","00:01:09","100","206","1"
"30","224","176","1","00:01:09","457","206","0"
"1","23","23","1","00:01:10","203","227","1"
"21","227","124","1","00:01:10","300","150","0"
"224","88","229","1","00:01:10","500","94","0"
"31","42","13","1","00:01:11","353","227","1"
"21","161","115","1","00:01:11","457","49","1"
"73","78","118","1","00:01:11","300","150","1"
"76","195","195","1","00:01:11","457","206","0"
"217","189","207","1","00:01:11","353","27","0"
"231","73","128","1","00:01:12","500","251","1"
"73","280","248","1","00:01:12","457","49","1"
"4","35","135","1","00:01:13","500","251","1"
"15","4","213","1","00:01:13","300","150","1"
"1","23","23","1","00:01:15","100","206","0"
"183","73","133","1","00:01:15","100","49","0"
"88","21","15","1","00:01:16","100","206","0"
"75","42","189","1","00:01:16","353","227","0"
"23","1","38","1","00:01:17","457","206","0"
"98","195","156","1","00:01:17","100","49","1"
"78","30","182","1","00:01:17","300","150","0"
"34","1","56","1","00:01:18","457","206","0"
"23","30","119","1","00:01:18","457","206","1"
"1","40","157","1","00:01:18","100","206","1"
"34","280","221","1","00:01:18","500","251","0"
"89","21","239","1","00:01:18","300","150","1"
"224","316","261","1","00:01:18","300","150","1"
"183","30","163","1","00:01:19","100","206","1"
"183","57","251","1","00:01:19","457","206","0"
"65","81","47","1","00:01:20","300","150","0"
"39","231","146","1","00:01:20","457","206","1"
"224","149","162","1","00:01:20","457","49","1"
"190","138","252","1","00:01:20","100","206","1"
"4","183","332","1","00:01:21","100","206","0"
"109","156","27","1","00:01:22","100","206","0"
"142","105","59","1","00:01:22","457","49","1"
"65","142","72","1","00:01:22","203","27","1"
"61","76","238","1","00:01:22","300","150","0"
"49","72","57","1","00:01:23","203","27","1"
"1","73","133","1","00:01:23","100","206","1"
"86","97","142","1","00:01:23","300","150","1"
"73","23","195","1","00:01:23","100","49","1"
"27","65","17","1","00:01:24","300","150","0"
"75","224","211","1","00:01:24","143","251","0"
"1","21","225","1","00:01:24","457","49","1"
"4","88","264","1","00:01:24","457","49","1"
"23","4","50","1","00:01:25","143","251","0"
"156","1","87","1","00:01:25","100","49","0"
"39","21","131","1","00:01:25","457","206","1"
"27","35","60","1","00:01:26","300","150","0"
"97","224","132","1","00:01:26","300","150","0"
"98","86","154","1","00:01:26","300","150","0"
"183","23","147","1","00:01:27","100","49","0"
"68","227","164","1","00:01:27","100","49","1"
"183","39","173","1","00:01:27","100","49","1"
"161","86","178","1","00:01:27","457","49","1"
"23","88","209","1","00:01:27","300","150","1"
"23","78","230","1","00:01:27","457","49","1"
"244","138","245","1","00:01:27","100","206","1"
"78","81","20","1","00:01:28","397","273","1"
"75","78","25","1","00:01:28","100","206","0"
"142","1","69","1","00:01:28","457","206","0"
"190","1","134","1","00:01:28","100","206","1"
"31","116","33","1","00:01:29","100","206","0"
"195","86","153","1","00:01:29","100","49","0"
"88","114","249","1","00:01:29","457","49","0"
"57","1","69","1","00:01:30","300","150","1"
"280","39","258","1","00:01:30","300","150","0"
"76","78","45","1","00:01:31","100","206","1"
"65","105","63","1","00:01:31","300","150","1"
"65","97","84","1","00:01:31","100","49","1"
"4","49","101","1","00:01:31","300","150","0"
"98","78","180","1","00:01:31","300","150","0"
"97","224","250","1","00:01:31","100","206","0"
"86","31","35","1","00:01:32","500","94","1"
"42","21","117","1","00:01:32","143","94","1"
"71","169","160","1","00:01:32","100","49","0"
"57","183","162","1","00:01:32","100","49","1"
"23","214","100","1","00:01:33","457","206","1"
"31","86","154","1","00:01:33","100","206","1"
"227","1","179","1","00:01:33","203","27","1"
"75","34","189","1","00:01:33","457","206","1"
"1","57","251","1","00:01:33","457","49","0"
"156","65","66","1","00:01:34","100","206","0"
"35","97","337","1","00:01:34","100","49","0"
"65","97","86","1","00:01:35","100","49","0"
"39","57","106","1","00:01:35","100","206","1"
"88","31","200","1","00:01:35","457","49","0"
"73","88","222","1","00:01:35","100","206","0"
"4","156","62","1","00:01:36","100","49","0"
"35","49","68","1","00:01:36","203","27","0"
"201","76","154","1","00:01:36","100","206","1"
"138","78","234","1","00:01:36","500","251","0"
"88","65","41","1","00:01:37","457","206","0"
"42","49","68","1","00:01:37","100","49","1"
"116","195","149","1","00:01:37","100","206","0"
"39","227","253","1","00:01:37","457","206","0"
"97","109","97","1","00:01:38","300","150","0"
"21","4","115","1","00:01:38","100","206","0"
"78","89","246","1","00:01:38","100","49","0"
"78","86","32","1","00:01:39","100","206","0"
"138","220","229","1","00:01:40","500","94","1"
"76","78","52","1","00:01:42","203","227","0"
"33","91","102","1","00:01:42","300","150","1"
"89","1","105","1","00:01:42","300","150","0"
"73","195","196","1","00:01:42","100","206","1"
"103","81","20","1","00:01:43","397","273","0"
"97","86","169","1","00:01:43","100","206","0"
"190","89","270","1","00:01:43","100","206","0"
"142","78","15","1","00:01:44","353","27","0"
"58","89","215","1","00:01:44","300","150","1"
"269","57","233","1","00:01:44","100","206","1"
"49","142","113","1","00:01:45","300","150","1"
"49","76","133","1","00:01:45","100","206","0"
"5","224","185","1","00:01:45","457","206","0"
"217","45","212","1","00:01:45","457","206","0"
"76","101","222","1","00:01:45","300","150","0"
"244","45","248","1","00:01:45","100","49","1"
"105","4","50","1","00:01:47","100","206","0"
"220","316","336","1","00:01:47","100","49","0"
"34","88","53","1","00:01:48","397","73","1"
"23","88","209","1","00:01:48","100","206","1"
"102","30","265","1","00:01:48","203","227","0"
"78","81","20","1","00:01:49","500","94","0"
"142","86","39","1","00:01:49","100","49","0"
"65","88","72","1","00:01:49","100","49","1"
"57","23","160","1","00:01:49","100","206","0"
"39","49","121","1","00:01:50","203","227","1"
"116","97","156","1","00:01:50","353","27","1"
"15","190","225","1","00:01:50","457","206","1"
"61","57","254","1","00:01:50","457","49","1"
"65","220","122","1","00:01:51","100","49","1"
"57","183","162","1","00:01:51","100","206","1"
"1","138","250","1","00:01:51","100","49","1"
"42","109","56","1","00:01:53","457","206","1"
"76","1","218","1","00:01:53","457","49","0"
"27","65","67","1","00:01:54","100","49","0"
"25","217","208","1","00:01:54","100","49","1"
"190","101","233","1","00:01:54","100","49","0"
"105","142","44","1","00:01:55","457","49","1"
"65","183","118","1","00:01:55","457","206","0"
"39","126","5","1","00:01:56","500","94","1"
"31","23","33","1","00:01:56","100","206","0"
"97","138","168","1","00:01:56","100","206","1"
"149","142","71","1","00:01:57","457","49","0"
"4","81","27","1","00:01:58","203","227","1"
"97","227","107","1","00:01:58","100","206","1"
"39","49","121","1","00:01:58","457","49","1"
"101","78","237","1","00:01:58","457","206","0"
"97","109","50","1","00:01:59","457","206","1"
"146","109","68","1","00:01:59","143","94","1"
"75","97","84","1","00:01:59","100","206","1"
"97","49","96","1","00:01:59","100","49","1"
"23","212","100","1","00:01:59","457","206","0"
"4","316","238","1","00:01:59","203","27","0"
"13","27","89","1","00:02:00","457","49","0"
"97","1","126","1","00:02:00","100","206","1"
"31","78","180","1","00:02:00","100","206","1"
"57","31","201","1","00:02:00","300","150","0"
"4","35","16","1","00:02:01","300","150","1"
"75","42","21","1","00:02:01","457","206","0"
"31","78","87","1","00:02:01","353","27","1"
"76","97","63","1","00:02:02","100","206","0"
"142","15","69","1","00:02:02","457","49","0"
"4","75","129","1","00:02:02","457","49","1"
"89","15","145","1","00:02:02","100","206","1"
"101","97","207","1","00:02:02","457","206","1"
"21","27","6","1","00:02:03","353","227","0"
"54","97","31","1","00:02:03","203","227","0"
"4","116","59","1","00:02:03","457","206","0"
"116","97","156","1","00:02:03","353","27","0"
"31","75","17","1","00:02:04","100","49","0"
"97","81","20","1","00:02:04","500","94","0"
"212","206","104","1","00:02:04","457","206","0"
"101","231","135","1","00:02:04","300","150","0"
"86","34","164","1","00:02:04","457","49","0"
"34","183","179","1","00:02:04","300","150","1"
"39","1","190","1","00:02:04","457","206","1"
"244","45","248","1","00:02:04","100","206","0"
"101","31","47","1","00:02:06","100","49","1"
"30","78","121","1","00:02:06","457","206","0"
"205","89","150","1","00:02:06","143","251","1"
"190","76","210","1","00:02:06","203","27","1"
"39","30","9","1","00:02:07","300","150","0"
"35","116","73","1","00:02:07","100","49","1"
"13","23","95","1","00:02:07","100","206","0"
"89","61","231","1","00:02:07","457","49","0"
"30","23","256","1","00:02:07","143","94","1"
"206","248","330","1","00:02:07","300","150","0"
"31","23","33","1","00:02:08","203","27","0"
"116","57","137","1","00:02:08","100","49","0"
"31","220","254","1","00:02:08","300","150","1"
"34","75","266","1","00:02:08","397","273","0"
"191","89","136","1","00:02:09","300","150","0"
"16","101","171","1","00:02:09","100","206","0"
"75","23","84","1","00:02:10","100","49","1"
"227","220","226","1","00:02:10","143","94","1"
"138","313","261","1","00:02:10","100","206","1"
"42","78","56","1","00:02:11","457","49","1"
"214","101","140","1","00:02:11","300","150","1"
"57","248","215","1","00:02:11","100","206","1"
"189","205","265","1","00:02:11","100","206","1"
"39","126","5","1","00:02:12","143","251","0"
"97","86","169","1","00:02:12","100","206","0"
"58","97","15","1","00:02:14","457","49","1"
"76","97","63","1","00:02:14","457","49","0"
"23","78","97","1","00:02:14","300","150","0"
"30","57","199","1","00:02:14","457","206","0"
"45","97","228","1","00:02:14","397","73","0"
"45","316","232","1","00:02:14","500","94","1"
"57","190","244","1","00:02:14","457","206","1"
"142","4","19","1","00:02:15","457","206","1"
"21","75","90","1","00:02:15","457","206","0"
"39","75","138","1","00:02:15","457","206","1"
"101","97","191","1","00:02:15","100","206","1"
"157","227","110","1","00:02:16","457","206","1"
"39","4","106","1","00:02:17","457","49","0"
"31","78","121","1","00:02:17","457","49","1"
"35","191","130","1","00:02:17","143","251","1"
"101","97","206","1","00:02:17","300","150","1"
"138","15","234","1","00:02:17","500","94","0"
"183","42","157","1","00:02:18","457","206","0"
"105","109","38","1","00:02:19","100","206","0"
"210","195","195","1","00:02:19","100","206","1"
"76","169","196","1","00:02:19","100","49","0"
"88","27","101","1","00:02:20","500","251","1"
"191","49","134","1","00:02:20","457","49","1"
"214","35","177","1","00:02:20","353","227","0"
"280","89","242","1","00:02:20","100","49","0"
"97","89","203","1","00:02:21","457","49","1"
"23","76","136","1","00:02:22","100","206","0"
"50","23","191","1","00:02:22","100","206","1"
"45","35","258","1","00:02:22","143","94","0"
"35","217","125","1","00:02:23","143","94","1"
"97","101","251","1","00:02:23","300","150","1"
"27","55","49","1","00:02:24","100","206","1"
"27","195","147","1","00:02:24","100","206","0"
"138","313","261","1","00:02:24","100","206","0"
"34","31","161","1","00:02:25","457","49","0"
"39","88","199","1","00:02:25","300","150","0"
"88","227","215","1","00:02:25","300","150","1"
"39","183","332","1","00:02:25","100","206","1"
"97","39","51","1","00:02:26","100","49","0"
"57","116","59","1","00:02:26","100","49","1"
"76","31","158","1","00:02:26","100","206","0"
"269","39","262","1","00:02:27","100","206","1"
"75","97","111","1","00:02:28","300","150","1"
"42","76","5","1","00:02:29","143","94","1"
"76","206","104","1","00:02:29","457","206","1"
"205","27","148","1","00:02:29","143","251","1"
"115","42","231","1","00:02:29","500","251","0"
"280","61","243","1","00:02:29","397","73","1"
"31","54","22","1","00:02:30","457","206","0"
"55","39","39","1","00:02:30","300","150","1"
"78","220","113","1","00:02:30","300","150","0"
"1","61","213","1","00:02:30","353","27","0"
"227","78","143","1","00:02:31","500","94","0"
"280","21","256","1","00:02:31","203","227","0"
"31","57","137","1","00:02:32","203","27","1"
"73","58","235","1","00:02:32","457","49","0"
"191","49","123","1","00:02:33","203","227","1"
"35","191","130","1","00:02:33","143","251","1"
"76","231","164","1","00:02:33","457","206","0"
"21","31","175","1","00:02:33","300","150","0"
"195","73","203","1","00:02:33","300","150","1"
"1","34","32","1","00:02:34","353","227","1"
"1","101","57","1","00:02:34","100","49","0"
"138","73","261","1","00:02:34","100","206","0"
"49","31","64","1","00:02:35","457","49","0"
"125","13","105","1","00:02:35","143","251","0"
"4","214","108","1","00:02:35","457","206","1"
"214","88","140","1","00:02:35","143","251","1"
"183","76","187","1","00:02:35","300","150","0"
"31","58","264","1","00:02:35","100","206","1"
"76","31","47","1","00:02:36","100","49","0"
"116","138","55","1","00:02:36","300","150","1"
"57","78","151","1","00:02:36","100","206","0"
"101","49","162","1","00:02:36","353","227","0"
"75","1","45","1","00:02:37","353","227","0"
"30","57","49","1","00:02:37","100","206","0"
"27","195","147","1","00:02:37","100","206","0"
"30","42","170","1","00:02:37","457","49","0"
"195","76","204","1","00:02:37","457","49","1"
"116","183","121","1","00:02:38","353","27","0"
"142","30","221","1","00:02:38","397","73","0"
"30","35","258","1","00:02:38","203","227","1"
"81","39","13","1","00:02:39","203","27","0"
"34","75","128","1","00:02:40","143","94","0"
"42","57","165","1","00:02:40","143","94","0"
"280","227","217","1","00:02:40","397","273","0"
"201","76","267","1","00:02:40","457","206","0"
"57","75","41","1","00:02:41","457","206","1"
"183","116","182","1","00:02:41","143","251","0"
"34","31","236","1","00:02:41","143","94","0"
"21","73","203","1","00:02:42","100","206","1"
"244","61","227","1","00:02:42","143","94","0"
"31","101","254","1","00:02:42","100","206","1"
"81","15","11","1","00:02:43","457","49","1"
"39","30","35","1","00:02:44","300","150","1"
"86","21","73","1","00:02:44","300","150","0"
"57","23","219","1","00:02:44","100","49","0"
"21","65","136","1","00:02:45","100","206","1"
"102","210","153","1","00:02:45","457","49","1"
"244","23","241","1","00:02:45","457","206","0"
"58","42","26","1","00:02:46","397","73","1"
"75","220","122","1","00:02:46","300","150","1"
"31","73","238","1","00:02:46","353","227","1"
"31","23","247","1","00:02:46","100","49","0"
"57","34","39","1","00:02:47","100","49","0"
"31","34","110","1","00:02:47","203","227","0"
"189","76","203","1","00:02:47","100","49","0"
"58","1","237","1","00:02:47","457","206","1"
"57","49","162","1","00:02:48","100","206","1"
"78","31","173","1","00:02:48","353","27","0"
"224","76","178","1","00:02:48","143","94","1"
"21","73","210","1","00:02:48","100","206","1"
"76","105","84","1","00:02:49","353","227","0"
"31","88","137","1","00:02:49","100","49","1"
"89","195","111","1","00:02:50","300","150","1"
"1","89","220","1","00:02:50","100","49","1"
"78","116","95","1","00:02:51","100","206","1"
"37","23","183","1","00:02:51","457","206","1"
"42","57","165","1","00:02:52","143","251","1"
"34","75","128","1","00:02:53","143","251","1"
"98","116","33","1","00:02:54","100","206","1"
"31","88","106","1","00:02:54","353","27","1"
"34","31","236","1","00:02:54","300","150","0"
"316","40","248","1","00:02:54","100","206","1"
"34","76","261","1","00:02:54","300","150","0"
"183","31","182","1","00:02:55","247","73","0"
"138","23","216","1","00:02:55","143","251","1"
"78","58","251","1","00:02:55","100","206","0"
"98","27","180","1","00:02:56","300","150","0"
"195","101","181","1","00:02:56","143","94","1"
"114","195","239","1","00:02:56","143","94","1"
"45","35","258","1","00:02:56","457","49","0"
"57","75","41","1","00:02:57","457","49","0"
"57","1","162","1","00:02:58","100","49","1"
"78","76","255","1","00:02:58","100","206","1"
"1","57","65","1","00:02:59","100","49","1"
"23","30","175","1","00:02:59","457","206","0"
"42","27","179","1","00:02:59","457","206","0"
"78","57","185","1","00:02:59","100","49","0"
"21","76","204","1","00:02:59","100","206","1"
"34","118","43","1","00:03:00","300","150","1"
"65","58","72","1","00:03:00","100","206","0"
"49","103","94","1","00:03:00","457","206","0"
"76","1","105","1","00:03:00","300","150","1"
"205","27","148","1","00:03:00","143","94","1"
"57","34","39","1","00:03:01","457","49","1"
"57","42","155","1","00:03:01","457","206","1"
"183","58","251","1","00:03:01","300","150","0"
"21","75","270","1","00:03:01","203","227","1"
"30","76","66","1","00:03:02","353","227","0"
"13","31","173","1","00:03:02","457","49","1"
"76","31","116","1","00:03:03","457","49","0"
"89","30","158","1","00:03:03","100","206","1"
"31","57","176","1","00:03:03","100","49","1"
"73","101","235","1","00:03:03","457","206","1"
"30","88","137","1","00:03:04","457","206","0"
"61","88","264","1","00:03:04","457","49","1"
"1","57","65","1","00:03:05","300","150","0"
"88","75","108","1","00:03:05","300","150","1"
"23","183","134","1","00:03:05","100","49","0"
"57","36","167","1","00:03:05","100","206","1"
"23","31","262","1","00:03:05","457","49","1"
"280","1","228","1","00:03:06","397","273","1"
"23","30","6","1","00:03:07","100","49","1"
"39","1","121","1","00:03:07","457","206","0"
"21","89","169","1","00:03:07","100","49","1"
"31","78","190","1","00:03:07","457","206","0"
"31","47","214","1","00:03:08","100","206","1"
"34","1","234","1","00:03:08","247","73","0"
"31","65","267","1","00:03:08","100","49","1"
"57","34","39","1","00:03:09","457","49","0"
"49","97","94","1","00:03:09","457","49","1"
"76","34","245","1","00:03:09","100","206","0"
"88","30","3","1","00:03:10","353","27","1"
"23","30","55","1","00:03:10","457","206","0"
"1","86","184","1","00:03:10","500","94","0"
"34","183","259","1","00:03:10","300","150","0"
"75","109","14","1","00:03:11","300","150","1"
"31","1","42","1","00:03:12","457","206","1"
"110","98","64","1","00:03:12","100","49","1"
"280","1","228","1","00:03:12","247","73","0"
"34","75","114","1","00:03:14","300","150","1"
"227","4","165","1","00:03:14","500","94","0"
"34","1","234","1","00:03:14","500","251","1"
"34","21","24","1","00:03:15","500","251","0"
"57","1","69","1","00:03:15","457","206","1"
"75","125","140","1","00:03:15","500","94","1"
"4","231","155","1","00:03:15","300","150","0"
"34","280","221","1","00:03:15","300","150","0"
"31","42","13","1","00:03:16","100","206","0"
"1","42","139","1","00:03:16","457","49","0"
"34","114","43","1","00:03:17","100","206","0"
"57","31","62","1","00:03:17","100","49","1"
"98","23","131","1","00:03:17","457","49","0"
"76","285","248","1","00:03:17","100","206","1"
"78","57","65","1","00:03:18","100","206","0"
"27","49","87","1","00:03:18","457","49","0"
"4","31","200","1","00:03:18","203","27","0"
"313","78","218","1","00:03:18","457","206","1"
"88","23","31","1","00:03:19","100","206","0"
"21","4","132","1","00:03:19","300","150","1"
"161","116","152","1","00:03:19","100","206","1"
"42","78","68","1","00:03:20","143","94","1"
"76","23","111","1","00:03:20","457","49","1"
"4","98","188","1","00:03:20","353","27","1"
"280","1","228","1","00:03:20","143","251","0"
"89","23","239","1","00:03:20","300","150","1"
"30","88","137","1","00:03:21","457","206","0"
"89","42","164","1","00:03:21","203","27","0"
"58","89","215","1","00:03:21","353","27","1"
"57","30","3","1","00:03:22","300","150","0"
"15","35","16","1","00:03:22","100","206","0"
"58","227","135","1","00:03:22","500","251","0"
"31","23","149","1","00:03:22","457","206","1"
"35","4","165","1","00:03:22","500","251","1"
"23","30","55","1","00:03:23","457","49","1"
"30","224","106","1","00:03:23","100","49","1"
"88","23","31","1","00:03:26","203","27","1"
"42","25","73","1","00:03:26","457","206","1"
"42","57","125","1","00:03:26","143","94","1"
"76","31","227","1","00:03:26","300","150","0"
"30","224","240","1","00:03:26","143","94","1"
"205","190","256","1","00:03:26","143","94","1"
"23","4","262","1","00:03:26","100","49","0"
"42","31","46","1","00:03:27","457","206","0"
"34","21","130","1","00:03:27","247","273","1"
"21","101","181","1","00:03:27","143","251","1"
"25","4","209","1","00:03:27","203","227","0"
"42","78","337","1","00:03:27","457","49","1"
"78","89","187","1","00:03:28","100","206","1"
"23","78","50","1","00:03:29","353","227","1"
"23","13","96","1","00:03:29","100","206","1"
"210","21","196","1","00:03:29","457","49","1"
"4","30","201","1","00:03:29","100","206","0"
"76","58","10","1","00:03:30","143","251","1"
"57","65","334","1","00:03:30","100","49","0"
"30","78","85","1","00:03:31","100","206","0"
"34","89","150","1","00:03:31","500","94","1"
"42","78","179","1","00:03:31","457","49","1"
"16","31","213","1","00:03:31","100","49","1"
"34","280","221","1","00:03:31","500","94","0"
"53","35","26","1","00:03:32","500","94","1"
"21","4","132","1","00:03:32","457","49","0"
"189","4","208","1","00:03:32","457","49","0"
"78","86","187","1","00:03:33","300","150","0"
"61","76","238","1","00:03:33","100","49","0"
"245","21","331","1","00:03:33","300","150","1"
"86","23","142","1","00:03:34","100","49","0"
"57","31","152","1","00:03:34","457","49","0"
"224","30","172","1","00:03:34","143","251","0"
"190","1","230","1","00:03:34","100","206","0"
"114","57","44","1","00:03:35","457","206","1"
"39","15","56","1","00:03:35","300","150","1"
"1","220","113","1","00:03:35","203","27","1"
"30","89","217","1","00:03:35","500","94","0"
"78","191","225","1","00:03:35","457","206","0"
"58","23","59","1","00:03:36","457","49","0"
"31","21","131","1","00:03:36","353","27","1"
"231","199","161","1","00:03:36","457","206","1"
"183","214","133","1","00:03:37","100","49","1"
"75","34","36","1","00:03:38","247","73","0"
"88","86","39","1","00:03:38","100","49","0"
"57","89","178","1","00:03:38","143","94","1"
"58","21","219","1","00:03:38","300","150","0"
"89","23","239","1","00:03:38","300","150","0"
"156","58","49","1","00:03:39","100","206","1"
"15","34","139","1","00:03:39","100","206","1"
"89","42","164","1","00:03:39","100","206","0"
"280","224","240","1","00:03:39","100","206","1"
"73","224","245","1","00:03:39","353","227","0"
"101","109","45","1","00:03:40","457","206","0"
"109","156","89","1","00:03:40","457","49","1"
"21","1","126","1","00:03:40","300","150","1"
"97","89","136","1","00:03:40","300","150","1"
"61","31","3","1","00:03:41","100","49","0"
"88","23","15","1","00:03:41","300","150","1"
"31","115","33","1","00:03:41","300","150","0"
"65","4","45","1","00:03:41","300","150","1"
"116","89","138","1","00:03:41","100","206","0"
"78","157","182","1","00:03:41","300","150","0"
"1","89","187","1","00:03:41","457","206","1"
"142","23","59","1","00:03:43","100","49","1"
"116","35","146","1","00:03:43","203","27","0"
"224","316","261","1","00:03:43","100","206","1"
"23","86","12","1","00:03:44","100","206","1"
"75","30","116","1","00:03:44","100","206","0"
"57","31","200","1","00:03:44","300","150","1"
"1","125","29","1","00:03:45","100","49","0"
"34","58","53","1","00:03:45","300","150","0"
"30","224","106","1","00:03:45","100","49","1"
"201","16","190","1","00:03:46","100","206","1"
"138","78","259","1","00:03:46","143","251","1"
"42","57","120","1","00:03:47","100","206","0"
"205","83","141","1","00:03:47","143","94","1"
"245","4","243","1","00:03:47","300","150","0"
"227","65","263","1","00:03:47","500","251","1"
"73","30","30","1","00:03:48","100","206","0"
"44","195","102","1","00:03:48","100","49","1"
"66","227","164","1","00:03:48","353","227","0"
"31","89","166","1","00:03:48","457","49","1"
"57","76","178","1","00:03:48","300","150","0"
"109","21","23","1","00:03:49","300","150","0"
"78","49","34","1","00:03:49","500","94","1"
"75","57","72","1","00:03:49","457","206","1"
"23","1","50","1","00:03:50","457","206","0"
"76","15","105","1","00:03:50","143","251","1"
"189","78","123","1","00:03:50","100","206","0"
"1","31","163","1","00:03:50","457","49","1"
"189","4","208","1","00:03:50","457","49","0"
"4","30","214","1","00:03:50","100","49","1"
"76","53","235","1","00:03:50","100","206","0"
"30","15","42","1","00:03:51","300","150","1"
"73","4","227","1","00:03:51","100","49","1"
"101","30","47","1","00:03:52","100","206","1"
"34","89","150","1","00:03:52","500","94","0"
"116","97","156","1","00:03:52","100","206","0"
"224","114","172","1","00:03:52","143","94","1"
"195","72","233","1","00:03:52","457","206","1"
"30","23","156","1","00:03:53","457","49","0"
"23","4","209","1","00:03:53","457","206","1"
"21","224","252","1","00:03:53","100","49","1"
"76","57","10","1","00:03:54","100","206","0"
"35","23","43","1","00:03:54","100","206","0"
"217","42","155","1","00:03:54","457","206","0"
"73","1","14","1","00:03:55","300","150","1"
"21","1","126","1","00:03:55","100","49","1"
"31","15","337","1","00:03:55","457","49","1"
"224","206","221","1","00:03:56","143","251","1"
"206","88","260","1","00:03:56","500","94","1"
"21","34","12","1","00:03:57","100","49","0"
"1","101","57","1","00:03:57","100","206","1"
"198","34","110","1","00:03:57","457","49","0"
"231","30","161","1","00:03:57","457","206","1"
"16","23","4","1","00:03:58","300","150","1"
"88","206","212","1","00:03:58","300","150","1"
"39","58","254","1","00:03:58","300","150","1"
"30","183","190","1","00:03:59","353","227","0"
"34","1","56","1","00:04:00","203","27","0"
"75","21","63","1","00:04:00","353","27","0"
"195","76","210","1","00:04:00","300","150","1"
"280","34","240","1","00:04:00","143","251","1"
"35","78","24","1","00:04:01","247","273","1"
"189","31","119","1","00:04:01","100","206","1"
"27","157","182","1","00:04:01","397","273","1"
"76","88","222","1","00:04:01","457","206","1"
"89","280","223","1","00:04:01","143","94","0"
"1","21","225","1","00:04:01","100","49","1"
"58","21","244","1","00:04:01","300","150","1"
"57","244","334","1","00:04:01","457","49","1"
"35","73","5","1","00:04:02","300","150","0"
"183","4","185","1","00:04:02","353","27","1"
"78","21","95","1","00:04:03","203","27","0"
"30","214","138","1","00:04:03","457","206","1"
"30","4","176","1","00:04:03","457","49","0"
"39","88","254","1","00:04:03","300","150","1"
"245","227","242","1","00:04:04","143","251","0"
"224","244","261","1","00:04:04","100","49","1"
"217","244","334","1","00:04:04","457","49","0"
"31","15","337","1","00:04:04","457","49","0"
"57","15","19","1","00:04:05","457","49","0"
"1","30","163","1","00:04:05","300","150","0"
"88","21","191","1","00:04:05","353","227","0"
"116","31","6","1","00:04:06","100","206","0"
"21","34","12","1","00:04:06","100","206","1"
"97","78","97","1","00:04:06","457","206","1"
"86","78","145","1","00:04:06","300","150","1"
"42","101","61","1","00:04:07","100","49","1"
"4","88","65","1","00:04:07","457","49","1"
"227","4","125","1","00:04:07","500","251","1"
"23","57","181","1","00:04:07","143","251","0"
"81","142","49","1","00:04:08","203","227","0"
"78","21","109","1","00:04:08","300","150","1"
"97","39","175","1","00:04:08","457","49","0"
"78","34","48","1","00:04:09","300","150","1"
"4","204","135","1","00:04:09","143","251","1"
"63","195","159","1","00:04:09","100","206","0"
"31","75","166","1","00:04:09","457","49","0"
"280","4","258","1","00:04:09","457","49","1"
"21","227","124","1","00:04:10","100","206","0"
"30","86","154","1","00:04:10","300","150","1"
"4","97","332","1","00:04:10","353","27","1"
"23","76","88","1","00:04:11","100","49","0"
"214","21","111","1","00:04:11","457","49","0"
"21","73","153","1","00:04:11","300","150","0"
"42","195","183","1","00:04:11","457","206","0"
"21","30","20","1","00:04:12","300","150","1"
"42","27","35","1","00:04:12","500","251","1"
"142","101","41","1","00:04:12","203","27","1"
"30","1","87","1","00:04:12","100","49","0"
"1","30","163","1","00:04:12","457","49","0"
"224","220","266","1","00:04:12","500","251","0"
"224","97","234","1","00:04:13","300","150","1"
"39","58","53","1","00:04:14","500","251","0"
"65","105","63","1","00:04:14","300","150","1"
"57","21","160","1","00:04:14","100","206","1"
"4","78","162","1","00:04:15","100","49","1"
"183","75","187","1","00:04:15","457","49","0"
"88","30","212","1","00:04:15","100","206","0"
"13","138","89","1","00:04:16","457","49","0"
"78","114","99","1","00:04:16","247","273","0"
"26","286","222","1","00:04:16","457","49","1"
"4","58","254","1","00:04:16","100","206","1"
"1","21","23","1","00:04:17","100","49","1"
"205","31","161","1","00:04:17","457","49","0"
"88","30","212","1","00:04:17","100","206","1"
"58","1","19","1","00:04:18","457","206","1"
"23","1","70","1","00:04:18","100","49","0"
"227","4","125","1","00:04:18","397","273","1"
"57","83","172","1","00:04:18","300","150","1"
"75","11","196","1","00:04:18","100","206","1"
"88","195","206","1","00:04:18","353","227","0"
"30","34","60","1","00:04:19","203","27","0"
"57","83","172","1","00:04:19","143","251","1"
"227","21","117","1","00:04:20","500","94","0"
"89","21","159","1","00:04:20","457","49","1"
"57","21","160","1","00:04:20","100","206","0"
"39","4","197","1","00:04:20","457","49","0"
"45","195","330","1","00:04:20","300","150","1"
"97","57","132","1","00:04:21","100","49","0"
"35","65","61","1","00:04:22","100","206","1"
"23","76","169","1","00:04:22","457","49","1"
"231","1","179","1","00:04:22","457","206","1"
"78","89","246","1","00:04:22","300","150","0"
"76","31","30","1","00:04:23","100","49","0"
"45","81","46","1","00:04:23","457","49","0"
"2","21","94","1","00:04:23","457","49","0"
"138","97","131","1","00:04:23","457","206","1"
"280","4","258","1","00:04:23","203","227","1"
"138","78","234","1","00:04:25","300","150","0"
"39","58","53","1","00:04:26","300","150","0"
"31","1","87","1","00:04:26","300","150","1"
"31","34","110","1","00:04:26","457","49","0"
"45","269","256","1","00:04:26","100","206","0"
"78","88","113","1","00:04:27","203","227","1"
"1","73","133","1","00:04:27","300","150","0"
"86","34","164","1","00:04:27","457","206","0"
"78","69","29","1","00:04:28","457","206","1"
"156","65","66","1","00:04:28","143","94","0"
"35","105","73","1","00:04:28","100","206","1"
"231","76","128","1","00:04:28","143","251","0"
"42","30","35","1","00:04:29","300","150","0"
"21","4","115","1","00:04:29","100","49","0"
"227","76","263","1","00:04:29","500","251","0"
"73","35","2","1","00:04:30","457","49","1"
"97","214","136","1","00:04:30","457","206","0"
"88","269","219","1","00:04:30","457","206","1"
"109","54","34","1","00:04:31","500","94","0"
"75","1","45","1","00:04:31","100","49","0"
"75","39","174","1","00:04:31","100","206","1"
"231","183","179","1","00:04:31","457","206","0"
"49","116","95","1","00:04:32","300","150","1"
"23","212","169","1","00:04:32","457","49","0"
"189","42","186","1","00:04:32","100","206","0"
"224","195","191","1","00:04:32","100","49","0"
"217","189","207","1","00:04:32","457","49","0"
"189","61","262","1","00:04:32","100","206","0"
"27","65","17","1","00:04:33","457","206","1"
"161","209","129","1","00:04:33","100","206","1"
"23","73","153","1","00:04:33","100","49","1"
"65","34","36","1","00:04:34","300","150","0"
"39","224","103","1","00:04:34","353","227","1"
"201","231","170","1","00:04:34","100","206","1"
"109","142","65","1","00:04:35","203","27","0"
"65","97","86","1","00:04:35","457","206","1"
"34","224","125","1","00:04:35","300","150","1"
"31","286","264","1","00:04:35","100","206","1"
"87","267","331","1","00:04:35","457","206","1"
"21","30","6","1","00:04:36","457","49","1"
"65","81","30","1","00:04:36","100","206","0"
"138","65","67","1","00:04:36","457","206","0"
"34","4","120","1","00:04:36","457","206","0"
"1","73","133","1","00:04:36","353","227","0"
"73","101","222","1","00:04:36","100","206","0"
"244","205","248","1","00:04:36","100","49","1"
"78","73","255","1","00:04:36","100","49","0"
"191","89","270","1","00:04:36","100","49","1"
"76","157","158","1","00:04:37","457","206","0"
"244","61","227","1","00:04:37","100","206","1"
"65","34","21","1","00:04:38","100","206","1"
"98","109","42","1","00:04:38","457","49","0"
"13","21","94","1","00:04:38","300","150","0"
"21","65","8","1","00:04:39","300","150","1"
"191","89","100","1","00:04:39","457","206","1"
"21","116","175","1","00:04:39","457","49","1"
"191","89","100","1","00:04:40","100","206","0"
"224","86","178","1","00:04:40","143","251","1"
"34","75","266","1","00:04:40","143","251","0"
"31","42","13","1","00:04:42","100","206","1"
"42","21","117","1","00:04:42","143","94","1"
"101","30","152","1","00:04:42","457","49","0"
"78","75","184","1","00:04:42","500","94","0"
"49","15","234","1","00:04:42","300","150","0"
"78","34","48","1","00:04:43","100","206","0"
"190","1","134","1","00:04:43","203","27","1"
"149","57","53","1","00:04:44","500","251","0"
"88","75","54","1","00:04:44","100","206","1"
"65","97","86","1","00:04:44","457","49","1"
"1","23","147","1","00:04:44","203","227","1"
"191","280","265","1","00:04:44","457","49","1"
"34","57","125","1","00:04:45","143","94","0"
"101","35","135","1","00:04:45","500","94","0"
"73","78","218","1","00:04:45","457","49","0"
"227","76","263","1","00:04:45","500","251","1"
"23","142","44","1","00:04:46","457","49","0"
"75","34","189","1","00:04:46","457","49","0"
"57","65","18","1","00:04:47","457","206","1"
"21","183","126","1","00:04:47","353","27","1"
"313","89","257","1","00:04:47","353","227","1"
"49","97","95","1","00:04:48","100","49","1"
"4","78","101","1","00:04:48","500","94","0"
"57","1","127","1","00:04:48","100","206","0"
"31","195","149","1","00:04:48","100","206","0"
"21","13","97","1","00:04:49","100","49","1"
"57","35","167","1","00:04:49","300","150","1"
"31","78","180","1","00:04:49","300","150","1"
"142","86","39","1","00:04:50","457","49","0"
"183","39","173","1","00:04:50","100","49","1"
"205","23","117","1","00:04:51","143","94","1"
"183","42","157","1","00:04:51","457","206","1"
"88","39","200","1","00:04:51","457","49","1"
"23","201","168","1","00:04:52","100","206","0"
"190","316","210","1","00:04:52","300","150","1"
"34","57","165","1","00:04:53","500","94","0"
"75","116","174","1","00:04:53","300","150","0"
"191","57","233","1","00:04:53","100","206","1"
"244","23","241","1","00:04:53","300","150","1"
"125","97","92","1","00:04:54","457","206","0"
"23","76","136","1","00:04:54","457","206","1"
"21","42","186","1","00:04:54","100","206","0"
"30","101","197","1","00:04:54","300","150","0"
"53","23","219","1","00:04:54","100","206","0"
"57","89","249","1","00:04:54","100","206","0"
"35","81","35","1","00:04:55","500","94","1"
"30","78","121","1","00:04:55","457","49","1"
"97","224","250","1","00:04:55","100","206","0"
"31","21","58","1","00:04:56","353","227","0"
"4","316","238","1","00:04:56","100","49","0"
"156","101","66","1","00:04:57","500","94","1"
"149","142","71","1","00:04:57","457","49","0"
"75","92","86","1","00:04:57","457","206","0"
"23","214","100","1","00:04:57","457","49","1"
"138","21","131","1","00:04:57","457","49","0"
"89","42","164","1","00:04:57","457","206","1"
"21","116","175","1","00:04:57","100","206","0"
"227","21","183","1","00:04:57","353","227","0"
"23","89","270","1","00:04:57","300","150","0"
"280","269","331","1","00:04:57","300","150","1"
"183","98","163","1","00:04:58","100","206","1"
"244","61","227","1","00:04:58","100","206","1"
"313","89","257","1","00:04:58","457","49","0"
"89","313","263","1","00:04:58","500","251","0"
"89","15","14","1","00:04:59","100","206","0"
"49","101","57","1","00:04:59","100","206","1"
"217","45","212","1","00:04:59","100","49","1"
"23","280","265","1","00:04:59","100","49","0"
"57","75","18","1","00:05:00","300","150","0"
"109","34","16","1","00:05:01","457","49","0"
"4","89","178","1","00:05:01","143","251","1"
"205","97","228","1","00:05:01","500","251","1"
"23","35","124","1","00:05:02","100","49","1"
"21","73","203","1","00:05:02","457","206","0"
"97","248","220","1","00:05:02","300","150","1"
"76","31","227","1","00:05:02","100","206","0"
"23","109","70","1","00:05:03","300","150","1"
"109","97","95","1","00:05:03","100","206","0"
"21","183","126","1","00:05:03","100","206","1"
"31","73","138","1","00:05:03","457","49","1"
"57","34","155","1","00:05:03","457","49","1"
"75","30","30","1","00:05:04","100","206","1"
"57","1","69","1","00:05:04","203","227","0"
"42","78","143","1","00:05:04","143","94","0"
"31","97","156","1","00:05:04","457","49","0"
"101","36","167","1","00:05:04","457","206","1"
"31","224","176","1","00:05:04","100","206","1"
"1","30","182","1","00:05:04","143","251","0"
"21","39","262","1","00:05:04","457","49","0"
"78","81","20","1","00:05:05","300","150","1"
"4","23","23","1","00:05:05","300","150","1"
"42","31","35","1","00:05:05","457","49","0"
"42","142","53","1","00:05:05","143","94","0"
"75","97","111","1","00:05:05","100","206","1"
"23","76","136","1","00:05:05","203","27","1"
"75","195","195","1","00:05:05","100","49","0"
"34","75","266","1","00:05:05","100","206","1"
"45","195","330","1","00:05:05","143","94","1"
"31","1","85","1","00:05:06","100","206","1"
"1","114","182","1","00:05:06","143","251","0"
"224","97","206","1","00:05:06","457","49","1"
"31","316","267","1","00:05:07","100","206","0"
"35","183","332","1","00:05:07","300","150","1"
"61","30","3","1","00:05:08","100","49","1"
"39","101","5","1","00:05:08","397","273","1"
"42","15","56","1","00:05:08","457","49","0"
"280","269","331","1","00:05:08","353","27","1"
"35","97","117","1","00:05:09","300","150","0"
"204","97","130","1","00:05:09","300","150","1"
"183","30","182","1","00:05:09","143","251","0"
"227","34","211","1","00:05:09","500","94","1"
"76","88","72","1","00:05:10","100","206","0"
"34","75","266","1","00:05:10","500","94","1"
"105","42","51","1","00:05:11","100","206","1"
"57","34","135","1","00:05:11","500","251","1"
"73","34","245","1","00:05:11","300","150","0"
"31","88","254","1","00:05:11","457","49","0"
"34","259","259","1","00:05:11","143","251","1"
"78","208","250","1","00:05:12","300","150","1"
"23","35","12","1","00:05:13","100","206","1"
"42","49","56","1","00:05:13","353","27","1"
"23","109","70","1","00:05:13","100","206","1"
"39","231","110","1","00:05:13","457","49","1"
"23","138","252","1","00:05:13","100","206","1"
"75","23","92","1","00:05:14","100","206","0"
"280","227","217","1","00:05:14","247","273","0"
"31","57","37","1","00:05:15","457","206","1"
"142","65","54","1","00:05:15","100","206","0"
"73","58","235","1","00:05:15","457","206","1"
"4","58","264","1","00:05:15","203","227","1"
"105","39","51","1","00:05:16","100","206","1"
"57","78","69","1","00:05:16","457","49","1"
"34","67","128","1","00:05:16","143","251","0"
"76","34","177","1","00:05:16","100","49","1"
"30","26","232","1","00:05:16","143","251","1"
"231","73","114","1","00:05:17","300","150","0"
"57","21","144","1","00:05:17","457","49","0"
"73","35","2","1","00:05:18","457","49","0"
"34","76","5","1","00:05:18","300","150","0"
"57","1","127","1","00:05:18","100","206","0"
"1","42","157","1","00:05:18","100","49","1"
"210","227","189","1","00:05:18","100","49","1"
"23","35","107","1","00:05:19","300","150","1"
"4","73","29","1","00:05:21","457","49","1"
"27","35","60","1","00:05:21","457","206","1"
"109","116","4","1","00:05:22","100","206","1"
"110","86","48","1","00:05:22","100","49","0"
"101","23","63","1","00:05:22","457","49","1"
"125","183","118","1","00:05:22","100","206","1"
"30","23","149","1","00:05:22","100","49","0"
"30","101","199","1","00:05:22","457","49","0"
"206","57","260","1","00:05:22","457","49","0"
"220","78","151","1","00:05:23","100","49","0"
"88","31","172","1","00:05:23","143","251","0"
"31","57","37","1","00:05:24","457","49","0"
"31","57","137","1","00:05:25","100","49","0"
"1","89","246","1","00:05:25","457","49","1"
"39","78","121","1","00:05:26","100","206","1"
"75","101","140","1","00:05:26","500","94","0"
"86","191","159","1","00:05:26","300","150","1"
"195","76","204","1","00:05:26","300","150","1"
"1","244","255","1","00:05:26","100","206","0"
"30","23","256","1","00:05:26","100","206","1"
"97","101","208","1","00:05:27","353","227","1"
"57","78","69","1","00:05:28","457","49","1"
"57","89","178","1","00:05:28","143","251","1"
"101","138","268","1","00:05:28","100","49","1"
"23","58","28","1","00:05:29","300","150","0"
"78","39","32","1","00:05:30","100","206","1"
"35","31","46","1","00:05:30","300","150","0"
"4","75","54","1","00:05:30","457","49","1"
"205","1","228","1","00:05:30","143","94","0"
"34","27","46","1","00:05:31","457","206","0"
"97","31","119","1","00:05:31","457","49","0"
"86","231","164","1","00:05:31","353","227","0"
"23","73","203","1","00:05:31","100","49","0"
"30","57","37","1","00:05:32","457","206","1"
"224","31","236","1","00:05:32","300","150","0"
"23","31","168","1","00:05:33","457","206","0"
"280","34","240","1","00:05:33","300","150","1"
"23","156","6","1","00:05:34","457","206","1"
"21","101","90","1","00:05:34","100","206","0"
"57","76","178","1","00:05:34","143","251","0"
"15","97","23","1","00:05:35","300","150","1"
"142","31","62","1","00:05:35","457","49","1"
"42","57","71","1","00:05:35","300","150","0"
"210","227","189","1","00:05:35","100","49","0"
"248","280","223","1","00:05:35","500","94","1"
"75","15","14","1","00:05:36","100","206","1"
"23","87","107","1","00:05:36","100","49","0"
"39","78","121","1","00:05:36","100","206","1"
"75","88","140","1","00:05:36","500","251","0"
"34","97","259","1","00:05:36","143","251","1"
"97","34","124","1","00:05:37","100","49","0"
"58","30","172","1","00:05:37","500","94","0"
"76","195","195","1","00:05:37","100","49","1"
"61","280","214","1","00:05:37","100","206","0"
"42","100","238","1","00:05:37","100","206","1"
"101","138","268","1","00:05:37","353","27","1"
"16","42","16","1","00:05:38","100","206","1"
"30","57","37","1","00:05:38","457","49","1"
"27","101","67","1","00:05:38","300","150","1"
"125","183","118","1","00:05:38","100","206","1"
"30","183","180","1","00:05:38","100","49","0"
"76","78","45","1","00:05:39","457","49","0"
"76","31","47","1","00:05:39","353","27","0"
"89","31","158","1","00:05:39","100","206","1"
"49","31","173","1","00:05:39","457","49","0"
"31","101","199","1","00:05:39","100","206","1"
"39","116","43","1","00:05:40","353","27","1"
"109","39","48","1","00:05:40","203","227","1"
"31","88","137","1","00:05:40","100","49","0"
"75","88","140","1","00:05:40","500","251","0"
"23","227","186","1","00:05:40","100","49","0"
"31","78","190","1","00:05:40","100","206","1"
"23","34","12","1","00:05:41","100","206","1"
"34","78","24","1","00:05:41","143","251","0"
"38","1","68","1","00:05:41","500","94","0"
"149","97","73","1","00:05:41","100","206","1"
"39","76","138","1","00:05:41","457","206","1"
"26","206","170","1","00:05:41","100","49","1"
"76","31","174","1","00:05:42","100","49","1"
"17","61","213","1","00:05:42","353","227","1"
"105","76","40","1","00:05:43","300","150","1"
"4","1","162","1","00:05:43","100","49","0"
"57","31","188","1","00:05:43","457","49","1"
"16","30","269","1","00:05:43","100","206","1"
"142","109","19","1","00:05:44","457","206","1"
"30","35","60","1","00:05:44","100","206","0"
"183","210","184","1","00:05:44","500","94","1"
"101","195","219","1","00:05:44","100","49","1"
"30","189","256","1","00:05:44","100","206","0"
"4","195","144","1","00:05:45","300","150","1"
"26","42","170","1","00:05:45","100","49","1"
"78","57","185","1","00:05:45","300","150","1"
"89","227","189","1","00:05:45","100","206","1"
"227","42","231","1","00:05:45","500","94","1"
"101","34","268","1","00:05:45","457","49","0"
"4","116","59","1","00:05:46","203","27","1"
"27","195","147","1","00:05:46","353","227","0"
"30","76","166","1","00:05:46","203","27","0"
"195","224","181","1","00:05:46","300","150","1"
"189","75","270","1","00:05:46","100","206","1"
"73","1","218","1","00:05:47","353","227","1"
"35","1","337","1","00:05:47","100","206","0"
"15","116","99","1","00:05:48","143","251","1"
"86","30","158","1","00:05:48","300","150","1"
"195","76","204","1","00:05:48","100","49","1"
"1","89","220","1","00:05:48","100","206","1"
"227","42","231","1","00:05:48","500","94","1"
"98","42","60","1","00:05:49","100","49","1"
"30","31","243","1","00:05:49","143","251","1"
"30","57","49","1","00:05:50","457","49","0"
"35","1","56","1","00:05:50","457","206","0"
"191","224","132","1","00:05:50","457","206","0"
"30","58","137","1","00:05:50","353","227","0"
"231","30","161","1","00:05:50","457","49","1"
"97","116","168","1","00:05:50","300","150","0"
"1","31","182","1","00:05:50","397","273","1"
"42","101","264","1","00:05:50","100","49","0"
"1","88","34","1","00:05:51","397","273","1"
"30","75","67","1","00:05:51","457","49","1"
"78","156","89","1","00:05:52","457","206","1"
"16","116","4","1","00:05:53","100","206","1"
"105","27","55","1","00:05:53","300","150","0"
"65","97","63","1","00:05:53","457","49","1"
"23","13","96","1","00:05:53","457","206","1"
"15","116","99","1","00:05:53","143","251","1"
"189","217","208","1","00:05:53","100","49","0"
"29","73","17","1","00:05:54","100","49","1"
"35","217","125","1","00:05:54","300","150","1"
"23","224","132","1","00:05:54","457","206","0"
"4","31","201","1","00:05:54","353","227","0"
"21","73","203","1","00:05:54","100","206","1"
"316","101","235","1","00:05:54","100","49","0"
"34","97","259","1","00:05:54","247","273","1"
"138","76","261","1","00:05:54","100","49","0"
"30","105","58","1","00:05:55","100","206","1"
"88","76","18","1","00:05:56","300","150","0"
"54","97","31","1","00:05:56","457","49","1"
"280","101","260","1","00:05:56","457","206","1"
"15","42","16","1","00:05:57","457","206","0"
"34","142","53","1","00:05:57","397","273","1"
"4","125","108","1","00:05:57","457","49","1"
"1","205","112","1","00:05:57","457","206","1"
"57","31","200","1","00:05:58","100","49","0"
"227","206","223","1","00:05:58","143","94","0"
"15","31","99","1","00:05:59","143","251","0"
"101","97","25","1","00:06:00","100","49","0"
"195","57","115","1","00:06:00","100","49","1"
"4","23","206","1","00:06:00","353","27","1"
"205","15","228","1","00:06:00","500","94","0"
"239","315","336","1","00:06:01","100","206","1"
"76","34","36","1","00:06:03","500","251","0"
"65","30","116","1","00:06:03","457","206","0"
"34","75","128","1","00:06:03","143","251","1"
"57","34","167","1","00:06:03","300","150","0"
"42","23","183","1","00:06:03","457","206","0"
"125","78","105","1","00:06:04","500","251","0"
"58","1","237","1","00:06:04","100","49","0"
"21","89","270","1","00:06:04","457","49","1"
"125","97","92","1","00:06:05","100","206","1"
"31","42","170","1","00:06:05","457","206","0"
"4","201","172","1","00:06:05","143","251","0"
"23","101","233","1","00:06:05","353","227","1"
"9","248","331","1","00:06:05","457","49","1"
"97","31","213","1","00:06:06","457","49","0"
"116","88","106","1","00:06:07","457","49","0"
"76","42","189","1","00:06:07","300","150","1"
"105","27","55","1","00:06:08","100","206","0"
"88","75","108","1","00:06:08","300","150","0"
"4","21","144","1","00:06:08","457","49","0"
"58","34","26","1","00:06:09","500","251","0"
"23","57","209","1","00:06:09","457","206","1"
"78","89","220","1","00:06:09","100","49","0"
"30","39","13","1","00:06:10","100","49","1"
"78","21","98","1","00:06:10","457","206","0"
"78","32","163","1","00:06:10","100","206","1"
"86","217","235","1","00:06:10","457","49","0"
"138","220","266","1","00:06:10","100","49","0"
"65","49","52","1","00:06:11","203","27","1"
"195","89","100","1","00:06:11","457","49","1"
"183","75","133","1","00:06:11","457","206","0"
"76","30","174","1","00:06:11","457","49","1"
"53","15","19","1","00:06:12","203","27","0"
"76","21","63","1","00:06:12","203","227","0"
"4","76","129","1","00:06:12","300","150","0"
"89","195","142","1","00:06:12","100","206","1"
"58","21","219","1","00:06:12","457","206","1"
"13","31","89","1","00:06:13","457","206","0"
"195","73","203","1","00:06:13","100","49","1"
"227","34","333","1","00:06:13","500","94","1"
"65","39","116","1","00:06:14","457","206","1"
"23","78","134","1","00:06:14","457","49","1"
"34","195","183","1","00:06:14","300","150","1"
"247","280","265","1","00:06:14","300","150","0"
"31","15","11","1","00:06:15","300","150","0"
"34","21","117","1","00:06:15","300","150","1"
"35","88","120","1","00:06:15","500","94","0"
"78","76","184","1","00:06:15","247","273","0"
"89","78","145","1","00:06:16","100","206","1"
"21","76","204","1","00:06:17","100","206","1"
"1","31","64","1","00:06:18","457","49","1"
"78","57","185","1","00:06:18","100","206","1"
"75","21","63","1","00:06:19","100","206","0"
"76","31","116","1","00:06:19","457","206","0"
"34","195","183","1","00:06:19","457","206","1"
"224","316","261","1","00:06:19","143","94","0"
"225","78","337","1","00:06:19","457","49","0"
"31","88","37","1","00:06:20","457","206","1"
"116","49","97","1","00:06:20","300","150","1"
"97","86","153","1","00:06:20","300","150","1"
"42","81","46","1","00:06:21","500","251","1"
"31","183","180","1","00:06:21","457","206","1"
"205","34","240","1","00:06:21","100","49","0"
"75","30","47","1","00:06:22","457","206","0"
"201","16","190","1","00:06:22","300","150","1"
"280","58","260","1","00:06:22","457","49","0"
"243","45","269","1","00:06:22","100","206","1"
"30","23","58","1","00:06:23","100","206","0"
"30","75","67","1","00:06:23","100","206","0"
"34","1","68","1","00:06:23","143","251","1"
"30","21","156","1","00:06:23","100","206","1"
"280","61","243","1","00:06:23","247","73","1"
"23","31","20","1","00:06:24","500","94","1"
"1","227","112","1","00:06:24","100","49","1"
"31","34","170","1","00:06:24","457","49","0"
"157","57","199","1","00:06:24","100","206","0"
"76","191","241","1","00:06:24","457","49","0"
"21","34","252","1","00:06:24","457","206","0"
"76","4","14","1","00:06:25","100","49","1"
"75","204","177","1","00:06:25","100","206","0"
"97","42","12","1","00:06:26","100","206","1"
"190","205","265","1","00:06:26","300","150","0"
"78","34","32","1","00:06:27","457","49","0"
"227","1","179","1","00:06:27","300","150","1"
"73","212","218","1","00:06:27","203","227","1"
"88","227","249","1","00:06:27","100","49","0"
"49","21","147","1","00:06:28","457","49","0"
"78","39","173","1","00:06:28","300","150","0"
"101","30","212","1","00:06:28","100","49","1"
"224","220","229","1","00:06:28","247","273","0"
"57","65","41","1","00:06:29","457","206","0"
"78","23","94","1","00:06:29","100","49","0"
"183","34","157","1","00:06:29","457","206","0"
"75","31","30","1","00:06:30","457","49","0"
"42","31","46","1","00:06:30","500","94","0"
"89","23","142","1","00:06:30","100","49","1"
"227","183","148","1","00:06:30","500","251","1"
"57","21","206","1","00:06:30","457","206","0"
"31","88","37","1","00:06:31","457","49","1"
"78","21","147","1","00:06:31","457","49","0"
"58","75","18","1","00:06:32","100","49","0"
"42","97","24","1","00:06:32","143","251","1"
"78","116","182","1","00:06:32","247","273","0"
"34","4","236","1","00:06:32","300","150","1"
"4","195","207","1","00:06:33","457","49","1"
"1","34","32","1","00:06:34","457","49","0"
"75","23","63","1","00:06:34","100","206","1"
"78","39","99","1","00:06:35","300","150","1"
"31","183","180","1","00:06:37","457","206","0"
"4","201","188","1","00:06:37","203","227","1"
"31","73","238","1","00:06:37","100","206","0"
"42","21","24","1","00:06:38","143","251","0"
"55","65","41","1","00:06:38","300","150","1"
"86","56","71","1","00:06:38","457","206","1"
"76","21","84","1","00:06:38","457","49","0"
"34","31","161","1","00:06:38","300","150","0"
"42","1","179","1","00:06:38","203","27","1"
"23","183","123","1","00:06:39","457","206","1"
"21","57","181","1","00:06:39","500","251","0"
"27","86","13","1","00:06:40","100","49","1"
"31","34","110","1","00:06:40","300","150","0"
"42","23","117","1","00:06:40","500","94","0"
"224","212","178","1","00:06:40","143","94","1"
"78","31","213","1","00:06:40","100","206","1"
"73","224","245","1","00:06:40","457","206","0"
"57","34","39","1","00:06:41","300","150","1"
"21","57","181","1","00:06:41","500","251","0"
"21","205","107","1","00:06:42","457","49","1"
"31","209","253","1","00:06:42","100","206","1"
"31","73","154","1","00:06:43","457","49","0"
"30","1","190","1","00:06:43","353","227","0"
"58","15","237","1","00:06:43","457","49","1"
"57","23","244","1","00:06:43","100","206","1"
"78","21","225","1","00:06:44","457","49","0"
"34","125","61","1","00:06:45","203","227","1"
"30","88","103","1","00:06:45","457","49","0"
"30","23","131","1","00:06:45","457","49","0"
"23","75","204","1","00:06:45","457","49","0"
"73","88","235","1","00:06:45","457","206","0"
"81","100","66","1","00:06:46","500","251","0"
"21","78","96","1","00:06:46","353","227","0"
"78","231","112","1","00:06:46","300","150","1"
"227","21","130","1","00:06:46","397","73","1"
"205","183","143","1","00:06:46","143","94","1"
"183","39","173","1","00:06:46","203","227","1"
"78","116","182","1","00:06:46","143","251","0"
"78","4","213","1","00:06:46","100","49","0"
"21","97","230","1","00:06:47","100","206","1"
"73","21","241","1","00:06:47","300","150","1"
"88","23","15","1","00:06:48","457","206","0"
"31","1","87","1","00:06:48","300","150","1"
"57","78","127","1","00:06:48","300","150","0"
"115","42","12","1","00:06:49","100","49","0"
"31","91","33","1","00:06:49","203","227","1"
"156","58","49","1","00:06:49","457","206","1"
"224","76","108","1","00:06:49","100","206","0"
"21","4","132","1","00:06:49","300","150","0"
"89","91","211","1","00:06:49","143","251","0"
"89","23","111","1","00:06:50","100","206","0"
"191","89","136","1","00:06:50","100","49","1"
"58","224","268","1","00:06:50","457","206","0"
"81","75","66","1","00:06:51","300","150","0"
"13","42","139","1","00:06:51","100","49","1"
"23","73","203","1","00:06:51","100","49","0"
"115","146","12","1","00:06:52","100","49","1"
"25","78","38","1","00:06:52","100","49","1"
"1","42","48","1","00:06:52","457","206","0"
"224","78","259","1","00:06:53","300","150","1"
"42","78","179","1","00:06:54","457","49","1"
"88","30","188","1","00:06:54","353","227","1"
"220","244","336","1","00:06:54","300","150","1"
"75","227","177","1","00:06:55","100","49","1"
"30","1","190","1","00:06:55","203","27","1"
"4","109","69","1","00:06:56","457","49","0"
"13","31","89","1","00:06:56","100","49","1"
"23","78","97","1","00:06:56","457","49","1"
"13","42","139","1","00:06:56","100","49","1"
"97","76","203","1","00:06:56","300","150","1"
"101","57","10","1","00:06:57","100","49","1"
"31","75","166","1","00:06:57","457","49","1"
"190","15","230","1","00:06:57","300","150","0"
"280","23","330","1","00:06:57","500","94","0"
"57","21","59","1","00:06:58","457","49","1"
"89","23","142","1","00:06:58","457","206","1"
"101","183","151","1","00:06:58","457","206","1"
"31","224","103","1","00:06:59","300","150","1"
"1","4","171","1","00:06:59","100","49","1"
"206","248","217","1","00:07:00","500","94","0"
"88","190","219","1","00:07:00","300","150","1"
"15","89","220","1","00:07:00","100","206","1"
"34","75","266","1","00:07:00","397","273","1"
"23","75","40","1","00:07:01","203","27","1"
"76","31","158","1","00:07:01","457","206","0"
"4","31","172","1","00:07:01","500","251","1"
"27","86","13","1","00:07:02","203","27","0"
"30","115","33","1","00:07:02","353","227","1"
"1","34","16","1","00:07:03","203","27","0"
"142","125","41","1","00:07:03","457","49","1"
"125","17","105","1","00:07:03","143","94","1"
"15","39","213","1","00:07:03","353","227","0"
"227","31","231","1","00:07:03","500","94","0"
"23","15","38","1","00:07:04","353","227","1"
"34","31","46","1","00:07:04","397","73","1"
"30","42","60","1","00:07:04","457","206","0"
"192","183","126","1","00:07:04","457","206","0"
"204","73","128","1","00:07:04","143","94","0"
"224","30","152","1","00:07:04","457","206","0"
"98","86","154","1","00:07:04","203","27","0"
"76","31","158","1","00:07:04","457","206","1"
"21","4","181","1","00:07:04","500","94","0"
"31","76","67","1","00:07:05","457","206","0"
"34","280","221","1","00:07:05","143","251","0"
"81","142","49","1","00:07:06","100","206","1"
"23","49","96","1","00:07:07","100","206","1"
"4","49","127","1","00:07:07","457","206","0"
"39","4","176","1","00:07:07","457","206","1"
"224","15","234","1","00:07:07","300","150","1"
"78","227","246","1","00:07:07","457","49","0"
"78","75","57","1","00:07:08","457","49","1"
"57","21","59","1","00:07:08","457","49","0"
"13","21","94","1","00:07:08","300","150","1"
"58","42","167","1","00:07:08","457","49","0"
"76","183","218","1","00:07:08","100","49","1"
"23","30","55","1","00:07:09","100","206","0"
"78","30","89","1","00:07:09","203","27","0"
"1","39","99","1","00:07:09","500","251","1"
"30","42","110","1","00:07:09","457","49","1"
"76","30","248","1","00:07:09","457","49","1"
"1","142","34","1","00:07:11","457","49","1"
"156","65","66","1","00:07:11","300","150","1"
"88","206","212","1","00:07:11","457","49","1"
"97","88","251","1","00:07:11","457","49","0"
"61","244","267","1","00:07:11","457","206","1"
"280","88","260","1","00:07:12","500","94","1"
"57","15","19","1","00:07:13","457","49","0"
"1","88","65","1","00:07:13","300","150","1"
"183","231","157","1","00:07:13","457","49","0"
"76","21","159","1","00:07:13","353","227","0"
"34","65","261","1","00:07:13","143","94","1"
"23","1","50","1","00:07:14","300","150","0"
"75","23","196","1","00:07:14","300","150","1"
"39","4","197","1","00:07:14","100","206","0"
"30","1","85","1","00:07:15","100","49","0"
"13","23","98","1","00:07:15","203","27","0"
"23","76","136","1","00:07:15","100","206","0"
"30","23","149","1","00:07:15","100","206","0"
"34","86","150","1","00:07:15","500","251","1"
"224","23","191","1","00:07:15","100","49","0"
"15","73","255","1","00:07:15","353","27","1"
"21","42","12","1","00:07:16","300","150","0"
"58","73","54","1","00:07:16","100","49","0"
"34","89","114","1","00:07:16","500","94","0"
"138","58","229","1","00:07:16","500","94","0"
"101","21","244","1","00:07:16","203","27","1"
"39","35","146","1","00:07:17","100","206","0"
"195","31","168","1","00:07:17","457","49","0"
"78","209","187","1","00:07:17","300","150","0"
"21","89","204","1","00:07:17","100","49","1"
"42","1","56","1","00:07:18","203","227","1"
"224","49","101","1","00:07:18","300","150","1"
"21","4","262","1","00:07:18","203","27","0"
"75","39","116","1","00:07:19","457","206","1"
"21","183","134","1","00:07:19","100","206","1"
"42","57","71","1","00:07:20","100","206","0"
"195","42","107","1","00:07:20","300","150","1"
"138","183","259","1","00:07:20","247","273","0"
"21","27","6","1","00:07:21","100","206","0"
"39","156","46","1","00:07:21","500","251","0"
"58","1","69","1","00:07:21","100","49","0"
"76","23","92","1","00:07:21","100","49","1"
"183","42","157","1","00:07:21","300","150","0"
"81","116","58","1","00:07:22","300","150","1"
"23","34","186","1","00:07:22","100","49","1"
"114","88","44","1","00:07:23","300","150","0"
"34","58","53","1","00:07:23","500","251","1"
"30","23","149","1","00:07:23","100","206","1"
"110","31","163","1","00:07:23","100","49","0"
"21","89","204","1","00:07:23","100","49","1"
"61","58","264","1","00:07:23","100","49","1"
"4","248","253","1","00:07:24","353","27","0"
"15","65","255","1","00:07:24","100","49","0"
"31","35","146","1","00:07:25","100","206","1"
"88","39","201","1","00:07:25","100","206","1"
"4","97","207","1","00:07:25","203","227","1"
"75","138","211","1","00:07:25","143","94","1"
"15","205","269","1","00:07:25","100","206","1"
"201","1","190","1","00:07:26","100","206","1"
"195","58","233","1","00:07:26","457","206","0"
"34","65","261","1","00:07:26","143","251","0"
"81","76","17","1","00:07:27","203","27","1"
"57","89","108","1","00:07:27","100","49","0"
"65","1","118","1","00:07:27","100","49","0"
"21","31","6","1","00:07:28","203","227","1"
"30","224","106","1","00:07:28","353","27","1"
"61","21","247","1","00:07:28","353","27","0"
"30","18","11","1","00:07:29","457","49","1"
"49","81","99","1","00:07:29","143","251","0"
"102","30","265","1","00:07:29","353","227","0"
"76","98","30","1","00:07:30","457","206","1"
"88","101","41","1","00:07:30","457","49","0"
"4","183","127","1","00:07:30","203","227","0"
"280","31","258","1","00:07:30","457","49","1"
"21","4","262","1","00:07:30","457","49","1"
"45","195","330","1","00:07:30","500","251","1"
"115","1","38","1","00:07:31","100","49","1"
"65","81","47","1","00:07:31","353","27","1"
"1","227","112","1","00:07:31","300","150","0"
"57","183","162","1","00:07:31","203","227","0"
"97","88","28","1","00:07:32","457","49","1"
"76","23","92","1","00:07:32","100","49","0"
"97","212","100","1","00:07:32","100","49","0"
"31","4","137","1","00:07:32","457","49","0"
"195","76","204","1","00:07:32","100","49","1"
"244","58","235","1","00:07:32","300","150","1"
"183","65","255","1","00:07:32","100","49","0"
"224","27","101","1","00:07:33","500","251","0"
"201","1","121","1","00:07:33","100","206","1"
"76","78","45","1","00:07:34","203","227","1"
"31","42","60","1","00:07:34","457","206","1"
"57","23","144","1","00:07:34","457","49","1"
"54","23","31","1","00:07:35","457","206","0"
"15","54","34","1","00:07:35","300","150","1"
"205","97","102","1","00:07:35","100","49","1"
"30","205","146","1","00:07:35","353","27","1"
"4","23","160","1","00:07:35","100","206","0"
"169","4","181","1","00:07:35","143","94","1"
"4","316","238","1","00:07:35","100","49","1"
"54","86","26","1","00:07:36","300","150","0"
"4","183","127","1","00:07:36","100","206","1"
"4","42","167","1","00:07:36","457","206","0"
"30","73","232","1","00:07:36","500","94","1"
"34","76","261","1","00:07:36","247","73","1"
"115","65","40","1","00:07:37","300","150","1"
"31","97","131","1","00:07:37","100","206","0"
"89","280","223","1","00:07:37","500","94","1"
"98","195","156","1","00:07:38","203","27","1"
"78","65","187","1","00:07:38","100","206","0"
"73","42","227","1","00:07:38","457","49","0"
"65","81","47","1","00:07:39","100","49","1"
"214","39","174","1","00:07:39","100","49","0"
"30","1","180","1","00:07:39","300","150","1"
"183","31","182","1","00:07:39","300","150","1"
"248","280","223","1","00:07:39","500","94","0"
"81","65","67","1","00:07:40","100","49","0"
"31","78","85","1","00:07:40","457","49","1"
"227","188","239","1","00:07:40","500","94","1"
"97","78","96","1","00:07:41","457","49","1"
"76","205","104","1","00:07:41","143","94","1"
"35","76","128","1","00:07:42","500","251","1"
"280","195","330","1","00:07:42","500","94","0"
"57","1","69","1","00:07:43","300","150","0"
"49","81","99","1","00:07:43","143","251","1"
"44","30","161","1","00:07:43","300","150","0"
"23","42","51","1","00:07:44","100","206","0"
"30","101","66","1","00:07:44","500","251","0"
"183","31","182","1","00:07:44","300","150","1"
"73","101","222","1","00:07:44","100","49","0"
"66","88","235","1","00:07:44","457","206","0"
"34","15","259","1","00:07:44","143","251","1"
"49","81","99","1","00:07:45","143","251","0"
"72","21","206","1","00:07:45","300","150","1"
"57","183","162","1","00:07:46","100","206","1"
"244","138","245","1","00:07:46","457","49","0"
"142","23","59","1","00:07:47","457","206","1"
"227","4","120","1","00:07:47","143","94","1"
"104","1","134","1","00:07:47","100","206","0"
"23","88","209","1","00:07:47","457","49","1"
"42","23","73","1","00:07:48","457","49","0"
"217","1","127","1","00:07:48","300","150","0"
"31","4","137","1","00:07:48","457","49","0"
"88","97","144","1","00:07:48","300","150","0"
"76","98","158","1","00:07:48","457","206","1"
"195","76","203","1","00:07:48","300","150","1"
"1","34","250","1","00:07:48","100","206","1"
"49","105","94","1","00:07:49","457","49","1"
"39","57","106","1","00:07:49","300","150","0"
"1","34","250","1","00:07:50","100","206","1"
"13","75","266","1","00:07:50","143","94","1"
"31","142","37","1","00:07:51","100","206","1"
"76","1","52","1","00:07:51","100","49","0"
"156","117","87","1","00:07:51","353","27","1"
"21","4","115","1","00:07:51","300","150","0"
"67","183","118","1","00:07:51","457","206","1"
"57","231","135","1","00:07:51","397","73","1"
"73","183","218","1","00:07:51","100","49","0"
"244","89","257","1","00:07:51","457","49","1"
"75","1","45","1","00:07:52","353","27","0"
"21","86","169","1","00:07:52","300","150","0"
"4","316","267","1","00:07:52","100","206","0"
"21","75","90","1","00:07:53","353","227","0"
"30","75","138","1","00:07:53","300","150","1"
"101","15","237","1","00:07:53","100","206","1"
"73","280","248","1","00:07:53","100","206","0"
"109","97","4","1","00:07:54","300","150","1"
"201","76","154","1","00:07:54","100","49","0"
"227","78","179","1","00:07:54","100","49","1"
"227","75","114","1","00:07:56","500","251","1"
"89","42","189","1","00:07:57","457","206","1"
"75","34","211","1","00:07:57","143","94","0"
"101","78","101","1","00:07:58","143","251","1"
"23","138","252","1","00:07:58","100","49","0"
"4","183","332","1","00:07:58","100","206","1"
"21","57","115","1","00:07:59","457","49","1"
"75","30","116","1","00:07:59","457","49","0"
"97","30","6","1","00:08:01","100","206","0"
"35","75","61","1","00:08:01","100","206","0"
"23","31","175","1","00:08:01","457","206","1"
"1","21","23","1","00:08:02","300","150","0"
"21","75","90","1","00:08:02","353","27","1"
"30","76","154","1","00:08:02","100","206","1"
"45","195","330","1","00:08:02","500","94","0"
"109","21","4","1","00:08:03","457","206","1"
"34","21","130","1","00:08:03","500","94","1"
"76","195","195","1","00:08:03","457","49","1"
"34","15","259","1","00:08:03","500","94","0"
"31","21","149","1","00:08:04","457","206","1"
"4","30","201","1","00:08:04","100","206","1"
"88","189","219","1","00:08:04","457","206","0"
"36","30","221","1","00:08:04","500","94","0"
"61","23","247","1","00:08:04","457","206","0"
"39","58","254","1","00:08:04","457","206","0"
"75","15","14","1","00:08:05","100","49","1"
"39","57","103","1","00:08:05","100","49","0"
"116","191","131","1","00:08:05","300","150","1"
"227","78","143","1","00:08:05","500","94","0"
"88","190","144","1","00:08:05","457","206","0"
"31","76","154","1","00:08:05","100","206","1"
"42","30","161","1","00:08:05","300","150","1"
"102","205","265","1","00:08:05","457","206","0"
"73","30","116","1","00:08:06","457","206","0"
"227","183","179","1","00:08:06","203","27","0"
"23","1","230","1","00:08:06","203","227","1"
"57","21","191","1","00:08:07","100","49","1"
"34","1","68","1","00:08:08","143","94","0"
"101","78","101","1","00:08:08","143","251","0"
"231","78","148","1","00:08:09","143","251","1"
"88","248","215","1","00:08:09","100","206","0"
"227","101","226","1","00:08:09","143","94","0"
"39","78","190","1","00:08:10","457","49","0"
"206","195","330","1","00:08:10","500","94","1"
"34","75","128","1","00:08:11","500","251","1"
"31","76","166","1","00:08:11","100","206","1"
"23","109","38","1","00:08:12","100","206","1"
"20","39","51","1","00:08:12","100","206","0"
"30","21","58","1","00:08:12","353","227","0"
"21","57","115","1","00:08:12","457","49","1"
"34","23","130","1","00:08:12","500","94","0"
"78","39","213","1","00:08:12","100","206","0"
"88","248","215","1","00:08:12","100","206","1"
"57","23","219","1","00:08:12","353","227","1"
"76","58","235","1","00:08:12","100","206","0"
"16","21","4","1","00:08:13","100","206","1"
"34","27","9","1","00:08:13","300","150","1"
"21","81","55","1","00:08:13","100","206","1"
"57","78","127","1","00:08:14","457","49","1"
"231","78","148","1","00:08:14","143","94","0"
"101","39","188","1","00:08:14","353","27","1"
"195","210","204","1","00:08:14","457","49","1"
"286","63","336","1","00:08:14","457","49","0"
"23","78","96","1","00:08:15","457","206","0"
"78","23","225","1","00:08:15","457","206","0"
"101","78","237","1","00:08:15","457","49","1"
"66","13","14","1","00:08:16","457","206","0"
"220","21","160","1","00:08:16","353","227","1"
"57","30","62","1","00:08:17","100","206","1"
"116","191","131","1","00:08:17","203","227","0"
"280","191","331","1","00:08:17","100","49","1"
"61","75","54","1","00:08:18","100","49","0"
"57","27","151","1","00:08:18","300","150","0"
"280","1","228","1","00:08:18","143","251","1"
"31","57","37","1","00:08:19","100","206","1"
"116","101","103","1","00:08:19","100","49","0"
"23","32","175","1","00:08:19","203","227","0"
"89","23","239","1","00:08:19","500","94","0"
"42","183","332","1","00:08:19","100","206","1"
"125","42","36","1","00:08:20","143","251","0"
"34","78","259","1","00:08:20","500","94","1"
"1","76","57","1","00:08:21","100","206","0"
"98","49","87","1","00:08:21","353","27","0"
"23","78","96","1","00:08:21","300","150","1"
"25","4","208","1","00:08:21","203","27","0"
"89","13","14","1","00:08:22","203","27","0"
"76","97","111","1","00:08:22","300","150","1"
"4","280","214","1","00:08:22","100","49","1"
"39","75","61","1","00:08:23","300","150","1"
"73","23","84","1","00:08:23","100","49","0"
"21","75","136","1","00:08:23","457","49","0"
"57","21","144","1","00:08:23","457","206","0"
"220","316","334","1","00:08:23","457","49","1"
"78","75","133","1","00:08:24","457","49","1"
"57","34","135","1","00:08:24","500","94","1"
"86","1","145","1","00:08:24","457","206","0"
"40","76","150","1","00:08:24","500","94","1"
"1","42","157","1","00:08:24","100","49","0"
"76","21","195","1","00:08:24","457","206","1"
"97","31","213","1","00:08:24","100","49","1"
"65","58","222","1","00:08:24","100","49","0"
"245","248","242","1","00:08:24","300","150","1"
"20","39","51","1","00:08:25","100","206","0"
"44","4","165","1","00:08:25","500","94","1"
"78","4","185","1","00:08:25","300","150","0"
"101","39","188","1","00:08:25","203","27","0"
"280","78","228","1","00:08:25","500","94","1"
"23","75","270","1","00:08:25","100","49","0"
"34","30","35","1","00:08:26","143","251","0"
"227","190","102","1","00:08:26","457","49","0"
"89","42","21","1","00:08:27","100","206","1"
"34","75","61","1","00:08:27","100","206","0"
"78","55","65","1","00:08:29","457","206","1"
"42","88","120","1","00:08:29","143","251","1"
"86","20","142","1","00:08:29","203","227","1"
"39","231","146","1","00:08:29","457","49","0"
"31","76","166","1","00:08:29","100","206","0"
"244","42","227","1","00:08:29","100","206","0"
"224","209","266","1","00:08:29","300","150","0"
"78","42","32","1","00:08:31","100","206","0"
"57","21","144","1","00:08:31","457","206","1"
"39","78","24","1","00:08:32","500","94","0"
"65","31","30","1","00:08:32","457","49","1"
"105","34","51","1","00:08:32","300","150","0"
"16","30","173","1","00:08:32","353","227","0"
"4","157","200","1","00:08:32","100","206","1"
"57","23","206","1","00:08:32","457","49","1"
"30","15","11","1","00:08:33","457","206","1"
"183","23","147","1","00:08:33","457","49","0"
"30","89","217","1","00:08:33","500","251","1"
"227","30","223","1","00:08:33","397","273","0"
"101","15","237","1","00:08:33","457","206","0"
"73","89","257","1","00:08:33","457","206","1"
"21","78","126","1","00:08:34","353","227","0"
"31","75","138","1","00:08:34","100","206","1"
"1","31","27","1","00:08:35","457","49","1"
"142","86","39","1","00:08:35","100","206","0"
"35","30","46","1","00:08:35","143","251","1"
"16","224","171","1","00:08:35","100","206","0"
"86","102","43","1","00:08:36","457","206","0"
"39","34","110","1","00:08:36","457","206","1"
"57","31","152","1","00:08:37","100","49","0"
"205","58","260","1","00:08:37","300","150","0"
"23","30","6","1","00:08:38","100","206","1"
"58","109","19","1","00:08:38","300","150","1"
"57","21","144","1","00:08:38","457","206","1"
"1","191","147","1","00:08:38","457","49","1"
"61","244","224","1","00:08:38","300","150","0"
"23","58","28","1","00:08:39","457","49","1"
"23","34","51","1","00:08:39","457","49","1"
"15","89","246","1","00:08:39","100","49","1"
"31","34","13","1","00:08:40","457","49","1"
"1","23","23","1","00:08:40","457","206","1"
"89","21","142","1","00:08:40","100","49","0"
"227","49","143","1","00:08:40","300","150","0"
"183","227","112","1","00:08:41","353","227","1"
"89","183","145","1","00:08:41","457","49","1"
"224","227","167","1","00:08:41","300","150","0"
"42","97","337","1","00:08:41","457","49","1"
"76","88","10","1","00:08:42","457","206","1"
"42","1","56","1","00:08:42","100","49","1"
"31","23","58","1","00:08:42","353","27","1"
"156","88","103","1","00:08:42","100","49","0"
"23","75","204","1","00:08:42","457","206","1"
"1","89","220","1","00:08:42","100","49","0"
"84","109","85","1","00:08:43","353","27","1"
"78","39","48","1","00:08:44","457","49","0"
"21","210","203","1","00:08:44","203","27","1"
"1","4","213","1","00:08:44","100","49","0"
"58","15","237","1","00:08:44","100","49","1"
"142","75","41","1","00:08:45","203","227","0"
"35","97","130","1","00:08:45","300","150","1"
"98","76","154","1","00:08:46","100","206","1"
"224","78","162","1","00:08:46","100","206","1"
"116","224","176","1","00:08:46","457","206","0"
"73","88","10","1","00:08:49","457","49","0"
"97","76","90","1","00:08:49","353","227","0"
"116","101","137","1","00:08:49","457","206","0"
"23","42","262","1","00:08:49","457","206","1"
"23","31","20","1","00:08:50","500","94","1"
"35","195","102","1","00:08:50","457","206","0"
"57","45","212","1","00:08:50","457","49","1"
"42","101","61","1","00:08:51","100","49","0"
"116","88","106","1","00:08:51","457","49","0"
"313","101","222","1","00:08:51","353","27","1"
"227","30","223","1","00:08:51","300","150","1"
"4","55","65","1","00:08:52","100","206","1"
"34","190","117","1","00:08:52","247","73","1"
"205","98","141","1","00:08:52","500","251","0"
"42","31","46","1","00:08:53","247","73","1"
"195","97","230","1","00:08:53","100","49","1"
"30","34","110","1","00:08:54","457","49","1"
"280","21","256","1","00:08:55","300","150","1"
"39","97","43","1","00:08:56","457","206","0"
"30","75","67","1","00:08:56","457","206","1"
"23","27","55","1","00:08:57","100","206","0"
"199","97","156","1","00:08:57","353","27","0"
"73","58","235","1","00:08:57","457","49","0"
"101","76","334","1","00:08:57","100","206","1"
"23","30","119","1","00:08:58","300","150","0"
"42","88","120","1","00:08:58","143","251","1"
"58","65","54","1","00:08:59","100","49","0"
"23","76","8","1","00:09:00","100","206","1"
"76","21","63","1","00:09:00","300","150","0"
"199","73","224","1","00:09:00","300","150","0"
"25","78","123","1","00:09:01","457","49","0"
"76","183","145","1","00:09:01","457","49","1"
"78","114","220","1","00:09:01","100","206","1"
"17","23","23","1","00:09:02","353","227","1"
"1","31","27","1","00:09:02","457","49","1"
"42","31","46","1","00:09:02","143","94","1"
"42","101","61","1","00:09:02","100","49","1"
"97","142","115","1","00:09:02","353","227","1"
"21","89","153","1","00:09:02","300","150","1"
"116","224","176","1","00:09:02","457","206","0"
"4","58","264","1","00:09:02","457","206","1"
"78","30","269","1","00:09:02","100","206","0"
"21","209","270","1","00:09:02","100","206","0"
"23","31","262","1","00:09:03","100","49","0"
"39","212","337","1","00:09:03","203","27","1"
"65","15","14","1","00:09:04","300","150","0"
"101","78","52","1","00:09:04","100","206","0"
"205","78","143","1","00:09:04","397","73","1"
"75","78","25","1","00:09:05","100","49","0"
"39","57","53","1","00:09:05","500","94","1"
"35","78","56","1","00:09:05","353","227","0"
"35","27","148","1","00:09:06","397","73","1"
"39","114","43","1","00:09:07","457","206","1"
"23","35","107","1","00:09:08","100","206","1"
"42","4","120","1","00:09:08","397","273","1"
"224","30","152","1","00:09:08","300","150","0"
"76","21","196","1","00:09:08","457","206","0"
"23","75","204","1","00:09:08","353","227","1"
"23","76","8","1","00:09:09","457","206","0"
"210","42","177","1","00:09:09","100","206","0"
"39","101","199","1","00:09:09","100","206","0"
"34","57","125","1","00:09:10","500","251","0"
"101","97","191","1","00:09:10","457","49","0"
"42","73","238","1","00:09:10","457","49","1"
"39","58","71","1","00:09:11","100","49","1"
"214","195","111","1","00:09:11","100","49","0"
"4","195","144","1","00:09:11","353","227","0"
"39","212","337","1","00:09:11","100","206","0"
"30","88","37","1","00:09:12","300","150","1"
"76","21","84","1","00:09:12","457","49","1"
"224","244","261","1","00:09:12","500","94","1"
"73","21","92","1","00:09:13","100","206","0"
"188","39","175","1","00:09:13","457","49","1"
"34","97","24","1","00:09:14","143","94","1"
"34","30","46","1","00:09:14","500","251","1"
"30","35","13","1","00:09:15","353","227","0"
"73","88","235","1","00:09:15","203","227","1"
"280","227","242","1","00:09:15","143","251","0"
"31","57","22","1","00:09:16","100","206","1"
"34","57","125","1","00:09:17","500","251","1"
"75","88","140","1","00:09:17","203","27","1"
"21","34","252","1","00:09:18","203","227","1"
"280","76","232","1","00:09:19","300","150","1"
"23","32","119","1","00:09:20","457","206","0"
"4","42","155","1","00:09:20","457","49","0"
"224","4","236","1","00:09:20","500","94","1"
"205","39","258","1","00:09:20","457","49","0"
"1","31","182","1","00:09:21","500","94","1"
"57","227","215","1","00:09:22","457","206","1"
"21","89","270","1","00:09:22","353","227","1"
"89","34","104","1","00:09:23","300","150","0"
"1","4","113","1","00:09:23","457","206","0"
"1","195","147","1","00:09:23","457","206","0"
"195","75","169","1","00:09:23","457","49","1"
"1","76","184","1","00:09:23","143","94","1"
"1","76","187","1","00:09:23","457","206","1"
"76","21","241","1","00:09:23","457","49","1"
"75","35","36","1","00:09:24","500","251","0"
"227","21","117","1","00:09:24","397","73","1"
"31","227","146","1","00:09:25","300","150","1"
"66","57","72","1","00:09:26","100","49","0"
"58","1","162","1","00:09:26","457","49","0"
"183","57","171","1","00:09:26","457","49","0"
"4","98","27","1","00:09:27","300","150","0"
"30","88","37","1","00:09:27","100","49","1"
"109","42","48","1","00:09:27","100","206","1"
"76","78","52","1","00:09:27","457","49","1"
"49","98","64","1","00:09:27","100","49","1"
"78","73","29","1","00:09:28","100","206","1"
"23","1","70","1","00:09:28","100","49","1"
"4","23","144","1","00:09:28","457","206","1"
"39","195","149","1","00:09:28","100","206","0"
"31","42","170","1","00:09:28","100","49","0"
"88","32","172","1","00:09:28","500","251","1"
"34","89","114","1","00:09:29","500","94","0"
"31","21","131","1","00:09:29","100","49","1"
"149","75","133","1","00:09:29","100","206","1"
"57","191","219","1","00:09:29","100","206","1"
"195","58","233","1","00:09:29","300","150","1"
"21","76","8","1","00:09:30","300","150","0"
"78","21","95","1","00:09:30","300","150","1"
"205","27","148","1","00:09:30","143","94","1"
"57","116","334","1","00:09:30","300","150","1"
"81","76","67","1","00:09:31","457","49","0"
"89","42","104","1","00:09:31","500","251","0"
"114","183","180","1","00:09:31","457","49","1"
"30","31","243","1","00:09:31","500","251","0"
"49","116","173","1","00:09:32","457","206","0"
"101","31","201","1","00:09:32","100","206","0"
"224","42","135","1","00:09:33","500","94","0"
"280","269","330","1","00:09:33","500","251","1"
"97","55","44","1","00:09:34","100","206","0"
"75","88","140","1","00:09:34","143","251","0"
"65","57","10","1","00:09:35","300","150","0"
"34","21","24","1","00:09:35","143","94","1"
"97","86","51","1","00:09:35","300","150","0"
"78","31","99","1","00:09:35","143","94","1"
"31","227","146","1","00:09:35","457","206","1"
"31","73","224","1","00:09:35","457","206","1"
"21","17","230","1","00:09:35","300","150","1"
"76","23","86","1","00:09:36","100","206","0"
"23","34","107","1","00:09:36","100","206","0"
"1","23","109","1","00:09:36","100","49","1"
"30","76","138","1","00:09:36","457","206","0"
"183","45","139","1","00:09:36","457","49","1"
"31","1","85","1","00:09:37","457","49","1"
"73","40","248","1","00:09:37","457","49","1"
"34","316","261","1","00:09:37","143","251","1"
"37","65","334","1","00:09:37","457","206","1"
"101","4","72","1","00:09:38","300","150","1"
"42","191","130","1","00:09:38","500","251","1"
"183","75","133","1","00:09:38","100","206","0"
"21","30","168","1","00:09:38","100","206","0"
"78","224","185","1","00:09:38","457","206","0"
"138","23","216","1","00:09:38","143","251","1"
"23","78","50","1","00:09:39","457","49","0"
"191","89","136","1","00:09:39","300","150","1"
"42","31","161","1","00:09:39","457","206","0"
"280","1","228","1","00:09:39","500","94","1"
"61","244","238","1","00:09:39","300","150","1"
"75","34","333","1","00:09:39","143","251","1"
"75","88","140","1","00:09:40","143","251","0"
"42","195","183","1","00:09:40","100","49","0"
"248","269","239","1","00:09:40","397","273","1"
"1","36","16","1","00:09:41","100","206","1"
"125","27","47","1","00:09:41","457","49","1"
"4","78","101","1","00:09:41","500","94","1"
"212","97","195","1","00:09:41","300","150","1"
"78","227","246","1","00:09:41","100","49","1"
"45","21","331","1","00:09:41","457","49","1"
"86","105","73","1","00:09:42","100","49","1"
"78","42","112","1","00:09:42","100","206","1"
"76","30","174","1","00:09:42","100","49","0"
"97","75","203","1","00:09:42","457","49","1"
"156","76","67","1","00:09:43","300","150","0"
"31","16","121","1","00:09:43","100","206","0"
"224","78","127","1","00:09:43","457","206","0"
"1","86","184","1","00:09:43","500","251","1"
"101","23","207","1","00:09:43","100","206","0"
"101","97","25","1","00:09:44","457","206","0"
"31","42","60","1","00:09:44","300","150","0"
"227","31","141","1","00:09:44","143","251","0"
"31","227","146","1","00:09:44","457","206","1"
"21","30","175","1","00:09:44","100","206","1"
"88","30","212","1","00:09:44","100","206","0"
"15","61","213","1","00:09:44","100","206","0"
"76","23","86","1","00:09:45","100","49","1"
"78","224","185","1","00:09:45","100","206","0"
"1","205","269","1","00:09:45","300","150","1"
"101","88","72","1","00:09:46","457","49","1"
"42","4","125","1","00:09:46","143","251","1"
"1","88","34","1","00:09:47","457","49","1"
"31","1","85","1","00:09:47","203","27","0"
"150","190","102","1","00:09:47","300","150","0"
"97","57","44","1","00:09:48","100","206","1"
"86","24","73","1","00:09:48","100","206","0"
"65","105","84","1","00:09:48","300","150","1"
"212","42","104","1","00:09:48","500","94","0"
"21","30","168","1","00:09:48","100","206","0"
"15","21","225","1","00:09:48","100","49","0"
"157","212","332","1","00:09:48","300","150","1"
"115","53","28","1","00:09:49","100","49","0"
"21","42","124","1","00:09:49","203","27","0"
"42","195","183","1","00:09:49","100","49","1"
"75","23","111","1","00:09:50","100","206","1"
"42","31","9","1","00:09:51","457","206","1"
"65","21","63","1","00:09:51","100","49","0"
"31","76","224","1","00:09:51","100","49","1"
"31","42","60","1","00:09:52","457","49","1"
"57","198","188","1","00:09:52","457","49","0"
"34","65","261","1","00:09:52","300","150","1"
"76","88","122","1","00:09:53","100","49","0"
"34","280","221","1","00:09:53","143","251","0"
"1","30","64","1","00:09:54","100","206","0"
"73","21","86","1","00:09:54","457","206","0"
"212","42","104","1","00:09:54","500","251","0"
"104","39","119","1","00:09:54","353","227","0"
"57","42","167","1","00:09:54","457","206","1"
"76","88","222","1","00:09:54","100","49","1"
"1","205","269","1","00:09:54","203","27","1"
"88","31","3","1","00:09:55","457","49","0"
"21","76","204","1","00:09:55","100","206","0"
"248","21","239","1","00:09:55","143","94","1"
"21","49","96","1","00:09:56","457","49","1"
"101","78","151","1","00:09:56","100","206","0"
"57","23","219","1","00:09:56","457","206","0"
"101","105","84","1","00:09:57","100","206","1"
"75","316","263","1","00:09:57","143","251","1"
"201","65","267","1","00:09:57","457","206","0"
"31","4","11","1","00:09:58","300","150","1"
"34","73","128","1","00:09:58","143","251","0"
"21","42","12","1","00:09:59","100","206","1"
"101","97","25","1","00:09:59","457","49","1"
"98","115","33","1","00:09:59","457","49","1"
"75","88","140","1","00:09:59","500","94","0"
"30","205","146","1","00:09:59","300","150","1"
"42","21","183","1","00:09:59","300","150","1"
"31","57","106","1","00:10:00","100","49","1"
"42","73","5","1","00:10:01","143","94","1"
"13","138","89","1","00:10:01","457","49","0"
"31","73","138","1","00:10:01","457","49","0"
"31","23","156","1","00:10:01","203","27","1"
"21","30","175","1","00:10:01","100","49","0"
"4","195","191","1","00:10:01","100","206","1"
"27","105","58","1","00:10:02","457","49","1"
"39","224","137","1","00:10:02","300","150","1"
"88","25","244","1","00:10:02","457","206","1"
"97","58","251","1","00:10:02","457","206","0"
"34","125","61","1","00:10:03","203","227","1"
"101","78","101","1","00:10:03","500","251","1"
"42","30","161","1","00:10:03","203","27","1"
"98","76","17","1","00:10:04","100","49","1"
"4","75","54","1","00:10:04","457","49","0"
"88","23","15","1","00:10:05","100","206","0"
"101","34","21","1","00:10:05","100","49","1"
"146","78","68","1","00:10:05","143","94","0"
"42","21","117","1","00:10:05","143","94","0"
"114","73","166","1","00:10:05","100","49","0"
"115","21","239","1","00:10:05","500","94","0"
"75","31","47","1","00:10:06","100","206","0"
"76","78","52","1","00:10:06","457","49","1"
"57","35","26","1","00:10:07","143","94","1"
"58","116","59","1","00:10:07","100","206","1"
"31","1","121","1","00:10:07","100","49","0"
"42","224","125","1","00:10:07","300","150","1"
"101","97","144","1","00:10:07","300","150","1"
"89","195","159","1","00:10:07","100","206","1"
"61","76","238","1","00:10:07","203","27","0"
"190","205","265","1","00:10:07","353","27","1"
"58","36","268","1","00:10:07","300","150","0"
"78","89","246","1","00:10:08","457","49","0"
"21","4","262","1","00:10:08","457","49","0"
"201","65","267","1","00:10:08","457","206","1"
"39","81","35","1","00:10:09","500","94","1"
"42","21","73","1","00:10:09","300","150","0"
"195","76","204","1","00:10:09","457","49","1"
"280","138","240","1","00:10:09","203","227","0"
"16","42","16","1","00:10:10","100","206","1"
"156","75","66","1","00:10:10","500","94","0"
"101","97","84","1","00:10:10","203","27","0"
"15","31","99","1","00:10:10","143","251","1"
"89","78","145","1","00:10:10","457","49","0"
"101","138","152","1","00:10:10","100","206","1"
"15","244","255","1","00:10:10","100","206","1"
"4","101","254","1","00:10:11","457","49","1"
"4","23","160","1","00:10:12","457","49","1"
"88","227","249","1","00:10:12","300","150","1"
"280","35","258","1","00:10:12","457","49","1"
"76","21","25","1","00:10:13","457","49","1"
"30","42","146","1","00:10:13","203","227","1"
"25","57","209","1","00:10:13","203","27","1"
"76","34","177","1","00:10:14","203","27","1"
"89","42","231","1","00:10:14","500","251","0"
"30","1","87","1","00:10:15","100","49","1"
"78","31","163","1","00:10:15","100","49","0"
"78","23","225","1","00:10:15","100","206","1"
"21","205","265","1","00:10:15","457","49","1"
"34","21","183","1","00:10:16","100","206","1"
"13","138","89","1","00:10:17","457","49","1"
"23","101","233","1","00:10:17","457","49","0"
"97","42","51","1","00:10:18","457","206","1"
"227","4","231","1","00:10:18","300","150","0"
"88","313","336","1","00:10:18","300","150","1"
"79","157","175","1","00:10:19","300","150","0"
"31","23","33","1","00:10:20","203","227","1"
"98","78","85","1","00:10:20","300","150","1"
"97","89","100","1","00:10:20","457","49","0"
"72","195","206","1","00:10:20","100","49","0"
"76","58","10","1","00:10:21","300","150","0"
"30","76","67","1","00:10:21","100","206","1"
"75","23","196","1","00:10:21","457","206","1"
"201","65","267","1","00:10:21","457","206","0"
"30","88","22","1","00:10:22","100","206","1"
"227","15","148","1","00:10:22","500","94","0"
"30","1","190","1","00:10:22","457","49","1"
"31","76","17","1","00:10:24","100","206","1"
"21","78","134","1","00:10:24","457","49","1"
"42","97","24","1","00:10:25","500","251","1"
"42","31","35","1","00:10:25","500","94","0"
"23","15","38","1","00:10:25","100","206","0"
"101","23","92","1","00:10:26","457","49","0"
"39","78","190","1","00:10:26","457","49","1"
"190","57","233","1","00:10:26","353","227","1"
"224","15","234","1","00:10:27","397","73","0"
"280","224","240","1","00:10:27","143","94","1"
"21","31","262","1","00:10:27","457","49","0"
"65","34","2","1","00:10:28","100","206","1"
"23","78","96","1","00:10:28","457","206","0"
"30","88","106","1","00:10:29","457","206","1"
"89","31","158","1","00:10:29","100","206","1"
"4","34","167","1","00:10:29","100","49","0"
"224","58","229","1","00:10:29","300","150","1"
"34","31","236","1","00:10:29","143","94","0"
"39","212","332","1","00:10:30","300","150","0"
"78","88","65","1","00:10:31","300","150","1"
"89","224","335","1","00:10:31","143","251","1"
"21","224","181","1","00:10:32","500","251","1"
"73","57","222","1","00:10:32","100","206","0"
"23","205","265","1","00:10:32","100","49","1"
"224","89","266","1","00:10:32","397","73","1"
"88","81","3","1","00:10:33","300","150","0"
"23","15","38","1","00:10:33","353","27","0"
"39","57","103","1","00:10:33","203","227","0"
"4","31","152","1","00:10:33","300","150","1"
"89","21","159","1","00:10:33","203","227","1"
"98","35","170","1","00:10:33","100","49","0"
"23","224","252","1","00:10:33","457","206","1"
"1","156","64","1","00:10:34","100","49","0"
"39","78","190","1","00:10:35","353","27","1"
"142","78","259","1","00:10:35","500","94","0"
"76","42","36","1","00:10:36","143","94","0"
"75","142","72","1","00:10:36","100","49","1"
"183","30","269","1","00:10:36","100","49","1"
"4","34","167","1","00:10:37","100","206","0"
"31","88","22","1","00:10:38","457","49","1"
"217","75","129","1","00:10:38","457","49","0"
"183","42","157","1","00:10:38","100","206","1"
"4","138","188","1","00:10:38","300","150","1"
"205","31","258","1","00:10:38","100","49","0"
"76","34","2","1","00:10:39","457","49","0"
"1","114","182","1","00:10:39","500","94","1"
"13","23","98","1","00:10:40","100","206","1"
"224","97","234","1","00:10:41","397","73","1"
"23","35","12","1","00:10:42","203","227","1"
"142","42","135","1","00:10:42","143","94","0"
"245","61","243","1","00:10:42","143","251","0"
"31","4","197","1","00:10:43","100","206","1"
"35","81","46","1","00:10:44","143","251","1"
"35","76","61","1","00:10:44","203","227","1"
"21","13","97","1","00:10:44","100","49","0"
"204","78","148","1","00:10:44","500","94","0"
"31","57","37","1","00:10:45","300","150","1"
"76","31","116","1","00:10:45","203","27","1"
"76","42","164","1","00:10:45","300","150","1"
"57","280","212","1","00:10:45","457","49","1"
"21","75","88","1","00:10:46","100","49","1"
"39","88","106","1","00:10:46","457","206","0"
"30","65","138","1","00:10:46","100","206","0"
"21","75","169","1","00:10:46","457","49","1"
"73","49","145","1","00:10:47","457","206","1"
"34","15","56","1","00:10:48","100","206","1"
"76","57","72","1","00:10:48","300","150","1"
"57","76","178","1","00:10:48","500","251","0"
"76","42","2","1","00:10:49","300","150","0"
"30","13","11","1","00:10:49","457","49","1"
"149","141","53","1","00:10:49","143","251","0"
"21","31","6","1","00:10:50","203","27","0"
"21","4","115","1","00:10:50","300","150","0"
"224","30","221","1","00:10:50","500","251","1"
"34","42","236","1","00:10:50","500","251","0"
"30","191","331","1","00:10:50","300","150","0"
"88","35","39","1","00:10:51","353","27","1"
"97","156","55","1","00:10:51","100","49","0"
"244","42","227","1","00:10:51","457","206","0"
"227","116","263","1","00:10:51","500","94","1"
"34","89","266","1","00:10:51","143","251","1"
"42","76","5","1","00:10:52","300","150","1"
"97","30","20","1","00:10:52","500","94","0"
"105","78","70","1","00:10:52","457","49","1"
"97","1","123","1","00:10:52","100","206","0"
"30","88","49","1","00:10:53","457","49","1"
"88","39","201","1","00:10:53","300","150","0"
"244","1","218","1","00:10:53","100","206","1"
"78","21","147","1","00:10:54","300","150","0"
"15","101","29","1","00:10:55","457","206","1"
"31","183","190","1","00:10:55","100","49","1"
"31","206","214","1","00:10:55","100","206","1"
"205","34","240","1","00:10:55","300","150","0"
"57","21","15","1","00:10:56","300","150","0"
"224","30","221","1","00:10:56","500","94","0"
"30","224","176","1","00:10:57","457","206","1"
"78","81","99","1","00:10:58","143","94","0"
"31","86","154","1","00:10:58","457","206","1"
"78","4","185","1","00:10:58","203","27","1"
"89","34","189","1","00:10:59","353","27","0"
"23","57","208","1","00:10:59","100","49","0"
"138","76","261","1","00:10:59","500","251","0"
"204","264","330","1","00:10:59","143","94","1"
"31","58","22","1","00:11:00","100","49","0"
"97","78","50","1","00:11:00","353","227","1"
"78","4","113","1","00:11:00","300","150","1"
"76","42","36","1","00:11:03","300","150","0"
"65","1","45","1","00:11:03","100","49","1"
"49","73","133","1","00:11:03","457","206","0"
"34","97","234","1","00:11:03","143","251","1"
"57","89","108","1","00:11:04","100","49","0"
"190","49","134","1","00:11:04","300","150","1"
"169","161","181","1","00:11:04","247","273","1"
"15","65","29","1","00:11:05","457","206","0"
"30","195","156","1","00:11:05","203","27","1"
"88","35","39","1","00:11:06","353","227","0"
"23","88","44","1","00:11:06","203","27","0"
"35","1","56","1","00:11:06","203","27","0"
"23","75","88","1","00:11:06","100","49","0"
"4","39","172","1","00:11:06","143","251","0"
"316","23","241","1","00:11:06","457","206","0"
"4","57","264","1","00:11:06","457","206","1"
"35","23","73","1","00:11:07","100","206","0"
"31","195","149","1","00:11:07","457","206","0"
"58","76","18","1","00:11:08","300","150","1"
"34","1","234","1","00:11:08","143","251","0"
"280","88","260","1","00:11:08","457","49","1"
"57","30","62","1","00:11:09","353","227","1"
"316","138","245","1","00:11:09","100","206","0"
"42","256","337","1","00:11:09","100","49","1"
"76","1","52","1","00:11:10","457","206","0"
"78","73","133","1","00:11:10","457","206","0"
"86","34","164","1","00:11:10","100","49","1"
"116","75","166","1","00:11:10","203","27","0"
"31","57","197","1","00:11:10","100","49","1"
"57","21","244","1","00:11:10","457","49","0"
"63","73","54","1","00:11:11","457","49","0"
"23","76","204","1","00:11:11","100","49","1"
"224","245","221","1","00:11:11","300","150","0"
"39","89","138","1","00:11:12","300","150","0"
"101","248","215","1","00:11:12","100","206","1"
"100","101","222","1","00:11:12","100","49","0"
"57","30","3","1","00:11:13","100","206","1"
"86","97","142","1","00:11:13","100","49","0"
"57","21","160","1","00:11:13","457","206","1"
"15","39","173","1","00:11:14","353","27","0"
"97","89","220","1","00:11:14","100","206","0"
"4","175","332","1","00:11:14","100","206","0"
"23","30","6","1","00:11:15","457","206","1"
"42","31","46","1","00:11:15","300","150","0"
"34","1","56","1","00:11:15","100","206","0"
"34","1","68","1","00:11:15","500","94","1"
"89","227","164","1","00:11:15","100","49","0"
"101","97","206","1","00:11:15","100","206","0"
"280","189","256","1","00:11:15","143","94","1"
"42","97","337","1","00:11:15","100","49","1"
"58","75","18","1","00:11:16","300","150","1"
"30","75","67","1","00:11:16","100","206","1"
"34","27","179","1","00:11:16","300","150","1"
"75","195","196","1","00:11:16","457","206","1"
"23","88","209","1","00:11:16","100","206","1"
"35","23","24","1","00:11:17","500","94","1"
"30","205","110","1","00:11:17","457","206","1"
"53","280","212","1","00:11:17","100","206","1"
"76","58","235","1","00:11:17","457","49","1"
"81","57","49","1","00:11:18","353","27","0"
"81","58","22","1","00:11:19","457","49","0"
"65","1","52","1","00:11:19","300","150","0"
"73","31","116","1","00:11:19","100","206","0"
"57","34","155","1","00:11:19","457","49","0"
"109","27","27","1","00:11:20","457","49","1"
"75","97","84","1","00:11:20","100","49","0"
"65","23","86","1","00:11:20","100","49","1"
"34","21","117","1","00:11:20","143","251","1"
"189","78","123","1","00:11:20","457","206","1"
"217","21","207","1","00:11:20","457","49","1"
"227","30","223","1","00:11:20","500","94","1"
"97","88","251","1","00:11:20","457","206","1"
"65","75","257","1","00:11:20","100","49","1"
"30","128","17","1","00:11:21","300","150","1"
"34","1","68","1","00:11:21","143","251","0"
"23","4","209","1","00:11:21","100","206","0"
"97","86","12","1","00:11:22","300","150","0"
"58","34","26","1","00:11:22","143","251","0"
"102","88","44","1","00:11:22","300","150","0"
"109","27","64","1","00:11:22","457","206","1"
"75","181","118","1","00:11:22","100","206","1"
"89","224","140","1","00:11:22","457","206","1"
"224","30","221","1","00:11:22","500","94","0"
"34","78","234","1","00:11:22","500","94","1"
"31","4","106","1","00:11:23","203","27","1"
"189","42","186","1","00:11:23","457","206","0"
"65","227","189","1","00:11:23","100","49","1"
"23","72","209","1","00:11:23","100","206","1"
"37","244","336","1","00:11:23","457","206","0"
"23","31","20","1","00:11:24","143","251","1"
"78","32","99","1","00:11:24","143","94","1"
"30","97","228","1","00:11:24","500","94","0"
"116","101","103","1","00:11:25","300","150","0"
"23","57","132","1","00:11:25","457","49","0"
"244","4","227","1","00:11:25","457","206","1"
"280","34","240","1","00:11:25","100","206","0"
"97","65","255","1","00:11:25","100","206","1"
"23","78","97","1","00:11:26","100","49","0"
"37","316","334","1","00:11:26","100","49","1"
"76","21","195","1","00:11:27","100","49","0"
"42","58","264","1","00:11:27","203","227","0"
"21","76","88","1","00:11:28","100","206","0"
"39","97","131","1","00:11:28","100","206","1"
"34","39","236","1","00:11:28","143","251","1"
"190","227","270","1","00:11:29","353","27","1"
"42","31","9","1","00:11:30","457","49","1"
"142","35","39","1","00:11:30","457","206","1"
"81","57","49","1","00:11:30","457","206","1"
"25","89","153","1","00:11:30","203","27","0"
"58","78","162","1","00:11:30","100","206","1"
"63","34","177","1","00:11:30","457","206","0"
"23","138","252","1","00:11:30","457","49","1"
"34","78","259","1","00:11:30","500","94","1"
"206","195","330","1","00:11:30","500","94","1"
"34","30","9","1","00:11:31","457","206","0"
"76","98","47","1","00:11:31","457","206","1"
"78","76","57","1","00:11:32","100","206","1"
"65","23","86","1","00:11:32","100","49","1"
"116","42","110","1","00:11:32","300","150","1"
"205","73","232","1","00:11:32","500","94","0"
"142","78","15","1","00:11:33","457","206","0"
"97","30","119","1","00:11:34","353","27","0"
"76","15","218","1","00:11:34","100","206","0"
"316","34","245","1","00:11:34","457","49","0"
"21","1","50","1","00:11:35","457","206","0"
"114","58","226","1","00:11:35","500","251","1"
"35","30","35","1","00:11:36","247","73","0"
"97","4","50","1","00:11:36","457","206","0"
"16","97","109","1","00:11:36","353","27","1"
"30","1","190","1","00:11:36","300","150","1"
"31","42","13","1","00:11:37","457","206","1"
"75","13","14","1","00:11:37","457","206","1"
"142","75","41","1","00:11:37","457","49","0"
"75","26","263","1","00:11:37","143","251","1"
"42","97","332","1","00:11:37","300","150","0"
"57","23","31","1","00:11:38","203","27","0"
"81","21","58","1","00:11:38","457","49","1"
"150","190","102","1","00:11:38","300","150","0"
"23","57","115","1","00:11:38","100","206","0"
"57","30","152","1","00:11:38","353","227","1"
"25","4","208","1","00:11:38","300","150","1"
"61","280","214","1","00:11:38","203","227","0"
"76","227","257","1","00:11:38","300","150","1"
"75","15","105","1","00:11:39","300","150","1"
"42","25","117","1","00:11:39","300","150","0"
"34","78","234","1","00:11:39","500","94","1"
"21","78","50","1","00:11:40","457","206","0"
"21","78","126","1","00:11:40","300","150","0"
"205","1","148","1","00:11:40","300","150","0"
"81","57","49","1","00:11:41","100","206","1"
"76","34","189","1","00:11:41","100","49","1"
"76","15","45","1","00:11:42","457","206","0"
"101","21","92","1","00:11:42","457","49","0"
"23","34","107","1","00:11:42","100","49","1"
"61","280","214","1","00:11:42","203","227","1"
"31","23","247","1","00:11:42","353","27","1"
"21","30","265","1","00:11:42","203","27","0"
"30","75","17","1","00:11:44","353","227","0"
"116","231","146","1","00:11:44","457","206","0"
"78","76","184","1","00:11:44","397","273","0"
"97","30","6","1","00:11:45","100","206","0"
"57","115","144","1","00:11:45","457","206","1"
"23","76","203","1","00:11:45","457","49","1"
"1","4","185","1","00:11:46","353","27","0"
"57","1","151","1","00:11:47","100","206","1"
"1","86","187","1","00:11:47","300","150","1"
"31","88","199","1","00:11:47","353","27","0"
"30","73","67","1","00:11:48","100","206","1"
"73","88","235","1","00:11:48","203","227","1"
"73","195","241","1","00:11:48","100","206","0"
"88","86","26","1","00:11:49","500","251","1"
"1","34","112","1","00:11:49","300","150","0"
"4","21","191","1","00:11:49","353","27","1"
"115","1","38","1","00:11:50","353","227","0"
"27","142","49","1","00:11:50","100","49","1"
"156","49","85","1","00:11:51","100","206","1"
"89","118","105","1","00:11:51","300","150","0"
"23","75","270","1","00:11:51","457","49","1"
"23","58","28","1","00:11:52","100","49","1"
"21","49","70","1","00:11:52","100","206","1"
"195","89","169","1","00:11:52","457","49","1"
"89","224","211","1","00:11:52","143","94","1"
"76","15","218","1","00:11:52","100","49","0"
"73","4","227","1","00:11:52","100","206","1"
"101","98","47","1","00:11:53","100","206","1"
"30","78","87","1","00:11:53","100","206","1"
"34","57","125","1","00:11:53","500","94","1"
"101","23","244","1","00:11:53","457","49","0"
"18","156","89","1","00:11:54","457","49","0"
"23","34","107","1","00:11:54","100","49","1"
"57","35","135","1","00:11:54","300","150","1"
"34","30","9","1","00:11:55","457","49","1"
"97","138","250","1","00:11:55","100","206","1"
"98","34","13","1","00:11:56","100","49","0"
"109","21","23","1","00:11:56","353","227","0"
"88","89","108","1","00:11:56","100","206","1"
"190","57","132","1","00:11:56","457","206","0"
"34","210","150","1","00:11:56","500","251","0"
"280","248","242","1","00:11:56","300","150","1"
"16","195","109","1","00:11:57","457","206","0"
"78","76","133","1","00:11:57","353","27","1"
"34","4","165","1","00:11:57","143","94","1"
"31","42","110","1","00:11:58","100","206","1"
"76","191","159","1","00:11:58","300","150","0"
"1","4","185","1","00:11:58","300","150","1"
"35","227","253","1","00:11:58","300","150","1"
"101","23","244","1","00:11:59","457","206","1"
"42","100","5","1","00:12:00","300","150","1"
"57","101","18","1","00:12:00","300","150","0"
"57","23","144","1","00:12:00","100","49","0"
"31","21","156","1","00:12:00","300","150","1"
"57","31","188","1","00:12:00","100","49","0"
"73","195","195","1","00:12:00","300","150","1"
"149","138","250","1","00:12:00","100","206","1"
"1","125","29","1","00:12:01","457","49","1"
"42","109","56","1","00:12:01","457","49","1"
"117","57","65","1","00:12:01","457","49","1"
"81","101","66","1","00:12:01","143","251","0"
"21","201","168","1","00:12:01","203","27","1"
"31","73","238","1","00:12:01","457","206","1"
"30","88","37","1","00:12:02","457","49","1"
"190","316","210","1","00:12:02","100","206","1"
"31","36","170","1","00:12:03","457","49","1"
"183","31","182","1","00:12:03","500","94","0"
"105","16","50","1","00:12:04","353","27","0"
"149","4","120","1","00:12:04","500","251","0"
"57","183","127","1","00:12:04","100","49","1"
"88","30","212","1","00:12:04","457","206","0"
"217","73","336","1","00:12:04","457","49","0"
"125","39","116","1","00:12:05","203","227","1"
"4","30","201","1","00:12:05","100","206","0"
"192","57","209","1","00:12:05","457","206","1"
"15","23","4","1","00:12:06","300","150","0"
"78","39","48","1","00:12:06","100","206","1"
"88","1","69","1","00:12:06","100","206","1"
"189","4","208","1","00:12:06","353","227","1"
"78","76","255","1","00:12:06","457","206","1"
"58","109","19","1","00:12:07","457","206","0"
"23","57","44","1","00:12:07","457","49","0"
"89","224","211","1","00:12:07","143","251","0"
"189","30","265","1","00:12:07","457","49","0"
"101","27","47","1","00:12:08","353","227","1"
"1","39","173","1","00:12:08","100","49","1"
"31","58","176","1","00:12:08","457","206","1"
"75","23","25","1","00:12:09","100","206","1"
"34","195","216","1","00:12:09","500","94","1"
"161","220","226","1","00:12:09","143","94","1"
"31","316","267","1","00:12:09","100","206","1"
"75","34","333","1","00:12:09","143","94","0"
"58","109","19","1","00:12:10","457","206","1"
"31","58","22","1","00:12:10","100","206","1"
"1","4","185","1","00:12:10","300","150","1"
"73","39","227","1","00:12:10","457","49","0"
"217","73","336","1","00:12:10","203","227","1"
"1","125","29","1","00:12:11","100","49","0"
"30","4","106","1","00:12:11","100","206","1"
"88","65","54","1","00:12:12","100","49","1"
"97","125","100","1","00:12:12","100","49","1"
"97","88","115","1","00:12:12","100","206","0"
"31","227","146","1","00:12:12","457","49","0"
"205","27","148","1","00:12:12","500","94","0"
"281","248","330","1","00:12:12","397","273","1"
"78","23","147","1","00:12:13","100","49","0"
"39","4","197","1","00:12:13","300","150","0"
"89","190","239","1","00:12:13","143","251","1"
"40","101","260","1","00:12:13","457","206","1"
"205","89","150","1","00:12:14","500","94","0"
"42","4","165","1","00:12:14","143","94","1"
"15","21","225","1","00:12:15","100","206","1"
"316","89","257","1","00:12:15","353","27","0"
"23","4","262","1","00:12:15","457","49","1"
"23","30","55","1","00:12:16","100","49","0"
"39","206","110","1","00:12:16","457","206","1"
"316","39","227","1","00:12:16","300","150","1"
"65","39","36","1","00:12:17","300","150","1"
"1","75","57","1","00:12:17","457","206","0"
"21","78","96","1","00:12:17","203","27","0"
"31","101","137","1","00:12:17","457","49","0"
"280","269","330","1","00:12:17","143","94","1"
"58","21","15","1","00:12:18","457","206","0"
"101","31","47","1","00:12:18","457","206","1"
"13","116","94","1","00:12:18","100","206","0"
"16","39","99","1","00:12:18","143","94","1"
"32","25","149","1","00:12:18","300","150","1"
"78","116","163","1","00:12:18","100","206","0"
"76","57","222","1","00:12:18","300","150","0"
"31","76","224","1","00:12:18","300","150","1"
"34","239","229","1","00:12:18","143","94","1"
"34","30","46","1","00:12:19","143","251","1"
"86","92","73","1","00:12:19","457","206","0"
"49","183","234","1","00:12:19","500","251","0"
"57","101","18","1","00:12:20","457","49","1"
"58","15","19","1","00:12:20","457","49","1"
"31","78","42","1","00:12:20","203","27","1"
"88","78","69","1","00:12:20","457","49","1"
"58","21","59","1","00:12:21","100","49","1"
"1","26","255","1","00:12:21","457","49","1"
"31","76","267","1","00:12:21","100","49","1"
"78","75","133","1","00:12:22","457","49","0"
"65","35","36","1","00:12:23","300","150","0"
"75","4","122","1","00:12:23","100","206","0"
"57","75","129","1","00:12:23","457","49","0"
"75","88","140","1","00:12:23","500","94","0"
"42","21","183","1","00:12:23","353","27","0"
"4","189","247","1","00:12:23","100","206","1"
"1","156","99","1","00:12:24","247","73","1"
"78","23","147","1","00:12:24","457","206","0"
"101","190","219","1","00:12:24","300","150","1"
"76","205","248","1","00:12:24","353","227","0"
"49","78","259","1","00:12:24","500","94","0"
"195","97","230","1","00:12:25","100","49","1"
"39","125","61","1","00:12:26","300","150","1"
"97","75","136","1","00:12:26","457","49","0"
"57","31","200","1","00:12:26","457","49","0"
"30","86","13","1","00:12:27","203","27","1"
"161","75","108","1","00:12:27","457","49","1"
"88","30","188","1","00:12:27","457","206","0"
"30","34","60","1","00:12:28","353","227","0"
"23","101","88","1","00:12:28","100","49","1"
"31","227","146","1","00:12:28","203","227","1"
"27","231","157","1","00:12:28","457","206","0"
"42","30","161","1","00:12:28","100","206","1"
"34","243","259","1","00:12:28","300","150","1"
"86","81","35","1","00:12:29","500","94","0"
"31","57","37","1","00:12:29","353","27","1"
"58","21","59","1","00:12:29","100","49","0"
"75","97","86","1","00:12:29","100","206","0"
"35","4","125","1","00:12:29","143","251","1"
"31","88","254","1","00:12:29","457","49","0"
"42","73","128","1","00:12:30","143","251","0"
"31","191","131","1","00:12:30","100","206","1"
"21","1","134","1","00:12:30","300","150","1"
"30","23","256","1","00:12:30","500","94","0"
"138","76","67","1","00:12:31","100","206","1"
"97","65","90","1","00:12:31","300","150","1"
"190","73","210","1","00:12:31","457","49","1"
"248","88","226","1","00:12:31","500","94","0"
"35","183","332","1","00:12:31","457","206","1"
"23","39","51","1","00:12:32","100","49","1"
"1","23","109","1","00:12:32","203","27","1"
"76","42","164","1","00:12:32","100","49","0"
"1","31","64","1","00:12:33","353","27","0"
"78","31","89","1","00:12:33","353","27","0"
"205","83","141","1","00:12:33","143","94","1"
"76","34","21","1","00:12:34","100","49","1"
"39","224","137","1","00:12:34","457","206","1"
"78","101","171","1","00:12:34","100","206","0"
"78","212","184","1","00:12:34","500","94","1"
"104","34","252","1","00:12:34","457","49","0"
"16","23","4","1","00:12:35","100","206","0"
"23","101","88","1","00:12:35","100","49","1"
"42","76","128","1","00:12:35","143","251","1"
"23","75","203","1","00:12:35","457","49","1"
"280","227","217","1","00:12:35","247","273","1"
"109","97","23","1","00:12:36","457","49","1"
"76","57","72","1","00:12:36","457","49","1"
"30","89","166","1","00:12:37","457","206","0"
"161","34","211","1","00:12:37","500","251","0"
"21","15","230","1","00:12:37","300","150","0"
"115","39","12","1","00:12:38","100","49","1"
"224","138","152","1","00:12:38","100","49","1"
"31","73","224","1","00:12:38","100","49","1"
"73","205","248","1","00:12:38","300","150","1"
"42","227","253","1","00:12:38","100","206","0"
"57","73","129","1","00:12:39","300","150","0"
"4","42","135","1","00:12:39","143","251","1"
"31","78","180","1","00:12:39","353","27","0"
"78","21","98","1","00:12:40","100","49","0"
"138","224","103","1","00:12:40","457","206","0"
"65","116","116","1","00:12:40","457","206","1"
"272","280","214","1","00:12:40","457","49","0"
"97","142","44","1","00:12:41","300","150","1"
"156","75","67","1","00:12:41","100","49","1"
"76","34","164","1","00:12:41","457","206","1"
"31","73","224","1","00:12:42","203","27","1"
"89","42","21","1","00:12:43","300","150","0"
"42","1","56","1","00:12:43","100","49","0"
"23","76","88","1","00:12:43","100","49","1"
"73","88","122","1","00:12:43","100","206","0"
"72","195","219","1","00:12:43","457","49","0"
"88","81","3","1","00:12:44","100","49","0"
"31","78","42","1","00:12:44","100","49","1"
"34","105","43","1","00:12:44","100","206","0"
"23","75","136","1","00:12:44","457","49","0"
"30","21","331","1","00:12:44","457","206","0"
"31","57","37","1","00:12:45","457","206","0"
"78","31","89","1","00:12:45","203","227","0"
"86","243","218","1","00:12:45","457","49","1"
"86","201","158","1","00:12:46","457","49","1"
"35","183","332","1","00:12:46","300","150","1"
"1","88","34","1","00:12:47","457","49","0"
"78","138","173","1","00:12:47","100","206","1"
"101","39","188","1","00:12:48","457","206","0"
"89","269","239","1","00:12:48","500","94","1"
"1","57","251","1","00:12:48","100","206","0"
"76","34","104","1","00:12:49","143","94","1"
"1","195","147","1","00:12:49","300","150","0"
"280","58","260","1","00:12:49","457","49","1"
"42","101","5","1","00:12:50","500","94","0"
"81","4","11","1","00:12:50","457","49","1"
"4","101","54","1","00:12:50","100","49","0"
"31","34","60","1","00:12:50","457","49","1"
"39","101","176","1","00:12:50","457","49","1"
"21","15","230","1","00:12:50","300","150","0"
"65","89","257","1","00:12:52","100","49","1"
"21","42","262","1","00:12:52","300","150","0"
"201","101","264","1","00:12:52","300","150","1"
"35","27","9","1","00:12:53","457","206","0"
"73","15","14","1","00:12:53","100","206","0"
"57","65","41","1","00:12:53","300","150","1"
"78","98","64","1","00:12:53","457","49","1"
"1","31","27","1","00:12:54","457","49","1"
"57","138","152","1","00:12:54","100","206","1"
"30","101","199","1","00:12:54","457","206","0"
"76","21","241","1","00:12:54","457","49","0"
"116","224","106","1","00:12:55","457","206","0"
"58","78","237","1","00:12:55","457","49","1"
"21","227","270","1","00:12:55","457","206","0"
"110","101","185","1","00:12:56","300","150","0"
"65","105","84","1","00:12:57","457","49","1"
"4","75","108","1","00:12:57","457","49","1"
"116","27","180","1","00:12:57","203","227","1"
"23","34","252","1","00:12:57","457","49","1"
"89","224","335","1","00:12:57","500","94","1"
"78","81","20","1","00:12:58","500","94","0"
"65","97","25","1","00:12:58","457","49","1"
"23","101","40","1","00:12:58","353","227","1"
"78","57","185","1","00:12:58","300","150","1"
"280","89","217","1","00:12:58","500","94","1"
"42","89","114","1","00:12:59","500","94","0"
"76","21","241","1","00:12:59","300","150","0"
"65","31","30","1","00:13:00","100","49","1"
"142","49","69","1","00:13:00","203","227","1"
"280","227","242","1","00:13:00","143","251","1"
"31","76","138","1","00:13:01","100","206","1"
"231","201","161","1","00:13:01","100","206","1"
"23","75","90","1","00:13:02","457","49","0"
"78","97","95","1","00:13:02","100","206","1"
"49","31","99","1","00:13:02","500","94","0"
"76","58","10","1","00:13:03","300","150","0"
"116","65","8","1","00:13:04","100","206","0"
"81","23","33","1","00:13:04","457","49","0"
"21","76","136","1","00:13:04","300","150","1"
"91","30","175","1","00:13:04","353","227","1"
"39","101","176","1","00:13:04","353","27","1"
"280","58","260","1","00:13:04","457","49","1"
"21","227","270","1","00:13:04","457","49","0"
"98","42","60","1","00:13:05","203","227","1"
"217","34","155","1","00:13:05","457","206","0"
"42","31","9","1","00:13:06","100","206","0"
"45","42","258","1","00:13:06","457","206","1"
"1","78","23","1","00:13:07","300","150","1"
"4","76","108","1","00:13:07","353","227","0"
"30","89","217","1","00:13:07","143","251","0"
"15","76","255","1","00:13:07","100","206","0"
"78","89","246","1","00:13:08","100","206","1"
"21","227","270","1","00:13:08","457","49","1"
"65","97","25","1","00:13:09","100","49","0"
"98","42","60","1","00:13:09","300","150","1"
"101","31","201","1","00:13:09","457","49","1"
"31","280","214","1","00:13:09","100","206","1"
"73","224","245","1","00:13:09","457","206","1"
"39","27","46","1","00:13:10","143","251","1"
"31","73","267","1","00:13:10","100","206","1"
"78","231","112","1","00:13:11","457","206","0"
"23","1","123","1","00:13:11","300","150","0"
"227","98","141","1","00:13:11","500","251","1"
"4","65","54","1","00:13:12","457","49","1"
"75","78","118","1","00:13:12","100","206","1"
"42","125","125","1","00:13:12","500","94","1"
"78","42","157","1","00:13:12","457","49","0"
"75","138","211","1","00:13:12","143","251","0"
"244","205","248","1","00:13:12","100","206","0"
"97","76","153","1","00:13:13","100","206","0"
"248","280","223","1","00:13:13","500","251","1"
"201","57","264","1","00:13:13","457","49","1"
"57","30","3","1","00:13:14","100","49","0"
"201","101","199","1","00:13:14","203","27","1"
"21","35","107","1","00:13:15","457","49","1"
"31","195","149","1","00:13:15","100","49","0"
"76","15","14","1","00:13:16","100","49","0"
"16","39","16","1","00:13:16","300","150","1"
"183","212","184","1","00:13:16","143","251","1"
"54","39","26","1","00:13:17","300","150","0"
"201","205","170","1","00:13:17","100","206","0"
"149","57","185","1","00:13:17","300","150","0"
"76","161","30","1","00:13:18","457","49","1"
"1","97","147","1","00:13:18","457","49","1"
"88","195","191","1","00:13:18","100","206","0"
"76","31","227","1","00:13:18","100","49","1"
"105","78","70","1","00:13:19","100","206","1"
"35","101","5","1","00:13:20","500","94","1"
"30","75","138","1","00:13:20","353","27","0"
"4","31","188","1","00:13:20","457","206","1"
"142","98","62","1","00:13:21","457","206","1"
"20","78","97","1","00:13:21","100","49","0"
"81","55","37","1","00:13:22","300","150","1"
"42","224","125","1","00:13:22","143","94","1"
"227","157","161","1","00:13:22","100","49","0"
"39","244","224","1","00:13:22","100","49","1"
"205","34","240","1","00:13:22","300","150","0"
"75","42","2","1","00:13:23","457","206","1"
"88","65","18","1","00:13:23","457","206","0"
"35","78","68","1","00:13:23","143","251","1"
"168","1","85","1","00:13:23","353","227","0"
"13","31","99","1","00:13:23","500","94","0"
"4","20","206","1","00:13:23","100","206","1"
"249","21","331","1","00:13:23","100","206","1"
"31","4","199","1","00:13:24","457","206","0"
"31","1","121","1","00:13:25","457","206","0"
"183","88","251","1","00:13:25","457","49","1"
"31","73","17","1","00:13:26","300","150","1"
"73","31","116","1","00:13:26","457","49","0"
"86","78","145","1","00:13:26","100","49","1"
"157","75","166","1","00:13:26","203","227","1"
"58","190","244","1","00:13:26","203","27","0"
"15","101","29","1","00:13:27","457","206","0"
"30","42","60","1","00:13:27","457","49","1"
"191","212","100","1","00:13:27","457","49","1"
"45","78","143","1","00:13:27","143","251","1"
"35","195","102","1","00:13:28","457","49","1"
"214","220","122","1","00:13:28","100","206","1"
"89","42","164","1","00:13:28","457","206","0"
"58","39","26","1","00:13:29","143","251","0"
"190","212","100","1","00:13:29","100","49","1"
"23","183","123","1","00:13:29","457","49","1"
"4","227","135","1","00:13:29","500","94","1"
"89","42","189","1","00:13:29","353","227","1"
"30","75","17","1","00:13:30","457","49","1"
"65","21","25","1","00:13:30","457","206","0"
"97","75","88","1","00:13:30","100","206","0"
"23","78","134","1","00:13:30","457","206","1"
"97","57","208","1","00:13:30","457","49","1"
"97","57","209","1","00:13:30","100","206","0"
"76","31","227","1","00:13:30","203","227","0"
"89","21","159","1","00:13:31","100","206","0"
"34","195","183","1","00:13:31","457","206","0"
"42","1","56","1","00:13:32","457","49","1"
"20","35","107","1","00:13:32","100","206","1"
"227","157","161","1","00:13:32","100","49","1"
"78","23","94","1","00:13:33","457","206","1"
"23","36","186","1","00:13:33","457","206","1"
"316","30","248","1","00:13:33","100","206","1"
"4","244","238","1","00:13:34","457","206","1"
"31","76","267","1","00:13:34","100","49","1"
"102","30","55","1","00:13:35","100","206","0"
"31","1","85","1","00:13:35","457","206","1"
"30","42","258","1","00:13:35","457","206","0"
"280","88","260","1","00:13:35","143","94","0"
"39","75","138","1","00:13:36","457","49","1"
"227","183","148","1","00:13:36","500","251","0"
"30","88","22","1","00:13:37","300","150","1"
"21","224","132","1","00:13:37","300","150","0"
"214","101","140","1","00:13:37","397","73","0"
"244","88","222","1","00:13:37","457","206","0"
"205","189","256","1","00:13:37","143","94","1"
"23","109","50","1","00:13:38","457","49","1"
"78","23","147","1","00:13:38","100","206","0"
"31","86","154","1","00:13:38","353","27","1"
"42","57","165","1","00:13:38","500","94","1"
"88","98","201","1","00:13:39","300","150","1"
"34","21","24","1","00:13:41","143","251","1"
"58","89","215","1","00:13:41","457","49","1"
"4","241","264","1","00:13:41","100","49","1"
"30","75","66","1","00:13:42","300","150","1"
"78","21","95","1","00:13:42","100","49","0"
"76","31","227","1","00:13:42","100","49","1"
"98","1","87","1","00:13:43","100","206","0"
"204","183","148","1","00:13:43","500","251","1"
"76","227","164","1","00:13:43","457","206","0"
"1","195","225","1","00:13:43","300","150","1"
"1","142","113","1","00:13:44","100","49","0"
"42","23","247","1","00:13:44","100","206","0"
"13","30","89","1","00:13:45","457","49","0"
"23","57","208","1","00:13:45","457","206","0"
"42","23","73","1","00:13:46","457","206","1"
"23","1","134","1","00:13:46","100","49","0"
"61","31","158","1","00:13:46","457","49","1"
"15","31","99","1","00:13:47","143","251","1"
"89","23","195","1","00:13:47","100","206","1"
"34","21","130","1","00:13:48","143","251","0"
"23","32","168","1","00:13:48","457","49","0"
"73","34","2","1","00:13:49","353","227","0"
"88","35","39","1","00:13:49","353","227","0"
"88","97","237","1","00:13:49","100","206","0"
"4","101","254","1","00:13:49","300","150","0"
"34","76","261","1","00:13:49","300","150","0"
"15","97","4","1","00:13:50","100","49","1"
"214","88","140","1","00:13:50","143","251","0"
"34","78","259","1","00:13:50","500","251","0"
"183","280","269","1","00:13:50","457","206","0"
"31","42","13","1","00:13:51","457","206","1"
"98","116","33","1","00:13:51","203","27","1"
"88","76","41","1","00:13:51","300","150","1"
"1","58","65","1","00:13:51","300","150","0"
"35","23","73","1","00:13:51","300","150","1"
"78","21","95","1","00:13:51","100","206","1"
"31","21","149","1","00:13:51","100","49","1"
"65","34","189","1","00:13:51","457","49","1"
"23","34","51","1","00:13:52","457","49","0"
"49","156","64","1","00:13:52","457","206","1"
"4","227","155","1","00:13:52","100","206","1"
"88","30","172","1","00:13:52","143","94","0"
"227","97","102","1","00:13:53","100","49","1"
"31","58","137","1","00:13:53","457","206","0"
"1","89","220","1","00:13:53","100","206","1"
"21","224","252","1","00:13:53","457","49","1"
"72","244","334","1","00:13:53","203","27","1"
"191","30","265","1","00:13:54","457","49","0"
"58","35","26","1","00:13:55","500","94","1"
"57","201","188","1","00:13:55","300","150","0"
"78","34","48","1","00:13:56","300","150","1"
"45","23","330","1","00:13:56","500","94","0"
"76","81","47","1","00:13:57","100","49","1"
"30","15","87","1","00:13:57","457","49","1"
"1","34","112","1","00:13:57","457","206","0"
"75","30","116","1","00:13:58","457","206","0"
"280","21","256","1","00:13:58","143","251","0"
"35","31","46","1","00:13:59","300","150","1"
"13","21","109","1","00:13:59","100","49","1"
"73","34","2","1","00:14:00","457","206","1"
"1","57","34","1","00:14:00","300","150","0"
"91","109","38","1","00:14:00","203","27","1"
"57","23","206","1","00:14:00","100","49","1"
"57","75","108","1","00:14:01","457","206","1"
"1","34","112","1","00:14:01","300","150","1"
"4","15","337","1","00:14:01","100","206","1"
"31","34","13","1","00:14:03","457","49","1"
"30","205","146","1","00:14:03","353","227","0"
"30","195","156","1","00:14:03","457","206","1"
"244","39","227","1","00:14:04","457","49","0"
"76","97","92","1","00:14:05","100","49","1"
"63","15","105","1","00:14:05","300","150","0"
"23","183","126","1","00:14:05","300","150","1"
"31","86","154","1","00:14:05","100","206","1"
"76","138","245","1","00:14:05","457","49","0"
"23","73","8","1","00:14:06","457","49","0"
"89","21","111","1","00:14:06","300","150","0"
"4","34","167","1","00:14:06","300","150","0"
"15","34","16","1","00:14:07","100","206","1"
"31","57","176","1","00:14:07","100","206","0"
"23","73","204","1","00:14:07","457","49","0"
"61","316","224","1","00:14:07","100","206","1"
"4","63","267","1","00:14:07","100","49","1"
"86","97","142","1","00:14:08","203","27","1"
"57","201","188","1","00:14:08","100","206","0"
"89","23","142","1","00:14:09","100","49","1"
"191","4","181","1","00:14:09","500","94","0"
"1","89","220","1","00:14:09","100","206","0"
"73","23","86","1","00:14:10","457","206","0"
"78","30","89","1","00:14:10","457","49","1"
"58","224","268","1","00:14:10","300","150","1"
"23","15","38","1","00:14:11","203","27","1"
"65","97","63","1","00:14:11","457","49","0"
"76","88","140","1","00:14:11","143","251","0"
"42","21","183","1","00:14:11","300","150","1"
"49","42","139","1","00:14:12","457","206","1"
"88","201","200","1","00:14:12","457","49","0"
"34","30","221","1","00:14:12","500","94","1"
"61","313","224","1","00:14:12","300","150","1"
"78","30","269","1","00:14:12","457","49","0"
"1","75","29","1","00:14:13","300","150","0"
"1","57","34","1","00:14:13","100","206","0"
"75","78","118","1","00:14:13","300","150","1"
"224","75","108","1","00:14:14","457","206","0"
"31","57","197","1","00:14:14","100","206","0"
"31","224","106","1","00:14:15","100","206","1"
"61","313","224","1","00:14:15","457","206","1"
"88","269","244","1","00:14:15","457","206","0"
"269","61","262","1","00:14:15","100","49","1"
"23","42","124","1","00:14:16","457","206","1"
"39","142","53","1","00:14:18","500","251","0"
"1","156","64","1","00:14:18","353","27","1"
"1","231","157","1","00:14:18","457","49","0"
"31","57","176","1","00:14:18","353","27","0"
"224","58","229","1","00:14:18","500","94","0"
"35","58","254","1","00:14:18","300","150","0"
"23","206","265","1","00:14:18","457","49","0"
"101","35","2","1","00:14:19","457","206","0"
"224","23","216","1","00:14:19","143","251","0"
"245","4","243","1","00:14:19","143","251","1"
"75","23","25","1","00:14:20","457","206","0"
"39","75","61","1","00:14:20","457","49","1"
"23","183","126","1","00:14:20","100","49","1"
"88","31","201","1","00:14:20","457","49","0"
"316","101","222","1","00:14:20","100","206","0"
"78","209","246","1","00:14:20","100","206","0"
"4","31","62","1","00:14:21","457","49","0"
"98","78","85","1","00:14:21","353","227","1"
"49","42","139","1","00:14:21","353","27","1"
"31","42","170","1","00:14:21","100","206","1"
"224","58","229","1","00:14:21","500","251","0"
"58","224","268","1","00:14:21","353","27","1"
"98","58","22","1","00:14:22","100","49","0"
"204","76","128","1","00:14:22","143","251","1"
"88","89","249","1","00:14:22","457","206","1"
"57","23","191","1","00:14:23","203","27","1"
"78","39","99","1","00:14:24","143","251","0"
"205","78","148","1","00:14:24","500","94","1"
"57","21","207","1","00:14:24","353","227","0"
"20","86","51","1","00:14:25","300","150","1"
"35","1","56","1","00:14:25","100","49","0"
"86","142","71","1","00:14:25","300","150","1"
"13","23","95","1","00:14:25","300","150","0"
"39","161","103","1","00:14:25","457","206","1"
"1","157","182","1","00:14:25","300","150","1"
"42","97","183","1","00:14:25","100","49","0"
"75","98","30","1","00:14:26","353","27","1"
"81","75","66","1","00:14:26","143","251","0"
"89","97","142","1","00:14:26","100","206","0"
"244","61","227","1","00:14:26","203","227","0"
"21","206","265","1","00:14:26","100","206","1"
"4","21","23","1","00:14:27","300","150","0"
"116","21","131","1","00:14:27","100","206","0"
"89","34","211","1","00:14:27","500","251","1"
"195","89","153","1","00:14:28","457","206","0"
"31","76","166","1","00:14:28","100","206","1"
"78","75","184","1","00:14:28","143","251","0"
"78","34","250","1","00:14:28","100","206","0"
"75","31","47","1","00:14:29","203","27","0"
"205","190","102","1","00:14:29","100","49","1"
"57","23","191","1","00:14:29","100","206","0"
"101","21","63","1","00:14:30","457","49","0"
"21","1","70","1","00:14:30","300","150","1"
"65","57","122","1","00:14:30","457","49","1"
"4","76","129","1","00:14:30","100","206","0"
"31","58","254","1","00:14:30","203","227","1"
"75","34","333","1","00:14:30","500","251","1"
"31","58","22","1","00:14:31","100","206","1"
"39","190","247","1","00:14:31","100","206","0"
"34","75","266","1","00:14:31","300","150","0"
"75","23","195","1","00:14:32","203","227","1"
"97","4","132","1","00:14:33","457","206","1"
"183","42","157","1","00:14:33","457","49","0"
"30","23","256","1","00:14:33","500","94","1"
"34","23","43","1","00:14:34","203","27","1"
"23","138","55","1","00:14:34","457","49","1"
"27","92","58","1","00:14:34","457","206","1"
"21","65","88","1","00:14:34","100","206","1"
"78","88","113","1","00:14:34","353","27","1"
"42","1","68","1","00:14:35","500","251","1"
"31","1","87","1","00:14:35","457","49","1"
"21","1","70","1","00:14:36","100","206","0"
"13","23","95","1","00:14:36","457","206","1"
"23","89","153","1","00:14:36","300","150","0"
"20","4","209","1","00:14:36","100","206","1"
"30","34","240","1","00:14:36","300","150","1"
"76","280","248","1","00:14:36","457","49","0"
"30","1","11","1","00:14:37","457","206","1"
"78","21","98","1","00:14:37","353","227","0"
"23","78","230","1","00:14:37","457","49","1"
"30","34","13","1","00:14:38","100","49","0"
"42","97","24","1","00:14:38","397","73","0"
"198","101","103","1","00:14:38","457","206","1"
"86","58","71","1","00:14:39","100","49","1"
"1","116","99","1","00:14:39","300","150","1"
"1","231","112","1","00:14:39","457","206","1"
"21","53","115","1","00:14:39","353","27","1"
"4","191","191","1","00:14:39","203","227","0"
"20","4","209","1","00:14:39","100","206","1"
"285","57","260","1","00:14:39","143","251","0"
"31","78","337","1","00:14:39","353","27","1"
"57","21","59","1","00:14:40","457","49","0"
"75","138","211","1","00:14:40","300","150","0"
"30","1","228","1","00:14:41","143","251","1"
"89","23","142","1","00:14:42","100","206","1"
"101","42","155","1","00:14:42","100","49","1"
"39","277","214","1","00:14:42","457","206","1"
"88","91","268","1","00:14:42","457","206","1"
"4","31","62","1","00:14:43","457","49","0"
"65","78","118","1","00:14:43","100","49","1"
"65","280","248","1","00:14:43","457","206","0"
"4","212","332","1","00:14:43","457","49","0"
"30","76","67","1","00:14:44","457","49","1"
"42","23","117","1","00:14:44","247","273","0"
"73","25","241","1","00:14:44","100","206","1"
"189","30","265","1","00:14:44","100","206","1"
"97","101","8","1","00:14:45","300","150","1"
"1","116","99","1","00:14:45","247","73","1"
"34","57","125","1","00:14:45","143","251","0"
"31","42","170","1","00:14:45","457","206","1"
"21","26","175","1","00:14:45","100","206","0"
"101","97","237","1","00:14:45","300","150","0"
"30","34","13","1","00:14:46","100","206","1"
"224","35","135","1","00:14:46","500","94","0"
"31","78","42","1","00:14:47","100","49","1"
"142","34","155","1","00:14:47","457","49","1"
"57","78","162","1","00:14:47","300","150","1"
"285","236","331","1","00:14:47","100","49","1"
"34","31","9","1","00:14:48","100","206","1"
"183","34","157","1","00:14:48","300","150","1"
"30","115","33","1","00:14:49","457","206","1"
"23","86","169","1","00:14:49","100","49","1"
"189","4","208","1","00:14:49","100","206","1"
"78","224","250","1","00:14:49","457","206","1"
"149","21","73","1","00:14:50","203","227","1"
"30","21","131","1","00:14:50","457","206","1"
"1","58","185","1","00:14:50","457","206","0"
"58","23","206","1","00:14:50","100","49","1"
"17","39","213","1","00:14:50","100","206","1"
"45","198","242","1","00:14:50","500","94","1"
"15","21","23","1","00:14:51","300","150","0"
"31","58","37","1","00:14:51","457","49","0"
"81","65","66","1","00:14:51","500","251","0"
"76","34","164","1","00:14:51","457","49","0"
"105","65","40","1","00:14:52","203","27","1"
"42","220","120","1","00:14:52","143","94","1"
"190","183","134","1","00:14:52","457","49","1"
"78","30","163","1","00:14:52","100","206","1"
"76","280","248","1","00:14:52","457","49","0"
"210","1","259","1","00:14:52","143","251","0"
"73","23","159","1","00:14:53","457","206","0"
"30","89","217","1","00:14:53","143","251","1"
"97","30","6","1","00:14:54","100","206","1"
"34","23","43","1","00:14:54","457","206","1"
"138","101","103","1","00:14:54","100","49","0"
"4","76","29","1","00:14:55","300","150","0"
"75","78","45","1","00:14:55","100","206","0"
"65","98","30","1","00:14:56","457","206","0"
"23","58","44","1","00:14:56","457","206","0"
"65","88","122","1","00:14:56","457","49","0"
"73","34","189","1","00:14:56","457","206","1"
"88","109","19","1","00:14:57","457","49","1"
"65","201","116","1","00:14:57","100","49","1"
"101","1","237","1","00:14:57","100","206","1"
"20","149","51","1","00:14:58","457","49","0"
"195","76","203","1","00:14:58","300","150","1"
"15","21","4","1","00:14:59","457","206","0"
"30","76","67","1","00:14:59","300","150","0"
"78","21","98","1","00:14:59","457","49","1"
"42","23","117","1","00:14:59","397","273","1"
"4","57","254","1","00:14:59","100","206","1"
"210","1","259","1","00:14:59","143","251","0"
"30","1","190","1","00:15:00","300","150","1"
"16","86","32","1","00:15:01","300","150","0"
"42","88","53","1","00:15:01","500","251","1"
"183","34","157","1","00:15:01","457","49","0"
"30","31","243","1","00:15:01","300","150","0"
"1","30","64","1","00:15:02","203","227","1"
"35","201","141","1","00:15:02","500","94","0"
"73","205","248","1","00:15:02","100","49","1"
"23","89","136","1","00:15:03","100","49","1"
"15","280","269","1","00:15:03","457","49","1"
"142","86","39","1","00:15:04","353","27","0"
"116","58","137","1","00:15:04","457","206","0"
"249","236","331","1","00:15:04","203","27","1"
"1","75","187","1","00:15:05","457","49","0"
"138","61","236","1","00:15:05","143","251","1"
"88","97","15","1","00:15:06","100","206","1"
"189","76","203","1","00:15:06","100","206","1"
"88","248","215","1","00:15:06","353","27","0"
"30","23","33","1","00:15:07","457","206","1"
"1","42","48","1","00:15:07","100","206","1"
"26","101","106","1","00:15:08","100","49","0"
"15","116","99","1","00:15:09","143","251","1"
"76","97","111","1","00:15:09","100","206","1"
"21","26","175","1","00:15:09","457","49","0"
"101","34","21","1","00:15:10","457","206","0"
"30","58","49","1","00:15:10","457","49","0"
"30","97","149","1","00:15:10","457","206","1"
"57","23","219","1","00:15:10","100","206","0"
"57","35","26","1","00:15:11","500","251","1"
"34","88","229","1","00:15:11","247","73","0"
"30","76","67","1","00:15:12","457","49","1"
"15","21","147","1","00:15:12","203","27","0"
"78","30","163","1","00:15:12","457","206","1"
"23","88","209","1","00:15:12","100","49","0"
"116","58","28","1","00:15:13","203","27","0"
"73","138","245","1","00:15:13","100","206","0"
"30","88","49","1","00:15:15","353","27","1"
"4","75","54","1","00:15:15","457","49","0"
"16","224","171","1","00:15:15","457","206","0"
"42","31","9","1","00:15:17","100","206","0"
"35","142","71","1","00:15:17","100","49","1"
"15","81","99","1","00:15:17","143","94","0"
"23","57","132","1","00:15:17","100","49","1"
"21","57","233","1","00:15:17","300","150","1"
"76","89","257","1","00:15:17","457","49","1"
"31","23","33","1","00:15:18","457","49","1"
"86","23","73","1","00:15:18","457","206","1"
"81","65","17","1","00:15:19","353","27","0"
"78","27","64","1","00:15:19","300","150","0"
"39","109","68","1","00:15:20","143","94","0"
"73","88","72","1","00:15:20","457","206","1"
"58","75","129","1","00:15:20","457","49","0"
"86","30","158","1","00:15:20","353","27","0"
"114","4","197","1","00:15:20","457","49","0"
"76","34","2","1","00:15:21","100","49","0"
"15","23","4","1","00:15:21","300","150","1"
"76","21","92","1","00:15:21","457","49","0"
"175","76","184","1","00:15:21","300","150","0"
"57","189","219","1","00:15:21","457","49","0"
"21","78","134","1","00:15:22","457","49","0"
"138","102","216","1","00:15:22","300","150","1"
"5","57","65","1","00:15:23","300","150","1"
"30","73","67","1","00:15:23","457","49","0"
"49","76","187","1","00:15:23","457","49","1"
"89","21","195","1","00:15:23","100","206","0"
"224","280","221","1","00:15:23","143","94","1"
"23","78","123","1","00:15:24","457","49","1"
"76","31","227","1","00:15:24","100","49","1"
"65","78","45","1","00:15:25","100","49","1"
"105","57","44","1","00:15:26","300","150","0"
"98","73","154","1","00:15:26","457","206","0"
"97","138","250","1","00:15:26","100","206","0"
"21","138","252","1","00:15:26","100","206","1"
"138","15","259","1","00:15:26","143","94","0"
"35","142","71","1","00:15:27","457","206","1"
"146","189","102","1","00:15:27","100","49","1"
"34","75","114","1","00:15:27","500","251","1"
"34","23","117","1","00:15:27","143","251","1"
"34","21","216","1","00:15:27","143","94","1"
"280","49","240","1","00:15:27","143","94","1"
"88","1","101","1","00:15:28","397","73","0"
"231","101","165","1","00:15:28","300","150","0"
"57","227","215","1","00:15:28","300","150","0"
"34","21","216","1","00:15:28","143","94","1"
"35","97","337","1","00:15:28","100","206","0"
"76","42","164","1","00:15:29","457","206","0"
"23","57","208","1","00:15:29","100","49","0"
"57","21","244","1","00:15:29","457","206","0"
"15","31","27","1","00:15:30","300","150","1"
"23","1","126","1","00:15:30","100","49","0"
"76","42","21","1","00:15:31","457","206","0"
"30","1","85","1","00:15:31","100","49","1"
"199","21","149","1","00:15:31","100","49","1"
"227","25","239","1","00:15:31","397","73","1"
"4","23","144","1","00:15:32","300","150","0"
"217","73","336","1","00:15:32","100","206","0"
"23","81","20","1","00:15:33","500","94","0"
"65","30","47","1","00:15:33","100","49","0"
"78","34","139","1","00:15:33","457","49","1"
"89","49","145","1","00:15:33","100","206","0"
"78","65","255","1","00:15:33","457","49","0"
"30","21","149","1","00:15:34","100","49","0"
"21","101","181","1","00:15:34","300","150","1"
"78","65","184","1","00:15:34","143","251","1"
"114","58","226","1","00:15:34","500","94","1"
"1","206","269","1","00:15:34","457","206","1"
"21","13","97","1","00:15:35","300","150","0"
"23","31","119","1","00:15:35","300","150","1"
"32","75","166","1","00:15:35","457","49","0"
"23","63","210","1","00:15:35","300","150","1"
"30","15","42","1","00:15:36","100","206","1"
"44","190","102","1","00:15:36","457","206","0"
"31","75","138","1","00:15:36","457","49","1"
"98","73","154","1","00:15:36","457","49","0"
"4","39","201","1","00:15:36","457","49","1"
"217","23","207","1","00:15:36","457","206","1"
"58","195","219","1","00:15:36","457","49","0"
"138","31","236","1","00:15:36","500","251","1"
"44","30","46","1","00:15:37","300","150","1"
"76","31","174","1","00:15:37","100","49","1"
"75","42","177","1","00:15:37","100","206","1"
"280","244","232","1","00:15:37","143","251","1"
"58","73","54","1","00:15:38","100","49","1"
"57","227","215","1","00:15:38","100","206","1"
"13","156","89","1","00:15:39","300","150","1"
"76","21","92","1","00:15:39","457","49","0"
"76","34","189","1","00:15:39","457","206","0"
"249","248","331","1","00:15:39","457","49","1"
"101","53","10","1","00:15:40","100","206","0"
"78","31","99","1","00:15:40","300","150","1"
"78","30","173","1","00:15:40","457","49","0"
"42","17","332","1","00:15:41","353","227","1"
"101","116","334","1","00:15:41","457","49","1"
"227","97","117","1","00:15:42","300","150","0"
"1","76","187","1","00:15:42","457","49","1"
"57","1","237","1","00:15:42","300","150","1"
"78","142","34","1","00:15:43","100","206","1"
"32","16","190","1","00:15:43","300","150","0"
"76","57","222","1","00:15:43","100","49","1"
"101","63","10","1","00:15:44","100","206","0"
"23","27","20","1","00:15:44","300","150","0"
"142","23","31","1","00:15:44","457","49","0"
"98","42","60","1","00:15:44","203","27","0"
"86","57","71","1","00:15:44","300","150","1"
"31","21","149","1","00:15:44","203","27","1"
"23","73","153","1","00:15:44","300","150","1"
"75","1","45","1","00:15:45","300","150","1"
"195","89","204","1","00:15:45","100","49","1"
"4","23","207","1","00:15:45","457","206","0"
"125","35","36","1","00:15:46","397","273","1"
"57","21","160","1","00:15:46","100","206","1"
"227","34","211","1","00:15:46","247","273","1"
"89","4","231","1","00:15:46","247","273","0"
"88","15","19","1","00:15:47","457","49","1"
"39","231","146","1","00:15:47","300","150","1"
"114","23","131","1","00:15:48","457","206","0"
"76","32","158","1","00:15:48","100","49","1"
"78","57","171","1","00:15:48","457","49","0"
"57","31","172","1","00:15:48","143","251","1"
"61","192","264","1","00:15:48","300","150","1"
"65","27","47","1","00:15:49","100","206","0"
"21","76","210","1","00:15:49","100","49","1"
"34","23","24","1","00:15:50","300","150","0"
"23","78","38","1","00:15:50","457","206","0"
"49","97","95","1","00:15:50","457","49","1"
"21","75","136","1","00:15:50","100","206","1"
"1","21","147","1","00:15:50","203","227","1"
"21","4","181","1","00:15:51","300","150","0"
"61","73","238","1","00:15:51","457","49","0"
"39","231","146","1","00:15:52","457","206","0"
"31","23","149","1","00:15:52","203","227","0"
"39","57","254","1","00:15:52","100","206","1"
"21","4","262","1","00:15:52","203","227","0"
"89","73","263","1","00:15:52","500","94","0"
"34","75","114","1","00:15:53","500","94","0"
"76","31","174","1","00:15:53","100","49","1"
"23","101","208","1","00:15:53","100","206","1"
"30","78","87","1","00:15:54","353","27","1"
"205","316","232","1","00:15:54","143","94","1"
"57","78","127","1","00:15:55","300","150","0"
"57","183","151","1","00:15:55","100","206","1"
"280","224","240","1","00:15:55","100","49","0"
"23","49","252","1","00:15:55","100","49","1"
"81","88","22","1","00:15:56","457","49","1"
"57","23","31","1","00:15:56","457","206","1"
"4","78","162","1","00:15:56","457","49","0"
"195","101","233","1","00:15:56","100","49","1"
"97","89","246","1","00:15:56","457","206","1"
"280","248","330","1","00:15:56","143","94","1"
"274","88","254","1","00:15:57","100","206","1"
"35","183","332","1","00:15:57","353","227","0"
"98","42","60","1","00:15:58","457","206","0"
"75","57","72","1","00:15:58","353","27","0"
"1","21","109","1","00:15:58","457","49","1"
"13","21","98","1","00:15:59","457","49","0"
"224","195","160","1","00:15:59","300","150","1"
"15","65","255","1","00:15:59","457","206","1"
"57","42","39","1","00:16:00","457","49","0"
"109","23","94","1","00:16:00","100","206","0"
"116","49","97","1","00:16:00","457","206","0"
"76","23","195","1","00:16:00","457","206","0"
"34","78","259","1","00:16:00","500","251","1"
"61","81","3","1","00:16:01","100","206","0"
"81","75","17","1","00:16:01","457","49","0"
"35","57","53","1","00:16:01","247","273","1"
"73","227","104","1","00:16:01","143","94","1"
"224","316","261","1","00:16:01","143","94","0"
"78","34","48","1","00:16:02","100","49","1"
"97","51","55","1","00:16:02","100","206","1"
"34","183","179","1","00:16:02","100","49","1"
"195","224","181","1","00:16:02","247","73","1"
"35","30","9","1","00:16:03","100","206","1"
"57","183","151","1","00:16:03","100","206","0"
"212","34","104","1","00:16:04","143","94","0"
"97","1","123","1","00:16:04","100","206","0"
"227","78","143","1","00:16:04","143","94","1"
"42","30","161","1","00:16:04","100","206","1"
"34","1","234","1","00:16:04","143","251","1"
"75","73","263","1","00:16:04","500","94","0"
"97","34","124","1","00:16:05","300","150","0"
"31","88","254","1","00:16:05","100","206","1"
"88","37","26","1","00:16:06","143","251","0"
"78","73","29","1","00:16:06","300","150","0"
"23","75","88","1","00:16:06","100","49","0"
"89","183","145","1","00:16:07","100","49","0"
"23","31","175","1","00:16:07","300","150","1"
"35","97","102","1","00:16:08","300","150","0"
"30","88","260","1","00:16:08","300","150","1"
"227","4","231","1","00:16:10","300","150","1"
"57","227","135","1","00:16:11","500","94","1"
"39","76","138","1","00:16:11","457","206","0"
"86","47","164","1","00:16:11","300","150","0"
"34","31","46","1","00:16:12","143","251","1"
"27","57","49","1","00:16:12","457","206","0"
"21","4","132","1","00:16:12","203","227","0"
"217","1","151","1","00:16:12","300","150","1"
"4","23","207","1","00:16:12","100","206","0"
"285","248","217","1","00:16:12","500","94","0"
"35","21","247","1","00:16:12","457","49","0"
"224","76","261","1","00:16:12","143","94","1"
"78","101","251","1","00:16:13","100","206","1"
"125","1","105","1","00:16:14","300","150","0"
"57","34","135","1","00:16:15","500","94","0"
"23","31","175","1","00:16:15","100","206","0"
"31","21","247","1","00:16:15","457","49","1"
"30","248","331","1","00:16:15","100","206","0"
"78","4","171","1","00:16:16","353","227","1"
"34","183","179","1","00:16:16","353","227","1"
"245","61","243","1","00:16:16","300","150","0"
"35","30","9","1","00:16:17","100","206","1"
"65","35","21","1","00:16:17","457","49","1"
"35","101","5","1","00:16:18","143","94","0"
"39","1","121","1","00:16:18","100","49","1"
"39","4","176","1","00:16:18","457","49","1"
"249","21","331","1","00:16:18","100","49","1"
"31","23","58","1","00:16:19","100","206","1"
"21","13","96","1","00:16:19","100","206","0"
"31","224","103","1","00:16:19","300","150","1"
"57","195","144","1","00:16:19","100","206","0"
"224","31","172","1","00:16:19","143","94","0"
"31","57","197","1","00:16:19","457","49","0"
"183","45","269","1","00:16:19","203","27","1"
"57","21","15","1","00:16:20","100","49","0"
"86","231","164","1","00:16:20","100","49","1"
"23","31","175","1","00:16:20","100","49","1"
"88","23","191","1","00:16:20","457","206","1"
"23","15","230","1","00:16:20","457","49","1"
"34","15","56","1","00:16:21","100","206","1"
"76","21","63","1","00:16:21","457","206","1"
"49","98","64","1","00:16:21","100","206","1"
"78","21","95","1","00:16:21","300","150","0"
"31","183","180","1","00:16:21","457","206","1"
"57","31","188","1","00:16:21","457","206","1"
"101","21","219","1","00:16:21","100","49","1"
"21","76","90","1","00:16:22","300","150","0"
"190","40","265","1","00:16:22","100","206","1"
"4","78","69","1","00:16:23","457","49","0"
"30","73","232","1","00:16:23","247","273","0"
"23","89","203","1","00:16:24","300","150","0"
"101","189","219","1","00:16:24","100","49","1"
"30","190","256","1","00:16:24","300","150","1"
"34","227","266","1","00:16:24","143","251","0"
"88","156","62","1","00:16:25","457","206","1"
"13","97","98","1","00:16:25","100","206","1"
"31","224","103","1","00:16:25","457","206","1"
"30","57","199","1","00:16:25","457","206","0"
"57","42","39","1","00:16:26","100","206","1"
"57","101","41","1","00:16:26","457","206","0"
"75","78","52","1","00:16:26","457","49","0"
"1","23","109","1","00:16:26","457","206","1"
"244","88","222","1","00:16:26","457","49","0"
"30","34","240","1","00:16:26","100","49","0"
"31","21","247","1","00:16:26","457","49","0"
"30","55","37","1","00:16:27","457","49","1"
"20","86","51","1","00:16:27","457","49","0"
"75","103","63","1","00:16:27","100","206","1"
"195","88","115","1","00:16:27","457","49","1"
"75","23","195","1","00:16:27","100","206","1"
"57","31","201","1","00:16:27","100","206","0"
"248","58","226","1","00:16:27","500","251","1"
"156","57","49","1","00:16:28","457","49","1"
"189","39","119","1","00:16:28","100","206","1"
"1","89","184","1","00:16:28","300","150","0"
"78","42","157","1","00:16:29","203","27","0"
"76","195","159","1","00:16:29","300","150","0"
"75","98","116","1","00:16:30","457","206","0"
"76","31","158","1","00:16:30","457","49","0"
"138","101","229","1","00:16:30","500","94","0"
"224","4","236","1","00:16:30","143","94","1"
"78","57","251","1","00:16:30","100","49","1"
"30","58","22","1","00:16:31","100","206","0"
"42","92","73","1","00:16:31","457","206","1"
"125","103","92","1","00:16:31","457","206","0"
"227","78","143","1","00:16:31","143","94","0"
"57","227","249","1","00:16:31","300","150","0"
"191","61","262","1","00:16:31","100","49","1"
"21","30","55","1","00:16:32","457","206","1"
"58","105","59","1","00:16:32","100","49","0"
"34","26","35","1","00:16:33","143","94","1"
"23","42","51","1","00:16:33","100","206","1"
"103","65","88","1","00:16:33","100","49","0"
"31","73","267","1","00:16:33","300","150","0"
"98","23","156","1","00:16:34","457","206","0"
"73","4","227","1","00:16:34","300","150","1"
"4","39","48","1","00:16:35","100","206","0"
"34","4","165","1","00:16:35","500","94","1"
"201","76","166","1","00:16:35","100","206","0"
"244","15","218","1","00:16:35","100","206","0"
"138","101","229","1","00:16:35","500","251","0"
"81","116","33","1","00:16:36","353","27","0"
"75","23","111","1","00:16:36","100","206","0"
"1","34","112","1","00:16:36","203","227","1"
"1","31","173","1","00:16:36","300","150","0"
"248","206","223","1","00:16:36","300","150","0"
"156","142","49","1","00:16:37","457","49","1"
"183","75","187","1","00:16:37","457","49","0"
"78","73","255","1","00:16:37","100","206","0"
"97","34","107","1","00:16:38","457","49","1"
"31","58","22","1","00:16:39","100","206","1"
"65","30","174","1","00:16:39","353","27","1"
"23","78","50","1","00:16:40","457","206","1"
"1","156","64","1","00:16:40","300","150","0"
"30","205","146","1","00:16:41","300","150","0"
"31","57","199","1","00:16:41","100","49","0"
"58","34","268","1","00:16:41","457","206","1"
"97","142","44","1","00:16:42","457","206","0"
"49","30","221","1","00:16:42","500","94","0"
"183","34","250","1","00:16:42","100","49","1"
"42","76","5","1","00:16:43","247","73","1"
"23","42","186","1","00:16:43","100","49","1"
"58","1","19","1","00:16:44","457","49","1"
"73","161","72","1","00:16:44","457","206","1"
"1","75","187","1","00:16:44","353","227","0"
"75","23","92","1","00:16:45","100","206","1"
"76","21","159","1","00:16:45","457","49","0"
"73","42","164","1","00:16:45","457","206","1"
"97","101","209","1","00:16:45","100","206","1"
"21","30","20","1","00:16:46","300","150","1"
"42","97","73","1","00:16:46","100","206","1"
"227","76","114","1","00:16:46","500","251","1"
"195","89","153","1","00:16:46","300","150","1"
"42","30","141","1","00:16:47","143","94","1"
"183","97","147","1","00:16:47","100","206","0"
"57","227","167","1","00:16:48","300","150","1"
"42","114","253","1","00:16:48","100","206","0"
"78","30","269","1","00:16:48","203","227","0"
"220","76","334","1","00:16:48","457","49","1"
"34","30","46","1","00:16:49","300","150","1"
"31","35","13","1","00:16:50","300","150","0"
"81","88","49","1","00:16:50","100","206","1"
"34","142","53","1","00:16:50","500","251","1"
"98","109","87","1","00:16:50","300","150","1"
"39","224","176","1","00:16:50","457","206","0"
"195","73","210","1","00:16:50","300","150","0"
"31","21","58","1","00:16:51","100","206","1"
"88","78","101","1","00:16:51","500","94","0"
"78","101","185","1","00:16:51","100","206","1"
"4","31","188","1","00:16:51","100","206","1"
"45","269","330","1","00:16:51","500","251","1"
"20","101","40","1","00:16:52","100","206","0"
"191","212","100","1","00:16:52","100","206","1"
"75","49","105","1","00:16:52","300","150","1"
"76","21","196","1","00:16:52","100","206","0"
"101","189","207","1","00:16:52","300","150","1"
"81","1","42","1","00:16:54","353","27","0"
"78","156","64","1","00:16:54","457","206","1"
"97","78","70","1","00:16:54","100","206","1"
"189","183","123","1","00:16:54","100","49","1"
"57","42","167","1","00:16:54","100","49","0"
"27","1","11","1","00:16:55","100","49","1"
"23","156","55","1","00:16:55","100","49","1"
"98","1","87","1","00:16:55","353","227","0"
"13","23","95","1","00:16:55","457","49","1"
"101","21","191","1","00:16:55","457","206","1"
"23","34","51","1","00:16:56","100","49","1"
"34","97","73","1","00:16:56","100","206","1"
"34","157","161","1","00:16:56","457","206","1"
"101","110","162","1","00:16:56","457","206","1"
"61","21","247","1","00:16:57","100","206","1"
"97","78","70","1","00:16:58","300","150","1"
"39","58","103","1","00:16:58","203","227","1"
"1","75","187","1","00:16:58","100","49","0"
"39","16","190","1","00:16:58","100","206","1"
"13","31","89","1","00:17:00","457","49","0"
"191","212","100","1","00:17:00","457","206","1"
"88","89","249","1","00:17:00","300","150","0"
"31","101","264","1","00:17:00","203","227","1"
"31","55","37","1","00:17:01","100","206","1"
"23","61","169","1","00:17:01","100","49","0"
"34","97","259","1","00:17:02","300","150","1"
"58","23","15","1","00:17:03","457","206","0"
"78","97","94","1","00:17:03","457","49","0"
"30","49","121","1","00:17:03","457","206","1"
"1","190","225","1","00:17:03","300","150","0"
"31","227","253","1","00:17:03","353","27","1"
"75","23","92","1","00:17:05","457","49","0"
"23","316","210","1","00:17:05","300","150","1"
"23","73","8","1","00:17:06","353","27","1"
"100","217","222","1","00:17:06","100","49","0"
"31","34","13","1","00:17:07","300","150","0"
"31","89","138","1","00:17:07","300","150","0"
"4","39","188","1","00:17:07","100","206","0"
"269","220","270","1","00:17:07","300","150","0"
"73","42","36","1","00:17:08","143","94","0"
"32","78","180","1","00:17:08","457","49","1"
"78","86","184","1","00:17:08","143","251","1"
"205","31","258","1","00:17:08","353","27","0"
"57","42","167","1","00:17:09","100","206","1"
"23","65","136","1","00:17:10","100","49","1"
"227","57","165","1","00:17:10","500","94","1"
"89","138","211","1","00:17:10","143","251","1"
"4","30","214","1","00:17:10","100","206","1"
"78","76","255","1","00:17:10","203","27","0"
"88","115","31","1","00:17:11","457","206","1"
"4","73","224","1","00:17:11","100","206","1"
"15","34","16","1","00:17:12","300","150","0"
"97","57","209","1","00:17:12","457","49","0"
"248","190","239","1","00:17:12","500","251","1"
"65","75","257","1","00:17:12","100","49","1"
"81","1","11","1","00:17:13","457","206","1"
"13","35","32","1","00:17:13","457","49","0"
"35","30","46","1","00:17:13","500","251","0"
"20","86","51","1","00:17:13","203","227","0"
"1","101","171","1","00:17:13","100","49","0"
"138","21","216","1","00:17:13","397","73","0"
"4","116","59","1","00:17:14","300","150","1"
"13","23","95","1","00:17:14","457","206","0"
"89","31","174","1","00:17:14","457","49","0"
"97","210","203","1","00:17:14","457","49","0"
"34","73","5","1","00:17:15","500","94","0"
"34","23","24","1","00:17:15","143","251","1"
"227","76","150","1","00:17:15","500","94","0"
"58","89","215","1","00:17:15","100","49","1"
"30","76","232","1","00:17:15","500","251","1"
"224","1","234","1","00:17:15","143","251","0"
"30","88","22","1","00:17:16","300","150","0"
"101","39","188","1","00:17:16","100","206","0"
"285","42","243","1","00:17:16","500","94","0"
"1","31","64","1","00:17:17","100","206","0"
"21","35","107","1","00:17:17","100","206","1"
"31","227","146","1","00:17:17","353","27","1"
"224","35","155","1","00:17:17","457","49","0"
"30","138","240","1","00:17:17","143","251","1"
"34","1","259","1","00:17:17","143","94","1"
"4","1","337","1","00:17:17","100","206","0"
"244","58","235","1","00:17:18","100","206","1"
"97","58","28","1","00:17:19","203","227","0"
"78","65","57","1","00:17:19","353","27","0"
"13","23","95","1","00:17:19","457","206","0"
"39","224","106","1","00:17:20","457","206","1"
"31","4","137","1","00:17:20","203","227","1"
"58","116","336","1","00:17:20","457","49","1"
"103","30","6","1","00:17:21","300","150","0"
"34","58","53","1","00:17:21","500","251","1"
"73","227","104","1","00:17:21","397","73","1"
"42","1","148","1","00:17:21","143","251","1"
"78","42","139","1","00:17:22","100","206","1"
"227","30","223","1","00:17:22","500","94","0"
"23","248","270","1","00:17:22","457","49","1"
"78","224","250","1","00:17:23","300","150","0"
"23","75","136","1","00:17:24","100","49","1"
"23","125","181","1","00:17:24","300","150","0"
"23","34","186","1","00:17:24","457","49","0"
"61","65","267","1","00:17:24","457","206","1"
"15","31","27","1","00:17:25","100","49","0"
"125","78","118","1","00:17:26","457","49","0"
"316","39","227","1","00:17:26","100","49","0"
"23","81","55","1","00:17:27","100","49","0"
"149","142","71","1","00:17:27","100","206","1"
"31","227","110","1","00:17:27","300","150","1"
"205","31","141","1","00:17:27","500","94","0"
"75","49","211","1","00:17:27","397","273","1"
"76","34","2","1","00:17:28","203","227","0"
"75","205","177","1","00:17:28","100","206","0"
"65","89","257","1","00:17:28","203","27","1"
"58","21","15","1","00:17:29","100","49","1"
"78","98","20","1","00:17:29","247","73","0"
"57","31","62","1","00:17:29","100","49","1"
"86","78","145","1","00:17:29","457","49","0"
"58","248","215","1","00:17:29","100","206","0"
"227","30","223","1","00:17:29","500","94","1"
"125","1","127","1","00:17:30","203","227","1"
"57","23","160","1","00:17:30","203","227","1"
"88","15","237","1","00:17:30","457","206","0"
"21","91","252","1","00:17:30","203","227","1"
"21","73","8","1","00:17:31","100","206","0"
"57","35","26","1","00:17:31","500","94","1"
"115","101","40","1","00:17:31","100","49","0"
"39","4","53","1","00:17:31","300","150","0"
"57","76","178","1","00:17:31","500","251","0"
"78","86","184","1","00:17:31","143","251","1"
"35","58","264","1","00:17:31","100","206","0"
"58","1","69","1","00:17:32","457","206","1"
"97","100","203","1","00:17:32","300","150","0"
"97","101","208","1","00:17:32","100","206","1"
"15","31","27","1","00:17:33","203","27","0"
"75","23","86","1","00:17:33","100","206","0"
"49","42","112","1","00:17:34","100","206","1"
"78","31","163","1","00:17:34","100","206","0"
"57","23","191","1","00:17:34","457","206","0"
"72","39","201","1","00:17:34","353","27","0"
"88","34","268","1","00:17:34","100","206","0"
"42","1","143","1","00:17:35","143","94","0"
"4","34","167","1","00:17:35","300","150","1"
"4","23","206","1","00:17:35","457","49","1"
"31","88","22","1","00:17:36","100","206","1"
"75","78","25","1","00:17:36","457","206","1"
"16","73","29","1","00:17:36","100","49","0"
"227","214","114","1","00:17:36","500","251","1"
"125","78","118","1","00:17:36","457","49","0"
"227","78","148","1","00:17:36","143","94","1"
"34","183","179","1","00:17:36","457","49","0"
"21","30","6","1","00:17:37","457","49","1"
"57","1","19","1","00:17:37","300","150","0"
"35","1","68","1","00:17:37","143","251","0"
"195","1","230","1","00:17:37","457","49","1"
"245","76","232","1","00:17:37","300","150","0"
"157","69","67","1","00:17:38","100","206","1"
"75","23","196","1","00:17:38","457","49","1"
"205","138","240","1","00:17:38","143","251","0"
"316","34","245","1","00:17:38","457","49","0"
"205","31","258","1","00:17:38","457","49","0"
"89","31","30","1","00:17:39","100","49","0"
"78","23","98","1","00:17:39","100","49","1"
"57","34","155","1","00:17:39","300","150","1"
"89","206","223","1","00:17:39","300","150","0"
"42","21","24","1","00:17:40","247","73","1"
"35","76","114","1","00:17:40","247","273","0"
"89","88","140","1","00:17:40","457","49","1"
"4","280","214","1","00:17:40","457","49","0"
"21","57","44","1","00:17:41","100","206","1"
"142","31","62","1","00:17:41","457","49","0"
"23","78","96","1","00:17:41","300","150","1"
"35","98","141","1","00:17:41","500","251","0"
"209","205","177","1","00:17:41","457","49","0"
"75","224","211","1","00:17:41","300","150","0"
"89","31","231","1","00:17:41","143","251","1"
"34","76","5","1","00:17:42","500","251","1"
"31","23","33","1","00:17:42","300","150","1"
"34","57","120","1","00:17:42","500","94","0"
"76","227","164","1","00:17:42","300","150","1"
"23","34","252","1","00:17:42","300","150","1"
"34","214","114","1","00:17:43","457","49","1"
"88","39","172","1","00:17:43","143","251","0"
"75","34","333","1","00:17:43","500","94","1"
"76","30","47","1","00:17:44","100","49","1"
"76","97","92","1","00:17:44","300","150","1"
"4","97","144","1","00:17:44","203","227","1"
"42","116","161","1","00:17:44","457","49","1"
"21","57","44","1","00:17:45","353","227","0"
"39","97","149","1","00:17:45","300","150","1"
"125","88","72","1","00:17:46","457","49","0"
"97","49","97","1","00:17:46","300","150","1"
"195","42","107","1","00:17:46","300","150","1"
"88","34","268","1","00:17:46","100","206","0"
"15","30","269","1","00:17:46","100","206","1"
"16","39","213","1","00:17:47","100","49","0"
"30","15","11","1","00:17:48","203","227","1"
"1","75","133","1","00:17:48","300","150","0"
"105","34","51","1","00:17:49","100","206","0"
"76","34","245","1","00:17:49","457","49","0"
"65","78","45","1","00:17:50","100","206","1"
"125","88","72","1","00:17:50","457","49","0"
"31","78","87","1","00:17:50","457","49","0"
"227","21","117","1","00:17:51","143","94","0"
"4","280","214","1","00:17:51","457","49","1"
"15","21","225","1","00:17:51","100","206","1"
"189","75","270","1","00:17:51","457","206","1"
"1","156","27","1","00:17:52","457","49","1"
"81","105","58","1","00:17:52","300","150","0"
"190","316","210","1","00:17:52","100","206","1"
"34","31","46","1","00:17:53","500","94","0"
"35","1","68","1","00:17:53","500","94","0"
"88","31","201","1","00:17:53","300","150","1"
"57","280","212","1","00:17:53","457","206","0"
"75","313","263","1","00:17:53","500","251","1"
"15","280","269","1","00:17:53","100","49","0"
"75","78","25","1","00:17:54","203","227","1"
"98","1","85","1","00:17:54","457","49","0"
"34","91","102","1","00:17:54","300","150","1"
"75","88","140","1","00:17:54","500","94","0"
"57","31","152","1","00:17:54","300","150","0"
"138","313","261","1","00:17:54","143","251","1"
"39","88","197","1","00:17:55","457","49","0"
"58","76","18","1","00:17:56","300","150","1"
"30","75","66","1","00:17:56","500","94","0"
"195","42","107","1","00:17:56","300","150","0"
"78","88","113","1","00:17:56","457","49","1"
"76","31","116","1","00:17:56","100","49","0"
"58","76","178","1","00:17:57","143","94","0"
"89","53","226","1","00:17:57","500","251","0"
"75","23","84","1","00:17:58","457","49","1"
"183","89","246","1","00:17:58","300","150","0"
"58","76","18","1","00:17:59","457","206","1"
"4","42","155","1","00:17:59","100","206","0"
"138","227","170","1","00:17:59","300","150","0"
"57","21","207","1","00:17:59","457","49","0"
"97","76","8","1","00:18:00","300","150","0"
"76","88","122","1","00:18:00","457","49","0"
"183","39","173","1","00:18:00","457","49","1"
"30","75","66","1","00:18:01","500","94","0"
"49","97","109","1","00:18:01","457","206","1"
"227","214","114","1","00:18:01","100","49","1"
"76","21","142","1","00:18:01","353","27","1"
"31","75","166","1","00:18:01","353","27","0"
"23","39","262","1","00:18:01","100","49","0"
"21","75","270","1","00:18:01","100","49","1"
"76","34","21","1","00:18:02","100","49","1"
"57","97","31","1","00:18:02","457","49","1"
"31","142","106","1","00:18:02","100","206","1"
"58","89","215","1","00:18:02","457","49","1"
"280","224","240","1","00:18:02","300","150","0"
"156","105","58","1","00:18:03","457","206","1"
"30","73","154","1","00:18:03","203","27","0"
"224","89","266","1","00:18:03","500","94","0"
"30","191","331","1","00:18:03","100","49","0"
"109","86","48","1","00:18:05","457","49","0"
"30","42","60","1","00:18:05","457","206","0"
"1","231","157","1","00:18:05","457","206","0"
"73","138","245","1","00:18:05","457","49","1"
"76","21","25","1","00:18:06","100","49","0"
"23","88","44","1","00:18:06","457","49","0"
"13","21","98","1","00:18:06","203","27","1"
"101","231","135","1","00:18:06","143","94","0"
"42","86","150","1","00:18:06","247","273","0"
"1","89","246","1","00:18:06","100","206","0"
"65","42","2","1","00:18:07","100","206","0"
"76","97","63","1","00:18:07","457","49","0"
"57","78","69","1","00:18:07","457","206","1"
"316","269","241","1","00:18:07","353","227","0"
"190","34","252","1","00:18:07","457","49","0"
"4","183","127","1","00:18:08","100","49","0"
"76","34","189","1","00:18:08","300","150","1"
"66","23","196","1","00:18:08","100","206","1"
"34","23","216","1","00:18:08","300","150","0"
"23","35","12","1","00:18:09","100","206","0"
"27","65","17","1","00:18:09","300","150","0"
"23","57","132","1","00:18:09","457","49","1"
"89","231","177","1","00:18:09","100","49","1"
"61","206","214","1","00:18:09","100","206","1"
"34","191","102","1","00:18:10","353","27","1"
"76","21","142","1","00:18:10","203","227","0"
"183","138","250","1","00:18:10","100","49","0"
"31","316","267","1","00:18:10","203","27","0"
"42","57","53","1","00:18:11","143","94","1"
"183","31","163","1","00:18:11","100","49","1"
"58","248","249","1","00:18:11","100","49","0"
"23","78","50","1","00:18:12","300","150","1"
"30","75","66","1","00:18:12","500","251","1"
"76","81","30","1","00:18:13","100","206","0"
"78","76","133","1","00:18:13","353","227","0"
"39","76","138","1","00:18:13","100","206","1"
"76","78","145","1","00:18:13","457","49","0"
"30","227","217","1","00:18:13","300","150","0"
"32","58","254","1","00:18:13","100","206","0"
"42","31","46","1","00:18:14","500","251","0"
"58","23","191","1","00:18:14","100","49","0"
"280","58","260","1","00:18:14","500","251","0"
"97","76","8","1","00:18:15","100","49","1"
"88","75","54","1","00:18:15","100","206","0"
"39","88","137","1","00:18:15","300","150","0"
"4","316","238","1","00:18:15","300","150","0"
"34","31","35","1","00:18:16","143","94","1"
"66","80","47","1","00:18:16","100","206","0"
"30","88","49","1","00:18:16","457","49","0"
"183","138","250","1","00:18:16","100","49","1"
"16","73","255","1","00:18:16","353","227","0"
"35","57","71","1","00:18:17","457","49","1"
"76","97","86","1","00:18:17","100","49","1"
"101","183","151","1","00:18:17","457","206","1"
"78","23","225","1","00:18:17","300","150","1"
"248","88","226","1","00:18:17","397","73","0"
"49","69","57","1","00:18:18","457","206","0"
"78","21","98","1","00:18:18","100","49","1"
"97","76","8","1","00:18:19","100","49","1"
"42","15","56","1","00:18:19","457","49","1"
"73","88","122","1","00:18:19","300","150","1"
"23","39","262","1","00:18:19","100","206","1"
"75","76","263","1","00:18:19","143","94","0"
"49","98","64","1","00:18:20","457","206","1"
"34","195","102","1","00:18:20","300","150","0"
"40","4","120","1","00:18:20","500","94","0"
"57","75","129","1","00:18:20","457","49","0"
"97","58","251","1","00:18:20","457","206","1"
"206","21","331","1","00:18:20","100","206","1"
"31","78","337","1","00:18:20","457","206","1"
"34","1","56","1","00:18:21","203","227","1"
"97","1","126","1","00:18:22","457","49","1"
"4","78","127","1","00:18:22","457","49","1"
"57","34","155","1","00:18:22","203","27","1"
"89","195","159","1","00:18:22","100","206","0"
"30","34","240","1","00:18:23","300","150","0"
"31","1","87","1","00:18:24","203","227","0"
"89","181","105","1","00:18:24","100","206","1"
"31","75","166","1","00:18:24","457","49","0"
"57","31","200","1","00:18:24","100","206","0"
"58","45","212","1","00:18:24","457","49","1"
"31","58","264","1","00:18:24","100","206","0"
"89","39","231","1","00:18:25","500","94","1"
"13","156","89","1","00:18:26","203","27","1"
"30","4","106","1","00:18:26","100","49","1"
"34","195","216","1","00:18:26","500","94","0"
"78","227","112","1","00:18:27","300","150","0"
"227","30","161","1","00:18:27","300","150","1"
"30","57","197","1","00:18:27","457","206","1"
"30","89","242","1","00:18:27","500","94","0"
"190","205","265","1","00:18:28","300","150","0"
"206","21","331","1","00:18:28","100","49","0"
"34","86","150","1","00:18:29","247","73","0"
"210","97","196","1","00:18:29","457","206","1"
"57","89","215","1","00:18:29","457","49","0"
"189","227","186","1","00:18:30","100","49","1"
"42","57","53","1","00:18:31","143","94","1"
"81","73","66","1","00:18:31","500","94","0"
"31","1","85","1","00:18:31","100","206","0"
"97","13","96","1","00:18:31","457","206","0"
"23","57","208","1","00:18:31","100","49","0"
"87","247","330","1","00:18:31","247","73","0"
"23","30","6","1","00:18:32","100","49","0"
"49","69","57","1","00:18:32","457","49","1"
"205","75","114","1","00:18:32","143","94","1"
"4","21","160","1","00:18:32","100","206","1"
"30","76","166","1","00:18:32","457","49","1"
"30","23","256","1","00:18:32","300","150","0"
"88","23","31","1","00:18:33","300","150","0"
"30","76","67","1","00:18:33","100","206","0"
"34","88","229","1","00:18:33","500","251","0"
"76","78","118","1","00:18:34","457","49","0"
"30","205","146","1","00:18:34","300","150","1"
"195","89","204","1","00:18:35","100","206","1"
"88","97","206","1","00:18:35","300","150","0"
"98","23","58","1","00:18:36","457","49","0"
"42","4","120","1","00:18:36","143","94","1"
"89","49","145","1","00:18:36","353","227","0"
"78","98","64","1","00:18:37","100","206","1"
"101","142","72","1","00:18:37","100","49","1"
"1","195","147","1","00:18:37","100","49","0"
"189","227","186","1","00:18:37","100","206","0"
"34","15","234","1","00:18:37","143","251","1"
"35","97","24","1","00:18:38","143","251","1"
"110","21","95","1","00:18:38","457","49","1"
"78","42","157","1","00:18:38","457","49","0"
"31","57","197","1","00:18:38","457","206","1"
"195","89","204","1","00:18:38","100","206","1"
"88","1","69","1","00:18:39","100","49","1"
"65","30","116","1","00:18:39","300","150","0"
"34","86","150","1","00:18:39","143","94","0"
"76","227","177","1","00:18:39","300","150","1"
"227","34","211","1","00:18:39","500","94","1"
"78","114","163","1","00:18:40","100","206","1"
"76","42","164","1","00:18:40","457","206","1"
"78","4","185","1","00:18:40","100","49","0"
"21","97","230","1","00:18:40","100","206","1"
"30","1","87","1","00:18:41","457","49","0"
"78","227","112","1","00:18:41","300","150","1"
"57","227","167","1","00:18:41","100","49","0"
"31","78","190","1","00:18:41","457","206","1"
"97","227","246","1","00:18:41","353","227","0"
"1","156","64","1","00:18:42","300","150","1"
"205","1","148","1","00:18:42","397","273","1"
"201","78","180","1","00:18:42","457","49","0"
"78","73","255","1","00:18:42","100","206","1"
"15","86","16","1","00:18:43","457","206","1"
"35","76","61","1","00:18:43","203","27","1"
"53","78","101","1","00:18:43","500","94","0"
"21","89","136","1","00:18:43","100","49","1"
"30","21","149","1","00:18:43","300","150","1"
"57","34","155","1","00:18:43","353","27","1"
"248","30","223","1","00:18:43","300","150","0"
"4","73","238","1","00:18:43","457","49","1"
"21","36","252","1","00:18:43","457","206","1"
"91","75","266","1","00:18:43","300","150","0"
"73","15","218","1","00:18:44","100","206","1"
"73","205","248","1","00:18:44","457","49","1"
"39","57","254","1","00:18:44","300","150","0"
"97","73","8","1","00:18:45","457","49","0"
"30","42","146","1","00:18:45","457","49","1"
"105","65","40","1","00:18:46","457","206","0"
"16","97","4","1","00:18:47","100","206","1"
"30","116","33","1","00:18:47","203","27","1"
"35","81","35","1","00:18:47","300","150","0"
"30","34","170","1","00:18:47","457","49","1"
"195","76","204","1","00:18:47","300","150","0"
"57","227","249","1","00:18:47","100","206","1"
"30","35","13","1","00:18:48","457","206","0"
"78","34","48","1","00:18:48","100","49","1"
"116","1","121","1","00:18:49","203","27","0"
"23","1","123","1","00:18:49","457","206","1"
"21","73","136","1","00:18:49","100","49","0"
"57","11","160","1","00:18:49","100","49","0"
"57","227","167","1","00:18:49","300","150","1"
"75","227","177","1","00:18:49","203","227","0"
"1","23","225","1","00:18:49","100","206","0"
"76","39","227","1","00:18:49","100","49","0"
"42","189","247","1","00:18:49","100","49","1"
"280","4","258","1","00:18:49","457","49","1"
"30","58","22","1","00:18:50","457","49","1"
"75","31","30","1","00:18:50","100","49","1"
"76","34","164","1","00:18:50","457","206","0"
"21","4","181","1","00:18:50","500","251","1"
"227","34","211","1","00:18:50","500","94","1"
"73","195","241","1","00:18:50","100","206","0"
"286","73","336","1","00:18:50","457","49","0"
"57","75","54","1","00:18:51","100","206","1"
"4","32","200","1","00:18:51","100","206","0"
"1","31","213","1","00:18:51","457","49","0"
"1","34","250","1","00:18:51","457","49","0"
"15","33","16","1","00:18:52","457","49","0"
"76","21","63","1","00:18:52","457","206","1"
"16","97","4","1","00:18:53","100","49","1"
"33","1","56","1","00:18:53","457","206","0"
"57","97","191","1","00:18:53","203","227","0"
"35","16","337","1","00:18:53","457","206","0"
"73","1","45","1","00:18:54","100","206","0"
"34","75","114","1","00:18:54","300","150","0"
"31","23","131","1","00:18:54","100","49","0"
"206","191","331","1","00:18:54","457","49","1"
"75","16","52","1","00:18:55","353","27","0"
"42","101","61","1","00:18:55","203","227","0"
"73","35","2","1","00:18:56","100","49","0"
"21","31","6","1","00:18:56","100","49","0"
"78","75","29","1","00:18:56","100","206","1"
"30","76","66","1","00:18:56","500","94","1"
"21","13","97","1","00:18:56","100","49","1"
"42","206","214","1","00:18:56","100","206","1"
"34","4","236","1","00:18:56","300","150","1"
"16","103","4","1","00:18:57","300","150","1"
"76","30","47","1","00:18:57","100","49","1"
"21","78","96","1","00:18:57","457","49","0"
"110","89","184","1","00:18:57","300","150","0"
"89","224","335","1","00:18:57","143","94","0"
"34","65","5","1","00:18:58","500","94","0"
"53","75","108","1","00:18:59","457","49","0"
"89","23","142","1","00:18:59","457","206","0"
"21","78","96","1","00:19:00","300","150","0"
"31","89","166","1","00:19:00","353","27","1"
"35","89","253","1","00:19:00","457","49","1"
"42","97","332","1","00:19:00","100","206","1"
"57","101","54","1","00:19:01","100","206","0"
"57","1","69","1","00:19:01","300","150","0"
"57","227","135","1","00:19:01","500","94","0"
"75","21","63","1","00:19:02","457","49","1"
"57","23","160","1","00:19:02","457","206","1"
"206","248","217","1","00:19:02","143","94","0"
"73","280","248","1","00:19:02","457","49","0"
"78","205","269","1","00:19:02","100","206","0"
"23","65","40","1","00:19:03","300","150","0"
"75","78","105","1","00:19:03","457","206","1"
"42","78","148","1","00:19:03","143","251","0"
"73","195","241","1","00:19:03","100","206","1"
"78","31","89","1","00:19:04","203","27","1"
"88","76","108","1","00:19:04","300","150","1"
"31","23","131","1","00:19:04","100","206","1"
"21","4","132","1","00:19:04","457","49","0"
"16","34","139","1","00:19:04","457","206","0"
"101","98","201","1","00:19:04","100","49","1"
"75","138","211","1","00:19:04","300","150","1"
"224","21","216","1","00:19:04","143","251","1"
"248","190","239","1","00:19:04","500","251","1"
"280","34","240","1","00:19:04","100","206","0"
"34","76","61","1","00:19:05","203","227","1"
"21","78","96","1","00:19:05","300","150","0"
"89","42","189","1","00:19:05","457","49","0"
"39","58","254","1","00:19:05","457","206","0"
"42","97","117","1","00:19:06","143","94","1"
"78","86","187","1","00:19:06","100","206","1"
"57","195","219","1","00:19:06","457","206","0"
"76","23","25","1","00:19:07","300","150","0"
"23","13","97","1","00:19:07","203","27","0"
"34","75","114","1","00:19:07","500","94","0"
"23","78","126","1","00:19:07","457","206","1"
"78","75","29","1","00:19:08","100","206","0"
"23","86","51","1","00:19:08","457","206","1"
"75","1","52","1","00:19:08","457","206","0"
"15","142","113","1","00:19:08","457","206","0"
"4","76","129","1","00:19:08","457","206","1"
"23","34","124","1","00:19:09","457","49","1"
"1","30","163","1","00:19:09","300","150","0"
"101","98","201","1","00:19:09","100","206","0"
"76","23","63","1","00:19:10","457","49","0"
"42","1","179","1","00:19:10","300","150","0"
"97","16","50","1","00:19:11","457","206","1"
"61","73","238","1","00:19:11","457","49","1"
"101","116","334","1","00:19:11","457","206","1"
"109","34","48","1","00:19:12","100","206","1"
"23","78","96","1","00:19:12","457","206","0"
"31","224","103","1","00:19:12","300","150","1"
"34","61","236","1","00:19:13","143","251","1"
"58","78","237","1","00:19:13","457","49","1"
"23","209","270","1","00:19:13","100","49","1"
"23","75","88","1","00:19:14","457","206","0"
"280","21","256","1","00:19:14","247","273","0"
"101","227","155","1","00:19:15","100","49","0"
"78","30","64","1","00:19:16","203","227","0"
"156","109","85","1","00:19:16","100","49","1"
"86","21","159","1","00:19:16","457","49","0"
"1","4","185","1","00:19:16","100","206","1"
"39","16","190","1","00:19:16","457","49","0"
"42","183","332","1","00:19:16","100","49","0"
"88","34","39","1","00:19:17","457","49","0"
"78","55","65","1","00:19:17","300","150","1"
"23","13","97","1","00:19:17","203","27","0"
"78","34","112","1","00:19:17","300","150","1"
"245","31","243","1","00:19:17","143","251","0"
"42","23","43","1","00:19:18","100","49","0"
"21","138","168","1","00:19:18","100","206","1"
"21","86","169","1","00:19:18","457","49","0"
"15","4","213","1","00:19:18","353","227","0"
"76","23","92","1","00:19:20","457","49","0"
"224","1","151","1","00:19:20","457","206","1"
"227","78","179","1","00:19:20","457","49","0"
"156","109","85","1","00:19:21","100","49","1"
"76","39","116","1","00:19:21","300","150","1"
"227","220","226","1","00:19:21","500","251","0"
"15","81","99","1","00:19:22","397","273","1"
"31","224","103","1","00:19:22","300","150","1"
"42","97","117","1","00:19:22","500","94","1"
"190","30","119","1","00:19:22","300","150","1"
"39","231","146","1","00:19:22","100","206","0"
"217","30","212","1","00:19:22","203","27","1"
"23","34","252","1","00:19:22","457","206","1"
"16","42","16","1","00:19:23","300","150","1"
"30","57","49","1","00:19:23","300","150","0"
"75","23","84","1","00:19:23","457","49","0"
"39","78","121","1","00:19:23","300","150","1"
"16","34","139","1","00:19:23","457","49","0"
"39","13","190","1","00:19:23","457","206","1"
"75","78","52","1","00:19:24","457","206","0"
"57","34","135","1","00:19:24","500","94","1"
"78","30","163","1","00:19:24","300","150","1"
"57","76","178","1","00:19:24","143","251","1"
"13","76","261","1","00:19:24","143","94","0"
"1","31","64","1","00:19:25","100","49","0"
"42","138","161","1","00:19:25","457","206","1"
"76","21","196","1","00:19:25","100","49","1"
"73","58","235","1","00:19:25","457","49","1"
"58","138","268","1","00:19:25","457","206","1"
"1","57","185","1","00:19:26","100","49","1"
"280","65","232","1","00:19:26","500","251","0"
"88","34","39","1","00:19:27","300","150","0"
"23","76","40","1","00:19:27","457","49","1"
"21","86","169","1","00:19:27","353","227","1"
"34","58","229","1","00:19:27","143","251","1"
"21","30","265","1","00:19:27","100","49","1"
"30","13","42","1","00:19:28","300","150","0"
"101","227","155","1","00:19:28","100","206","0"
"30","138","240","1","00:19:28","300","150","0"
"217","20","244","1","00:19:28","457","49","0"
"86","105","73","1","00:19:29","353","227","1"
"31","57","137","1","00:19:29","100","206","1"
"75","57","140","1","00:19:29","300","150","1"
"227","78","148","1","00:19:29","500","94","1"
"23","1","230","1","00:19:29","457","206","0"
"42","76","238","1","00:19:29","100","49","0"
"30","31","258","1","00:19:29","300","150","0"
"34","23","24","1","00:19:31","143","251","0"
"78","35","32","1","00:19:31","100","206","1"
"42","105","43","1","00:19:31","100","49","1"
"23","65","90","1","00:19:31","203","227","0"
"116","78","38","1","00:19:32","457","49","0"
"34","21","130","1","00:19:32","500","251","1"
"31","73","154","1","00:19:32","100","49","0"
"42","23","43","1","00:19:34","100","49","1"
"63","31","158","1","00:19:34","457","206","0"
"32","78","190","1","00:19:34","100","49","1"
"76","23","196","1","00:19:34","300","150","1"
"286","227","215","1","00:19:34","100","49","1"
"4","241","254","1","00:19:34","457","206","1"
"75","1","52","1","00:19:35","300","150","1"
"125","23","86","1","00:19:35","100","49","0"
"75","57","122","1","00:19:35","203","27","1"
"34","142","53","1","00:19:36","143","251","0"
"116","34","110","1","00:19:36","457","206","0"
"31","57","22","1","00:19:37","457","49","0"
"21","13","96","1","00:19:37","203","27","0"
"35","1","143","1","00:19:37","500","251","1"
"98","195","156","1","00:19:37","100","49","1"
"39","183","332","1","00:19:37","100","206","1"
"78","57","34","1","00:19:38","457","49","1"
"224","227","155","1","00:19:38","100","49","1"
"4","31","188","1","00:19:38","300","150","0"
"189","4","208","1","00:19:39","203","27","0"
"81","15","11","1","00:19:40","100","206","1"
"30","21","58","1","00:19:40","457","49","0"
"34","205","221","1","00:19:40","143","251","0"
"34","21","24","1","00:19:41","500","94","1"
"23","78","38","1","00:19:41","100","49","1"
"30","75","67","1","00:19:41","300","150","0"
"34","21","130","1","00:19:41","500","94","1"
"97","224","132","1","00:19:42","457","49","0"
"190","183","134","1","00:19:42","353","27","1"
"30","73","154","1","00:19:42","100","206","1"
"42","23","183","1","00:19:42","457","206","0"
"189","72","209","1","00:19:42","100","206","1"
"4","65","267","1","00:19:42","457","206","1"
"78","142","65","1","00:19:43","300","150","1"
"30","21","131","1","00:19:43","100","49","0"
"227","183","148","1","00:19:43","500","94","0"
"183","4","171","1","00:19:43","100","49","0"
"31","227","170","1","00:19:45","457","206","0"
"30","1","180","1","00:19:45","100","206","1"
"61","192","264","1","00:19:45","300","150","0"
"101","76","334","1","00:19:45","457","49","0"
"13","21","94","1","00:19:46","457","49","1"
"78","204","139","1","00:19:47","300","150","0"
"34","142","53","1","00:19:48","500","251","1"
"31","227","170","1","00:19:48","300","150","0"
"31","4","176","1","00:19:48","457","206","0"
"31","57","199","1","00:19:48","100","49","1"
"100","42","227","1","00:19:48","457","206","0"
"76","57","10","1","00:19:49","300","150","0"
"4","21","23","1","00:19:49","100","206","0"
"30","75","67","1","00:19:49","353","227","1"
"78","81","99","1","00:19:49","500","251","0"
"75","39","116","1","00:19:49","100","206","0"
"81","15","11","1","00:19:50","353","27","0"
"15","42","16","1","00:19:50","457","49","0"
"78","61","34","1","00:19:50","457","49","1"
"39","75","61","1","00:19:50","203","27","1"
"31","1","87","1","00:19:50","457","206","1"
"101","27","101","1","00:19:50","300","150","0"
"34","89","266","1","00:19:50","300","150","0"
"23","65","90","1","00:19:51","203","27","0"
"30","88","106","1","00:19:51","457","49","1"
"35","78","143","1","00:19:51","500","94","0"
"63","39","174","1","00:19:51","100","206","1"
"15","195","225","1","00:19:51","100","206","1"
"65","116","86","1","00:19:52","300","150","0"
"57","23","15","1","00:19:53","100","206","1"
"280","31","243","1","00:19:53","143","251","1"
"76","57","72","1","00:19:54","457","206","1"
"30","21","131","1","00:19:54","100","206","1"
"31","115","33","1","00:19:55","100","206","0"
"57","75","108","1","00:19:55","457","206","0"
"1","23","109","1","00:19:55","457","206","0"
"42","23","183","1","00:19:55","100","206","0"
"224","227","266","1","00:19:55","300","150","0"
"280","248","330","1","00:19:55","143","251","1"
"125","34","104","1","00:19:56","300","150","0"
"198","88","106","1","00:19:56","457","49","0"
"227","58","120","1","00:19:56","500","251","0"
"40","32","141","1","00:19:56","300","150","0"
"205","1","143","1","00:19:56","300","150","1"
"57","201","201","1","00:19:56","457","206","0"
"98","195","156","1","00:19:57","353","27","0"
"97","42","213","1","00:19:57","457","206","0"
"248","31","231","1","00:19:57","143","94","1"
"61","101","254","1","00:19:57","300","150","0"
"156","57","22","1","00:19:58","353","27","0"
"23","83","175","1","00:19:58","457","49","0"
"21","210","203","1","00:19:58","300","150","1"
"57","23","15","1","00:19:59","100","206","0"
"90","76","153","1","00:19:59","100","49","0"
"189","73","210","1","00:19:59","300","150","1"
"97","42","213","1","00:19:59","457","206","1"
"269","220","270","1","00:19:59","300","150","0"
"76","34","2","1","00:20:00","100","49","0"
"15","21","4","1","00:20:00","300","150","1"
"42","31","46","1","00:20:00","300","150","1"
"34","57","53","1","00:20:00","300","150","1"
"34","76","61","1","00:20:00","300","150","0"
"57","31","62","1","00:20:00","300","150","0"
"34","195","102","1","00:20:00","300","150","1"
"75","195","111","1","00:20:00","300","150","0"
"34","75","114","1","00:20:00","300","150","1"
"88","31","172","1","00:20:00","300","150","0"
"76","34","2","2","00:00:00","300","150","1"
"61","31","3","2","00:00:00","300","150","0"
"15","21","4","2","00:00:00","300","150","1"
"42","76","5","2","00:00:00","300","150","0"
"21","31","6","2","00:00:00","300","150","1"
"21","76","8","2","00:00:00","300","150","1"
"34","31","9","2","00:00:00","300","150","0"
"76","58","10","2","00:00:00","300","150","1"
"31","15","11","2","00:00:00","300","150","1"
"21","34","12","2","00:00:00","300","150","1"
"31","34","13","2","00:00:00","300","150","0"
"75","15","14","2","00:00:00","300","150","0"
"58","23","15","2","00:00:00","300","150","1"
"1","34","16","2","00:00:00","300","150","0"
"31","75","17","2","00:00:00","300","150","0"
"58","75","18","2","00:00:00","300","150","0"
"57","109","19","2","00:00:00","300","150","0"
"21","31","20","2","00:00:00","300","150","1"
"76","42","21","2","00:00:00","300","150","1"
"30","58","22","2","00:00:00","300","150","0"
"15","21","23","2","00:00:00","300","150","0"
"34","21","24","2","00:00:00","300","150","1"
"76","21","25","2","00:00:00","300","150","0"
"58","34","26","2","00:00:00","300","150","0"
"15","31","27","2","00:00:00","300","150","1"
"23","58","28","2","00:00:00","300","150","1"
"78","75","29","2","00:00:00","300","150","1"
"76","31","30","2","00:00:00","300","150","1"
"57","23","31","2","00:00:00","300","150","0"
"1","34","32","2","00:00:00","300","150","0"
"31","23","33","2","00:00:00","300","150","1"
"78","57","34","2","00:00:00","300","150","0"
"34","31","35","2","00:00:00","300","150","1"
"76","34","36","2","00:00:00","300","150","0"
"31","57","37","2","00:00:00","300","150","1"
"115","78","38","2","00:00:00","300","150","1"
"142","34","39","2","00:00:00","300","150","0"
"23","76","40","2","00:00:00","300","150","1"
"57","76","41","2","00:00:00","300","150","0"
"30","78","42","2","00:00:00","300","150","1"
"34","114","43","2","00:00:00","300","150","1"
"114","57","44","2","00:00:00","300","150","0"
"76","78","45","2","00:00:00","300","150","0"
"76","31","47","2","00:00:00","300","150","0"
"78","39","48","2","00:00:00","300","150","1"
"30","57","49","2","00:00:00","300","150","0"
"21","78","50","2","00:00:00","300","150","1"
"23","34","51","2","00:00:00","300","150","0"
"75","1","52","2","00:00:00","300","150","0"
"57","76","54","2","00:00:00","300","150","0"
"34","1","56","2","00:00:00","300","150","0"
"1","75","57","2","00:00:00","300","150","0"
"31","23","58","2","00:00:00","300","150","1"
"57","21","59","2","00:00:00","300","150","0"
"31","42","60","2","00:00:00","300","150","0"
"34","76","61","2","00:00:00","300","150","0"
"57","31","62","2","00:00:00","300","150","1"
"76","23","63","2","00:00:00","300","150","0"
"1","31","64","2","00:00:00","300","150","0"
"78","61","65","2","00:00:00","300","150","1"
"30","75","66","2","00:00:00","300","150","1"
"30","76","67","2","00:00:00","300","150","1"
"34","1","68","2","00:00:00","300","150","1"
"57","1","69","2","00:00:00","300","150","1"
"21","1","70","2","00:00:00","300","150","0"
"86","88","71","2","00:00:00","300","150","1"
"75","57","72","2","00:00:00","300","150","1"
"86","21","73","2","00:00:00","300","150","0"
"75","23","84","2","00:00:00","300","150","0"
"30","78","85","2","00:00:00","300","150","0"
"75","23","86","2","00:00:00","300","150","0"
"31","1","87","2","00:00:00","300","150","1"
"21","75","88","2","00:00:00","300","150","0"
"13","31","89","2","00:00:00","300","150","0"
"21","75","90","2","00:00:00","300","150","1"
"76","97","92","2","00:00:00","143","94","0"
"13","21","94","2","00:00:00","300","150","0"
"13","23","95","2","00:00:00","300","150","0"
"21","13","96","2","00:00:00","300","150","1"
"23","78","97","2","00:00:00","300","150","1"
"78","21","98","2","00:00:00","300","150","0"
"15","31","99","2","00:00:00","300","150","1"
"23","125","100","2","00:00:00","300","150","1"
"4","78","101","2","00:00:00","300","150","1"
"34","195","102","2","00:00:00","300","150","1"
"30","88","103","2","00:00:00","300","150","0"
"76","42","104","2","00:00:00","300","150","1"
"76","15","105","2","00:00:00","300","150","0"
"30","88","106","2","00:00:00","300","150","1"
"23","34","107","2","00:00:00","300","150","0"
"88","75","108","2","00:00:00","300","150","0"
"1","23","109","2","00:00:00","300","150","0"
"31","34","110","2","00:00:00","300","150","1"
"78","34","112","2","00:00:00","300","150","0"
"78","88","113","2","00:00:00","300","150","1"
"34","75","114","2","00:00:00","300","150","1"
"195","57","115","2","00:00:00","300","150","1"
"65","30","116","2","00:00:00","300","150","0"
"76","1","118","2","00:00:00","300","150","0"
"189","39","119","2","00:00:00","300","150","1"
"42","88","120","2","00:00:00","300","150","1"
"30","78","121","2","00:00:00","300","150","1"
"189","78","123","2","00:00:00","300","150","1"
"97","34","124","2","00:00:00","300","150","1"
"34","57","125","2","00:00:00","300","150","0"
"21","78","126","2","00:00:00","300","150","1"
"57","78","127","2","00:00:00","300","150","0"
"34","75","128","2","00:00:00","300","150","1"
"57","75","129","2","00:00:00","300","150","0"
"34","21","130","2","00:00:00","300","150","0"
"31","23","131","2","00:00:00","300","150","1"
"23","57","132","2","00:00:00","300","150","1"
"183","76","133","2","00:00:00","300","150","0"
"23","78","134","2","00:00:00","300","150","1"
"57","34","135","2","00:00:00","300","150","0"
"23","76","136","2","00:00:00","300","150","0"
"31","4","137","2","00:00:00","300","150","1"
"31","75","138","2","00:00:00","300","150","0"
"78","42","139","2","00:00:00","300","150","0"
"73","88","140","2","00:00:00","300","150","0"
"205","31","141","2","00:00:00","300","150","0"
"89","23","142","2","00:00:00","300","150","0"
"227","78","143","2","00:00:00","300","150","1"
"88","97","144","2","00:00:00","300","150","1"
"76","78","145","2","00:00:00","300","150","0"
"31","227","146","2","00:00:00","300","150","0"
"183","21","147","2","00:00:00","300","150","1"
"227","183","148","2","00:00:00","300","150","0"
"30","23","149","2","00:00:00","300","150","1"
"34","76","150","2","00:00:00","300","150","1"
"57","78","151","2","00:00:00","300","150","0"
"57","31","152","2","00:00:00","300","150","0"
"23","76","153","2","00:00:00","300","150","1"
"31","76","154","2","00:00:00","300","150","1"
"57","34","155","2","00:00:00","300","150","0"
"31","21","156","2","00:00:00","300","150","1"
"78","34","157","2","00:00:00","300","150","0"
"76","31","158","2","00:00:00","300","150","0"
"76","195","159","2","00:00:00","300","150","0"
"57","21","160","2","00:00:00","300","150","1"
"42","31","161","2","00:00:00","300","150","0"
"57","78","162","2","00:00:00","300","150","1"
"78","31","163","2","00:00:00","300","150","0"
"76","34","164","2","00:00:00","300","150","1"
"34","57","165","2","00:00:00","300","150","0"
"30","76","166","2","00:00:00","300","150","1"
"57","42","167","2","00:00:00","300","150","0"
"23","31","168","2","00:00:00","300","150","0"
"23","76","169","2","00:00:00","300","150","1"
"31","34","170","2","00:00:00","300","150","1"
"1","57","171","2","00:00:00","300","150","0"
"78","31","173","2","00:00:00","300","150","0"
"76","31","174","2","00:00:00","300","150","1"
"23","31","175","2","00:00:00","300","150","0"
"31","57","176","2","00:00:00","300","150","1"
"76","34","177","2","00:00:00","300","150","1"
"224","76","178","2","00:00:00","300","150","0"
"35","118","179","2","00:00:00","300","150","1"
"30","78","180","2","00:00:00","300","150","1"
"195","57","181","2","00:00:00","300","150","1"
"183","31","182","2","00:00:00","300","150","0"
"34","23","183","2","00:00:00","300","150","1"
"1","75","184","2","00:00:00","300","150","0"
"78","57","185","2","00:00:00","300","150","1"
"21","34","186","2","00:00:00","300","150","0"
"78","76","187","2","00:00:00","300","150","0"
"57","31","188","2","00:00:00","300","150","0"
"89","34","189","2","00:00:00","300","150","1"
"31","78","190","2","00:00:00","300","150","1"
"57","23","191","2","00:00:00","300","150","0"
"75","23","195","2","00:00:00","300","150","1"
"76","21","196","2","00:00:00","300","150","1"
"31","57","197","2","00:00:00","300","150","1"
"31","57","199","2","00:00:00","300","150","0"
"4","30","200","2","00:00:00","300","150","1"
"57","31","201","2","00:00:00","300","150","0"
"195","76","203","2","00:00:00","300","150","0"
"195","76","204","2","00:00:00","300","150","0"
"57","23","206","2","00:00:00","300","150","1"
"57","21","207","2","00:00:00","300","150","1"
"189","57","208","2","00:00:00","300","150","1"
"23","57","209","2","00:00:00","300","150","1"
"21","76","210","2","00:00:00","300","150","0"
"75","138","211","2","00:00:00","300","150","0"
"57","30","212","2","00:00:00","300","150","1"
"97","31","213","2","00:00:00","300","150","0"
"42","30","214","2","00:00:00","300","150","0"
"58","227","215","2","00:00:00","300","150","1"
"138","23","216","2","00:00:00","300","150","0"
"280","227","217","2","00:00:00","300","150","1"
"73","78","218","2","00:00:00","300","150","0"
"101","23","219","2","00:00:00","300","150","1"
"15","89","220","2","00:00:00","300","150","1"
"34","40","221","2","00:00:00","300","150","1"
"76","57","222","2","00:00:00","300","150","0"
"248","280","223","2","00:00:00","300","150","1"
"31","76","224","2","00:00:00","300","150","0"
"78","23","225","2","00:00:00","300","150","1"
"227","58","226","2","00:00:00","300","150","1"
"76","31","227","2","00:00:00","300","150","0"
"30","1","228","2","00:00:00","300","150","1"
"34","58","229","2","00:00:00","300","150","1"
"21","15","230","2","00:00:00","300","150","0"
"227","31","231","2","00:00:00","300","150","0"
"30","73","232","2","00:00:00","300","150","0"
"21","58","233","2","00:00:00","300","150","1"
"34","97","234","2","00:00:00","300","150","0"
"73","58","235","2","00:00:00","300","150","0"
"34","31","236","2","00:00:00","300","150","1"
"58","15","237","2","00:00:00","300","150","0"
"31","73","238","2","00:00:00","300","150","1"
"30","224","240","2","00:00:00","300","150","1"
"76","195","241","2","00:00:00","300","150","0"
"280","89","242","2","00:00:00","300","150","1"
"280","61","243","2","00:00:00","300","150","0"
"101","23","244","2","00:00:00","300","150","0"
"76","34","245","2","00:00:00","300","150","1"
"97","248","246","2","00:00:00","300","150","0"
"31","21","247","2","00:00:00","300","150","1"
"76","205","248","2","00:00:00","300","150","0"
"58","89","249","2","00:00:00","300","150","1"
"78","34","250","2","00:00:00","300","150","1"
"97","220","251","2","00:00:00","300","150","0"
"23","34","252","2","00:00:00","300","150","1"
"31","89","253","2","00:00:00","300","150","1"
"31","57","254","2","00:00:00","300","150","1"
"78","76","255","2","00:00:00","300","150","1"
"30","23","256","2","00:00:00","300","150","1"
"65","75","257","2","00:00:00","300","150","0"
"205","31","258","2","00:00:00","300","150","1"
"138","15","259","2","00:00:00","300","150","0"
"30","58","260","2","00:00:00","300","150","1"
"34","65","261","2","00:00:00","300","150","1"
"23","31","262","2","00:00:00","300","150","0"
"75","65","263","2","00:00:00","300","150","0"
"31","58","264","2","00:00:00","300","150","1"
"21","205","265","2","00:00:00","300","150","1"
"34","75","266","2","00:00:00","300","150","0"
"31","76","267","2","00:00:00","300","150","1"
"58","34","268","2","00:00:00","300","150","0"
"1","205","269","2","00:00:00","300","150","1"
"21","75","270","2","00:00:00","300","150","1"
"280","23","330","2","00:00:00","300","150","0"
"30","21","331","2","00:00:00","300","150","1"
"42","183","332","2","00:00:00","300","150","1"
"227","34","333","2","00:00:00","300","150","0"
"57","76","334","2","00:00:00","300","150","0"
"89","224","335","2","00:00:00","300","150","0"
"88","73","336","2","00:00:00","300","150","0"
"31","78","337","2","00:00:00","300","150","1"
"34","76","61","2","00:00:05","143","251","0"
"13","31","89","2","00:00:05","143","94","1"
"78","23","225","2","00:00:06","247","273","0"
"75","1","52","2","00:00:07","143","251","1"
"75","21","63","2","00:00:07","143","251","1"
"86","88","71","2","00:00:07","457","49","0"
"195","76","203","2","00:00:07","143","94","0"
"57","30","212","2","00:00:07","143","251","0"
"31","89","253","2","00:00:07","300","150","1"
"30","23","256","2","00:00:07","100","206","1"
"13","31","89","2","00:00:08","143","94","0"
"30","88","106","2","00:00:08","143","94","1"
"4","75","129","2","00:00:08","100","206","1"
"78","42","139","2","00:00:08","143","251","0"
"88","31","172","2","00:00:08","300","150","1"
"75","138","211","2","00:00:08","457","49","1"
"73","78","218","2","00:00:08","203","227","1"
"76","1","118","2","00:00:09","397","273","0"
"23","34","252","2","00:00:09","100","206","0"
"76","21","25","2","00:00:10","500","251","1"
"195","76","204","2","00:00:12","300","150","1"
"23","34","124","2","00:00:13","500","251","0"
"31","73","238","2","00:00:13","143","251","1"
"89","224","335","2","00:00:13","457","206","0"
"75","88","122","2","00:00:15","457","49","0"
"75","1","45","2","00:00:16","457","206","0"
"30","224","240","2","00:00:16","143","94","1"
"30","23","156","2","00:00:17","300","150","1"
"23","57","209","2","00:00:17","143","251","0"
"34","21","24","2","00:00:18","500","94","1"
"75","23","84","2","00:00:18","300","150","1"
"23","76","136","2","00:00:18","247","273","1"
"76","42","21","2","00:00:19","143","251","1"
"75","23","86","2","00:00:19","397","273","1"
"31","224","103","2","00:00:19","397","273","1"
"23","31","168","2","00:00:19","500","94","1"
"76","15","105","2","00:00:20","300","150","0"
"57","34","167","2","00:00:20","500","251","1"
"75","23","195","2","00:00:20","300","150","1"
"42","63","224","2","00:00:20","143","94","1"
"34","15","259","2","00:00:20","100","206","0"
"23","88","44","2","00:00:21","500","94","1"
"23","78","134","2","00:00:21","397","73","1"
"227","34","333","2","00:00:21","457","206","0"
"1","75","29","2","00:00:22","143","251","1"
"23","78","97","2","00:00:22","143","94","1"
"78","75","133","2","00:00:22","500","251","0"
"205","78","143","2","00:00:22","100","206","1"
"57","42","155","2","00:00:22","500","94","1"
"42","23","117","2","00:00:23","203","27","1"
"31","4","199","2","00:00:23","143","251","1"
"31","15","337","2","00:00:23","143","251","1"
"4","42","32","2","00:00:24","500","94","1"
"101","183","101","2","00:00:24","100","206","1"
"183","21","109","2","00:00:24","397","73","0"
"21","201","168","2","00:00:24","300","150","0"
"4","21","191","2","00:00:24","247","73","0"
"4","21","206","2","00:00:24","300","150","0"
"78","31","213","2","00:00:25","143","94","0"
"2","42","16","2","00:00:26","300","150","0"
"224","227","135","2","00:00:26","143","251","0"
"4","42","155","2","00:00:26","500","94","0"
"42","31","46","2","00:00:27","300","150","1"
"31","4","199","2","00:00:27","143","251","0"
"89","31","158","2","00:00:28","457","49","1"
"57","34","167","2","00:00:28","500","251","1"
"183","34","250","2","00:00:28","143","94","1"
"27","57","22","2","00:00:29","143","251","1"
"76","21","25","2","00:00:29","500","251","0"
"88","115","31","2","00:00:29","457","49","1"
"21","76","90","2","00:00:29","100","49","1"
"75","30","47","2","00:00:30","397","73","0"
"39","280","214","2","00:00:30","300","150","0"
"15","248","246","2","00:00:30","143","251","1"
"78","227","157","2","00:00:31","143","251","1"
"224","195","216","2","00:00:31","100","49","0"
"88","15","237","2","00:00:31","143","251","0"
"224","65","261","2","00:00:31","300","150","1"
"30","23","156","2","00:00:32","143","251","1"
"30","42","243","2","00:00:32","143","94","0"
"30","1","11","2","00:00:33","300","150","1"
"1","75","29","2","00:00:33","143","251","0"
"30","75","67","2","00:00:33","500","94","0"
"21","86","12","2","00:00:34","500","251","1"
"227","30","141","2","00:00:34","300","150","0"
"73","57","222","2","00:00:34","143","251","1"
"45","23","330","2","00:00:34","143","251","0"
"42","21","24","2","00:00:35","500","251","1"
"280","21","256","2","00:00:35","300","150","1"
"78","98","64","2","00:00:36","457","49","1"
"42","23","117","2","00:00:36","457","49","1"
"21","75","204","2","00:00:36","397","273","0"
"109","23","23","2","00:00:37","397","273","0"
"57","35","26","2","00:00:37","143","251","0"
"35","1","56","2","00:00:37","300","150","1"
"30","1","87","2","00:00:37","143","251","1"
"125","1","127","2","00:00:38","143","251","0"
"4","244","238","2","00:00:38","143","94","1"
"30","42","243","2","00:00:38","143","251","1"
"58","195","244","2","00:00:38","300","150","1"
"35","73","5","2","00:00:39","300","150","0"
"49","42","112","2","00:00:39","300","150","0"
"4","58","254","2","00:00:39","247","73","0"
"81","75","67","2","00:00:40","300","150","0"
"53","183","101","2","00:00:40","100","206","1"
"30","42","110","2","00:00:40","143","94","0"
"4","34","167","2","00:00:40","500","251","0"
"21","224","252","2","00:00:40","300","150","1"
"76","78","52","2","00:00:41","500","94","0"
"4","21","191","2","00:00:41","500","251","0"
"4","30","201","2","00:00:41","500","94","0"
"76","57","10","2","00:00:42","500","94","1"
"57","15","19","2","00:00:42","500","251","0"
"23","15","38","2","00:00:42","500","94","1"
"116","75","40","2","00:00:42","100","206","1"
"58","248","249","2","00:00:42","500","94","1"
"4","57","264","2","00:00:42","500","94","0"
"34","30","46","2","00:00:43","100","206","0"
"23","78","70","2","00:00:44","100","49","0"
"57","34","155","2","00:00:44","500","251","1"
"4","42","167","2","00:00:44","500","251","0"
"75","76","263","2","00:00:44","457","206","0"
"15","88","34","2","00:00:45","300","150","1"
"1","76","57","2","00:00:45","500","251","1"
"76","21","86","2","00:00:45","143","94","1"
"89","21","142","2","00:00:45","500","94","1"
"183","65","255","2","00:00:45","300","150","0"
"21","4","262","2","00:00:45","143","94","0"
"16","23","4","2","00:00:46","143","94","1"
"57","89","41","2","00:00:46","500","94","1"
"88","98","62","2","00:00:46","100","206","1"
"1","4","113","2","00:00:46","500","251","0"
"30","75","138","2","00:00:46","143","251","0"
"30","210","154","2","00:00:46","500","94","1"
"195","75","203","2","00:00:46","500","94","0"
"311","89","257","2","00:00:46","100","206","1"
"42","30","9","2","00:00:47","457","49","1"
"75","30","30","2","00:00:47","203","27","1"
"30","101","137","2","00:00:47","143","94","1"
"42","89","150","2","00:00:47","457","206","0"
"285","65","232","2","00:00:47","457","49","0"
"37","244","334","2","00:00:47","500","94","0"
"57","30","3","2","00:00:48","500","94","1"
"78","30","182","2","00:00:48","100","206","0"
"280","4","258","2","00:00:48","500","251","0"
"125","4","45","2","00:00:49","457","49","0"
"88","280","212","2","00:00:49","397","273","1"
"205","78","148","2","00:00:50","100","206","0"
"23","286","233","2","00:00:50","500","251","1"
"15","42","16","2","00:00:51","300","150","0"
"21","1","50","2","00:00:51","500","251","0"
"114","31","20","2","00:00:52","143","94","0"
"105","142","44","2","00:00:52","300","150","1"
"227","75","128","2","00:00:52","100","49","1"
"227","30","141","2","00:00:52","203","27","1"
"31","89","166","2","00:00:52","300","150","1"
"31","1","180","2","00:00:52","500","251","1"
"21","75","203","2","00:00:52","500","94","0"
"280","189","256","2","00:00:52","457","49","0"
"76","57","10","2","00:00:53","500","94","1"
"23","88","115","2","00:00:53","100","206","1"
"76","30","116","2","00:00:53","143","94","1"
"42","88","120","2","00:00:53","100","49","1"
"30","23","131","2","00:00:53","143","251","1"
"4","35","135","2","00:00:53","143","251","0"
"89","224","211","2","00:00:53","100","49","0"
"88","15","237","2","00:00:53","143","251","0"
"42","142","53","2","00:00:54","500","251","1"
"30","42","170","2","00:00:54","247","73","1"
"76","21","84","2","00:00:55","300","150","0"
"227","97","102","2","00:00:55","300","150","0"
"58","76","129","2","00:00:55","457","206","1"
"4","192","207","2","00:00:55","143","94","1"
"73","224","245","2","00:00:55","300","150","0"
"206","191","331","2","00:00:55","457","206","0"
"75","86","36","2","00:00:57","500","94","1"
"75","195","111","2","00:00:57","457","49","0"
"227","30","223","2","00:00:57","353","227","1"
"31","244","224","2","00:00:57","500","94","0"
"30","88","37","2","00:00:58","500","94","0"
"76","78","52","2","00:00:58","500","94","1"
"15","4","213","2","00:00:58","397","73","0"
"73","21","159","2","00:00:59","100","206","0"
"31","1","180","2","00:00:59","397","73","0"
"248","88","226","2","00:00:59","100","206","1"
"183","65","255","2","00:00:59","300","150","1"
"31","16","42","2","00:01:00","500","251","1"
"125","142","72","2","00:01:00","143","94","1"
"23","30","6","2","00:01:01","143","94","1"
"78","76","133","2","00:01:01","500","251","1"
"76","21","159","2","00:01:01","500","251","1"
"206","191","331","2","00:01:01","300","150","0"
"27","15","11","2","00:01:02","300","150","1"
"30","34","60","2","00:01:02","500","251","0"
"217","244","336","2","00:01:02","500","94","0"
"76","13","14","2","00:01:03","457","206","0"
"73","1","105","2","00:01:03","143","251","1"
"21","89","169","2","00:01:03","100","49","0"
"25","4","208","2","00:01:03","247","73","0"
"280","31","243","2","00:01:03","100","206","1"
"4","58","254","2","00:01:03","300","150","1"
"76","21","92","2","00:01:04","300","150","1"
"209","224","211","2","00:01:04","203","27","1"
"39","35","110","2","00:01:05","300","150","0"
"105","142","44","2","00:01:06","300","150","0"
"75","23","63","2","00:01:06","143","251","0"
"4","34","48","2","00:01:07","143","251","0"
"168","1","85","2","00:01:07","300","150","0"
"76","57","122","2","00:01:07","300","150","0"
"98","195","156","2","00:01:07","143","94","1"
"190","61","262","2","00:01:07","500","251","1"
"88","76","18","2","00:01:08","300","150","0"
"39","75","61","2","00:01:08","500","94","0"
"78","57","251","2","00:01:08","143","94","1"
"73","35","2","2","00:01:09","500","251","1"
"57","97","31","2","00:01:09","143","251","1"
"81","115","33","2","00:01:09","143","251","1"
"4","195","247","2","00:01:09","300","150","1"
"21","224","252","2","00:01:09","100","49","0"
"101","34","268","2","00:01:09","500","94","1"
"115","57","28","2","00:01:10","143","94","1"
"148","81","46","2","00:01:10","100","206","1"
"30","34","60","2","00:01:10","500","251","1"
"190","89","100","2","00:01:10","457","49","1"
"125","34","104","2","00:01:10","457","206","0"
"125","9","105","2","00:01:10","397","73","0"
"201","42","170","2","00:01:10","500","94","0"
"224","30","172","2","00:01:10","457","49","0"
"205","224","240","2","00:01:10","247","73","0"
"39","31","35","2","00:01:11","500","94","0"
"1","76","133","2","00:01:11","500","251","0"
"42","39","141","2","00:01:11","457","49","1"
"97","30","175","2","00:01:11","100","49","0"
"33","114","43","2","00:01:12","143","251","1"
"76","103","63","2","00:01:12","500","251","1"
"78","23","94","2","00:01:12","457","49","1"
"125","34","104","2","00:01:12","457","206","1"
"1","195","147","2","00:01:12","500","251","1"
"73","116","158","2","00:01:12","457","49","1"
"4","1","162","2","00:01:12","500","94","1"
"39","183","190","2","00:01:12","397","73","1"
"244","30","248","2","00:01:12","143","251","0"
"76","89","257","2","00:01:13","100","206","0"
"65","30","30","2","00:01:14","203","227","0"
"58","76","129","2","00:01:14","457","206","1"
"115","1","134","2","00:01:14","457","206","1"
"23","1","230","2","00:01:14","500","251","0"
"205","76","232","2","00:01:14","457","206","1"
"88","31","3","2","00:01:15","500","94","0"
"1","4","185","2","00:01:15","143","251","1"
"4","88","264","2","00:01:15","500","94","0"
"76","31","116","2","00:01:16","500","94","1"
"1","98","163","2","00:01:16","247","273","0"
"76","42","189","2","00:01:16","500","251","0"
"57","21","219","2","00:01:16","500","94","0"
"23","88","233","2","00:01:16","143","251","0"
"63","42","104","2","00:01:17","300","150","0"
"205","34","240","2","00:01:17","143","251","0"
"39","1","190","2","00:01:18","500","251","1"
"205","15","228","2","00:01:18","203","27","0"
"195","58","115","2","00:01:19","143","94","1"
"42","4","165","2","00:01:19","457","49","0"
"227","316","263","2","00:01:19","457","206","1"
"75","23","25","2","00:01:20","100","49","0"
"65","35","36","2","00:01:20","143","94","0"
"31","21","149","2","00:01:20","500","251","1"
"210","37","164","2","00:01:20","300","150","1"
"224","78","234","2","00:01:20","457","49","1"
"30","4","197","2","00:01:21","500","94","0"
"205","244","232","2","00:01:21","300","150","1"
"78","89","246","2","00:01:21","500","94","0"
"57","23","31","2","00:01:22","143","251","1"
"65","97","86","2","00:01:22","247","73","0"
"58","78","101","2","00:01:22","100","49","1"
"21","61","262","2","00:01:22","500","94","1"
"81","55","37","2","00:01:23","500","251","1"
"39","57","103","2","00:01:23","247","273","1"
"183","42","112","2","00:01:23","100","49","0"
"97","1","126","2","00:01:23","143","251","0"
"57","76","129","2","00:01:23","457","49","1"
"101","231","135","2","00:01:23","500","251","1"
"224","42","167","2","00:01:24","143","251","0"
"30","88","199","2","00:01:24","500","94","1"
"73","86","2","2","00:01:26","143","251","1"
"191","89","100","2","00:01:26","353","227","1"
"220","316","336","2","00:01:26","500","94","1"
"205","244","232","2","00:01:27","457","206","1"
"138","227","170","2","00:01:28","500","251","0"
"224","86","178","2","00:01:28","457","206","0"
"101","201","200","2","00:01:28","300","150","0"
"23","97","230","2","00:01:28","300","150","1"
"248","61","231","2","00:01:28","457","49","0"
"190","89","270","2","00:01:28","397","273","1"
"142","105","59","2","00:01:29","100","206","1"
"227","34","211","2","00:01:29","300","150","1"
"227","157","161","2","00:01:30","300","150","1"
"4","183","162","2","00:01:30","500","94","0"
"183","39","173","2","00:01:30","247","73","0"
"217","280","212","2","00:01:30","143","251","0"
"31","78","85","2","00:01:31","500","251","1"
"23","101","90","2","00:01:31","143","94","1"
"97","75","136","2","00:01:31","500","94","0"
"231","97","130","2","00:01:32","300","150","1"
"244","15","218","2","00:01:32","143","94","0"
"39","97","337","2","00:01:32","247","73","0"
"86","105","43","2","00:01:33","300","150","0"
"138","4","236","2","00:01:33","100","206","1"
"30","76","67","2","00:01:34","143","251","1"
"227","224","165","2","00:01:35","457","206","0"
"30","183","180","2","00:01:35","143","251","0"
"224","89","266","2","00:01:35","457","49","1"
"30","23","58","2","00:01:36","500","251","1"
"15","230","157","2","00:01:36","300","150","0"
"78","114","182","2","00:01:36","100","206","1"
"4","316","224","2","00:01:36","500","94","1"
"4","88","254","2","00:01:36","143","251","1"
"105","42","51","2","00:01:37","143","251","1"
"224","128","129","2","00:01:37","500","251","1"
"224","31","152","2","00:01:37","143","94","0"
"97","31","6","2","00:01:38","247","273","1"
"231","224","165","2","00:01:38","100","49","0"
"21","57","181","2","00:01:38","143","251","0"
"23","75","204","2","00:01:38","143","94","0"
"57","78","237","2","00:01:38","500","94","1"
"183","101","251","2","00:01:38","500","251","1"
"42","57","71","2","00:01:39","300","150","1"
"88","78","101","2","00:01:39","300","150","1"
"191","4","209","2","00:01:39","143","94","0"
"138","61","236","2","00:01:39","100","206","0"
"126","37","36","2","00:01:40","143","94","1"
"58","35","39","2","00:01:40","143","94","1"
"35","23","73","2","00:01:40","457","49","0"
"227","86","150","2","00:01:40","100","206","1"
"88","39","188","2","00:01:40","143","251","1"
"31","1","190","2","00:01:40","143","251","1"
"97","89","8","2","00:01:41","143","251","1"
"58","23","15","2","00:01:41","500","94","1"
"30","78","87","2","00:01:41","143","94","1"
"58","195","219","2","00:01:41","143","94","1"
"97","31","6","2","00:01:42","300","150","1"
"23","1","70","2","00:01:42","300","150","1"
"65","88","122","2","00:01:42","500","94","1"
"4","183","127","2","00:01:42","143","251","0"
"224","73","129","2","00:01:42","500","251","1"
"4","21","144","2","00:01:42","500","94","0"
"116","75","166","2","00:01:42","500","251","1"
"73","88","10","2","00:01:43","300","150","0"
"82","88","22","2","00:01:43","300","150","1"
"75","17","45","2","00:01:43","457","206","0"
"125","97","92","2","00:01:43","500","94","1"
"21","227","124","2","00:01:43","500","251","0"
"16","31","163","2","00:01:43","500","94","0"
"116","57","103","2","00:01:44","143","251","0"
"76","23","142","2","00:01:44","500","94","0"
"142","76","261","2","00:01:44","457","206","0"
"61","65","267","2","00:01:44","143","251","0"
"81","1","42","2","00:01:45","143","94","0"
"183","39","173","2","00:01:45","143","251","0"
"23","217","208","2","00:01:45","143","94","1"
"97","244","255","2","00:01:45","247","273","0"
"35","243","332","2","00:01:45","143","94","1"
"142","65","54","2","00:01:46","247","73","1"
"89","220","226","2","00:01:46","100","206","0"
"183","76","184","2","00:01:48","100","49","1"
"89","42","231","2","00:01:48","300","150","1"
"58","76","18","2","00:01:50","143","94","1"
"97","75","136","2","00:01:50","300","150","0"
"76","98","158","2","00:01:50","100","206","0"
"57","42","167","2","00:01:50","143","251","0"
"76","101","222","2","00:01:50","143","251","0"
"75","45","36","2","00:01:51","500","94","1"
"65","49","52","2","00:01:51","397","273","1"
"39","76","138","2","00:01:51","143","251","0"
"224","138","152","2","00:01:51","500","94","1"
"57","78","237","2","00:01:51","247","73","1"
"42","57","165","2","00:01:52","203","227","1"
"89","57","140","2","00:01:53","143","94","0"
"34","101","5","2","00:01:54","143","251","0"
"78","31","182","2","00:01:54","100","49","1"
"89","280","223","2","00:01:54","457","206","1"
"101","313","336","2","00:01:54","397","73","1"
"49","97","95","2","00:01:55","143","251","1"
"73","195","195","2","00:01:55","143","251","0"
"30","101","199","2","00:01:55","500","94","1"
"190","138","252","2","00:01:55","353","227","1"
"231","75","128","2","00:01:56","457","206","1"
"20","26","175","2","00:01:56","100","206","0"
"31","316","224","2","00:01:56","143","251","1"
"316","30","248","2","00:01:56","143","251","0"
"97","244","255","2","00:01:56","397","273","1"
"224","183","151","2","00:01:57","143","94","0"
"73","101","235","2","00:01:57","143","251","1"
"23","51","28","2","00:01:58","143","94","0"
"81","142","49","2","00:01:58","500","94","1"
"168","49","87","2","00:01:58","300","150","0"
"39","49","121","2","00:01:58","500","251","0"
"227","21","183","2","00:01:58","500","94","0"
"183","4","185","2","00:01:58","143","94","0"
"35","97","332","2","00:01:58","143","251","1"
"23","75","136","2","00:01:59","500","251","1"
"88","30","188","2","00:01:59","500","94","0"
"31","1","190","2","00:01:59","143","251","0"
"189","16","123","2","00:02:00","457","49","0"
"116","191","131","2","00:02:00","300","150","1"
"23","73","153","2","00:02:00","300","150","0"
"57","224","268","2","00:02:00","500","94","0"
"4","1","337","2","00:02:00","143","251","0"
"57","34","135","2","00:02:01","143","94","0"
"31","23","149","2","00:02:01","500","251","1"
"23","31","175","2","00:02:01","100","49","1"
"101","73","336","2","00:02:01","500","94","0"
"224","110","162","2","00:02:02","500","251","1"
"57","227","249","2","00:02:03","143","94","0"
"4","39","16","2","00:02:04","300","150","1"
"116","65","40","2","00:02:04","300","150","1"
"23","75","136","2","00:02:04","500","251","1"
"39","88","254","2","00:02:04","500","251","0"
"61","101","264","2","00:02:05","500","251","0"
"65","49","118","2","00:02:06","300","150","1"
"61","30","214","2","00:02:06","500","251","1"
"65","142","10","2","00:02:07","500","251","1"
"29","58","22","2","00:02:07","300","150","1"
"16","224","171","2","00:02:07","500","251","0"
"21","31","20","2","00:02:08","143","94","1"
"156","78","85","2","00:02:08","143","94","1"
"57","183","127","2","00:02:08","143","251","0"
"76","97","63","2","00:02:09","500","94","1"
"35","190","102","2","00:02:09","300","150","0"
"243","248","220","2","00:02:09","247","273","1"
"114","21","239","2","00:02:09","353","227","0"
"81","65","17","2","00:02:10","300","150","1"
"65","35","21","2","00:02:10","500","94","1"
"1","21","23","2","00:02:10","500","251","0"
"30","75","67","2","00:02:10","500","94","0"
"126","58","72","2","00:02:10","500","251","0"
"75","39","116","2","00:02:10","500","251","0"
"65","49","118","2","00:02:10","397","73","1"
"39","88","137","2","00:02:10","300","150","0"
"35","189","183","2","00:02:10","500","251","1"
"57","23","244","2","00:02:10","300","150","0"
"280","138","240","2","00:02:11","397","73","0"
"21","57","44","2","00:02:12","500","94","0"
"17","55","65","2","00:02:12","500","251","1"
"116","75","88","2","00:02:12","300","150","0"
"39","78","24","2","00:02:13","500","94","0"
"30","227","242","2","00:02:13","457","206","1"
"142","34","39","2","00:02:14","500","94","0"
"89","57","140","2","00:02:14","143","251","1"
"73","58","222","2","00:02:14","143","251","1"
"227","97","117","2","00:02:15","300","150","0"
"88","23","219","2","00:02:15","143","251","0"
"89","30","223","2","00:02:15","457","49","0"
"1","23","225","2","00:02:15","143","94","0"
"9","21","331","2","00:02:15","300","150","0"
"156","15","87","2","00:02:16","500","251","0"
"97","75","90","2","00:02:16","500","251","1"
"1","116","99","2","00:02:16","353","27","1"
"57","76","108","2","00:02:16","143","251","0"
"34","89","114","2","00:02:16","500","94","1"
"39","88","137","2","00:02:16","143","251","0"
"1","58","251","2","00:02:16","247","273","0"
"15","97","4","2","00:02:17","500","94","0"
"34","27","9","2","00:02:17","100","206","1"
"31","86","13","2","00:02:17","143","251","1"
"88","1","19","2","00:02:17","143","251","0"
"57","23","244","2","00:02:17","300","150","1"
"39","183","332","2","00:02:17","143","94","1"
"183","142","113","2","00:02:18","300","150","1"
"42","227","253","2","00:02:18","143","251","0"
"76","21","92","2","00:02:19","143","251","1"
"88","23","219","2","00:02:19","143","251","1"
"13","23","95","2","00:02:20","143","94","1"
"39","4","106","2","00:02:20","300","150","1"
"1","23","109","2","00:02:20","397","73","1"
"57","1","69","2","00:02:21","143","251","1"
"35","4","71","2","00:02:21","100","206","0"
"49","231","139","2","00:02:21","500","251","0"
"101","97","206","2","00:02:21","500","94","1"
"31","316","224","2","00:02:21","300","150","1"
"142","78","234","2","00:02:21","100","206","0"
"4","78","337","2","00:02:21","300","150","1"
"142","27","62","2","00:02:22","353","27","1"
"75","118","105","2","00:02:22","500","251","0"
"75","58","122","2","00:02:22","500","251","1"
"73","88","222","2","00:02:22","300","150","1"
"100","101","235","2","00:02:22","143","94","0"
"65","142","10","2","00:02:23","500","251","0"
"75","81","30","2","00:02:23","143","251","1"
"76","1","118","2","00:02:23","143","251","1"
"98","1","190","2","00:02:23","143","94","1"
"280","101","260","2","00:02:24","100","49","0"
"42","244","267","2","00:02:24","500","94","1"
"97","39","51","2","00:02:25","500","94","0"
"214","231","177","2","00:02:25","143","251","0"
"97","30","55","2","00:02:26","500","94","1"
"65","116","174","2","00:02:26","300","150","0"
"57","23","191","2","00:02:26","500","251","1"
"23","50","209","2","00:02:27","500","251","1"
"116","156","6","2","00:02:28","397","73","0"
"98","1","85","2","00:02:28","143","251","0"
"231","220","120","2","00:02:28","100","49","1"
"97","76","203","2","00:02:28","300","150","0"
"16","34","16","2","00:02:30","143","251","0"
"21","73","88","2","00:02:30","500","94","0"
"101","42","155","2","00:02:30","300","150","1"
"34","157","161","2","00:02:30","100","49","1"
"227","30","223","2","00:02:30","457","206","0"
"58","227","249","2","00:02:30","143","94","0"
"116","89","8","2","00:02:31","143","251","0"
"316","34","245","2","00:02:31","143","251","0"
"101","109","52","2","00:02:32","247","273","1"
"30","78","42","2","00:02:33","397","273","0"
"34","58","53","2","00:02:33","143","94","1"
"146","109","68","2","00:02:33","300","150","1"
"280","138","240","2","00:02:33","397","73","1"
"89","313","263","2","00:02:33","100","206","1"
"289","311","334","2","00:02:33","247","73","1"
"78","88","34","2","00:02:34","143","251","1"
"116","88","28","2","00:02:35","300","150","0"
"16","31","89","2","00:02:35","143","251","0"
"116","109","96","2","00:02:36","500","251","0"
"31","97","156","2","00:02:36","143","251","1"
"205","23","256","2","00:02:36","457","206","0"
"65","21","25","2","00:02:37","143","94","1"
"97","4","50","2","00:02:37","143","251","0"
"42","217","125","2","00:02:37","353","27","0"
"23","88","209","2","00:02:37","500","94","0"
"88","21","15","2","00:02:38","500","94","0"
"78","54","34","2","00:02:38","143","251","0"
"1","156","64","2","00:02:38","457","49","0"
"101","105","84","2","00:02:38","397","73","1"
"73","23","111","2","00:02:38","457","49","1"
"23","183","123","2","00:02:38","353","227","1"
"4","244","267","2","00:02:38","500","251","1"
"4","101","54","2","00:02:39","247","273","1"
"101","116","152","2","00:02:39","247","273","1"
"244","39","227","2","00:02:40","143","94","0"
"89","15","105","2","00:02:41","143","251","1"
"195","76","203","2","00:02:41","397","73","1"
"280","269","331","2","00:02:41","300","150","0"
"31","35","13","2","00:02:43","143","251","1"
"31","23","33","2","00:02:43","500","251","0"
"34","1","56","2","00:02:43","100","49","0"
"149","97","73","2","00:02:44","457","206","1"
"97","212","204","2","00:02:44","500","94","0"
"103","65","90","2","00:02:45","500","94","1"
"1","34","112","2","00:02:45","100","206","1"
"88","195","244","2","00:02:45","143","251","1"
"142","101","41","2","00:02:46","300","150","0"
"191","101","132","2","00:02:46","247","73","0"
"78","97","147","2","00:02:46","143","251","1"
"30","248","331","2","00:02:46","457","49","0"
"30","1","11","2","00:02:47","300","150","0"
"16","125","29","2","00:02:47","143","251","0"
"125","23","92","2","00:02:47","143","94","0"
"97","34","124","2","00:02:48","500","251","1"
"191","183","134","2","00:02:48","457","206","1"
"138","205","146","2","00:02:48","500","251","1"
"101","31","47","2","00:02:49","247","273","0"
"1","42","139","2","00:02:49","500","94","1"
"21","227","186","2","00:02:49","143","251","0"
"1","31","64","2","00:02:50","353","27","0"
"116","65","90","2","00:02:50","500","94","0"
"76","205","248","2","00:02:50","300","150","1"
"30","42","60","2","00:02:51","143","251","0"
"75","23","86","2","00:02:51","143","94","0"
"34","76","150","2","00:02:51","457","206","1"
"97","31","168","2","00:02:51","500","94","0"
"161","190","239","2","00:02:51","353","27","1"
"39","58","53","2","00:02:52","500","251","0"
"57","75","129","2","00:02:52","143","251","1"
"21","76","88","2","00:02:53","500","251","0"
"205","183","148","2","00:02:53","457","206","0"
"189","217","209","2","00:02:53","247","273","1"
"206","23","330","2","00:02:53","500","94","0"
"89","21","111","2","00:02:54","203","227","1"
"31","205","170","2","00:02:54","143","251","1"
"76","42","227","2","00:02:54","500","94","1"
"31","73","166","2","00:02:55","143","251","1"
"21","67","203","2","00:02:55","143","251","0"
"78","42","213","2","00:02:55","143","251","1"
"1","34","16","2","00:02:56","500","94","1"
"35","76","114","2","00:02:57","300","150","1"
"35","190","117","2","00:02:57","300","150","1"
"224","227","135","2","00:02:57","247","73","0"
"31","97","131","2","00:02:58","143","251","1"
"102","4","208","2","00:02:58","300","150","0"
"42","76","224","2","00:02:58","143","94","0"
"23","57","115","2","00:02:59","300","150","0"
"183","157","163","2","00:02:59","500","94","1"
"23","101","233","2","00:02:59","143","94","1"
"65","1","14","2","00:03:00","100","206","0"
"109","23","23","2","00:03:00","500","94","0"
"27","55","49","2","00:03:00","143","94","1"
"34","23","73","2","00:03:00","457","49","1"
"227","23","130","2","00:03:00","100","206","0"
"244","42","227","2","00:03:00","500","94","0"
"97","88","251","2","00:03:00","247","73","0"
"31","75","17","2","00:03:01","300","150","1"
"35","31","46","2","00:03:01","100","49","0"
"39","125","61","2","00:03:01","247","73","0"
"31","88","103","2","00:03:01","500","251","1"
"78","45","269","2","00:03:01","300","150","1"
"76","15","105","2","00:03:02","500","251","0"
"205","98","141","2","00:03:02","100","49","1"
"45","31","243","2","00:03:02","100","49","0"
"30","1","11","2","00:03:03","247","73","1"
"78","21","98","2","00:03:03","300","150","1"
"31","57","264","2","00:03:03","500","94","0"
"75","35","21","2","00:03:04","143","251","1"
"23","76","88","2","00:03:04","500","94","1"
"109","57","34","2","00:03:05","247","73","1"
"73","23","86","2","00:03:06","143","94","0"
"109","30","89","2","00:03:06","143","94","1"
"31","1","190","2","00:03:06","143","251","0"
"4","31","201","2","00:03:06","300","150","1"
"201","316","267","2","00:03:06","143","94","0"
"269","75","270","2","00:03:06","500","94","0"
"31","15","337","2","00:03:06","500","251","0"
"75","31","30","2","00:03:07","500","94","1"
"54","97","31","2","00:03:07","500","251","0"
"42","114","43","2","00:03:07","500","94","1"
"31","49","85","2","00:03:07","500","251","1"
"4","76","238","2","00:03:07","500","94","1"
"75","35","2","2","00:03:08","143","94","0"
"32","1","11","2","00:03:08","143","251","1"
"21","78","50","2","00:03:08","143","94","1"
"224","89","178","2","00:03:08","457","49","0"
"21","78","50","2","00:03:09","143","94","0"
"31","280","214","2","00:03:09","143","251","1"
"30","97","228","2","00:03:09","203","227","1"
"57","115","160","2","00:03:10","500","94","1"
"31","53","176","2","00:03:10","143","251","0"
"76","195","241","2","00:03:10","247","273","0"
"4","175","332","2","00:03:10","500","94","0"
"76","15","14","2","00:03:11","100","206","1"
"78","101","185","2","00:03:11","500","94","1"
"78","195","225","2","00:03:12","300","150","0"
"45","58","260","2","00:03:12","457","49","0"
"57","31","62","2","00:03:13","300","150","0"
"21","214","136","2","00:03:13","500","94","0"
"57","31","152","2","00:03:13","143","251","0"
"227","58","226","2","00:03:13","300","150","1"
"89","224","335","2","00:03:13","300","150","0"
"57","35","39","2","00:03:14","500","94","0"
"189","57","209","2","00:03:14","143","251","1"
"81","35","13","2","00:03:15","143","251","0"
"78","89","220","2","00:03:15","143","251","1"
"31","57","254","2","00:03:15","397","273","0"
"34","75","266","2","00:03:15","457","206","0"
"204","195","330","2","00:03:15","300","150","0"
"4","31","200","2","00:03:16","500","94","1"
"76","57","10","2","00:03:17","397","273","1"
"1","34","32","2","00:03:17","143","94","0"
"76","78","45","2","00:03:17","457","206","1"
"75","88","72","2","00:03:17","143","251","0"
"75","21","111","2","00:03:17","500","251","0"
"189","31","119","2","00:03:17","300","150","0"
"4","76","238","2","00:03:17","500","251","0"
"31","15","337","2","00:03:17","500","94","1"
"104","76","40","2","00:03:18","457","49","0"
"183","231","112","2","00:03:18","300","150","0"
"23","57","132","2","00:03:18","247","273","0"
"31","57","197","2","00:03:18","500","94","1"
"15","32","99","2","00:03:19","300","150","1"
"31","109","11","2","00:03:20","143","251","1"
"76","204","104","2","00:03:20","300","150","1"
"78","206","269","2","00:03:20","143","251","1"
"1","125","29","2","00:03:21","300","150","0"
"86","88","71","2","00:03:21","300","150","0"
"73","224","245","2","00:03:21","143","251","0"
"57","97","15","2","00:03:22","300","150","0"
"4","1","101","2","00:03:22","100","206","1"
"34","88","229","2","00:03:22","100","206","1"
"76","23","241","2","00:03:22","143","251","0"
"21","31","6","2","00:03:23","500","251","0"
"23","73","90","2","00:03:23","143","94","0"
"34","189","117","2","00:03:23","457","49","0"
"4","76","224","2","00:03:23","143","94","1"
"15","42","16","2","00:03:24","143","94","0"
"23","75","169","2","00:03:24","100","49","0"
"58","1","237","2","00:03:24","143","94","0"
"30","31","243","2","00:03:24","457","49","0"
"65","75","257","2","00:03:24","500","94","1"
"115","54","28","2","00:03:25","397","273","0"
"31","205","110","2","00:03:25","500","251","0"
"183","21","147","2","00:03:25","500","94","0"
"34","23","183","2","00:03:25","300","150","0"
"227","88","120","2","00:03:26","300","150","1"
"138","23","216","2","00:03:26","203","227","0"
"23","57","208","2","00:03:27","500","94","1"
"31","212","154","2","00:03:28","500","94","1"
"30","88","37","2","00:03:29","397","273","0"
"73","31","47","2","00:03:29","143","251","1"
"42","214","114","2","00:03:29","397","273","1"
"39","21","149","2","00:03:29","143","94","1"
"30","115","242","2","00:03:29","457","206","1"
"4","58","264","2","00:03:29","500","94","1"
"1","57","65","2","00:03:30","500","251","1"
"76","88","140","2","00:03:30","500","94","0"
"188","73","210","2","00:03:30","500","94","0"
"31","76","166","2","00:03:31","143","94","1"
"78","4","213","2","00:03:31","143","251","0"
"45","269","256","2","00:03:31","457","49","1"
"21","76","8","2","00:03:32","500","251","1"
"149","88","120","2","00:03:32","203","227","0"
"224","4","236","2","00:03:32","300","150","0"
"42","78","56","2","00:03:33","457","49","1"
"30","73","17","2","00:03:34","500","94","1"
"23","31","20","2","00:03:34","143","251","1"
"13","31","99","2","00:03:34","457","49","0"
"78","76","133","2","00:03:34","143","251","1"
"42","1","148","2","00:03:34","300","150","0"
"34","1","68","2","00:03:35","397","273","1"
"21","73","136","2","00:03:35","500","94","0"
"23","217","208","2","00:03:35","500","94","1"
"57","21","219","2","00:03:35","500","94","0"
"31","57","254","2","00:03:35","143","251","0"
"58","34","268","2","00:03:35","300","150","0"
"42","86","114","2","00:03:36","300","150","1"
"42","89","150","2","00:03:36","457","49","0"
"248","88","226","2","00:03:36","300","150","0"
"281","248","330","2","00:03:36","300","150","0"
"31","49","87","2","00:03:37","500","251","1"
"39","57","197","2","00:03:37","143","251","1"
"115","75","40","2","00:03:38","100","206","1"
"27","65","66","2","00:03:38","457","49","0"
"34","217","125","2","00:03:38","100","206","1"
"57","76","41","2","00:03:39","143","94","1"
"57","31","188","2","00:03:39","143","251","1"
"101","30","212","2","00:03:39","500","94","0"
"66","42","104","2","00:03:40","457","206","0"
"89","224","140","2","00:03:40","300","150","0"
"30","231","146","2","00:03:40","300","150","1"
"21","210","204","2","00:03:40","500","251","1"
"73","212","218","2","00:03:40","457","49","1"
"78","191","225","2","00:03:40","143","251","1"
"1","34","32","2","00:03:41","143","94","1"
"89","30","158","2","00:03:41","100","206","1"
"23","34","252","2","00:03:41","500","251","0"
"4","89","253","2","00:03:41","143","251","1"
"21","76","8","2","00:03:43","300","150","1"
"192","201","168","2","00:03:43","247","273","1"
"23","42","186","2","00:03:43","457","49","0"
"4","21","191","2","00:03:43","143","251","0"
"31","30","214","2","00:03:43","397","273","0"
"76","16","14","2","00:03:44","100","206","1"
"73","21","196","2","00:03:44","500","251","1"
"248","280","223","2","00:03:44","353","227","0"
"23","31","119","2","00:03:45","457","206","0"
"57","78","151","2","00:03:45","500","251","0"
"31","76","154","2","00:03:45","397","273","0"
"78","21","98","2","00:03:46","500","94","0"
"280","4","243","2","00:03:46","300","150","0"
"280","72","260","2","00:03:46","100","206","1"
"75","1","45","2","00:03:47","300","150","1"
"86","21","73","2","00:03:47","300","150","0"
"4","209","253","2","00:03:47","143","94","1"
"30","42","110","2","00:03:48","247","273","1"
"75","23","111","2","00:03:48","300","150","0"
"23","57","132","2","00:03:48","300","150","1"
"183","42","157","2","00:03:48","500","251","1"
"57","39","172","2","00:03:48","100","49","1"
"4","39","200","2","00:03:48","500","94","0"
"210","42","189","2","00:03:49","500","251","0"
"35","97","337","2","00:03:49","397","273","0"
"31","30","214","2","00:03:50","397","73","0"
"57","76","334","2","00:03:50","143","94","1"
"23","58","28","2","00:03:51","143","251","1"
"103","49","70","2","00:03:51","143","94","0"
"23","57","132","2","00:03:51","300","150","1"
"4","35","135","2","00:03:51","143","251","1"
"35","27","143","2","00:03:51","457","49","0"
"101","227","215","2","00:03:51","143","251","1"
"205","15","228","2","00:03:51","203","227","0"
"23","86","51","2","00:03:52","247","73","0"
"65","30","116","2","00:03:52","300","150","0"
"31","76","138","2","00:03:52","500","251","0"
"21","30","175","2","00:03:52","100","206","0"
"23","65","88","2","00:03:53","500","251","0"
"30","205","146","2","00:03:53","500","251","1"
"42","183","148","2","00:03:53","100","49","0"
"34","101","229","2","00:03:53","457","206","0"
"30","73","232","2","00:03:53","203","227","1"
"244","58","235","2","00:03:53","143","251","0"
"73","30","248","2","00:03:53","500","251","1"
"23","30","265","2","00:03:53","500","94","0"
"27","57","49","2","00:03:54","500","94","1"
"116","89","166","2","00:03:54","143","251","1"
"280","161","242","2","00:03:54","457","49","1"
"34","78","259","2","00:03:54","457","49","1"
"75","34","333","2","00:03:54","100","206","1"
"75","97","25","2","00:03:55","143","94","0"
"76","27","30","2","00:03:55","300","150","0"
"115","75","40","2","00:03:55","100","206","1"
"86","23","43","2","00:03:55","300","150","0"
"88","214","108","2","00:03:55","500","251","1"
"23","30","119","2","00:03:55","397","73","0"
"183","42","157","2","00:03:55","500","251","1"
"97","212","169","2","00:03:55","300","150","1"
"20","31","6","2","00:03:56","500","251","0"
"34","101","61","2","00:03:56","300","150","1"
"231","31","141","2","00:03:56","100","49","1"
"4","1","162","2","00:03:56","500","251","1"
"75","23","196","2","00:03:56","500","94","0"
"75","16","14","2","00:03:57","100","206","1"
"30","116","33","2","00:03:57","500","94","1"
"75","42","36","2","00:03:57","500","251","0"
"30","76","66","2","00:03:57","100","206","1"
"227","75","128","2","00:03:57","457","206","0"
"30","23","131","2","00:03:57","143","251","1"
"31","27","180","2","00:03:57","143","251","1"
"243","30","269","2","00:03:57","247","273","1"
"42","89","150","2","00:03:58","100","206","1"
"73","34","164","2","00:03:58","500","94","0"
"1","89","184","2","00:03:58","457","49","1"
"39","97","73","2","00:03:59","100","206","0"
"31","57","106","2","00:03:59","143","94","0"
"21","57","132","2","00:03:59","143","251","1"
"4","23","160","2","00:03:59","247","273","0"
"1","57","171","2","00:03:59","143","94","0"
"57","21","191","2","00:03:59","500","251","1"
"224","45","221","2","00:03:59","100","49","1"
"248","23","239","2","00:03:59","457","206","1"
"78","30","89","2","00:04:00","500","94","0"
"31","57","137","2","00:04:00","500","251","1"
"61","23","247","2","00:04:00","143","251","0"
"86","30","35","2","00:04:01","143","94","0"
"30","23","58","2","00:04:01","500","251","0"
"76","21","86","2","00:04:01","500","251","1"
"39","224","103","2","00:04:01","500","251","1"
"75","49","118","2","00:04:01","500","94","1"
"23","42","124","2","00:04:01","500","94","1"
"57","78","151","2","00:04:01","500","94","1"
"30","73","154","2","00:04:01","300","150","0"
"30","23","156","2","00:04:01","143","251","1"
"114","42","170","2","00:04:01","500","94","1"
"1","21","225","2","00:04:01","300","150","0"
"280","101","260","2","00:04:01","100","206","0"
"34","156","46","2","00:04:02","457","206","1"
"97","34","250","2","00:04:02","500","251","0"
"280","4","258","2","00:04:02","143","94","1"
"175","157","163","2","00:04:03","143","94","0"
"21","224","252","2","00:04:03","500","251","1"
"34","21","130","2","00:04:04","100","49","0"
"183","231","139","2","00:04:04","397","73","1"
"88","201","172","2","00:04:04","100","206","0"
"15","227","220","2","00:04:04","397","273","1"
"205","15","228","2","00:04:04","457","206","0"
"30","21","256","2","00:04:04","300","150","1"
"86","23","43","2","00:04:05","397","273","0"
"27","23","147","2","00:04:05","500","251","0"
"57","128","201","2","00:04:05","143","251","1"
"243","39","213","2","00:04:05","143","251","1"
"183","42","112","2","00:04:06","300","150","0"
"30","23","58","2","00:04:07","500","94","0"
"58","23","59","2","00:04:07","300","150","0"
"75","189","195","2","00:04:07","500","94","1"
"227","195","183","2","00:04:08","500","94","0"
"15","227","220","2","00:04:08","500","94","1"
"244","241","235","2","00:04:08","143","94","1"
"4","195","160","2","00:04:09","500","251","0"
"21","138","168","2","00:04:09","300","150","1"
"37","30","35","2","00:04:10","143","94","0"
"45","89","217","2","00:04:10","457","49","0"
"183","316","255","2","00:04:10","143","94","0"
"23","86","12","2","00:04:11","143","94","1"
"88","1","237","2","00:04:11","143","251","1"
"156","39","60","2","00:04:12","143","94","1"
"97","161","115","2","00:04:12","500","94","1"
"183","34","157","2","00:04:12","500","251","0"
"88","30","172","2","00:04:12","203","227","0"
"244","21","241","2","00:04:12","143","251","0"
"88","89","249","2","00:04:12","500","94","0"
"35","78","337","2","00:04:12","500","94","0"
"31","57","22","2","00:04:13","500","251","0"
"156","109","85","2","00:04:13","143","94","1"
"224","16","127","2","00:04:13","500","94","0"
"4","76","129","2","00:04:13","143","94","0"
"89","34","189","2","00:04:13","500","94","0"
"81","65","17","2","00:04:14","397","273","1"
"31","189","131","2","00:04:14","143","251","1"
"81","15","11","2","00:04:15","300","150","1"
"75","21","84","2","00:04:15","143","251","1"
"39","35","110","2","00:04:15","143","251","1"
"57","183","151","2","00:04:15","500","94","0"
"97","31","175","2","00:04:15","500","94","0"
"88","101","18","2","00:04:16","143","94","0"
"30","58","49","2","00:04:16","500","94","1"
"101","195","160","2","00:04:16","500","94","1"
"21","31","168","2","00:04:16","300","150","0"
"224","76","261","2","00:04:16","100","49","1"
"13","21","94","2","00:04:17","100","206","0"
"183","138","99","2","00:04:17","457","49","0"
"195","125","100","2","00:04:17","457","206","1"
"138","39","236","2","00:04:17","457","49","1"
"101","23","160","2","00:04:18","500","94","1"
"1","30","173","2","00:04:18","247","73","1"
"25","15","38","2","00:04:19","397","273","0"
"21","76","90","2","00:04:19","500","251","1"
"4","23","207","2","00:04:19","500","251","1"
"201","88","264","2","00:04:19","397","273","1"
"30","101","197","2","00:04:20","143","251","0"
"39","78","337","2","00:04:20","500","251","1"
"57","36","26","2","00:04:21","500","251","1"
"224","76","261","2","00:04:21","300","150","1"
"101","42","21","2","00:04:22","143","94","1"
"31","57","22","2","00:04:22","500","94","0"
"4","75","129","2","00:04:22","500","94","0"
"195","57","181","2","00:04:22","143","251","0"
"78","4","185","2","00:04:23","500","94","1"
"31","73","238","2","00:04:23","143","251","1"
"23","4","50","2","00:04:24","500","94","1"
"32","75","66","2","00:04:24","100","206","1"
"30","1","85","2","00:04:24","500","94","0"
"89","34","177","2","00:04:24","500","251","1"
"78","76","184","2","00:04:24","457","49","0"
"58","190","244","2","00:04:24","300","150","1"
"97","57","28","2","00:04:25","247","73","0"
"1","75","187","2","00:04:25","143","94","0"
"227","76","263","2","00:04:25","203","27","1"
"191","30","119","2","00:04:26","300","150","0"
"73","45","248","2","00:04:26","247","73","0"
"97","224","250","2","00:04:26","500","251","1"
"42","65","267","2","00:04:26","143","251","1"
"31","65","17","2","00:04:27","143","251","1"
"88","101","18","2","00:04:27","300","150","1"
"34","21","130","2","00:04:27","300","150","0"
"224","23","216","2","00:04:27","100","49","0"
"101","21","219","2","00:04:27","300","150","0"
"35","227","253","2","00:04:27","500","251","1"
"231","30","161","2","00:04:28","457","206","0"
"224","97","234","2","00:04:28","300","150","1"
"15","39","32","2","00:04:29","300","150","1"
"97","4","50","2","00:04:29","500","94","0"
"23","15","96","2","00:04:29","143","251","0"
"42","75","114","2","00:04:29","300","150","1"
"205","1","143","2","00:04:29","100","206","0"
"224","231","155","2","00:04:29","500","94","0"
"205","67","150","2","00:04:30","300","150","1"
"34","30","46","2","00:04:31","353","27","1"
"75","57","140","2","00:04:31","300","150","0"
"101","88","10","2","00:04:32","500","94","0"
"109","156","27","2","00:04:32","247","73","1"
"42","105","43","2","00:04:32","143","251","1"
"75","78","52","2","00:04:32","500","94","0"
"78","23","147","2","00:04:32","143","94","0"
"55","44","39","2","00:04:33","143","94","0"
"224","30","221","2","00:04:33","457","49","0"
"31","1","42","2","00:04:34","143","94","1"
"78","231","139","2","00:04:34","143","251","1"
"35","30","141","2","00:04:34","300","150","0"
"1","49","34","2","00:04:36","500","94","0"
"81","142","37","2","00:04:36","397","273","1"
"42","57","71","2","00:04:36","100","206","1"
"21","49","126","2","00:04:36","143","251","1"
"57","89","178","2","00:04:36","457","49","1"
"316","89","257","2","00:04:36","500","94","0"
"30","57","106","2","00:04:37","143","251","0"
"57","231","135","2","00:04:37","300","150","0"
"88","248","249","2","00:04:37","500","94","0"
"30","42","60","2","00:04:38","247","273","1"
"30","13","121","2","00:04:38","143","251","0"
"39","224","176","2","00:04:38","143","251","1"
"25","57","208","2","00:04:38","500","94","0"
"34","39","236","2","00:04:38","100","206","1"
"49","195","109","2","00:04:39","500","251","1"
"78","23","147","2","00:04:39","143","94","1"
"57","21","160","2","00:04:39","500","251","1"
"39","16","190","2","00:04:39","500","94","0"
"57","115","31","2","00:04:40","500","94","1"
"21","76","90","2","00:04:40","500","94","1"
"101","30","30","2","00:04:41","300","150","0"
"35","30","141","2","00:04:41","100","206","1"
"210","195","196","2","00:04:41","300","150","1"
"21","1","230","2","00:04:41","500","94","0"
"190","49","252","2","00:04:41","500","94","0"
"1","75","29","2","00:04:42","300","150","1"
"75","116","174","2","00:04:42","143","251","0"
"57","89","215","2","00:04:42","300","150","0"
"224","195","216","2","00:04:42","100","49","1"
"4","1","337","2","00:04:42","500","251","0"
"58","75","18","2","00:04:43","500","251","1"
"76","42","21","2","00:04:43","247","73","0"
"35","23","24","2","00:04:43","300","150","1"
"55","65","41","2","00:04:43","300","150","1"
"65","97","84","2","00:04:44","143","251","0"
"97","39","119","2","00:04:44","500","94","0"
"78","76","184","2","00:04:44","457","49","1"
"4","280","214","2","00:04:45","500","94","0"
"191","58","233","2","00:04:45","143","94","1"
"114","195","239","2","00:04:45","100","49","1"
"4","58","254","2","00:04:45","500","251","1"
"116","57","103","2","00:04:46","500","94","1"
"280","98","258","2","00:04:46","500","94","0"
"34","244","261","2","00:04:46","100","206","0"
"30","16","190","2","00:04:47","500","251","0"
"34","42","236","2","00:04:47","100","206","0"
"35","212","332","2","00:04:47","143","251","0"
"31","1","42","2","00:04:48","143","251","1"
"81","109","42","2","00:04:50","300","150","1"
"21","78","97","2","00:04:50","300","150","1"
"224","247","216","2","00:04:50","100","49","1"
"227","220","226","2","00:04:50","457","206","1"
"191","89","100","2","00:04:51","457","49","1"
"4","23","144","2","00:04:51","300","150","0"
"224","220","229","2","00:04:51","203","227","0"
"21","42","107","2","00:04:52","247","73","1"
"42","57","125","2","00:04:52","100","49","0"
"245","89","242","2","00:04:52","457","206","1"
"190","138","252","2","00:04:53","500","251","0"
"42","101","5","2","00:04:54","143","251","0"
"206","191","117","2","00:04:54","457","206","0"
"4","183","127","2","00:04:54","143","94","1"
"97","88","209","2","00:04:54","143","94","0"
"227","45","223","2","00:04:54","100","49","1"
"86","4","53","2","00:04:55","143","251","0"
"15","57","185","2","00:04:55","300","150","0"
"76","23","195","2","00:04:55","500","251","0"
"31","142","22","2","00:04:56","500","94","0"
"65","35","36","2","00:04:57","143","94","1"
"76","20","84","2","00:04:57","500","94","1"
"138","78","87","2","00:04:57","143","251","1"
"21","42","107","2","00:04:58","247","273","1"
"21","4","115","2","00:04:58","143","251","0"
"76","195","142","2","00:04:58","500","251","1"
"76","1","145","2","00:04:58","300","150","0"
"23","76","153","2","00:04:58","500","94","1"
"210","195","196","2","00:04:58","397","73","1"
"245","61","243","2","00:04:58","457","49","0"
"76","42","21","2","00:04:59","247","73","0"
"76","49","52","2","00:04:59","500","251","1"
"31","105","58","2","00:04:59","300","150","1"
"35","57","71","2","00:04:59","457","206","1"
"75","78","105","2","00:04:59","143","251","1"
"53","75","108","2","00:04:59","143","251","0"
"23","138","252","2","00:04:59","500","94","1"
"57","34","39","2","00:05:00","500","94","1"
"31","34","110","2","00:05:00","143","94","0"
"45","30","141","2","00:05:00","100","206","0"
"88","21","244","2","00:05:00","300","150","0"
"4","65","267","2","00:05:00","500","251","1"
"57","78","151","2","00:05:01","500","94","0"
"78","30","182","2","00:05:01","353","227","1"
"227","220","226","2","00:05:01","353","227","0"
"76","42","21","2","00:05:02","500","251","1"
"16","4","171","2","00:05:02","247","73","0"
"30","88","199","2","00:05:02","247","273","1"
"30","1","11","2","00:05:03","397","273","1"
"20","27","20","2","00:05:03","143","251","1"
"101","183","101","2","00:05:03","100","49","0"
"57","195","206","2","00:05:04","143","94","0"
"97","195","225","2","00:05:04","143","94","0"
"15","116","4","2","00:05:05","143","251","1"
"39","101","5","2","00:05:05","300","150","0"
"27","101","17","2","00:05:05","143","94","0"
"75","114","25","2","00:05:05","500","251","1"
"78","23","94","2","00:05:05","100","49","1"
"206","269","331","2","00:05:05","300","150","1"
"224","75","108","2","00:05:06","143","94","0"
"280","190","256","2","00:05:06","100","49","0"
"15","21","23","2","00:05:07","500","251","0"
"23","76","153","2","00:05:07","500","251","0"
"31","195","156","2","00:05:07","143","251","1"
"31","4","197","2","00:05:07","300","150","1"
"227","76","263","2","00:05:07","100","49","0"
"78","76","57","2","00:05:08","143","251","1"
"75","1","105","2","00:05:08","143","94","1"
"31","21","131","2","00:05:08","143","251","0"
"97","78","50","2","00:05:10","500","94","1"
"125","4","72","2","00:05:10","500","94","1"
"280","73","232","2","00:05:10","100","49","1"
"190","58","233","2","00:05:10","500","251","1"
"61","58","264","2","00:05:10","397","73","1"
"97","1","123","2","00:05:11","500","94","1"
"183","195","147","2","00:05:11","500","251","1"
"30","23","149","2","00:05:11","500","251","0"
"4","31","201","2","00:05:12","143","94","0"
"97","13","96","2","00:05:13","143","251","0"
"49","73","133","2","00:05:13","143","251","0"
"191","125","181","2","00:05:13","500","251","1"
"31","4","197","2","00:05:13","500","94","0"
"1","205","269","2","00:05:13","397","73","0"
"57","101","41","2","00:05:14","300","150","1"
"35","4","71","2","00:05:14","457","49","0"
"31","34","110","2","00:05:14","500","94","0"
"190","49","134","2","00:05:14","500","94","1"
"205","31","141","2","00:05:14","100","49","1"
"191","224","181","2","00:05:14","500","251","0"
"227","206","223","2","00:05:14","203","227","1"
"34","30","9","2","00:05:15","100","49","0"
"30","58","22","2","00:05:15","500","251","0"
"78","76","57","2","00:05:15","143","94","0"
"1","23","109","2","00:05:15","500","94","0"
"23","72","209","2","00:05:15","500","251","1"
"21","35","262","2","00:05:15","143","251","1"
"34","76","5","2","00:05:16","500","94","0"
"31","21","58","2","00:05:16","143","251","1"
"57","23","244","2","00:05:16","300","150","1"
"42","23","43","2","00:05:17","143","94","0"
"78","156","89","2","00:05:17","500","251","0"
"16","4","171","2","00:05:17","500","94","1"
"280","191","256","2","00:05:17","457","206","1"
"4","57","34","2","00:05:19","143","94","0"
"65","81","47","2","00:05:19","143","94","0"
"97","1","70","2","00:05:19","500","94","1"
"21","280","265","2","00:05:19","247","73","0"
"23","4","132","2","00:05:20","247","273","1"
"39","244","238","2","00:05:20","397","273","1"
"4","244","267","2","00:05:20","143","94","0"
"114","142","333","2","00:05:20","457","206","1"
"88","21","15","2","00:05:21","143","94","1"
"1","39","99","2","00:05:21","457","49","1"
"214","101","140","2","00:05:21","143","94","0"
"183","195","147","2","00:05:21","500","251","1"
"206","269","330","2","00:05:21","143","251","1"
"190","49","134","2","00:05:22","500","251","1"
"34","30","9","2","00:05:23","100","206","1"
"23","34","51","2","00:05:23","500","94","0"
"78","142","65","2","00:05:23","500","94","1"
"189","31","119","2","00:05:23","500","94","0"
"76","231","189","2","00:05:23","500","94","0"
"241","36","268","2","00:05:23","500","251","1"
"156","65","66","2","00:05:24","100","49","1"
"101","23","191","2","00:05:24","500","251","0"
"88","15","19","2","00:05:25","300","150","1"
"42","57","165","2","00:05:25","300","150","0"
"31","23","58","2","00:05:26","300","150","1"
"101","175","162","2","00:05:26","500","94","1"
"40","88","260","2","00:05:26","457","49","0"
"65","21","25","2","00:05:27","500","94","0"
"168","57","49","2","00:05:27","143","94","0"
"88","195","206","2","00:05:27","300","150","1"
"30","1","228","2","00:05:27","300","150","0"
"61","31","3","2","00:05:28","500","94","0"
"4","116","59","2","00:05:28","100","206","1"
"35","75","61","2","00:05:28","300","150","0"
"57","78","69","2","00:05:28","500","94","0"
"34","89","114","2","00:05:28","143","94","1"
"231","210","128","2","00:05:28","457","206","1"
"42","1","148","2","00:05:28","203","227","1"
"31","231","170","2","00:05:28","500","94","1"
"76","1","45","2","00:05:29","100","206","0"
"39","15","56","2","00:05:29","300","150","1"
"224","15","234","2","00:05:29","457","49","1"
"45","39","243","2","00:05:29","203","27","0"
"30","17","11","2","00:05:30","500","94","0"
"65","30","30","2","00:05:30","300","150","0"
"199","88","254","2","00:05:30","143","251","1"
"58","35","39","2","00:05:31","143","94","0"
"4","21","144","2","00:05:31","500","94","0"
"39","23","149","2","00:05:31","500","251","1"
"1","224","185","2","00:05:31","500","251","0"
"4","34","48","2","00:05:32","500","251","0"
"142","65","54","2","00:05:32","500","251","0"
"39","65","138","2","00:05:32","500","94","0"
"34","21","183","2","00:05:32","500","251","1"
"78","190","225","2","00:05:32","143","94","0"
"8","227","112","2","00:05:33","203","27","0"
"191","35","124","2","00:05:33","500","94","1"
"31","183","190","2","00:05:33","397","273","0"
"73","239","235","2","00:05:33","143","94","1"
"42","142","53","2","00:05:34","300","150","0"
"27","72","171","2","00:05:34","247","273","1"
"30","57","176","2","00:05:34","300","150","0"
"183","224","185","2","00:05:34","300","150","1"
"34","239","229","2","00:05:34","100","206","1"
"39","4","106","2","00:05:35","300","150","0"
"75","97","111","2","00:05:35","300","150","1"
"39","224","137","2","00:05:35","143","94","0"
"31","227","170","2","00:05:35","500","251","0"
"23","75","204","2","00:05:35","500","251","1"
"125","97","86","2","00:05:36","143","251","0"
"49","75","133","2","00:05:36","500","94","0"
"30","101","103","2","00:05:37","500","94","0"
"42","75","114","2","00:05:37","143","251","0"
"42","78","148","2","00:05:37","203","227","1"
"227","1","179","2","00:05:37","100","206","0"
"78","63","255","2","00:05:37","143","94","0"
"243","30","269","2","00:05:37","143","251","0"
"30","75","166","2","00:05:38","143","94","0"
"138","15","234","2","00:05:38","457","49","1"
"58","23","244","2","00:05:38","500","251","1"
"31","58","264","2","00:05:38","143","251","1"
"15","31","27","2","00:05:39","300","150","1"
"65","30","47","2","00:05:39","143","94","0"
"88","78","101","2","00:05:39","100","206","0"
"125","227","104","2","00:05:39","457","206","0"
"190","35","107","2","00:05:39","143","251","1"
"183","86","184","2","00:05:39","300","150","0"
"100","58","10","2","00:05:40","300","150","1"
"23","156","55","2","00:05:40","300","150","0"
"1","21","147","2","00:05:40","143","251","1"
"42","76","224","2","00:05:40","143","251","1"
"58","224","268","2","00:05:40","300","150","0"
"125","227","104","2","00:05:41","300","150","0"
"49","227","112","2","00:05:41","300","150","0"
"98","21","156","2","00:05:41","143","251","0"
"88","97","191","2","00:05:41","500","251","1"
"201","88","197","2","00:05:41","500","94","1"
"101","23","219","2","00:05:41","500","251","0"
"45","31","243","2","00:05:41","457","49","0"
"35","73","61","2","00:05:43","500","94","0"
"21","66","203","2","00:05:43","500","94","1"
"31","57","264","2","00:05:43","143","251","1"
"61","31","3","2","00:05:44","143","251","1"
"42","23","130","2","00:05:44","143","94","0"
"224","201","188","2","00:05:44","143","94","0"
"244","15","218","2","00:05:44","457","206","0"
"280","23","256","2","00:05:44","457","206","0"
"269","4","262","2","00:05:44","143","251","1"
"21","31","6","2","00:05:45","143","251","0"
"31","34","60","2","00:05:45","143","251","0"
"142","156","62","2","00:05:45","457","49","0"
"21","75","88","2","00:05:45","143","251","1"
"220","31","200","2","00:05:45","500","94","0"
"30","65","232","2","00:05:45","100","206","1"
"31","15","11","2","00:05:46","300","150","1"
"34","75","128","2","00:05:46","457","206","1"
"42","1","337","2","00:05:46","143","251","1"
"91","42","124","2","00:05:47","500","251","0"
"31","57","176","2","00:05:47","143","251","0"
"161","23","239","2","00:05:47","100","49","0"
"205","42","258","2","00:05:47","247","273","1"
"224","15","259","2","00:05:47","300","150","1"
"45","39","243","2","00:05:48","203","27","0"
"138","313","261","2","00:05:48","457","206","1"
"4","244","267","2","00:05:48","500","94","0"
"23","156","55","2","00:05:49","247","273","1"
"168","78","85","2","00:05:49","143","94","0"
"73","21","159","2","00:05:49","100","206","0"
"21","57","115","2","00:05:50","300","150","0"
"23","183","126","2","00:05:50","143","94","1"
"101","30","47","2","00:05:51","397","73","1"
"142","65","54","2","00:05:51","247","73","0"
"76","39","116","2","00:05:51","500","251","1"
"34","142","120","2","00:05:51","100","49","1"
"231","23","183","2","00:05:51","500","94","0"
"76","88","122","2","00:05:52","397","73","0"
"30","97","131","2","00:05:52","300","150","1"
"1","57","34","2","00:05:53","500","251","1"
"89","206","104","2","00:05:53","457","49","0"
"23","88","233","2","00:05:53","143","94","1"
"34","190","117","2","00:05:54","100","206","1"
"23","39","119","2","00:05:54","300","150","0"
"1","75","133","2","00:05:54","500","94","0"
"42","98","141","2","00:05:54","300","150","1"
"61","244","267","2","00:05:54","500","94","1"
"42","88","71","2","00:05:55","100","206","0"
"73","30","158","2","00:05:55","457","206","0"
"31","34","60","2","00:05:56","500","251","1"
"21","89","270","2","00:05:56","500","94","1"
"1","76","29","2","00:05:57","397","273","0"
"35","78","143","2","00:05:57","353","227","1"
"32","88","197","2","00:05:57","143","251","0"
"21","156","55","2","00:05:58","143","94","1"
"76","35","164","2","00:05:58","500","251","0"
"206","23","256","2","00:05:58","457","206","1"
"75","313","263","2","00:05:58","300","150","1"
"78","42","48","2","00:05:59","500","251","1"
"23","81","20","2","00:06:00","143","94","1"
"142","86","39","2","00:06:00","300","150","1"
"21","15","70","2","00:06:00","500","94","1"
"78","97","94","2","00:06:00","100","206","1"
"31","76","166","2","00:06:00","143","251","0"
"65","227","257","2","00:06:00","247","73","1"
"75","116","86","2","00:06:01","143","251","1"
"220","100","336","2","00:06:01","300","150","0"
"45","248","331","2","00:06:02","300","150","1"
"73","31","47","2","00:06:03","143","251","1"
"97","78","123","2","00:06:03","500","94","0"
"34","23","130","2","00:06:03","143","94","1"
"21","30","55","2","00:06:04","300","150","0"
"78","57","65","2","00:06:04","143","94","1"
"280","138","240","2","00:06:04","500","94","0"
"31","42","13","2","00:06:05","300","150","0"
"39","97","24","2","00:06:05","143","251","0"
"30","142","49","2","00:06:05","397","273","1"
"31","76","154","2","00:06:05","143","251","0"
"189","217","208","2","00:06:05","397","73","0"
"39","76","238","2","00:06:05","500","251","0"
"75","313","263","2","00:06:05","203","27","1"
"86","27","9","2","00:06:06","203","227","0"
"30","23","33","2","00:06:06","500","94","0"
"183","42","112","2","00:06:06","100","49","0"
"49","9","139","2","00:06:06","247","273","0"
"31","195","149","2","00:06:06","143","251","1"
"313","34","245","2","00:06:06","500","251","0"
"78","42","48","2","00:06:07","500","251","0"
"31","34","60","2","00:06:07","500","94","0"
"156","101","67","2","00:06:08","500","251","0"
"1","157","163","2","00:06:08","300","150","1"
"76","58","235","2","00:06:08","300","150","1"
"31","15","11","2","00:06:10","397","73","0"
"189","78","123","2","00:06:10","300","150","0"
"57","31","188","2","00:06:10","500","94","1"
"220","73","336","2","00:06:10","500","251","1"
"30","34","13","2","00:06:11","300","150","0"
"81","76","66","2","00:06:11","300","150","0"
"23","101","233","2","00:06:11","143","251","0"
"189","75","136","2","00:06:12","500","94","0"
"189","75","169","2","00:06:12","300","150","0"
"88","116","172","2","00:06:12","100","206","1"
"31","57","197","2","00:06:12","397","273","1"
"34","1","68","2","00:06:13","300","150","1"
"58","76","41","2","00:06:14","143","94","1"
"78","21","98","2","00:06:14","500","251","1"
"23","39","119","2","00:06:14","143","94","0"
"78","31","213","2","00:06:14","500","251","0"
"75","231","177","2","00:06:15","397","273","1"
"316","30","248","2","00:06:15","143","94","1"
"65","75","257","2","00:06:15","397","73","0"
"205","42","258","2","00:06:15","500","251","0"
"75","313","263","2","00:06:15","100","49","1"
"78","75","133","2","00:06:16","500","94","0"
"114","4","176","2","00:06:16","247","73","0"
"248","101","226","2","00:06:16","100","206","0"
"4","97","4","2","00:06:17","143","251","1"
"42","31","35","2","00:06:17","500","94","1"
"45","97","228","2","00:06:17","100","206","1"
"280","244","232","2","00:06:17","300","150","1"
"189","78","123","2","00:06:18","143","251","1"
"78","89","220","2","00:06:18","300","150","1"
"89","4","231","2","00:06:18","457","49","0"
"4","34","16","2","00:06:19","500","94","0"
"49","30","89","2","00:06:19","143","94","1"
"4","86","178","2","00:06:19","353","227","0"
"116","31","6","2","00:06:20","143","251","1"
"116","75","8","2","00:06:20","500","94","0"
"73","39","227","2","00:06:20","143","94","0"
"128","73","238","2","00:06:20","500","94","1"
"201","88","264","2","00:06:20","500","251","1"
"35","1","337","2","00:06:20","143","251","1"
"21","30","55","2","00:06:21","247","73","0"
"34","190","216","2","00:06:21","203","227","1"
"57","31","3","2","00:06:22","143","251","1"
"21","1","70","2","00:06:22","247","273","0"
"76","72","235","2","00:06:22","300","150","1"
"78","31","64","2","00:06:23","300","150","1"
"30","189","256","2","00:06:23","457","49","0"
"25","88","28","2","00:06:24","143","94","0"
"78","75","29","2","00:06:24","143","251","1"
"75","21","92","2","00:06:24","500","251","1"
"78","231","112","2","00:06:24","457","206","0"
"31","65","154","2","00:06:24","247","73","1"
"76","21","196","2","00:06:24","143","94","1"
"57","21","59","2","00:06:25","100","206","1"
"76","88","140","2","00:06:25","143","251","0"
"138","58","229","2","00:06:25","300","150","0"
"73","57","72","2","00:06:26","300","150","0"
"78","42","48","2","00:06:27","143","251","1"
"34","1","56","2","00:06:27","300","150","0"
"34","1","68","2","00:06:27","100","49","0"
"98","1","85","2","00:06:27","143","94","1"
"116","97","149","2","00:06:27","397","273","0"
"31","142","37","2","00:06:28","143","251","1"
"76","78","145","2","00:06:28","500","251","1"
"57","23","244","2","00:06:28","300","150","0"
"75","23","195","2","00:06:29","143","94","0"
"57","195","219","2","00:06:29","500","251","0"
"34","214","128","2","00:06:31","457","206","1"
"183","31","182","2","00:06:31","457","49","0"
"101","30","201","2","00:06:31","143","94","0"
"76","30","248","2","00:06:31","143","94","0"
"75","109","14","2","00:06:32","457","49","1"
"30","227","242","2","00:06:32","457","49","0"
"115","42","12","2","00:06:33","500","94","0"
"30","75","17","2","00:06:33","143","251","1"
"142","65","18","2","00:06:33","500","94","1"
"23","31","119","2","00:06:33","500","251","1"
"89","21","159","2","00:06:33","300","150","1"
"116","1","180","2","00:06:33","300","150","0"
"73","1","218","2","00:06:33","457","49","1"
"190","31","262","2","00:06:33","500","94","0"
"57","81","3","2","00:06:34","247","273","0"
"42","31","46","2","00:06:35","100","206","1"
"21","13","97","2","00:06:35","143","94","0"
"98","75","138","2","00:06:35","300","150","0"
"280","21","256","2","00:06:36","100","206","1"
"4","101","54","2","00:06:37","143","251","0"
"23","75","203","2","00:06:37","300","150","0"
"245","61","243","2","00:06:37","300","150","0"
"42","126","5","2","00:06:38","300","150","1"
"142","65","18","2","00:06:38","300","150","0"
"204","21","117","2","00:06:38","100","49","0"
"21","89","204","2","00:06:38","247","273","1"
"73","42","227","2","00:06:38","143","251","1"
"21","101","90","2","00:06:39","500","94","0"
"227","75","128","2","00:06:39","457","206","0"
"89","224","140","2","00:06:39","300","150","0"
"57","31","152","2","00:06:39","143","94","0"
"23","34","107","2","00:06:40","300","150","1"
"4","1","162","2","00:06:40","500","251","0"
"285","227","242","2","00:06:40","457","206","0"
"65","78","118","2","00:06:41","500","251","0"
"42","21","130","2","00:06:41","247","273","0"
"78","76","133","2","00:06:41","500","94","1"
"78","31","20","2","00:06:42","143","94","1"
"57","30","62","2","00:06:42","100","49","0"
"23","76","88","2","00:06:42","143","94","0"
"76","23","92","2","00:06:42","500","94","0"
"21","75","136","2","00:06:42","500","251","0"
"21","1","50","2","00:06:43","300","150","0"
"39","97","73","2","00:06:43","457","49","1"
"88","73","108","2","00:06:43","143","251","1"
"73","195","142","2","00:06:43","500","251","0"
"1","231","157","2","00:06:43","500","94","0"
"245","61","243","2","00:06:43","100","206","0"
"42","15","337","2","00:06:43","143","94","1"
"16","31","27","2","00:06:44","300","150","1"
"97","49","44","2","00:06:44","500","251","1"
"21","35","124","2","00:06:44","300","150","0"
"221","227","167","2","00:06:44","143","251","0"
"195","97","230","2","00:06:44","300","150","1"
"101","76","334","2","00:06:44","300","150","1"
"34","30","221","2","00:06:45","100","49","0"
"78","42","32","2","00:06:46","143","94","1"
"30","76","67","2","00:06:46","143","251","0"
"231","30","161","2","00:06:46","100","49","0"
"65","89","257","2","00:06:46","500","94","1"
"88","98","201","2","00:06:47","300","150","1"
"244","58","222","2","00:06:47","143","251","0"
"76","30","248","2","00:06:47","143","94","0"
"45","195","330","2","00:06:47","500","251","0"
"89","224","335","2","00:06:47","300","150","1"
"220","31","152","2","00:06:48","500","94","0"
"21","73","8","2","00:06:49","143","94","1"
"98","1","85","2","00:06:49","500","251","0"
"34","195","102","2","00:06:49","353","27","0"
"1","88","113","2","00:06:49","300","150","1"
"183","30","163","2","00:06:49","143","251","1"
"30","227","242","2","00:06:49","100","206","1"
"31","1","42","2","00:06:50","143","251","1"
"21","1","50","2","00:06:50","397","273","0"
"21","30","55","2","00:06:50","143","94","1"
"78","168","64","2","00:06:50","457","206","1"
"224","35","135","2","00:06:50","143","251","1"
"57","21","207","2","00:06:50","247","73","0"
"248","88","226","2","00:06:50","353","227","1"
"1","88","34","2","00:06:51","300","150","1"
"36","31","141","2","00:06:51","457","206","0"
"30","88","137","2","00:06:52","300","150","0"
"23","39","175","2","00:06:52","100","206","1"
"101","30","212","2","00:06:52","143","251","0"
"65","31","227","2","00:06:52","500","251","0"
"109","97","23","2","00:06:53","500","94","0"
"76","21","84","2","00:06:53","500","94","0"
"35","57","120","2","00:06:53","300","150","1"
"78","57","251","2","00:06:53","500","94","0"
"280","101","260","2","00:06:53","300","150","1"
"26","49","87","2","00:06:54","247","73","0"
"35","76","114","2","00:06:54","500","94","1"
"15","75","29","2","00:06:55","300","150","0"
"34","58","53","2","00:06:55","143","94","0"
"31","88","103","2","00:06:55","500","94","1"
"88","227","215","2","00:06:55","300","150","0"
"23","86","51","2","00:06:56","500","251","1"
"31","76","67","2","00:06:56","143","251","1"
"57","78","127","2","00:06:56","143","94","1"
"227","75","128","2","00:06:56","457","49","0"
"42","78","143","2","00:06:56","457","206","1"
"27","23","147","2","00:06:56","500","251","0"
"30","89","217","2","00:06:56","100","206","1"
"115","76","40","2","00:06:57","457","49","1"
"30","55","49","2","00:06:57","143","94","1"
"76","23","86","2","00:06:57","247","273","0"
"34","195","102","2","00:06:57","300","150","1"
"31","76","138","2","00:06:57","300","150","1"
"58","195","191","2","00:06:57","143","94","1"
"280","114","242","2","00:06:57","100","206","1"
"75","1","45","2","00:06:58","457","49","0"
"88","98","201","2","00:06:58","300","150","0"
"78","57","251","2","00:06:58","500","94","1"
"58","86","39","2","00:06:59","143","94","1"
"31","1","85","2","00:06:59","500","251","0"
"175","97","94","2","00:06:59","457","49","1"
"34","30","221","2","00:06:59","457","49","1"
"31","76","67","2","00:07:00","143","251","1"
"78","76","29","2","00:07:01","300","150","1"
"115","58","28","2","00:07:02","500","251","0"
"89","31","158","2","00:07:02","300","150","0"
"89","21","195","2","00:07:02","143","251","1"
"42","189","247","2","00:07:02","143","94","1"
"34","76","261","2","00:07:02","100","206","0"
"76","57","10","2","00:07:03","500","251","1"
"15","31","99","2","00:07:03","457","49","0"
"30","34","110","2","00:07:03","500","94","1"
"34","97","234","2","00:07:04","353","227","0"
"81","57","22","2","00:07:05","300","150","1"
"75","39","36","2","00:07:05","500","94","1"
"115","73","40","2","00:07:05","353","227","0"
"45","138","240","2","00:07:05","143","251","0"
"47","4","243","2","00:07:05","457","206","0"
"88","23","244","2","00:07:05","143","251","1"
"30","23","256","2","00:07:05","100","206","0"
"30","73","154","2","00:07:06","300","150","1"
"78","4","185","2","00:07:07","300","150","1"
"244","88","235","2","00:07:07","143","94","0"
"281","23","330","2","00:07:07","397","273","1"
"98","97","332","2","00:07:08","143","94","1"
"31","1","42","2","00:07:09","143","94","0"
"34","27","46","2","00:07:09","143","94","1"
"89","57","140","2","00:07:09","500","94","0"
"224","30","172","2","00:07:09","100","49","0"
"23","4","262","2","00:07:09","500","251","0"
"109","76","57","2","00:07:10","397","273","1"
"227","75","128","2","00:07:10","457","49","1"
"4","244","224","2","00:07:10","500","251","0"
"61","76","267","2","00:07:10","500","251","0"
"4","49","101","2","00:07:11","457","49","0"
"31","23","156","2","00:07:11","500","94","0"
"34","57","120","2","00:07:12","203","227","0"
"30","227","146","2","00:07:12","300","150","0"
"98","78","190","2","00:07:12","143","94","0"
"39","101","197","2","00:07:12","300","150","1"
"105","15","38","2","00:07:13","500","94","0"
"21","78","50","2","00:07:13","500","94","0"
"65","220","122","2","00:07:13","300","150","1"
"76","21","142","2","00:07:13","397","273","0"
"227","31","231","2","00:07:13","457","206","0"
"21","30","20","2","00:07:14","300","150","0"
"21","88","44","2","00:07:14","500","94","0"
"76","55","72","2","00:07:14","500","251","1"
"30","227","217","2","00:07:14","100","49","1"
"76","57","222","2","00:07:14","300","150","1"
"195","101","233","2","00:07:14","300","150","1"
"34","31","9","2","00:07:15","100","206","1"
"65","42","21","2","00:07:15","500","94","1"
"23","58","28","2","00:07:15","500","251","1"
"125","195","111","2","00:07:15","300","150","0"
"138","61","236","2","00:07:15","100","206","0"
"15","244","255","2","00:07:15","143","94","0"
"75","1","45","2","00:07:16","300","150","0"
"78","31","163","2","00:07:16","143","94","0"
"189","42","186","2","00:07:16","457","206","0"
"73","224","245","2","00:07:16","143","251","1"
"42","214","114","2","00:07:17","300","150","1"
"40","27","148","2","00:07:17","457","49","1"
"97","27","55","2","00:07:18","143","94","0"
"15","31","99","2","00:07:18","353","227","1"
"39","101","197","2","00:07:18","397","73","0"
"81","34","13","2","00:07:19","500","94","1"
"23","15","38","2","00:07:19","500","94","1"
"227","75","128","2","00:07:19","457","49","1"
"78","205","139","2","00:07:19","500","94","0"
"57","86","26","2","00:07:20","500","251","1"
"75","30","116","2","00:07:20","143","94","0"
"89","88","122","2","00:07:20","143","94","1"
"35","109","68","2","00:07:22","100","49","1"
"30","4","199","2","00:07:22","500","94","0"
"34","75","266","2","00:07:22","203","227","0"
"34","23","24","2","00:07:23","500","94","1"
"78","76","57","2","00:07:23","397","73","0"
"42","183","179","2","00:07:23","457","49","1"
"42","195","183","2","00:07:23","500","251","1"
"42","73","5","2","00:07:24","300","150","1"
"101","88","10","2","00:07:24","500","251","0"
"23","15","38","2","00:07:24","500","94","0"
"86","20","43","2","00:07:24","143","251","0"
"86","57","71","2","00:07:24","300","150","0"
"78","39","173","2","00:07:24","143","251","0"
"97","34","250","2","00:07:24","143","251","1"
"21","36","252","2","00:07:24","247","73","0"
"30","73","67","2","00:07:25","500","94","1"
"190","65","136","2","00:07:25","143","251","0"
"21","75","203","2","00:07:25","143","251","0"
"34","31","9","2","00:07:26","100","49","1"
"31","1","42","2","00:07:26","143","251","1"
"31","206","214","2","00:07:26","143","251","1"
"31","76","238","2","00:07:26","500","94","1"
"42","243","332","2","00:07:26","143","251","1"
"58","1","69","2","00:07:27","143","94","1"
"30","34","110","2","00:07:27","143","251","0"
"23","183","123","2","00:07:27","143","94","1"
"189","78","126","2","00:07:27","500","251","1"
"231","31","161","2","00:07:27","457","49","0"
"98","78","190","2","00:07:27","143","94","0"
"61","31","3","2","00:07:28","143","251","1"
"227","4","125","2","00:07:28","457","49","0"
"31","227","146","2","00:07:28","300","150","1"
"58","42","155","2","00:07:28","143","94","1"
"15","244","255","2","00:07:28","500","251","1"
"57","39","26","2","00:07:29","397","273","1"
"30","73","67","2","00:07:29","500","94","0"
"125","97","92","2","00:07:29","300","150","0"
"231","27","148","2","00:07:29","100","49","1"
"183","75","187","2","00:07:29","143","251","0"
"4","21","207","2","00:07:29","300","150","1"
"42","100","5","2","00:07:30","143","94","1"
"34","21","73","2","00:07:30","457","49","0"
"224","31","172","2","00:07:30","203","27","0"
"1","195","225","2","00:07:30","143","94","1"
"34","15","234","2","00:07:30","457","49","0"
"30","101","260","2","00:07:30","100","206","0"
"31","57","137","2","00:07:31","300","150","0"
"189","42","186","2","00:07:31","353","227","0"
"81","88","49","2","00:07:32","500","94","1"
"31","191","247","2","00:07:32","143","251","1"
"31","57","254","2","00:07:32","500","94","0"
"13","21","95","2","00:07:33","500","94","0"
"89","21","142","2","00:07:33","397","273","1"
"227","31","231","2","00:07:33","100","49","1"
"88","21","144","2","00:07:34","397","73","1"
"42","31","161","2","00:07:34","203","227","1"
"21","39","175","2","00:07:34","457","49","1"
"245","42","243","2","00:07:34","300","150","0"
"78","58","34","2","00:07:35","500","251","1"
"57","89","108","2","00:07:35","143","251","0"
"201","88","264","2","00:07:35","143","94","0"
"1","57","185","2","00:07:36","143","94","1"
"227","280","223","2","00:07:36","100","49","1"
"205","76","232","2","00:07:36","300","150","1"
"61","31","3","2","00:07:37","143","251","1"
"20","34","51","2","00:07:37","247","273","1"
"65","23","63","2","00:07:37","397","273","1"
"31","1","87","2","00:07:37","143","94","1"
"89","13","105","2","00:07:37","500","251","1"
"57","34","167","2","00:07:37","397","273","0"
"76","57","222","2","00:07:37","143","94","0"
"183","88","251","2","00:07:37","397","73","0"
"21","32","20","2","00:07:38","500","94","1"
"30","191","331","2","00:07:38","457","49","0"
"128","34","21","2","00:07:39","143","251","0"
"13","21","94","2","00:07:39","100","206","1"
"23","86","153","2","00:07:39","143","251","1"
"30","34","13","2","00:07:40","300","150","0"
"15","97","23","2","00:07:40","300","150","0"
"35","30","35","2","00:07:40","143","251","1"
"76","34","36","2","00:07:40","300","150","0"
"156","65","66","2","00:07:40","457","206","0"
"75","4","122","2","00:07:40","143","251","1"
"101","201","200","2","00:07:40","397","273","1"
"57","138","268","2","00:07:40","143","94","1"
"30","89","242","2","00:07:41","203","27","1"
"1","4","171","2","00:07:42","300","150","0"
"183","75","187","2","00:07:42","300","150","0"
"57","280","212","2","00:07:42","500","94","1"
"88","244","336","2","00:07:42","143","251","1"
"57","17","19","2","00:07:43","500","94","0"
"98","78","85","2","00:07:43","247","273","1"
"75","34","333","2","00:07:43","300","150","1"
"34","31","9","2","00:07:44","100","206","1"
"35","30","46","2","00:07:44","143","94","1"
"75","110","14","2","00:07:45","457","206","1"
"224","183","101","2","00:07:45","100","49","1"
"15","248","246","2","00:07:45","143","251","1"
"103","57","28","2","00:07:46","143","94","1"
"81","115","33","2","00:07:46","397","73","1"
"100","49","145","2","00:07:46","500","94","1"
"138","21","216","2","00:07:46","457","49","1"
"78","97","98","2","00:07:47","247","73","1"
"224","78","127","2","00:07:47","143","94","1"
"100","191","195","2","00:07:47","300","150","0"
"227","280","223","2","00:07:47","100","49","0"
"39","57","137","2","00:07:48","500","251","0"
"23","89","153","2","00:07:49","500","94","0"
"76","88","222","2","00:07:49","500","94","1"
"97","30","6","2","00:07:50","143","251","1"
"149","55","71","2","00:07:50","457","206","0"
"23","73","90","2","00:07:50","143","94","0"
"75","4","140","2","00:07:50","500","94","0"
"4","30","152","2","00:07:50","300","150","1"
"75","31","174","2","00:07:50","300","150","0"
"58","97","15","2","00:07:51","397","273","0"
"31","13","87","2","00:07:51","500","94","1"
"245","42","243","2","00:07:51","457","49","0"
"88","30","3","2","00:07:52","300","150","1"
"78","81","99","2","00:07:52","457","206","1"
"114","205","146","2","00:07:52","500","251","1"
"57","31","200","2","00:07:52","500","251","1"
"57","244","334","2","00:07:52","247","73","1"
"213","34","104","2","00:07:53","100","49","1"
"23","1","134","2","00:07:53","143","94","0"
"42","76","150","2","00:07:53","300","150","0"
"30","78","228","2","00:07:53","457","49","0"
"183","21","147","2","00:07:54","247","73","1"
"35","30","35","2","00:07:55","143","251","1"
"76","31","116","2","00:07:55","143","94","0"
"116","214","138","2","00:07:55","247","73","0"
"57","31","201","2","00:07:55","300","150","1"
"97","49","97","2","00:07:57","143","251","1"
"227","75","128","2","00:07:57","100","49","0"
"58","105","59","2","00:07:58","203","227","1"
"27","146","60","2","00:07:58","300","150","1"
"227","21","239","2","00:07:58","457","206","0"
"30","42","243","2","00:07:58","457","206","0"
"31","65","267","2","00:07:58","247","73","1"
"15","23","4","2","00:07:59","300","150","0"
"23","57","44","2","00:07:59","500","94","1"
"42","1","143","2","00:07:59","100","206","0"
"224","195","144","2","00:07:59","397","73","1"
"4","78","162","2","00:07:59","500","94","0"
"57","280","212","2","00:07:59","500","251","1"
"45","34","240","2","00:07:59","500","94","0"
"88","244","336","2","00:07:59","143","251","1"
"31","227","110","2","00:08:00","247","73","0"
"34","125","61","2","00:08:01","247","73","1"
"39","224","103","2","00:08:01","500","251","1"
"212","98","158","2","00:08:01","300","150","1"
"57","76","178","2","00:08:01","457","206","1"
"23","57","181","2","00:08:01","397","273","1"
"16","57","185","2","00:08:01","500","94","0"
"78","4","113","2","00:08:02","300","150","0"
"42","214","114","2","00:08:02","500","251","1"
"206","97","130","2","00:08:02","300","150","1"
"175","30","163","2","00:08:02","143","251","0"
"4","42","167","2","00:08:02","247","73","0"
"4","116","172","2","00:08:02","300","150","1"
"4","39","188","2","00:08:03","143","251","1"
"31","42","60","2","00:08:04","143","251","1"
"125","88","72","2","00:08:04","143","251","1"
"34","23","117","2","00:08:04","100","49","0"
"191","30","119","2","00:08:04","300","150","0"
"34","21","216","2","00:08:04","353","227","1"
"16","149","48","2","00:08:05","143","251","1"
"23","81","55","2","00:08:05","247","73","0"
"13","30","89","2","00:08:05","500","251","1"
"78","23","94","2","00:08:05","300","150","0"
"31","23","149","2","00:08:05","247","273","0"
"39","15","337","2","00:08:05","143","251","0"
"73","34","2","2","00:08:06","143","251","1"
"76","31","47","2","00:08:06","397","73","0"
"75","31","174","2","00:08:06","143","251","1"
"78","76","184","2","00:08:06","457","49","0"
"97","125","208","2","00:08:06","500","94","0"
"206","248","217","2","00:08:06","203","227","0"
"75","116","92","2","00:08:07","300","150","1"
"204","1","179","2","00:08:07","457","206","0"
"195","57","181","2","00:08:07","500","94","1"
"57","21","206","2","00:08:07","143","251","0"
"75","30","174","2","00:08:08","143","251","0"
"31","4","199","2","00:08:08","143","251","1"
"205","316","232","2","00:08:08","457","49","0"
"191","61","262","2","00:08:08","143","94","1"
"88","75","18","2","00:08:09","500","94","0"
"65","86","36","2","00:08:09","143","251","0"
"23","49","70","2","00:08:09","500","94","1"
"231","224","165","2","00:08:09","457","206","1"
"98","183","180","2","00:08:09","143","94","0"
"39","78","337","2","00:08:09","143","251","1"
"35","1","143","2","00:08:10","457","206","1"
"76","31","158","2","00:08:10","353","227","1"
"34","75","114","2","00:08:11","300","150","1"
"75","1","118","2","00:08:11","143","251","1"
"31","1","121","2","00:08:11","143","94","1"
"57","231","135","2","00:08:11","143","94","1"
"57","23","144","2","00:08:11","300","150","0"
"248","39","231","2","00:08:11","457","206","1"
"280","31","243","2","00:08:11","100","206","0"
"23","57","44","2","00:08:12","143","94","1"
"76","57","122","2","00:08:12","143","94","1"
"280","39","258","2","00:08:12","143","251","1"
"76","30","30","2","00:08:13","143","94","0"
"56","109","69","2","00:08:13","397","73","0"
"1","227","112","2","00:08:13","457","206","1"
"31","57","199","2","00:08:13","143","251","1"
"23","76","203","2","00:08:13","143","94","1"
"42","27","9","2","00:08:14","457","49","0"
"31","35","13","2","00:08:14","300","150","0"
"97","4","115","2","00:08:14","143","94","1"
"81","100","66","2","00:08:15","457","206","0"
"217","45","212","2","00:08:15","143","94","1"
"1","205","269","2","00:08:15","500","94","1"
"23","101","8","2","00:08:16","143","94","0"
"75","23","111","2","00:08:16","143","251","0"
"4","39","188","2","00:08:16","143","94","0"
"57","21","206","2","00:08:16","143","251","1"
"58","224","268","2","00:08:16","143","251","0"
"201","4","197","2","00:08:17","397","73","0"
"73","220","235","2","00:08:17","500","251","1"
"15","21","23","2","00:08:18","500","251","1"
"125","227","104","2","00:08:18","100","49","1"
"88","190","219","2","00:08:18","300","150","1"
"191","224","252","2","00:08:18","143","94","0"
"227","21","117","2","00:08:19","100","49","1"
"45","98","141","2","00:08:19","457","49","1"
"76","32","158","2","00:08:19","100","49","1"
"61","316","224","2","00:08:19","247","273","1"
"88","35","26","2","00:08:20","143","251","0"
"4","34","48","2","00:08:20","143","251","0"
"146","78","68","2","00:08:20","100","206","0"
"98","49","85","2","00:08:20","500","94","0"
"4","128","108","2","00:08:20","500","251","1"
"31","212","154","2","00:08:20","143","251","1"
"89","21","159","2","00:08:20","143","94","1"
"97","210","203","2","00:08:20","300","150","1"
"75","1","118","2","00:08:21","143","94","1"
"4","1","127","2","00:08:21","143","251","0"
"34","4","165","2","00:08:21","100","206","0"
"88","21","191","2","00:08:21","500","94","1"
"4","183","332","2","00:08:21","300","150","0"
"76","31","116","2","00:08:22","500","251","0"
"35","157","161","2","00:08:22","457","49","1"
"29","58","22","2","00:08:23","500","251","0"
"34","189","183","2","00:08:23","500","94","0"
"224","89","266","2","00:08:23","300","150","1"
"116","88","28","2","00:08:24","397","73","0"
"142","156","62","2","00:08:24","100","206","0"
"57","30","172","2","00:08:24","100","206","0"
"78","31","89","2","00:08:25","143","251","0"
"49","195","109","2","00:08:25","500","251","0"
"21","4","132","2","00:08:25","500","251","1"
"1","89","246","2","00:08:25","143","251","0"
"73","86","21","2","00:08:26","500","251","0"
"34","31","46","2","00:08:26","143","251","1"
"4","39","200","2","00:08:26","300","150","1"
"58","78","237","2","00:08:26","500","251","1"
"217","316","336","2","00:08:26","143","94","1"
"86","30","9","2","00:08:27","100","206","0"
"189","39","119","2","00:08:27","397","73","0"
"30","224","137","2","00:08:27","247","73","1"
"31","73","267","2","00:08:27","500","94","0"
"116","88","28","2","00:08:28","500","94","0"
"89","231","164","2","00:08:28","397","73","0"
"34","4","165","2","00:08:28","100","206","0"
"115","32","168","2","00:08:28","300","150","1"
"31","21","131","2","00:08:29","500","251","1"
"205","183","148","2","00:08:29","353","27","1"
"75","39","174","2","00:08:29","300","150","0"
"224","76","178","2","00:08:29","100","49","1"
"73","217","222","2","00:08:30","143","251","1"
"58","78","101","2","00:08:31","100","49","0"
"231","30","141","2","00:08:31","100","49","0"
"224","138","152","2","00:08:31","143","94","0"
"31","212","154","2","00:08:31","143","251","1"
"58","149","39","2","00:08:32","500","94","1"
"189","34","186","2","00:08:32","100","206","0"
"75","34","211","2","00:08:32","457","49","0"
"73","58","235","2","00:08:32","500","251","0"
"189","280","265","2","00:08:32","500","251","0"
"16","23","4","2","00:08:33","143","251","1"
"78","39","32","2","00:08:34","300","150","0"
"101","1","162","2","00:08:34","300","150","0"
"34","78","179","2","00:08:34","353","227","1"
"23","109","50","2","00:08:35","500","251","1"
"30","183","190","2","00:08:35","500","94","1"
"39","88","199","2","00:08:35","300","150","1"
"75","23","25","2","00:08:36","500","251","0"
"30","88","37","2","00:08:36","500","94","1"
"34","23","43","2","00:08:36","247","73","1"
"191","49","123","2","00:08:36","500","251","1"
"39","73","224","2","00:08:36","300","150","1"
"76","205","248","2","00:08:36","143","251","0"
"34","101","5","2","00:08:37","500","94","1"
"31","76","154","2","00:08:37","143","251","1"
"78","42","157","2","00:08:37","143","94","0"
"57","21","206","2","00:08:37","143","251","0"
"280","36","240","2","00:08:37","500","251","1"
"1","31","27","2","00:08:38","500","94","1"
"23","89","100","2","00:08:38","300","150","1"
"23","49","126","2","00:08:38","500","251","0"
"115","78","38","2","00:08:39","300","150","1"
"33","78","56","2","00:08:39","457","49","0"
"116","65","88","2","00:08:39","300","150","0"
"195","57","181","2","00:08:39","143","251","0"
"30","58","22","2","00:08:40","500","251","0"
"49","105","94","2","00:08:40","100","206","1"
"86","23","142","2","00:08:40","300","150","0"
"58","23","219","2","00:08:40","143","251","1"
"142","156","62","2","00:08:41","100","49","0"
"76","58","10","2","00:08:42","143","94","1"
"189","39","119","2","00:08:42","500","94","0"
"78","21","225","2","00:08:43","143","251","1"
"4","183","332","2","00:08:43","500","94","0"
"115","88","28","2","00:08:44","397","73","0"
"105","55","44","2","00:08:44","500","251","1"
"1","34","48","2","00:08:44","397","273","0"
"73","15","105","2","00:08:44","143","251","0"
"73","101","222","2","00:08:44","143","251","1"
"161","39","231","2","00:08:44","100","206","0"
"30","15","11","2","00:08:45","397","73","1"
"227","4","165","2","00:08:45","457","49","0"
"61","73","267","2","00:08:45","500","251","1"
"98","109","87","2","00:08:46","500","94","0"
"116","57","103","2","00:08:46","500","251","0"
"227","75","114","2","00:08:46","500","251","1"
"217","65","129","2","00:08:46","300","150","0"
"39","231","146","2","00:08:46","500","251","0"
"57","42","155","2","00:08:46","143","251","0"
"4","30","201","2","00:08:46","143","251","0"
"97","42","213","2","00:08:46","500","94","0"
"227","190","239","2","00:08:46","457","49","1"
"57","205","167","2","00:08:47","500","94","0"
"224","100","261","2","00:08:47","457","206","0"
"30","224","106","2","00:08:48","500","251","0"
"31","88","197","2","00:08:48","397","273","0"
"57","21","206","2","00:08:48","143","94","1"
"101","189","207","2","00:08:48","143","94","0"
"58","15","19","2","00:08:49","397","73","1"
"4","86","32","2","00:08:49","247","273","1"
"57","65","41","2","00:08:49","500","251","1"
"42","57","125","2","00:08:49","457","49","1"
"227","4","165","2","00:08:49","457","49","1"
"57","31","3","2","00:08:50","500","251","1"
"16","34","16","2","00:08:50","143","251","1"
"30","57","49","2","00:08:50","500","94","0"
"191","89","136","2","00:08:50","300","150","0"
"97","42","186","2","00:08:50","300","150","0"
"101","30","200","2","00:08:50","300","150","1"
"142","21","59","2","00:08:51","100","206","1"
"4","27","62","2","00:08:52","457","206","0"
"30","125","137","2","00:08:52","143","94","1"
"316","58","235","2","00:08:52","143","94","0"
"190","31","262","2","00:08:52","500","94","0"
"76","58","10","2","00:08:53","143","94","1"
"34","88","71","2","00:08:53","457","49","0"
"15","97","4","2","00:08:54","300","150","0"
"105","42","51","2","00:08:54","500","251","0"
"73","15","105","2","00:08:54","143","251","1"
"224","89","178","2","00:08:54","100","206","0"
"58","195","244","2","00:08:54","300","150","0"
"97","35","12","2","00:08:55","500","251","0"
"58","15","19","2","00:08:55","500","251","1"
"31","73","166","2","00:08:55","143","251","0"
"224","89","178","2","00:08:55","100","49","0"
"248","30","223","2","00:08:55","457","206","0"
"31","73","224","2","00:08:55","300","150","0"
"205","57","260","2","00:08:55","100","206","0"
"142","75","54","2","00:08:56","300","150","1"
"149","23","73","2","00:08:56","300","150","1"
"57","32","152","2","00:08:56","500","251","1"
"21","1","230","2","00:08:56","143","94","0"
"75","49","52","2","00:08:57","143","251","1"
"30","57","49","2","00:08:58","500","251","1"
"78","31","89","2","00:08:58","143","94","0"
"227","58","120","2","00:08:58","457","206","1"
"15","205","139","2","00:08:58","143","251","0"
"115","30","20","2","00:08:59","143","94","1"
"78","75","29","2","00:08:59","143","251","1"
"23","78","97","2","00:08:59","143","251","1"
"34","97","117","2","00:08:59","300","150","1"
"73","61","227","2","00:08:59","143","251","1"
"30","31","258","2","00:08:59","457","49","1"
"220","316","334","2","00:08:59","143","94","0"
"101","57","10","2","00:09:00","143","94","1"
"89","34","164","2","00:09:01","500","251","1"
"195","75","204","2","00:09:01","143","251","1"
"195","88","209","2","00:09:01","300","150","0"
"89","101","226","2","00:09:01","457","206","0"
"183","58","251","2","00:09:01","500","251","1"
"88","23","31","2","00:09:02","500","94","1"
"1","142","65","2","00:09:02","143","94","0"
"27","42","13","2","00:09:03","500","251","1"
"31","224","137","2","00:09:03","143","251","1"
"4","1","337","2","00:09:03","500","94","0"
"15","97","4","2","00:09:04","143","251","1"
"81","69","67","2","00:09:04","500","94","0"
"78","231","157","2","00:09:04","500","251","0"
"224","206","221","2","00:09:04","457","49","1"
"15","21","23","2","00:09:05","143","251","0"
"42","81","35","2","00:09:05","500","94","1"
"39","98","46","2","00:09:05","247","73","0"
"97","1","126","2","00:09:05","500","94","1"
"58","227","215","2","00:09:05","500","251","1"
"224","220","229","2","00:09:05","100","49","1"
"34","65","261","2","00:09:05","457","49","0"
"23","75","270","2","00:09:05","143","251","1"
"34","31","9","2","00:09:06","457","49","0"
"76","97","63","2","00:09:06","143","94","0"
"189","78","123","2","00:09:06","300","150","0"
"76","34","164","2","00:09:06","500","251","0"
"101","97","191","2","00:09:06","500","94","1"
"280","161","217","2","00:09:06","300","150","0"
"31","89","253","2","00:09:06","143","94","1"
"97","142","44","2","00:09:07","500","251","1"
"35","224","125","2","00:09:07","300","150","0"
"39","195","149","2","00:09:07","247","73","0"
"205","97","228","2","00:09:07","100","206","0"
"97","89","246","2","00:09:07","247","273","0"
"97","280","269","2","00:09:07","500","94","1"
"65","81","30","2","00:09:08","500","251","0"
"142","34","39","2","00:09:08","500","94","0"
"31","57","103","2","00:09:08","143","251","1"
"195","76","203","2","00:09:08","500","94","0"
"23","75","270","2","00:09:08","143","94","1"
"109","57","34","2","00:09:09","143","94","1"
"78","86","48","2","00:09:09","247","273","0"
"35","75","61","2","00:09:09","143","251","0"
"73","227","177","2","00:09:09","500","251","0"
"224","23","207","2","00:09:09","500","251","0"
"190","58","233","2","00:09:09","500","251","0"
"4","1","337","2","00:09:09","500","94","0"
"168","35","60","2","00:09:10","300","150","0"
"42","4","165","2","00:09:10","100","49","1"
"248","30","223","2","00:09:10","100","206","0"
"116","156","55","2","00:09:11","143","251","0"
"30","191","131","2","00:09:11","247","73","1"
"58","195","244","2","00:09:11","247","73","0"
"88","75","108","2","00:09:12","143","251","1"
"89","23","159","2","00:09:12","300","150","0"
"20","4","209","2","00:09:12","143","251","0"
"205","65","232","2","00:09:12","203","227","0"
"34","42","236","2","00:09:12","300","150","1"
"97","42","51","2","00:09:13","300","150","0"
"205","31","161","2","00:09:13","300","150","0"
"76","42","189","2","00:09:13","500","94","1"
"280","248","331","2","00:09:13","457","206","1"
"227","20","102","2","00:09:14","457","206","1"
"189","78","123","2","00:09:14","397","73","0"
"75","224","211","2","00:09:14","457","206","0"
"21","34","107","2","00:09:15","500","94","1"
"23","57","132","2","00:09:15","500","251","0"
"36","57","71","2","00:09:16","300","150","0"
"1","34","112","2","00:09:16","100","206","0"
"98","195","156","2","00:09:16","500","251","0"
"89","23","195","2","00:09:16","143","251","0"
"1","138","250","2","00:09:16","143","251","1"
"76","34","36","2","00:09:17","500","251","1"
"4","23","59","2","00:09:17","100","206","0"
"1","97","109","2","00:09:17","397","73","0"
"30","86","154","2","00:09:17","500","251","1"
"31","76","166","2","00:09:17","143","94","1"
"183","86","184","2","00:09:17","457","49","0"
"4","97","332","2","00:09:18","500","94","1"
"98","195","156","2","00:09:19","500","251","1"
"1","98","163","2","00:09:19","143","251","0"
"72","30","172","2","00:09:19","457","49","0"
"31","88","199","2","00:09:19","143","251","1"
"21","32","55","2","00:09:21","247","273","0"
"76","116","86","2","00:09:21","500","94","1"
"30","78","180","2","00:09:21","500","251","0"
"280","190","256","2","00:09:21","457","49","1"
"280","57","260","2","00:09:21","100","206","0"
"58","73","18","2","00:09:22","500","94","0"
"39","23","24","2","00:09:22","500","94","0"
"149","102","43","2","00:09:22","500","251","0"
"35","76","61","2","00:09:22","143","251","0"
"125","39","116","2","00:09:22","143","94","0"
"205","183","143","2","00:09:22","203","227","0"
"57","31","201","2","00:09:22","143","251","0"
"205","227","217","2","00:09:22","457","49","0"
"30","23","58","2","00:09:23","300","150","0"
"31","1","85","2","00:09:23","500","94","1"
"35","224","125","2","00:09:23","457","206","1"
"4","21","206","2","00:09:23","500","94","0"
"78","39","213","2","00:09:23","500","251","0"
"76","34","36","2","00:09:24","500","94","0"
"4","23","191","2","00:09:24","500","251","0"
"4","23","206","2","00:09:24","500","251","0"
"15","30","269","2","00:09:24","500","251","0"
"61","280","214","2","00:09:25","247","273","0"
"1","89","220","2","00:09:25","500","94","0"
"88","227","249","2","00:09:25","500","94","0"
"76","42","164","2","00:09:26","500","251","0"
"227","73","128","2","00:09:27","457","206","1"
"101","23","206","2","00:09:27","500","251","0"
"45","248","242","2","00:09:27","300","150","0"
"30","31","243","2","00:09:27","100","49","1"
"76","42","2","2","00:09:28","397","273","0"
"42","23","183","2","00:09:28","143","251","1"
"244","4","227","2","00:09:28","143","94","1"
"61","88","264","2","00:09:28","500","94","0"
"4","65","267","2","00:09:28","500","94","1"
"97","1","126","2","00:09:29","500","251","0"
"224","88","229","2","00:09:29","457","49","1"
"1","21","23","2","00:09:30","143","251","1"
"78","76","133","2","00:09:30","500","251","0"
"97","30","175","2","00:09:30","300","150","1"
"57","30","3","2","00:09:31","143","94","0"
"21","65","88","2","00:09:31","143","251","1"
"21","1","70","2","00:09:32","300","150","0"
"89","30","158","2","00:09:32","100","49","0"
"190","76","210","2","00:09:32","247","273","1"
"97","76","8","2","00:09:33","500","251","0"
"190","205","265","2","00:09:33","300","150","0"
"39","76","61","2","00:09:34","500","251","1"
"183","231","112","2","00:09:34","300","150","1"
"31","195","156","2","00:09:35","500","251","0"
"4","76","224","2","00:09:35","500","251","0"
"224","183","259","2","00:09:35","100","49","1"
"1","125","29","2","00:09:36","500","251","1"
"42","31","9","2","00:09:37","457","206","1"
"30","34","13","2","00:09:37","500","251","1"
"76","1","52","2","00:09:37","143","251","1"
"4","206","214","2","00:09:37","143","251","0"
"21","88","44","2","00:09:38","143","251","0"
"39","88","106","2","00:09:38","143","94","0"
"57","31","200","2","00:09:38","300","150","1"
"115","35","12","2","00:09:39","143","94","1"
"21","49","96","2","00:09:39","143","251","1"
"39","97","131","2","00:09:39","300","150","1"
"57","31","201","2","00:09:39","300","150","0"
"206","23","330","2","00:09:39","500","94","1"
"75","1","14","2","00:09:40","100","49","1"
"86","57","71","2","00:09:40","457","49","0"
"109","97","4","2","00:09:41","143","94","0"
"23","58","28","2","00:09:41","500","251","1"
"101","116","152","2","00:09:41","247","73","0"
"23","31","262","2","00:09:41","500","251","0"
"13","23","98","2","00:09:42","143","94","1"
"101","227","155","2","00:09:42","300","150","1"
"73","195","195","2","00:09:42","300","150","0"
"39","101","103","2","00:09:43","300","150","0"
"35","142","53","2","00:09:44","143","251","0"
"31","34","170","2","00:09:44","143","251","1"
"75","34","189","2","00:09:44","143","251","1"
"57","115","31","2","00:09:45","143","94","1"
"27","42","157","2","00:09:45","500","251","0"
"105","69","40","2","00:09:46","100","49","0"
"58","101","41","2","00:09:46","143","94","0"
"30","15","228","2","00:09:46","300","150","1"
"97","227","246","2","00:09:46","500","251","1"
"35","142","53","2","00:09:47","143","251","1"
"195","89","100","2","00:09:47","100","49","1"
"78","76","133","2","00:09:47","500","94","1"
"31","206","214","2","00:09:47","143","94","0"
"316","89","257","2","00:09:47","500","251","0"
"280","58","260","2","00:09:47","457","206","0"
"35","26","9","2","00:09:48","300","150","1"
"89","224","211","2","00:09:48","100","206","0"
"31","4","11","2","00:09:49","397","273","1"
"109","31","64","2","00:09:49","457","206","0"
"31","1","85","2","00:09:49","143","251","0"
"97","1","123","2","00:09:49","300","150","0"
"205","183","148","2","00:09:49","100","49","1"
"42","78","179","2","00:09:49","457","49","0"
"73","195","195","2","00:09:49","500","251","1"
"224","97","234","2","00:09:49","457","49","1"
"280","138","240","2","00:09:49","500","94","0"
"190","227","270","2","00:09:49","397","273","1"
"30","78","42","2","00:09:50","500","94","1"
"76","78","145","2","00:09:50","143","94","0"
"4","212","178","2","00:09:50","457","206","0"
"316","89","257","2","00:09:50","500","251","1"
"30","190","331","2","00:09:50","300","150","1"
"57","115","31","2","00:09:51","143","94","1"
"125","39","116","2","00:09:51","500","94","0"
"42","75","5","2","00:09:52","143","251","1"
"39","97","43","2","00:09:52","500","94","0"
"109","98","64","2","00:09:52","457","206","0"
"227","97","183","2","00:09:52","397","73","1"
"78","101","185","2","00:09:52","143","251","1"
"190","183","134","2","00:09:53","500","251","0"
"101","21","207","2","00:09:53","143","251","1"
"88","34","268","2","00:09:53","143","251","0"
"125","49","105","2","00:09:54","500","251","1"
"42","190","117","2","00:09:54","100","49","1"
"91","1","38","2","00:09:55","300","150","0"
"248","195","239","2","00:09:55","203","227","0"
"39","8","332","2","00:09:55","143","251","1"
"75","30","47","2","00:09:56","143","251","0"
"76","23","86","2","00:09:56","143","251","1"
"101","191","219","2","00:09:56","500","251","0"
"78","57","251","2","00:09:56","143","94","0"
"34","1","68","2","00:09:57","100","206","1"
"31","88","106","2","00:09:57","143","94","1"
"75","97","196","2","00:09:57","143","251","0"
"23","78","96","2","00:09:58","143","251","1"
"214","220","122","2","00:09:58","143","251","0"
"101","44","167","2","00:09:58","143","251","1"
"65","198","257","2","00:09:58","143","94","1"
"214","101","140","2","00:09:59","397","273","1"
"57","23","191","2","00:09:59","143","251","1"
"35","15","337","2","00:09:59","500","94","0"
"89","227","164","2","00:10:00","500","94","0"
"30","89","217","2","00:10:00","457","206","1"
"280","244","232","2","00:10:00","203","27","0"
"316","190","241","2","00:10:00","143","251","1"
"97","227","107","2","00:10:01","300","150","0"
"227","97","183","2","00:10:01","500","94","0"
"205","61","243","2","00:10:01","100","49","1"
"201","248","253","2","00:10:01","143","251","1"
"75","1","14","2","00:10:02","100","206","0"
"15","86","16","2","00:10:02","143","251","1"
"75","57","72","2","00:10:02","500","94","1"
"34","89","114","2","00:10:02","300","150","1"
"104","57","181","2","00:10:02","247","273","0"
"138","206","221","2","00:10:02","100","206","0"
"1","34","48","2","00:10:03","500","94","1"
"75","78","118","2","00:10:03","500","94","0"
"35","15","337","2","00:10:03","500","94","1"
"54","97","31","2","00:10:04","300","150","0"
"75","31","47","2","00:10:04","143","251","1"
"78","21","109","2","00:10:04","143","94","0"
"42","89","150","2","00:10:04","100","49","0"
"1","190","225","2","00:10:04","143","94","1"
"42","73","238","2","00:10:04","143","94","1"
"34","15","259","2","00:10:04","100","206","1"
"23","58","28","2","00:10:05","143","94","0"
"20","217","208","2","00:10:05","143","94","1"
"30","247","331","2","00:10:05","457","49","0"
"30","58","49","2","00:10:06","500","251","0"
"23","30","168","2","00:10:06","300","150","1"
"89","34","211","2","00:10:06","100","49","0"
"39","23","247","2","00:10:06","500","251","0"
"224","89","266","2","00:10:06","100","206","1"
"1","75","57","2","00:10:07","500","94","1"
"31","21","58","2","00:10:07","143","251","0"
"30","42","60","2","00:10:07","500","251","0"
"31","21","156","2","00:10:07","500","251","1"
"31","206","214","2","00:10:07","143","251","1"
"4","101","54","2","00:10:09","143","94","1"
"76","31","116","2","00:10:09","300","150","1"
"23","138","168","2","00:10:09","143","94","1"
"78","86","184","2","00:10:09","100","206","0"
"98","86","154","2","00:10:10","143","94","0"
"23","57","209","2","00:10:10","300","150","1"
"42","21","73","2","00:10:11","100","49","0"
"78","65","133","2","00:10:11","143","251","1"
"78","32","182","2","00:10:11","457","206","1"
"34","15","234","2","00:10:11","457","206","0"
"88","86","39","2","00:10:12","300","150","0"
"13","97","94","2","00:10:12","457","206","1"
"227","190","117","2","00:10:12","457","49","0"
"30","88","137","2","00:10:12","300","150","1"
"205","15","148","2","00:10:12","100","49","1"
"31","183","180","2","00:10:12","397","273","1"
"147","42","258","2","00:10:12","143","94","0"
"21","89","270","2","00:10:12","300","150","0"
"30","58","49","2","00:10:13","500","251","0"
"1","75","187","2","00:10:13","500","94","1"
"35","58","53","2","00:10:14","143","94","1"
"76","23","86","2","00:10:14","500","251","1"
"97","75","90","2","00:10:14","397","73","1"
"78","73","255","2","00:10:14","500","94","1"
"45","195","330","2","00:10:14","500","251","1"
"138","15","259","2","00:10:15","100","206","0"
"191","35","124","2","00:10:16","500","94","0"
"23","73","210","2","00:10:16","143","251","0"
"76","1","218","2","00:10:16","457","206","0"
"115","30","6","2","00:10:17","143","94","0"
"4","65","29","2","00:10:17","500","251","1"
"88","75","18","2","00:10:18","500","94","1"
"16","23","23","2","00:10:18","143","251","1"
"115","58","28","2","00:10:18","143","251","0"
"57","21","144","2","00:10:18","143","251","0"
"157","73","166","2","00:10:18","500","94","0"
"78","4","185","2","00:10:18","143","251","0"
"34","75","128","2","00:10:19","457","206","0"
"45","248","217","2","00:10:19","300","150","1"
"78","45","269","2","00:10:19","300","150","0"
"23","81","20","2","00:10:20","247","273","0"
"42","76","61","2","00:10:20","143","251","1"
"30","73","232","2","00:10:20","457","49","0"
"34","78","68","2","00:10:21","100","49","1"
"75","1","105","2","00:10:21","143","251","1"
"31","183","180","2","00:10:21","300","150","1"
"57","21","206","2","00:10:21","500","251","1"
"58","21","244","2","00:10:21","143","94","1"
"61","30","3","2","00:10:22","500","94","0"
"227","76","150","2","00:10:22","300","150","1"
"217","191","160","2","00:10:22","397","273","1"
"45","227","242","2","00:10:22","457","206","0"
"57","54","334","2","00:10:22","143","251","0"
"31","75","17","2","00:10:23","500","94","1"
"15","26","99","2","00:10:23","100","206","1"
"21","42","107","2","00:10:23","500","251","1"
"138","61","236","2","00:10:23","457","206","1"
"200","23","241","2","00:10:23","500","251","0"
"21","31","6","2","00:10:24","500","94","0"
"78","75","57","2","00:10:24","500","94","1"
"31","227","146","2","00:10:24","143","94","0"
"42","23","117","2","00:10:25","203","227","0"
"78","23","147","2","00:10:25","143","94","0"
"57","34","155","2","00:10:25","247","73","0"
"75","195","195","2","00:10:25","143","251","1"
"280","4","243","2","00:10:25","457","49","0"
"109","27","27","2","00:10:26","143","94","1"
"116","227","110","2","00:10:26","500","251","0"
"78","31","182","2","00:10:26","457","206","0"
"57","86","26","2","00:10:27","143","251","0"
"57","78","127","2","00:10:27","500","94","1"
"45","248","217","2","00:10:27","457","49","0"
"316","31","227","2","00:10:27","457","49","0"
"76","88","235","2","00:10:27","500","251","1"
"101","88","10","2","00:10:28","143","94","1"
"39","30","35","2","00:10:28","143","251","1"
"34","4","125","2","00:10:28","100","49","0"
"53","21","144","2","00:10:28","397","73","0"
"88","30","201","2","00:10:28","143","251","1"
"30","73","232","2","00:10:28","457","49","1"
"76","78","45","2","00:10:29","100","206","1"
"78","205","112","2","00:10:29","100","206","0"
"4","183","162","2","00:10:29","247","73","1"
"73","205","164","2","00:10:29","500","251","1"
"34","30","221","2","00:10:29","353","227","1"
"21","73","8","2","00:10:30","143","251","1"
"15","42","16","2","00:10:30","300","150","0"
"75","42","36","2","00:10:30","143","251","1"
"23","15","38","2","00:10:30","500","94","1"
"39","49","121","2","00:10:30","300","150","0"
"88","98","200","2","00:10:30","300","150","0"
"224","316","261","2","00:10:30","300","150","0"
"53","30","62","2","00:10:31","100","49","1"
"183","35","139","2","00:10:31","143","94","1"
"57","76","178","2","00:10:31","100","206","0"
"57","21","15","2","00:10:32","143","251","0"
"89","35","177","2","00:10:32","300","150","0"
"73","15","218","2","00:10:32","457","49","1"
"75","23","63","2","00:10:33","143","251","0"
"34","78","68","2","00:10:33","100","49","1"
"227","76","114","2","00:10:33","300","150","1"
"76","21","196","2","00:10:33","500","251","1"
"21","76","204","2","00:10:33","300","150","0"
"195","57","209","2","00:10:33","397","273","0"
"101","142","10","2","00:10:34","143","94","1"
"78","75","57","2","00:10:34","500","94","0"
"23","34","124","2","00:10:34","143","94","0"
"191","183","126","2","00:10:34","143","94","0"
"21","31","168","2","00:10:34","143","251","0"
"49","30","173","2","00:10:34","500","94","0"
"32","4","197","2","00:10:34","143","94","0"
"31","1","11","2","00:10:35","143","251","1"
"78","191","147","2","00:10:35","500","251","1"
"57","89","215","2","00:10:35","300","150","1"
"75","49","211","2","00:10:36","100","206","1"
"31","227","110","2","00:10:37","500","251","0"
"189","116","119","2","00:10:37","500","251","1"
"201","4","199","2","00:10:37","143","251","1"
"78","138","250","2","00:10:37","143","251","1"
"195","220","115","2","00:10:38","500","251","1"
"4","30","152","2","00:10:38","500","251","0"
"57","205","212","2","00:10:38","500","251","0"
"244","58","222","2","00:10:38","143","94","0"
"183","23","225","2","00:10:38","500","251","0"
"31","23","247","2","00:10:38","143","251","0"
"34","316","261","2","00:10:38","353","227","1"
"21","220","270","2","00:10:38","500","94","1"
"21","75","90","2","00:10:39","143","251","1"
"89","42","164","2","00:10:39","300","150","0"
"4","58","254","2","00:10:39","143","94","1"
"30","76","17","2","00:10:40","247","273","1"
"75","42","36","2","00:10:40","143","251","1"
"23","78","38","2","00:10:40","143","94","1"
"75","1","105","2","00:10:40","143","94","0"
"101","35","135","2","00:10:40","500","94","1"
"183","231","139","2","00:10:40","143","251","1"
"78","116","98","2","00:10:42","500","94","0"
"4","183","162","2","00:10:42","300","150","0"
"30","21","149","2","00:10:43","300","150","1"
"61","76","238","2","00:10:43","247","73","0"
"31","61","106","2","00:10:44","143","251","1"
"34","57","120","2","00:10:44","100","206","0"
"31","4","197","2","00:10:44","143","251","1"
"1","4","213","2","00:10:44","300","150","1"
"21","101","233","2","00:10:44","300","150","0"
"78","88","34","2","00:10:45","500","94","0"
"42","23","73","2","00:10:45","100","49","0"
"76","23","241","2","00:10:45","143","94","0"
"21","1","50","2","00:10:46","397","273","0"
"73","40","104","2","00:10:46","100","206","0"
"23","30","265","2","00:10:46","500","94","1"
"30","105","58","2","00:10:47","300","150","1"
"78","27","64","2","00:10:47","457","206","0"
"23","13","97","2","00:10:47","143","251","1"
"195","220","115","2","00:10:47","300","150","0"
"57","78","127","2","00:10:47","500","94","1"
"195","76","204","2","00:10:47","300","150","0"
"31","30","214","2","00:10:47","247","273","1"
"88","73","336","2","00:10:47","500","251","0"
"205","61","243","2","00:10:48","457","206","1"
"31","115","33","2","00:10:50","143","251","1"
"23","78","70","2","00:10:50","397","273","0"
"1","220","113","2","00:10:50","397","273","1"
"1","98","182","2","00:10:50","457","206","1"
"205","78","228","2","00:10:50","100","49","1"
"39","141","71","2","00:10:51","457","49","1"
"45","27","143","2","00:10:51","457","49","0"
"34","31","9","2","00:10:52","457","49","1"
"75","1","45","2","00:10:52","457","49","0"
"21","227","186","2","00:10:52","143","94","1"
"55","39","39","2","00:10:53","300","150","0"
"23","101","40","2","00:10:53","457","206","1"
"189","30","119","2","00:10:53","143","251","0"
"75","30","116","2","00:10:54","143","94","0"
"191","78","134","2","00:10:54","300","150","0"
"88","15","237","2","00:10:54","500","94","1"
"45","191","331","2","00:10:54","353","27","1"
"65","105","84","2","00:10:55","500","94","1"
"58","39","188","2","00:10:55","143","94","1"
"57","23","219","2","00:10:55","143","94","1"
"224","1","234","2","00:10:56","300","150","0"
"42","23","247","2","00:10:56","143","251","1"
"34","31","35","2","00:10:57","500","251","0"
"23","76","40","2","00:10:57","457","206","1"
"75","21","195","2","00:10:57","500","94","0"
"73","23","196","2","00:10:57","300","150","0"
"316","58","222","2","00:10:57","143","251","0"
"88","73","336","2","00:10:57","397","273","1"
"49","195","109","2","00:10:58","300","150","1"
"1","88","251","2","00:10:58","143","94","1"
"4","88","264","2","00:10:58","300","150","0"
"1","34","16","2","00:10:59","143","251","1"
"224","205","221","2","00:10:59","457","49","1"
"1","149","32","2","00:11:00","500","251","1"
"35","224","165","2","00:11:00","300","150","1"
"205","61","243","2","00:11:00","100","49","1"
"81","65","17","2","00:11:01","397","73","1"
"142","116","31","2","00:11:01","500","251","1"
"58","23","59","2","00:11:01","300","150","1"
"34","210","150","2","00:11:01","457","206","1"
"21","100","210","2","00:11:01","143","251","1"
"30","34","240","2","00:11:01","500","94","1"
"76","21","241","2","00:11:01","500","94","0"
"126","34","21","2","00:11:02","500","251","1"
"57","98","62","2","00:11:02","100","49","0"
"76","58","10","2","00:11:03","500","251","1"
"65","97","25","2","00:11:03","247","73","1"
"115","73","88","2","00:11:03","143","94","0"
"31","78","42","2","00:11:04","500","251","1"
"227","30","161","2","00:11:04","457","206","1"
"88","73","336","2","00:11:04","143","251","0"
"1","34","16","2","00:11:05","143","251","1"
"21","4","50","2","00:11:05","500","94","0"
"15","116","99","2","00:11:05","300","150","1"
"34","23","216","2","00:11:05","457","206","1"
"31","58","137","2","00:11:06","143","251","1"
"57","138","268","2","00:11:06","143","251","1"
"88","1","19","2","00:11:07","143","251","1"
"89","183","145","2","00:11:07","500","251","1"
"97","201","168","2","00:11:07","143","94","0"
"97","227","186","2","00:11:07","300","150","1"
"78","23","225","2","00:11:07","500","251","0"
"31","58","254","2","00:11:07","397","273","1"
"34","313","261","2","00:11:07","457","49","1"
"30","101","66","2","00:11:08","100","49","0"
"30","1","87","2","00:11:08","143","94","1"
"78","31","163","2","00:11:08","143","251","0"
"30","58","176","2","00:11:08","143","251","0"
"21","57","115","2","00:11:09","500","94","0"
"183","21","147","2","00:11:09","300","150","1"
"35","180","179","2","00:11:09","100","49","1"
"73","88","222","2","00:11:09","143","251","1"
"34","88","229","2","00:11:09","353","27","1"
"65","21","63","2","00:11:10","300","150","0"
"1","116","182","2","00:11:10","457","49","1"
"190","205","265","2","00:11:10","247","273","0"
"23","73","8","2","00:11:11","300","150","1"
"4","76","54","2","00:11:11","500","251","1"
"65","21","86","2","00:11:11","300","150","1"
"23","76","90","2","00:11:11","397","73","1"
"224","34","155","2","00:11:11","143","94","1"
"195","76","204","2","00:11:11","143","94","1"
"280","13","240","2","00:11:11","143","251","0"
"75","88","122","2","00:11:12","500","94","1"
"195","76","204","2","00:11:12","300","150","0"
"88","195","191","2","00:11:13","143","251","1"
"35","109","68","2","00:11:14","457","206","1"
"206","227","217","2","00:11:14","300","150","0"
"227","42","231","2","00:11:14","100","206","1"
"76","227","257","2","00:11:14","143","94","1"
"34","57","165","2","00:11:15","100","206","0"
"205","316","232","2","00:11:15","457","49","0"
"142","75","41","2","00:11:16","300","150","0"
"227","78","179","2","00:11:16","100","206","0"
"4","195","207","2","00:11:16","143","251","1"
"23","30","6","2","00:11:17","500","251","0"
"42","57","53","2","00:11:17","500","94","1"
"198","34","110","2","00:11:17","143","251","0"
"76","31","116","2","00:11:17","143","251","0"
"4","1","101","2","00:11:18","100","206","0"
"224","78","151","2","00:11:18","500","94","1"
"21","35","262","2","00:11:19","143","251","0"
"125","34","135","2","00:11:20","500","94","0"
"54","81","3","2","00:11:21","143","94","0"
"142","78","15","2","00:11:21","300","150","1"
"81","75","17","2","00:11:21","397","73","0"
"97","116","168","2","00:11:21","397","273","0"
"58","75","54","2","00:11:22","143","94","0"
"42","1","56","2","00:11:22","457","49","0"
"30","4","199","2","00:11:22","143","251","0"
"88","248","215","2","00:11:22","247","73","0"
"189","49","123","2","00:11:23","143","251","1"
"34","89","150","2","00:11:23","457","49","0"
"16","89","184","2","00:11:23","457","206","0"
"15","34","32","2","00:11:24","143","94","1"
"31","75","67","2","00:11:24","500","251","1"
"76","17","105","2","00:11:24","143","94","0"
"34","78","259","2","00:11:24","457","49","1"
"76","58","10","2","00:11:25","143","251","1"
"73","21","196","2","00:11:25","500","251","1"
"4","31","200","2","00:11:25","500","94","1"
"31","73","224","2","00:11:25","500","251","1"
"78","231","112","2","00:11:26","100","49","0"
"220","76","334","2","00:11:26","500","251","1"
"42","31","46","2","00:11:27","397","273","1"
"1","88","65","2","00:11:27","143","94","1"
"125","142","72","2","00:11:27","143","94","1"
"98","23","156","2","00:11:27","500","251","0"
"21","116","175","2","00:11:27","100","206","0"
"89","224","335","2","00:11:27","457","49","1"
"58","15","19","2","00:11:28","143","94","0"
"39","224","106","2","00:11:28","300","150","1"
"35","57","125","2","00:11:28","100","206","1"
"23","101","208","2","00:11:28","500","94","0"
"4","89","108","2","00:11:29","500","251","0"
"213","31","174","2","00:11:29","500","94","0"
"16","89","187","2","00:11:29","300","150","0"
"138","101","229","2","00:11:29","300","150","0"
"21","138","252","2","00:11:29","500","94","1"
"103","57","28","2","00:11:30","143","94","0"
"30","97","131","2","00:11:30","500","94","1"
"1","224","185","2","00:11:30","143","251","1"
"21","13","96","2","00:11:31","143","94","1"
"34","88","53","2","00:11:32","500","94","0"
"34","57","165","2","00:11:32","300","150","1"
"206","76","232","2","00:11:32","353","27","1"
"98","76","17","2","00:11:33","500","251","0"
"105","101","40","2","00:11:33","300","150","0"
"42","13","56","2","00:11:33","353","27","1"
"76","4","227","2","00:11:33","457","206","0"
"65","86","21","2","00:11:34","247","273","1"
"57","205","167","2","00:11:34","500","251","0"
"88","30","188","2","00:11:34","500","251","0"
"101","21","206","2","00:11:34","300","150","0"
"201","25","247","2","00:11:34","143","251","1"
"75","35","2","2","00:11:35","143","251","1"
"205","30","161","2","00:11:35","100","206","0"
"227","21","239","2","00:11:35","100","49","0"
"274","57","254","2","00:11:35","143","94","0"
"227","76","263","2","00:11:35","100","49","1"
"31","35","60","2","00:11:36","500","94","0"
"4","76","129","2","00:11:36","500","251","1"
"205","98","141","2","00:11:36","100","49","0"
"34","195","183","2","00:11:36","143","251","1"
"31","76","154","2","00:11:37","247","273","1"
"23","1","38","2","00:11:38","143","251","0"
"39","231","110","2","00:11:38","247","273","1"
"34","88","53","2","00:11:39","500","251","1"
"76","23","84","2","00:11:39","143","251","0"
"39","57","176","2","00:11:39","500","94","1"
"224","89","178","2","00:11:39","457","206","0"
"183","31","182","2","00:11:39","353","27","0"
"57","89","249","2","00:11:39","300","150","0"
"34","227","266","2","00:11:39","300","150","1"
"101","30","30","2","00:11:40","143","251","0"
"35","23","130","2","00:11:40","143","94","1"
"78","31","173","2","00:11:40","143","251","0"
"57","31","3","2","00:11:41","300","150","0"
"88","23","31","2","00:11:41","247","273","1"
"49","86","39","2","00:11:41","143","251","0"
"23","75","40","2","00:11:41","100","206","1"
"76","23","92","2","00:11:41","500","94","0"
"78","21","94","2","00:11:41","457","49","0"
"23","78","126","2","00:11:41","143","94","1"
"89","98","158","2","00:11:41","457","49","1"
"42","205","214","2","00:11:41","500","251","1"
"190","78","230","2","00:11:41","300","150","1"
"31","73","224","2","00:11:42","300","150","0"
"31","78","337","2","00:11:42","500","94","1"
"31","75","166","2","00:11:43","143","251","1"
"23","31","175","2","00:11:43","457","206","1"
"210","15","259","2","00:11:43","100","206","0"
"15","42","16","2","00:11:44","247","73","0"
"31","57","37","2","00:11:44","397","273","1"
"31","76","154","2","00:11:44","143","251","0"
"138","45","221","2","00:11:44","203","227","0"
"280","1","228","2","00:11:44","100","49","0"
"4","244","238","2","00:11:44","500","251","1"
"27","1","87","2","00:11:45","143","251","0"
"109","31","89","2","00:11:45","500","94","0"
"89","42","189","2","00:11:45","143","251","1"
"15","21","225","2","00:11:45","500","94","0"
"23","42","12","2","00:11:46","500","251","0"
"86","92","73","2","00:11:46","100","49","0"
"175","26","163","2","00:11:47","300","150","0"
"88","83","172","2","00:11:47","457","49","0"
"57","31","201","2","00:11:47","300","150","0"
"34","126","5","2","00:11:48","143","251","0"
"31","23","33","2","00:11:48","143","251","1"
"97","49","97","2","00:11:48","397","273","0"
"30","76","138","2","00:11:48","500","94","0"
"104","58","233","2","00:11:48","500","251","0"
"15","75","29","2","00:11:49","300","150","0"
"27","23","147","2","00:11:49","300","150","0"
"4","42","155","2","00:11:49","143","251","0"
"206","89","217","2","00:11:49","457","49","1"
"280","4","258","2","00:11:49","397","73","1"
"42","1","56","2","00:11:50","457","49","1"
"49","220","229","2","00:11:50","457","49","1"
"88","224","268","2","00:11:50","247","273","1"
"280","269","331","2","00:11:50","203","227","0"
"75","35","2","2","00:11:51","143","251","1"
"78","31","20","2","00:11:51","300","150","0"
"75","4","45","2","00:11:51","100","206","0"
"21","73","136","2","00:11:51","300","150","0"
"205","30","141","2","00:11:51","100","49","0"
"31","183","190","2","00:11:51","143","94","0"
"280","1","228","2","00:11:51","100","206","1"
"88","23","31","2","00:11:52","143","94","0"
"42","175","332","2","00:11:52","500","251","1"
"1","31","27","2","00:11:53","300","150","0"
"23","81","55","2","00:11:53","397","73","1"
"34","23","130","2","00:11:53","397","273","0"
"195","30","168","2","00:11:53","500","94","1"
"243","34","250","2","00:11:53","143","94","0"
"81","103","58","2","00:11:54","500","94","1"
"42","23","183","2","00:11:54","143","94","1"
"101","114","215","2","00:11:55","143","251","1"
"31","35","60","2","00:11:56","500","94","0"
"75","23","84","2","00:11:56","500","251","1"
"97","13","96","2","00:11:56","500","94","0"
"224","76","261","2","00:11:56","203","227","1"
"23","73","136","2","00:11:57","247","73","0"
"57","30","200","2","00:11:57","143","251","0"
"58","269","219","2","00:11:57","500","251","1"
"23","34","12","2","00:11:58","143","251","0"
"30","75","17","2","00:11:58","500","94","1"
"65","86","21","2","00:11:58","500","251","0"
"42","97","24","2","00:11:58","143","251","1"
"227","4","120","2","00:11:58","457","49","0"
"190","89","153","2","00:11:58","300","150","1"
"88","31","188","2","00:11:58","500","94","1"
"76","97","195","2","00:11:58","500","251","1"
"76","190","241","2","00:11:58","300","150","0"
"58","1","19","2","00:11:59","500","94","0"
"224","1","162","2","00:11:59","300","150","0"
"86","23","196","2","00:11:59","500","251","0"
"101","190","244","2","00:11:59","300","150","1"
"89","97","142","2","00:12:00","300","150","0"
"97","42","213","2","00:12:00","247","273","1"
"142","65","41","2","00:12:01","500","251","1"
"81","16","42","2","00:12:01","397","73","0"
"75","21","84","2","00:12:01","500","94","0"
"34","23","130","2","00:12:01","300","150","1"
"31","21","131","2","00:12:01","143","251","0"
"4","244","238","2","00:12:01","143","94","1"
"76","35","36","2","00:12:02","143","94","1"
"195","30","168","2","00:12:02","500","94","1"
"78","31","173","2","00:12:02","457","49","0"
"195","76","203","2","00:12:02","143","94","1"
"81","116","58","2","00:12:03","500","94","1"
"30","115","217","2","00:12:03","457","206","0"
"244","78","218","2","00:12:03","500","94","0"
"101","97","237","2","00:12:03","300","150","1"
"13","97","23","2","00:12:04","143","94","1"
"280","1","228","2","00:12:04","203","27","0"
"65","23","25","2","00:12:05","300","150","1"
"35","81","35","2","00:12:05","247","273","1"
"34","23","43","2","00:12:05","300","150","1"
"89","195","111","2","00:12:05","300","150","0"
"57","30","200","2","00:12:05","143","94","1"
"4","101","254","2","00:12:05","300","150","0"
"89","23","159","2","00:12:06","457","49","1"
"97","31","213","2","00:12:06","247","273","1"
"57","65","54","2","00:12:07","300","150","1"
"101","97","63","2","00:12:07","143","94","1"
"125","183","118","2","00:12:08","397","73","1"
"75","21","86","2","00:12:09","143","251","0"
"23","4","115","2","00:12:09","143","251","1"
"90","224","181","2","00:12:09","143","251","1"
"13","78","23","2","00:12:10","143","94","0"
"34","81","46","2","00:12:10","500","94","1"
"224","1","127","2","00:12:10","500","251","1"
"116","89","166","2","00:12:10","300","150","1"
"42","23","183","2","00:12:10","143","94","1"
"195","206","107","2","00:12:11","500","94","1"
"4","42","155","2","00:12:11","143","251","1"
"114","4","176","2","00:12:11","143","94","0"
"138","227","266","2","00:12:11","100","206","0"
"34","23","43","2","00:12:12","500","251","0"
"78","86","32","2","00:12:13","500","251","1"
"34","81","46","2","00:12:13","247","273","1"
"189","31","168","2","00:12:13","143","251","1"
"98","27","180","2","00:12:13","300","150","0"
"78","248","220","2","00:12:13","500","94","1"
"138","98","236","2","00:12:13","457","206","0"
"34","190","102","2","00:12:14","100","206","1"
"57","23","160","2","00:12:14","500","251","0"
"183","89","184","2","00:12:14","100","206","1"
"23","31","262","2","00:12:14","500","251","0"
"183","30","269","2","00:12:14","143","94","1"
"231","76","128","2","00:12:15","457","206","1"
"39","78","190","2","00:12:15","143","94","1"
"21","76","204","2","00:12:15","143","251","1"
"73","89","257","2","00:12:15","143","251","0"
"75","4","72","2","00:12:16","143","251","1"
"13","23","98","2","00:12:16","500","251","0"
"101","227","155","2","00:12:16","143","251","1"
"78","35","157","2","00:12:16","300","150","1"
"1","34","48","2","00:12:17","500","94","1"
"109","116","94","2","00:12:17","300","150","1"
"57","31","188","2","00:12:17","500","94","1"
"39","89","253","2","00:12:17","300","150","1"
"31","16","42","2","00:12:18","143","94","1"
"88","75","108","2","00:12:18","397","273","1"
"30","101","137","2","00:12:18","300","150","1"
"280","57","260","2","00:12:18","300","150","1"
"31","42","13","2","00:12:19","143","251","0"
"57","1","69","2","00:12:19","143","251","0"
"86","21","73","2","00:12:19","100","49","0"
"78","30","89","2","00:12:19","500","94","0"
"101","39","200","2","00:12:19","143","94","0"
"42","57","71","2","00:12:20","300","150","0"
"78","116","99","2","00:12:20","100","49","1"
"78","58","251","2","00:12:20","500","251","0"
"31","57","264","2","00:12:20","500","94","1"
"227","88","120","2","00:12:21","457","49","0"
"191","212","169","2","00:12:21","457","206","0"
"224","39","172","2","00:12:21","100","49","0"
"183","30","269","2","00:12:21","143","94","1"
"116","88","28","2","00:12:22","300","150","1"
"35","78","143","2","00:12:22","457","49","1"
"138","34","170","2","00:12:22","500","251","0"
"138","76","261","2","00:12:22","100","49","1"
"35","76","128","2","00:12:23","203","27","0"
"101","89","178","2","00:12:23","100","206","0"
"101","1","52","2","00:12:24","500","94","0"
"39","76","61","2","00:12:24","397","73","0"
"42","31","161","2","00:12:24","300","150","1"
"21","210","204","2","00:12:24","143","251","1"
"23","88","233","2","00:12:24","500","94","0"
"81","76","67","2","00:12:25","143","251","1"
"42","57","71","2","00:12:25","353","27","0"
"98","75","138","2","00:12:25","300","150","0"
"138","220","266","2","00:12:25","457","206","0"
"220","244","336","2","00:12:25","500","94","1"
"88","1","19","2","00:12:26","143","251","0"
"156","78","87","2","00:12:26","500","251","0"
"21","78","97","2","00:12:26","143","94","0"
"183","45","139","2","00:12:26","500","251","1"
"1","97","147","2","00:12:26","500","251","1"
"1","78","23","2","00:12:27","500","251","0"
"20","4","38","2","00:12:27","143","94","0"
"13","23","98","2","00:12:27","500","94","0"
"21","75","136","2","00:12:27","397","273","0"
"75","88","140","2","00:12:27","247","73","1"
"39","195","149","2","00:12:27","500","251","1"
"101","39","200","2","00:12:27","143","94","1"
"97","126","100","2","00:12:28","457","49","1"
"23","4","115","2","00:12:28","500","251","1"
"16","31","213","2","00:12:28","500","251","0"
"39","4","53","2","00:12:30","300","150","1"
"125","206","104","2","00:12:30","100","49","1"
"37","75","128","2","00:12:30","457","49","0"
"23","31","168","2","00:12:30","247","73","0"
"4","76","224","2","00:12:30","143","94","1"
"49","58","113","2","00:12:31","500","251","1"
"191","35","124","2","00:12:31","143","94","0"
"21","34","186","2","00:12:31","100","206","0"
"101","209","249","2","00:12:31","143","251","0"
"31","57","264","2","00:12:31","300","150","1"
"75","78","45","2","00:12:32","100","206","0"
"125","206","104","2","00:12:32","300","150","1"
"204","23","117","2","00:12:32","457","206","0"
"34","23","43","2","00:12:33","500","251","0"
"156","34","60","2","00:12:33","300","150","0"
"75","57","72","2","00:12:33","143","94","1"
"31","231","146","2","00:12:33","143","251","1"
"138","1","180","2","00:12:33","143","251","0"
"4","23","247","2","00:12:33","300","150","0"
"89","316","263","2","00:12:33","100","49","0"
"156","55","49","2","00:12:34","500","251","1"
"102","227","107","2","00:12:34","397","73","1"
"27","157","182","2","00:12:34","100","206","1"
"58","97","237","2","00:12:34","143","94","1"
"97","89","246","2","00:12:34","500","251","1"
"88","109","19","2","00:12:35","500","251","0"
"42","89","150","2","00:12:35","457","49","0"
"23","227","270","2","00:12:35","300","150","1"
"65","220","122","2","00:12:36","500","94","1"
"78","209","133","2","00:12:38","247","273","1"
"76","1","14","2","00:12:39","300","150","1"
"30","23","256","2","00:12:39","100","206","0"
"101","1","52","2","00:12:40","300","150","0"
"98","86","154","2","00:12:40","247","273","0"
"30","58","260","2","00:12:40","300","150","0"
"34","21","24","2","00:12:41","500","94","0"
"31","57","264","2","00:12:41","143","251","1"
"15","86","32","2","00:12:42","143","251","1"
"30","4","137","2","00:12:42","247","73","1"
"57","39","39","2","00:12:43","300","150","1"
"97","142","44","2","00:12:43","143","94","0"
"39","76","61","2","00:12:43","397","73","0"
"23","49","134","2","00:12:43","300","150","1"
"21","75","136","2","00:12:43","247","273","1"
"42","1","179","2","00:12:43","457","206","1"
"183","57","185","2","00:12:43","143","94","0"
"76","75","257","2","00:12:43","300","150","1"
"280","23","330","2","00:12:43","500","251","0"
"78","21","98","2","00:12:44","500","94","1"
"4","86","178","2","00:12:44","100","206","0"
"31","205","110","2","00:12:45","500","251","0"
"78","31","173","2","00:12:45","300","150","0"
"23","210","204","2","00:12:45","500","251","0"
"88","21","219","2","00:12:45","397","273","0"
"191","138","252","2","00:12:45","143","94","0"
"73","42","2","2","00:12:46","500","251","1"
"1","42","48","2","00:12:46","500","94","0"
"156","65","67","2","00:12:46","500","251","0"
"42","58","120","2","00:12:46","457","206","0"
"89","316","263","2","00:12:46","457","49","0"
"23","227","270","2","00:12:46","500","251","1"
"97","86","12","2","00:12:47","397","73","1"
"57","34","26","2","00:12:47","300","150","0"
"181","23","216","2","00:12:47","457","206","0"
"31","1","85","2","00:12:48","500","251","1"
"30","57","103","2","00:12:48","143","251","1"
"73","42","2","2","00:12:49","500","94","0"
"4","98","27","2","00:12:49","397","273","1"
"65","86","36","2","00:12:49","143","94","0"
"125","42","104","2","00:12:49","100","49","1"
"49","35","112","2","00:12:49","457","206","0"
"30","97","228","2","00:12:49","100","206","1"
"15","97","4","2","00:12:50","500","251","1"
"109","21","23","2","00:12:50","247","273","0"
"34","76","61","2","00:12:50","500","94","0"
"49","23","94","2","00:12:50","300","150","0"
"31","227","146","2","00:12:50","143","94","1"
"31","316","238","2","00:12:50","300","150","1"
"101","227","249","2","00:12:50","500","251","1"
"31","58","254","2","00:12:50","500","94","1"
"34","1","68","2","00:12:51","100","49","1"
"88","78","69","2","00:12:51","143","251","1"
"103","101","88","2","00:12:51","143","94","1"
"97","125","100","2","00:12:51","100","206","0"
"88","206","212","2","00:12:51","143","251","1"
"15","61","213","2","00:12:51","500","94","1"
"76","31","227","2","00:12:51","397","73","0"
"4","1","337","2","00:12:51","500","251","0"
"34","27","9","2","00:12:52","100","206","1"
"89","21","159","2","00:12:52","143","94","0"
"192","101","209","2","00:12:52","500","251","0"
"88","21","219","2","00:12:52","300","150","0"
"31","1","85","2","00:12:53","397","273","1"
"21","15","230","2","00:12:53","500","94","0"
"23","15","123","2","00:12:54","300","150","1"
"227","21","183","2","00:12:54","397","273","0"
"75","21","196","2","00:12:54","500","94","0"
"1","205","269","2","00:12:54","247","273","1"
"286","316","334","2","00:12:54","143","251","1"
"97","142","44","2","00:12:55","143","94","1"
"31","78","121","2","00:12:55","397","73","1"
"21","227","124","2","00:12:55","300","150","1"
"116","224","176","2","00:12:55","247","273","0"
"23","280","265","2","00:12:55","143","251","0"
"42","101","5","2","00:12:56","500","251","1"
"49","156","64","2","00:12:56","100","49","0"
"76","78","145","2","00:12:56","143","94","1"
"58","1","237","2","00:12:56","143","251","1"
"248","195","239","2","00:12:56","100","206","1"
"280","23","256","2","00:12:56","100","206","0"
"57","101","41","2","00:12:57","300","150","1"
"142","65","54","2","00:12:57","143","251","0"
"76","23","142","2","00:12:57","143","94","0"
"23","34","252","2","00:12:57","300","150","0"
"23","78","134","2","00:12:58","500","94","1"
"30","231","170","2","00:12:58","500","251","0"
"39","248","253","2","00:12:58","500","94","0"
"30","42","13","2","00:12:59","143","251","1"
"23","34","107","2","00:12:59","300","150","0"
"78","30","182","2","00:12:59","300","150","0"
"210","97","196","2","00:12:59","300","150","0"
"76","57","222","2","00:12:59","300","150","1"
"23","30","265","2","00:12:59","300","150","0"
"78","31","173","2","00:13:00","500","94","1"
"4","21","207","2","00:13:00","143","251","1"
"65","88","10","2","00:13:01","143","251","1"
"101","42","21","2","00:13:01","300","150","1"
"86","30","46","2","00:13:01","500","94","1"
"45","224","240","2","00:13:01","300","150","0"
"4","42","167","2","00:13:02","500","251","0"
"115","88","226","2","00:13:02","100","49","1"
"35","23","43","2","00:13:03","143","251","0"
"57","75","129","2","00:13:03","300","150","1"
"58","30","212","2","00:13:03","143","94","0"
"316","101","235","2","00:13:03","500","251","0"
"31","78","121","2","00:13:04","500","94","0"
"53","15","19","2","00:13:05","143","94","1"
"35","1","148","2","00:13:05","100","49","1"
"23","34","252","2","00:13:05","397","73","1"
"1","35","32","2","00:13:06","500","251","1"
"116","88","44","2","00:13:06","143","251","1"
"65","30","47","2","00:13:06","500","94","1"
"30","88","49","2","00:13:06","247","273","0"
"75","231","177","2","00:13:06","247","73","1"
"183","58","185","2","00:13:06","300","150","0"
"75","23","195","2","00:13:06","143","251","1"
"4","1","337","2","00:13:06","500","94","0"
"57","101","41","2","00:13:07","143","251","1"
"88","39","201","2","00:13:07","500","94","1"
"316","23","241","2","00:13:07","143","251","1"
"20","156","6","2","00:13:08","143","251","0"
"224","76","108","2","00:13:08","143","94","1"
"190","89","136","2","00:13:08","143","94","0"
"183","98","173","2","00:13:08","247","273","1"
"76","91","245","2","00:13:08","143","251","1"
"23","15","230","2","00:13:09","500","94","1"
"183","116","163","2","00:13:10","143","94","0"
"201","224","176","2","00:13:10","500","251","0"
"190","31","262","2","00:13:10","143","251","1"
"102","78","50","2","00:13:11","143","94","0"
"35","101","165","2","00:13:11","457","206","1"
"1","114","220","2","00:13:11","500","251","1"
"224","89","266","2","00:13:11","100","49","1"
"1","57","65","2","00:13:12","500","251","1"
"49","21","94","2","00:13:12","300","150","1"
"78","204","139","2","00:13:12","247","73","0"
"35","76","150","2","00:13:12","300","150","1"
"65","227","257","2","00:13:12","300","150","1"
"31","73","267","2","00:13:12","143","251","1"
"30","58","22","2","00:13:13","143","94","0"
"54","97","31","2","00:13:13","397","73","1"
"39","89","138","2","00:13:13","300","150","1"
"31","58","264","2","00:13:13","500","251","0"
"4","101","54","2","00:13:14","143","251","1"
"88","1","237","2","00:13:14","397","273","0"
"81","142","49","2","00:13:15","300","150","0"
"78","224","113","2","00:13:15","500","251","1"
"227","78","143","2","00:13:15","457","206","0"
"30","227","242","2","00:13:15","203","27","1"
"39","27","9","2","00:13:16","100","206","1"
"13","116","98","2","00:13:16","300","150","1"
"30","205","146","2","00:13:16","143","94","1"
"75","23","195","2","00:13:16","143","251","0"
"280","101","260","2","00:13:16","100","206","0"
"101","1","14","2","00:13:17","457","49","1"
"65","30","47","2","00:13:18","247","73","1"
"183","4","185","2","00:13:18","143","94","0"
"76","78","52","2","00:13:19","247","73","0"
"224","76","108","2","00:13:19","143","251","0"
"1","195","147","2","00:13:19","500","251","1"
"97","34","250","2","00:13:19","247","73","1"
"89","34","104","2","00:13:20","353","27","0"
"227","101","165","2","00:13:20","457","49","0"
"205","15","228","2","00:13:20","100","206","0"
"4","58","254","2","00:13:20","143","251","0"
"21","89","8","2","00:13:21","500","251","1"
"78","104","147","2","00:13:21","500","251","1"
"1","4","213","2","00:13:21","397","273","1"
"88","1","237","2","00:13:21","300","150","1"
"58","21","244","2","00:13:21","500","94","1"
"73","21","92","2","00:13:22","500","251","0"
"195","88","115","2","00:13:22","143","94","1"
"78","86","187","2","00:13:22","143","251","0"
"75","195","196","2","00:13:22","300","150","1"
"31","57","199","2","00:13:23","247","73","1"
"205","244","232","2","00:13:23","100","206","1"
"15","23","23","2","00:13:24","500","94","1"
"86","88","71","2","00:13:24","203","227","1"
"98","1","85","2","00:13:24","143","94","0"
"31","57","106","2","00:13:24","143","251","1"
"75","57","122","2","00:13:24","500","94","1"
"4","23","191","2","00:13:24","397","73","0"
"224","15","234","2","00:13:24","457","49","0"
"280","4","243","2","00:13:24","300","150","1"
"76","23","63","2","00:13:25","500","94","0"
"109","98","64","2","00:13:25","100","49","0"
"39","75","138","2","00:13:25","500","94","0"
"101","21","219","2","00:13:25","143","251","1"
"31","101","103","2","00:13:26","300","150","0"
"157","35","110","2","00:13:26","143","251","0"
"31","1","121","2","00:13:26","500","94","1"
"39","244","224","2","00:13:26","500","94","0"
"21","224","252","2","00:13:26","300","150","0"
"15","35","32","2","00:13:27","500","251","1"
"4","23","206","2","00:13:27","397","273","1"
"205","76","232","2","00:13:27","100","49","0"
"1","88","251","2","00:13:27","397","73","0"
"21","33","12","2","00:13:28","500","94","0"
"30","23","33","2","00:13:28","143","94","0"
"31","58","176","2","00:13:28","143","251","1"
"1","88","34","2","00:13:29","500","94","1"
"21","156","55","2","00:13:29","397","73","1"
"78","205","139","2","00:13:29","500","94","0"
"31","42","170","2","00:13:30","500","251","0"
"78","227","246","2","00:13:30","143","251","1"
"39","57","137","2","00:13:31","300","150","1"
"73","4","227","2","00:13:31","143","94","1"
"76","138","245","2","00:13:31","143","94","0"
"75","65","263","2","00:13:31","300","150","0"
"75","30","116","2","00:13:32","143","251","0"
"30","57","197","2","00:13:32","500","251","1"
"57","76","334","2","00:13:32","500","251","1"
"189","88","209","2","00:13:33","143","251","1"
"23","57","132","2","00:13:34","500","94","0"
"114","57","176","2","00:13:34","300","150","0"
"101","201","188","2","00:13:34","500","94","1"
"78","149","32","2","00:13:35","397","273","1"
"49","27","89","2","00:13:35","300","150","1"
"21","89","136","2","00:13:35","143","251","1"
"73","21","195","2","00:13:35","500","94","0"
"224","88","229","2","00:13:35","300","150","1"
"35","116","161","2","00:13:36","457","49","1"
"73","205","248","2","00:13:36","143","251","0"
"31","73","267","2","00:13:36","143","251","0"
"146","78","68","2","00:13:37","457","49","1"
"34","57","120","2","00:13:37","457","206","0"
"23","227","124","2","00:13:37","143","94","0"
"212","227","164","2","00:13:37","500","251","0"
"75","227","189","2","00:13:37","500","251","0"
"201","227","253","2","00:13:37","247","73","1"
"34","23","24","2","00:13:38","500","94","1"
"76","116","92","2","00:13:38","500","94","0"
"224","183","101","2","00:13:38","100","49","1"
"15","227","220","2","00:13:38","500","251","0"
"97","73","90","2","00:13:39","500","94","1"
"78","21","109","2","00:13:39","500","251","1"
"88","97","144","2","00:13:40","143","251","1"
"189","42","186","2","00:13:40","457","206","0"
"138","316","261","2","00:13:40","300","150","1"
"34","75","266","2","00:13:40","300","150","0"
"190","116","119","2","00:13:41","500","94","0"
"224","23","160","2","00:13:41","300","150","0"
"89","97","142","2","00:13:42","143","251","1"
"25","4","208","2","00:13:42","143","94","0"
"220","313","263","2","00:13:42","300","150","0"
"97","31","175","2","00:13:43","500","94","1"
"76","58","235","2","00:13:43","500","251","0"
"23","31","20","2","00:13:44","500","94","0"
"30","4","106","2","00:13:44","143","94","1"
"27","39","13","2","00:13:45","300","150","1"
"30","57","37","2","00:13:45","300","150","1"
"31","101","103","2","00:13:45","500","251","1"
"76","21","195","2","00:13:45","500","94","0"
"30","57","197","2","00:13:45","300","150","1"
"157","78","42","2","00:13:46","143","251","0"
"97","78","70","2","00:13:46","143","251","0"
"76","78","118","2","00:13:46","500","94","1"
"42","31","9","2","00:13:47","100","206","1"
"157","109","87","2","00:13:47","500","94","0"
"183","88","251","2","00:13:47","397","73","0"
"88","97","31","2","00:13:48","143","251","0"
"205","201","141","2","00:13:48","100","49","0"
"224","97","160","2","00:13:49","500","94","1"
"57","206","212","2","00:13:49","143","94","1"
"97","78","50","2","00:13:50","143","251","1"
"142","109","69","2","00:13:50","143","251","0"
"110","34","157","2","00:13:50","500","94","0"
"280","114","242","2","00:13:50","100","206","1"
"31","88","22","2","00:13:51","247","273","1"
"125","23","92","2","00:13:51","143","94","1"
"89","97","142","2","00:13:51","143","251","1"
"57","31","201","2","00:13:51","300","150","0"
"97","66","204","2","00:13:51","143","94","1"
"220","313","263","2","00:13:51","100","49","0"
"31","76","67","2","00:13:52","500","251","0"
"39","21","131","2","00:13:52","247","73","0"
"205","183","179","2","00:13:52","457","206","1"
"100","31","227","2","00:13:52","500","94","0"
"97","220","115","2","00:13:53","300","150","0"
"42","21","117","2","00:13:53","457","206","1"
"227","23","130","2","00:13:53","300","150","1"
"69","34","21","2","00:13:54","143","94","1"
"86","195","142","2","00:13:54","300","150","1"
"57","205","167","2","00:13:54","500","251","1"
"34","23","24","2","00:13:55","500","251","0"
"31","97","156","2","00:13:55","500","94","0"
"73","23","241","2","00:13:55","143","251","1"
"23","76","8","2","00:13:56","143","251","0"
"73","195","195","2","00:13:56","300","150","0"
"57","34","268","2","00:13:56","500","94","1"
"21","201","168","2","00:13:57","300","150","1"
"183","280","269","2","00:13:57","143","94","1"
"39","256","332","2","00:13:57","500","94","0"
"114","231","146","2","00:13:58","500","94","1"
"57","31","201","2","00:13:58","143","251","0"
"75","210","211","2","00:13:58","457","49","0"
"30","57","49","2","00:13:59","143","251","1"
"76","116","86","2","00:13:59","143","94","1"
"205","73","150","2","00:13:59","457","49","0"
"31","88","264","2","00:13:59","500","94","0"
"39","1","337","2","00:13:59","300","150","0"
"1","21","4","2","00:14:00","500","94","0"
"57","75","18","2","00:14:00","143","94","0"
"57","195","219","2","00:14:00","397","273","0"
"280","191","256","2","00:14:00","457","206","0"
"88","101","54","2","00:14:01","143","251","1"
"31","58","137","2","00:14:01","143","251","1"
"4","205","155","2","00:14:01","500","94","0"
"16","42","157","2","00:14:01","500","251","0"
"73","195","195","2","00:14:01","300","150","1"
"76","35","2","2","00:14:02","143","94","0"
"42","23","73","2","00:14:02","100","49","0"
"58","75","129","2","00:14:02","143","94","0"
"75","34","21","2","00:14:03","143","94","1"
"21","57","44","2","00:14:03","500","251","1"
"31","88","103","2","00:14:03","500","94","1"
"73","34","177","2","00:14:03","143","251","1"
"88","89","215","2","00:14:03","300","150","0"
"34","280","221","2","00:14:03","457","49","1"
"115","30","223","2","00:14:03","457","49","1"
"75","1","45","2","00:14:04","300","150","1"
"57","21","144","2","00:14:04","500","94","0"
"138","21","216","2","00:14:04","353","27","0"
"23","78","96","2","00:14:05","143","251","1"
"1","205","112","2","00:14:05","100","206","1"
"15","23","225","2","00:14:05","500","94","0"
"76","35","2","2","00:14:06","143","94","0"
"81","115","33","2","00:14:06","300","150","0"
"78","97","95","2","00:14:06","143","94","1"
"101","1","101","2","00:14:06","300","150","0"
"49","101","185","2","00:14:06","143","94","0"
"49","116","98","2","00:14:08","143","94","0"
"31","39","13","2","00:14:09","143","251","1"
"34","142","53","2","00:14:09","300","150","0"
"73","58","222","2","00:14:09","397","73","0"
"76","34","21","2","00:14:10","500","94","0"
"42","78","24","2","00:14:10","143","94","1"
"86","23","159","2","00:14:10","143","94","0"
"73","1","218","2","00:14:10","300","150","0"
"76","31","227","2","00:14:10","500","94","0"
"115","58","28","2","00:14:11","143","94","0"
"21","34","51","2","00:14:11","143","94","0"
"21","30","55","2","00:14:11","500","251","1"
"21","58","233","2","00:14:11","143","94","1"
"78","42","139","2","00:14:12","300","150","1"
"224","42","155","2","00:14:12","300","150","0"
"76","88","235","2","00:14:12","300","150","1"
"4","227","253","2","00:14:12","143","251","1"
"57","89","178","2","00:14:13","457","49","1"
"195","78","230","2","00:14:13","500","94","1"
"31","78","42","2","00:14:14","500","94","1"
"88","73","54","2","00:14:14","500","251","0"
"30","42","60","2","00:14:14","397","273","0"
"78","97","95","2","00:14:14","143","251","0"
"76","57","122","2","00:14:14","143","94","1"
"201","227","170","2","00:14:14","500","94","0"
"224","280","221","2","00:14:14","300","150","0"
"89","31","231","2","00:14:14","457","49","0"
"30","73","232","2","00:14:14","457","206","0"
"34","313","261","2","00:14:14","457","206","0"
"4","57","264","2","00:14:14","300","150","0"
"189","89","270","2","00:14:14","300","150","0"
"105","30","55","2","00:14:15","500","251","1"
"57","39","200","2","00:14:15","300","150","1"
"220","65","263","2","00:14:15","457","206","1"
"58","109","19","2","00:14:16","143","251","1"
"30","75","67","2","00:14:16","500","251","0"
"23","205","124","2","00:14:16","500","94","0"
"78","30","163","2","00:14:16","500","251","0"
"195","89","204","2","00:14:16","143","94","0"
"248","58","226","2","00:14:16","100","206","0"
"4","89","253","2","00:14:16","143","251","1"
"76","1","118","2","00:14:17","500","94","0"
"189","89","270","2","00:14:17","300","150","1"
"205","195","102","2","00:14:18","457","206","1"
"57","75","129","2","00:14:18","143","251","0"
"31","76","17","2","00:14:19","300","150","0"
"20","42","51","2","00:14:20","143","251","1"
"78","23","95","2","00:14:20","143","251","0"
"4","58","65","2","00:14:21","300","150","1"
"21","13","97","2","00:14:21","143","251","1"
"76","227","104","2","00:14:21","300","150","0"
"201","224","106","2","00:14:21","143","251","1"
"195","76","204","2","00:14:21","143","94","1"
"31","280","214","2","00:14:21","300","150","0"
"316","89","257","2","00:14:21","500","94","0"
"183","227","157","2","00:14:22","300","150","0"
"221","23","207","2","00:14:22","500","251","1"
"21","76","8","2","00:14:23","143","94","0"
"115","86","12","2","00:14:23","300","150","1"
"35","224","125","2","00:14:23","353","227","0"
"30","224","137","2","00:14:23","143","251","1"
"57","34","167","2","00:14:23","143","251","1"
"57","89","178","2","00:14:23","100","49","1"
"16","31","27","2","00:14:24","143","251","1"
"57","23","31","2","00:14:24","143","94","0"
"190","31","119","2","00:14:25","500","94","0"
"183","73","133","2","00:14:25","500","251","0"
"116","183","180","2","00:14:25","300","150","1"
"88","23","244","2","00:14:25","300","150","0"
"4","65","267","2","00:14:25","300","150","0"
"142","21","59","2","00:14:26","457","49","0"
"76","1","118","2","00:14:26","500","251","0"
"224","42","135","2","00:14:26","500","94","0"
"31","76","17","2","00:14:27","300","150","1"
"189","34","186","2","00:14:27","100","206","0"
"81","57","22","2","00:14:28","247","273","0"
"75","35","36","2","00:14:28","143","94","1"
"39","30","46","2","00:14:28","300","150","1"
"78","75","57","2","00:14:28","300","150","0"
"21","34","124","2","00:14:28","143","94","1"
"205","183","148","2","00:14:28","300","150","0"
"97","224","250","2","00:14:28","143","94","1"
"31","21","149","2","00:14:29","143","251","0"
"31","76","17","2","00:14:30","143","251","0"
"4","49","127","2","00:14:30","397","73","0"
"23","57","208","2","00:14:30","143","94","1"
"280","183","228","2","00:14:30","457","206","1"
"45","191","330","2","00:14:30","500","94","1"
"57","89","108","2","00:14:31","500","251","1"
"183","75","133","2","00:14:31","500","94","1"
"42","78","179","2","00:14:31","353","27","0"
"78","30","64","2","00:14:32","457","49","0"
"78","42","112","2","00:14:32","457","49","0"
"114","205","146","2","00:14:32","500","251","0"
"31","58","199","2","00:14:32","500","251","1"
"35","78","337","2","00:14:32","500","94","0"
"76","34","2","2","00:14:33","500","251","1"
"78","57","34","2","00:14:33","143","94","0"
"42","76","61","2","00:14:33","143","251","1"
"49","31","89","2","00:14:33","500","94","0"
"205","4","165","2","00:14:33","100","206","1"
"30","116","33","2","00:14:34","500","94","1"
"125","21","191","2","00:14:34","500","94","0"
"57","31","201","2","00:14:34","500","94","0"
"23","210","203","2","00:14:34","300","150","0"
"97","34","51","2","00:14:35","143","94","1"
"73","23","196","2","00:14:35","143","251","0"
"57","195","219","2","00:14:35","143","251","1"
"58","109","19","2","00:14:36","247","73","1"
"88","75","41","2","00:14:36","500","94","1"
"189","58","115","2","00:14:36","500","251","1"
"224","227","167","2","00:14:36","143","251","1"
"57","23","31","2","00:14:37","300","150","0"
"191","39","175","2","00:14:37","300","150","1"
"89","23","195","2","00:14:37","143","251","0"
"42","30","9","2","00:14:38","457","49","0"
"30","55","49","2","00:14:38","143","251","1"
"31","39","60","2","00:14:38","143","251","1"
"42","78","179","2","00:14:38","457","49","1"
"1","89","184","2","00:14:38","203","27","1"
"31","4","197","2","00:14:38","143","94","0"
"31","286","254","2","00:14:38","247","273","1"
"21","75","270","2","00:14:38","500","94","0"
"76","31","47","2","00:14:39","143","94","0"
"4","86","48","2","00:14:39","500","251","0"
"88","39","188","2","00:14:39","397","273","1"
"89","220","226","2","00:14:39","457","49","1"
"34","31","46","2","00:14:40","143","251","0"
"76","23","84","2","00:14:40","500","94","0"
"89","30","158","2","00:14:40","457","49","0"
"183","116","182","2","00:14:40","457","49","1"
"190","88","233","2","00:14:41","300","150","0"
"65","30","30","2","00:14:42","247","273","0"
"75","116","92","2","00:14:42","500","94","0"
"214","21","111","2","00:14:42","143","251","0"
"4","76","129","2","00:14:42","397","73","0"
"34","195","216","2","00:14:42","500","94","1"
"78","30","269","2","00:14:42","500","251","0"
"205","42","258","2","00:14:43","143","251","1"
"42","73","61","2","00:14:44","143","251","1"
"31","212","154","2","00:14:44","143","251","1"
"57","89","178","2","00:14:44","457","49","0"
"101","248","215","2","00:14:44","143","251","0"
"156","55","49","2","00:14:45","143","94","1"
"39","49","121","2","00:14:45","143","251","0"
"89","57","140","2","00:14:45","247","273","0"
"78","31","163","2","00:14:45","500","94","0"
"224","89","266","2","00:14:45","457","49","1"
"27","34","60","2","00:14:46","300","150","1"
"227","88","120","2","00:14:46","100","49","1"
"76","88","122","2","00:14:46","500","94","1"
"1","248","246","2","00:14:46","500","94","1"
"31","78","337","2","00:14:46","143","251","1"
"214","21","142","2","00:14:47","143","94","0"
"16","86","187","2","00:14:47","500","251","1"
"57","21","191","2","00:14:47","397","273","1"
"30","189","256","2","00:14:47","457","49","1"
"205","31","258","2","00:14:47","300","150","1"
"205","34","240","2","00:14:48","397","73","0"
"13","23","98","2","00:14:49","397","273","0"
"205","27","148","2","00:14:49","457","49","1"
"88","39","188","2","00:14:49","143","94","0"
"23","217","208","2","00:14:49","143","251","1"
"76","280","248","2","00:14:49","143","94","0"
"30","101","66","2","00:14:50","457","206","1"
"244","58","235","2","00:14:50","500","251","0"
"189","61","262","2","00:14:50","143","251","1"
"57","23","219","2","00:14:51","143","251","1"
"201","58","264","2","00:14:51","143","94","1"
"57","39","26","2","00:14:52","247","73","0"
"21","89","153","2","00:14:52","247","273","1"
"31","23","247","2","00:14:52","300","150","0"
"34","15","259","2","00:14:52","100","206","0"
"23","58","44","2","00:14:53","500","251","1"
"34","15","56","2","00:14:53","457","49","1"
"224","205","135","2","00:14:53","500","94","1"
"57","21","206","2","00:14:53","500","94","1"
"30","42","13","2","00:14:54","143","94","0"
"78","76","29","2","00:14:54","300","150","1"
"13","23","98","2","00:14:54","300","150","0"
"78","39","173","2","00:14:54","500","251","1"
"34","30","9","2","00:14:55","100","206","1"
"81","1","42","2","00:14:55","300","150","1"
"34","1","56","2","00:14:55","457","49","0"
"97","37","107","2","00:14:55","247","273","1"
"231","39","141","2","00:14:55","100","49","0"
"31","65","17","2","00:14:56","500","251","1"
"39","192","131","2","00:14:56","300","150","0"
"97","4","132","2","00:14:56","143","94","1"
"78","34","157","2","00:14:56","397","273","1"
"34","21","183","2","00:14:56","500","94","1"
"20","57","209","2","00:14:56","143","251","0"
"30","23","149","2","00:14:57","143","94","0"
"1","224","185","2","00:14:57","500","251","1"
"15","54","34","2","00:14:58","247","73","1"
"105","78","38","2","00:14:58","300","150","1"
"34","286","229","2","00:14:58","100","206","0"
"25","73","8","2","00:14:59","500","94","0"
"21","73","210","2","00:14:59","500","94","1"
"21","97","230","2","00:14:59","397","273","0"
"15","205","269","2","00:14:59","143","94","1"
"23","39","51","2","00:15:00","143","94","1"
"88","30","172","2","00:15:00","457","206","0"
"31","231","110","2","00:15:01","500","251","1"
"195","76","169","2","00:15:01","203","27","0"
"30","31","243","2","00:15:01","457","206","0"
"125","9","105","2","00:15:02","397","273","0"
"204","1","143","2","00:15:02","457","49","0"
"34","58","53","2","00:15:03","143","94","1"
"23","224","115","2","00:15:03","500","94","1"
"31","86","138","2","00:15:03","143","251","0"
"4","42","167","2","00:15:03","500","94","0"
"75","21","63","2","00:15:04","143","251","1"
"21","75","136","2","00:15:04","300","150","1"
"42","76","238","2","00:15:04","143","94","0"
"101","21","84","2","00:15:05","300","150","1"
"34","224","125","2","00:15:05","100","206","0"
"9","21","23","2","00:15:06","143","251","1"
"142","156","62","2","00:15:06","100","206","0"
"189","30","119","2","00:15:06","143","251","1"
"21","13","134","2","00:15:06","500","251","1"
"30","73","154","2","00:15:06","300","150","0"
"78","34","157","2","00:15:06","143","251","0"
"1","157","163","2","00:15:06","247","273","0"
"76","34","164","2","00:15:06","397","273","0"
"25","89","203","2","00:15:06","500","94","0"
"76","31","47","2","00:15:07","247","73","0"
"1","86","48","2","00:15:07","143","251","1"
"31","231","110","2","00:15:07","500","251","0"
"227","224","211","2","00:15:07","457","206","1"
"156","53","103","2","00:15:08","500","94","0"
"42","21","130","2","00:15:08","247","273","1"
"98","78","180","2","00:15:08","500","94","0"
"65","23","25","2","00:15:09","143","251","0"
"31","1","190","2","00:15:09","143","251","1"
"42","57","71","2","00:15:10","100","206","1"
"76","45","104","2","00:15:10","100","49","1"
"49","35","112","2","00:15:10","100","49","1"
"227","75","128","2","00:15:10","457","49","0"
"97","101","208","2","00:15:10","247","273","0"
"34","42","236","2","00:15:10","300","150","1"
"30","114","242","2","00:15:10","203","27","1"
"78","23","94","2","00:15:11","300","150","0"
"42","31","161","2","00:15:11","203","227","1"
"4","116","172","2","00:15:11","300","150","0"
"42","31","35","2","00:15:12","500","94","0"
"156","53","103","2","00:15:12","500","94","1"
"205","149","143","2","00:15:12","457","49","1"
"42","57","165","2","00:15:12","300","150","1"
"89","21","195","2","00:15:12","143","94","1"
"76","78","218","2","00:15:12","500","94","1"
"39","101","197","2","00:15:13","143","251","1"
"142","156","62","2","00:15:14","100","49","0"
"1","75","133","2","00:15:14","500","94","1"
"89","195","159","2","00:15:14","300","150","1"
"1","89","187","2","00:15:14","500","251","1"
"101","57","72","2","00:15:15","500","94","1"
"21","13","134","2","00:15:15","500","251","0"
"89","25","196","2","00:15:15","143","251","0"
"23","57","209","2","00:15:15","143","94","0"
"89","224","211","2","00:15:15","457","206","1"
"30","61","22","2","00:15:16","500","94","0"
"23","214","100","2","00:15:16","300","150","1"
"30","195","149","2","00:15:16","500","251","1"
"205","244","232","2","00:15:16","353","27","1"
"73","286","235","2","00:15:16","500","251","0"
"4","76","238","2","00:15:16","300","150","0"
"75","78","118","2","00:15:18","500","94","1"
"101","189","207","2","00:15:18","500","251","0"
"227","4","231","2","00:15:18","203","227","1"
"30","78","121","2","00:15:19","500","251","0"
"89","21","195","2","00:15:19","143","251","0"
"224","97","234","2","00:15:19","100","49","0"
"75","21","86","2","00:15:20","500","251","1"
"21","13","134","2","00:15:20","143","251","0"
"88","23","144","2","00:15:20","300","150","0"
"190","57","181","2","00:15:20","457","49","0"
"61","30","214","2","00:15:20","397","73","1"
"23","75","40","2","00:15:21","457","49","0"
"78","156","89","2","00:15:21","143","251","1"
"42","125","114","2","00:15:21","100","49","1"
"30","181","121","2","00:15:21","500","251","1"
"88","75","108","2","00:15:22","300","150","0"
"76","42","177","2","00:15:22","143","251","0"
"183","31","182","2","00:15:22","457","206","0"
"34","30","221","2","00:15:22","300","150","0"
"224","76","261","2","00:15:22","100","49","1"
"57","30","3","2","00:15:23","143","251","0"
"31","73","154","2","00:15:23","500","94","1"
"248","61","231","2","00:15:23","300","150","1"
"280","114","242","2","00:15:23","100","49","1"
"81","34","13","2","00:15:24","143","94","0"
"58","224","268","2","00:15:24","143","251","1"
"142","78","15","2","00:15:25","500","251","0"
"1","76","57","2","00:15:25","500","94","0"
"227","191","102","2","00:15:25","300","150","1"
"23","183","126","2","00:15:26","500","251","1"
"125","76","129","2","00:15:26","143","251","0"
"209","224","211","2","00:15:26","300","150","0"
"280","4","258","2","00:15:26","397","273","0"
"45","269","330","2","00:15:26","300","150","0"
"15","31","99","2","00:15:27","457","49","0"
"75","116","116","2","00:15:27","300","150","1"
"227","57","120","2","00:15:28","457","49","1"
"224","34","155","2","00:15:28","500","94","0"
"1","42","157","2","00:15:28","500","94","1"
"183","57","185","2","00:15:28","397","73","1"
"78","248","246","2","00:15:28","143","251","1"
"31","1","85","2","00:15:29","500","94","0"
"78","23","94","2","00:15:29","300","150","0"
"16","57","171","2","00:15:29","300","150","1"
"102","55","44","2","00:15:30","143","94","0"
"23","212","100","2","00:15:30","300","150","1"
"76","1","105","2","00:15:30","500","94","0"
"125","76","129","2","00:15:30","143","251","1"
"23","89","153","2","00:15:30","143","94","1"
"1","31","163","2","00:15:30","500","94","0"
"101","195","206","2","00:15:30","500","251","1"
"97","30","6","2","00:15:31","500","94","1"
"65","1","52","2","00:15:31","143","94","0"
"37","78","56","2","00:15:31","353","227","1"
"76","183","145","2","00:15:31","300","150","0"
"57","183","162","2","00:15:31","300","150","0"
"88","115","191","2","00:15:32","143","251","0"
"13","30","221","2","00:15:32","100","206","1"
"281","269","330","2","00:15:32","300","150","0"
"23","81","55","2","00:15:33","500","251","1"
"57","34","155","2","00:15:33","500","251","0"
"190","209","203","2","00:15:33","397","73","0"
"244","195","241","2","00:15:33","143","251","0"
"73","42","2","2","00:15:34","143","251","1"
"156","21","58","2","00:15:34","143","251","1"
"86","21","73","2","00:15:34","100","49","0"
"57","15","19","2","00:15:35","300","150","1"
"227","88","226","2","00:15:36","353","227","1"
"78","86","32","2","00:15:37","143","94","0"
"191","101","132","2","00:15:37","143","94","0"
"1","42","157","2","00:15:37","143","251","0"
"86","39","227","2","00:15:37","500","94","1"
"31","75","67","2","00:15:38","143","251","1"
"116","21","156","2","00:15:38","500","94","0"
"16","57","171","2","00:15:38","500","94","0"
"61","244","238","2","00:15:38","300","150","1"
"189","76","210","2","00:15:39","143","251","1"
"248","61","231","2","00:15:39","100","49","0"
"101","86","21","2","00:15:40","500","251","0"
"39","88","106","2","00:15:40","247","273","1"
"23","34","107","2","00:15:40","247","273","1"
"189","30","119","2","00:15:40","500","94","0"
"244","40","248","2","00:15:40","500","94","1"
"35","97","24","2","00:15:41","500","94","1"
"34","23","183","2","00:15:41","300","150","0"
"58","114","215","2","00:15:41","500","251","0"
"78","58","251","2","00:15:41","500","94","0"
"78","244","255","2","00:15:41","500","94","1"
"280","269","331","2","00:15:41","300","150","0"
"76","88","122","2","00:15:42","143","94","1"
"97","13","96","2","00:15:43","500","251","1"
"65","31","47","2","00:15:45","143","94","1"
"102","183","123","2","00:15:45","500","94","0"
"76","97","142","2","00:15:45","500","94","1"
"4","23","59","2","00:15:46","100","206","1"
"75","31","174","2","00:15:46","143","94","1"
"23","101","233","2","00:15:46","247","273","0"
"142","212","234","2","00:15:46","100","206","0"
"45","89","242","2","00:15:46","353","227","1"
"220","313","336","2","00:15:46","500","251","1"
"15","116","4","2","00:15:47","500","94","1"
"16","42","16","2","00:15:47","143","251","1"
"76","34","36","2","00:15:47","143","94","0"
"157","183","190","2","00:15:47","247","73","0"
"183","75","133","2","00:15:48","397","73","1"
"88","23","144","2","00:15:48","300","150","1"
"98","89","166","2","00:15:48","143","94","1"
"157","42","170","2","00:15:48","500","94","0"
"78","42","213","2","00:15:48","143","251","0"
"76","57","10","2","00:15:49","247","73","0"
"78","88","34","2","00:15:49","500","94","1"
"97","49","97","2","00:15:49","143","251","0"
"57","30","152","2","00:15:49","143","251","1"
"89","32","158","2","00:15:49","457","206","1"
"76","57","235","2","00:15:49","143","94","1"
"1","76","57","2","00:15:50","397","273","1"
"21","31","6","2","00:15:52","300","150","0"
"97","142","44","2","00:15:52","143","251","1"
"35","118","179","2","00:15:52","100","49","0"
"61","101","264","2","00:15:52","143","94","0"
"61","80","3","2","00:15:53","300","150","0"
"30","142","37","2","00:15:53","500","94","0"
"31","58","176","2","00:15:53","143","94","1"
"34","42","236","2","00:15:53","457","206","1"
"30","105","58","2","00:15:54","143","251","1"
"88","116","172","2","00:15:54","100","206","0"
"224","86","178","2","00:15:54","300","150","0"
"23","57","181","2","00:15:54","457","206","1"
"42","73","224","2","00:15:54","143","251","0"
"58","115","31","2","00:15:55","143","94","1"
"89","195","111","2","00:15:55","143","251","0"
"49","4","113","2","00:15:55","300","150","1"
"4","25","191","2","00:15:55","143","94","1"
"31","97","337","2","00:15:55","143","251","1"
"30","42","13","2","00:15:56","500","251","0"
"35","65","61","2","00:15:56","247","273","1"
"125","88","72","2","00:15:56","500","94","1"
"31","57","137","2","00:15:56","143","94","0"
"101","35","2","2","00:15:57","143","251","1"
"42","57","53","2","00:15:57","143","94","0"
"34","1","68","2","00:15:57","203","27","0"
"149","88","71","2","00:15:57","300","150","0"
"21","183","134","2","00:15:57","143","251","0"
"57","34","167","2","00:15:58","300","150","1"
"201","101","199","2","00:15:58","500","94","0"
"23","76","40","2","00:15:59","100","49","0"
"35","183","143","2","00:15:59","457","49","0"
"221","191","206","2","00:15:59","300","150","1"
"78","97","98","2","00:16:00","500","251","1"
"42","57","125","2","00:16:00","100","49","1"
"30","57","103","2","00:16:01","500","94","0"
"75","58","140","2","00:16:01","143","251","1"
"114","57","176","2","00:16:01","247","273","0"
"101","35","21","2","00:16:02","397","73","0"
"206","190","102","2","00:16:02","300","150","1"
"34","97","130","2","00:16:02","500","94","1"
"4","23","160","2","00:16:02","143","251","0"
"23","101","233","2","00:16:02","143","251","0"
"35","101","5","2","00:16:04","300","150","1"
"86","30","35","2","00:16:04","300","150","0"
"125","58","72","2","00:16:04","500","251","1"
"42","89","150","2","00:16:04","300","150","0"
"89","30","158","2","00:16:04","300","150","1"
"1","75","187","2","00:16:04","500","94","0"
"101","313","336","2","00:16:04","500","251","1"
"65","109","52","2","00:16:05","500","251","1"
"201","75","138","2","00:16:05","500","94","0"
"57","31","152","2","00:16:05","500","251","1"
"15","316","255","2","00:16:05","500","94","1"
"73","42","36","2","00:16:07","143","251","1"
"57","244","334","2","00:16:07","500","94","0"
"212","42","104","2","00:16:08","300","150","0"
"75","49","118","2","00:16:08","500","94","0"
"183","39","173","2","00:16:08","143","251","1"
"224","86","178","2","00:16:08","457","206","1"
"161","23","191","2","00:16:08","500","251","0"
"76","114","257","2","00:16:08","500","94","1"
"42","97","337","2","00:16:08","143","94","1"
"61","31","3","2","00:16:09","143","251","1"
"98","58","22","2","00:16:09","143","251","1"
"35","21","24","2","00:16:09","143","251","0"
"42","61","53","2","00:16:09","143","251","1"
"57","65","41","2","00:16:10","143","94","1"
"30","109","42","2","00:16:10","397","73","0"
"21","138","55","2","00:16:10","397","273","0"
"31","21","131","2","00:16:10","500","251","1"
"21","57","132","2","00:16:10","143","251","1"
"1","21","225","2","00:16:10","397","73","0"
"239","313","336","2","00:16:10","143","251","0"
"73","42","36","2","00:16:11","143","251","0"
"156","101","67","2","00:16:11","500","94","0"
"98","49","87","2","00:16:11","500","94","0"
"97","16","96","2","00:16:11","500","94","0"
"227","34","211","2","00:16:11","457","49","1"
"35","1","68","2","00:16:12","457","49","1"
"23","42","124","2","00:16:12","143","251","0"
"224","1","151","2","00:16:12","143","94","0"
"21","42","186","2","00:16:12","100","206","0"
"58","89","249","2","00:16:12","500","251","0"
"220","244","334","2","00:16:12","300","150","1"
"31","97","337","2","00:16:12","143","251","1"
"57","31","62","2","00:16:13","457","206","0"
"65","116","84","2","00:16:14","500","94","1"
"76","104","86","2","00:16:14","500","94","1"
"101","214","129","2","00:16:14","500","94","0"
"35","27","143","2","00:16:14","457","49","0"
"210","34","189","2","00:16:14","500","251","1"
"15","316","255","2","00:16:14","247","273","1"
"280","313","232","2","00:16:15","100","206","1"
"97","78","50","2","00:16:16","500","251","1"
"1","88","113","2","00:16:16","300","150","1"
"75","49","118","2","00:16:16","500","94","0"
"4","23","206","2","00:16:16","143","251","1"
"23","45","265","2","00:16:16","500","94","1"
"75","198","116","2","00:16:17","500","94","1"
"76","78","218","2","00:16:17","247","273","0"
"65","1","14","2","00:16:18","457","206","1"
"42","21","24","2","00:16:18","143","94","1"
"75","195","111","2","00:16:18","143","251","0"
"30","195","156","2","00:16:18","300","150","1"
"76","191","159","2","00:16:18","300","150","0"
"138","224","106","2","00:16:19","500","251","0"
"231","78","148","2","00:16:19","457","49","0"
"195","31","168","2","00:16:19","397","73","0"
"30","248","242","2","00:16:19","353","227","0"
"76","89","257","2","00:16:19","397","273","0"
"15","27","27","2","00:16:20","143","94","0"
"78","42","48","2","00:16:20","300","150","0"
"191","89","270","2","00:16:20","300","150","0"
"76","224","140","2","00:16:21","300","150","1"
"101","97","144","2","00:16:21","300","150","1"
"57","89","215","2","00:16:21","143","94","1"
"23","35","12","2","00:16:22","500","251","0"
"23","114","119","2","00:16:22","500","251","0"
"217","1","151","2","00:16:22","143","251","0"
"97","65","8","2","00:16:23","143","94","1"
"42","21","24","2","00:16:23","247","73","0"
"58","35","26","2","00:16:23","143","94","1"
"88","81","3","2","00:16:24","300","150","1"
"89","109","14","2","00:16:24","457","49","0"
"58","195","160","2","00:16:24","143","94","1"
"183","101","185","2","00:16:24","300","150","1"
"57","89","215","2","00:16:24","143","94","0"
"23","206","265","2","00:16:24","500","94","1"
"1","34","112","2","00:16:25","457","206","0"
"76","57","222","2","00:16:25","143","251","1"
"76","224","245","2","00:16:25","247","273","1"
"280","35","258","2","00:16:25","500","94","1"
"61","58","264","2","00:16:25","500","251","0"
"65","97","84","2","00:16:26","500","94","1"
"13","23","95","2","00:16:26","500","94","0"
"31","26","267","2","00:16:26","143","251","1"
"97","76","8","2","00:16:27","143","94","0"
"109","142","34","2","00:16:27","143","251","1"
"42","30","141","2","00:16:27","457","206","0"
"31","57","37","2","00:16:28","500","94","1"
"30","109","42","2","00:16:28","397","73","1"
"35","105","73","2","00:16:28","457","49","1"
"13","30","89","2","00:16:28","300","150","1"
"116","65","40","2","00:16:29","100","49","0"
"78","210","133","2","00:16:29","500","94","1"
"248","195","239","2","00:16:29","100","206","0"
"31","42","13","2","00:16:30","500","251","0"
"39","81","35","2","00:16:30","247","273","0"
"57","75","129","2","00:16:30","500","251","1"
"61","21","247","2","00:16:30","143","94","0"
"259","76","255","2","00:16:30","300","150","0"
"65","39","21","2","00:16:31","300","150","1"
"21","156","55","2","00:16:31","143","94","1"
"76","23","111","2","00:16:31","300","150","0"
"4","195","160","2","00:16:31","143","251","1"
"21","31","168","2","00:16:31","143","251","0"
"224","4","236","2","00:16:31","457","49","0"
"58","21","15","2","00:16:32","300","150","1"
"142","34","39","2","00:16:32","500","251","0"
"21","142","44","2","00:16:32","143","251","0"
"57","23","191","2","00:16:32","500","94","0"
"76","224","245","2","00:16:32","247","73","1"
"97","86","153","2","00:16:33","500","251","1"
"4","76","224","2","00:16:33","143","251","1"
"4","115","253","2","00:16:33","500","251","1"
"75","23","86","2","00:16:34","143","251","1"
"23","42","186","2","00:16:34","457","206","0"
"31","15","11","2","00:16:35","143","251","1"
"65","31","30","2","00:16:35","500","251","0"
"49","65","57","2","00:16:35","143","251","1"
"140","103","59","2","00:16:35","203","27","1"
"1","62","113","2","00:16:35","143","251","1"
"58","195","244","2","00:16:35","143","94","0"
"76","31","116","2","00:16:36","500","94","1"
"65","1","118","2","00:16:36","300","150","1"
"4","76","178","2","00:16:36","353","27","1"
"23","76","8","2","00:16:37","143","94","1"
"78","81","20","2","00:16:37","500","251","0"
"23","15","38","2","00:16:37","500","251","1"
"231","30","161","2","00:16:37","203","227","1"
"88","49","101","2","00:16:38","100","206","0"
"4","30","201","2","00:16:38","500","251","1"
"114","316","263","2","00:16:38","353","227","1"
"57","213","334","2","00:16:38","143","251","1"
"23","31","175","2","00:16:39","457","206","0"
"231","23","183","2","00:16:39","143","251","1"
"58","75","54","2","00:16:40","143","94","1"
"30","76","138","2","00:16:40","143","251","1"
"1","35","16","2","00:16:41","143","251","1"
"65","23","63","2","00:16:41","247","273","0"
"78","138","99","2","00:16:41","457","49","0"
"224","1","127","2","00:16:41","500","251","0"
"224","138","152","2","00:16:41","300","150","1"
"65","30","174","2","00:16:41","143","94","1"
"78","76","187","2","00:16:41","500","251","1"
"23","78","230","2","00:16:41","500","94","1"
"4","88","254","2","00:16:41","143","251","0"
"75","31","30","2","00:16:42","500","94","0"
"116","49","121","2","00:16:42","500","94","0"
"31","1","87","2","00:16:43","397","73","1"
"78","21","98","2","00:16:43","500","94","0"
"224","125","108","2","00:16:43","500","251","0"
"91","78","123","2","00:16:43","500","94","0"
"57","75","129","2","00:16:43","500","94","1"
"58","73","18","2","00:16:44","500","94","0"
"76","34","21","2","00:16:44","143","94","1"
"30","101","103","2","00:16:44","500","94","1"
"78","30","163","2","00:16:44","300","150","1"
"90","4","181","2","00:16:44","203","27","0"
"75","23","195","2","00:16:44","143","251","1"
"75","138","211","2","00:16:44","203","227","1"
"34","4","236","2","00:16:44","457","206","1"
"54","115","31","2","00:16:45","143","94","1"
"65","4","45","2","00:16:45","300","150","1"
"25","57","208","2","00:16:45","500","94","0"
"206","269","256","2","00:16:45","300","150","1"
"57","224","268","2","00:16:45","143","251","0"
"23","31","6","2","00:16:46","500","251","0"
"97","88","209","2","00:16:46","143","94","1"
"183","76","255","2","00:16:46","500","94","1"
"1","23","109","2","00:16:47","143","251","0"
"224","78","162","2","00:16:47","300","150","1"
"39","78","190","2","00:16:47","300","150","1"
"18","23","225","2","00:16:47","500","251","0"
"35","27","9","2","00:16:48","100","49","0"
"81","57","22","2","00:16:48","397","273","1"
"34","32","35","2","00:16:48","143","251","0"
"1","35","139","2","00:16:48","143","94","1"
"23","183","230","2","00:16:48","500","251","0"
"42","78","68","2","00:16:49","300","150","0"
"89","34","189","2","00:16:49","143","251","1"
"34","75","266","2","00:16:49","457","49","1"
"23","31","6","2","00:16:50","300","150","1"
"78","30","20","2","00:16:50","300","150","1"
"97","35","124","2","00:16:50","500","251","1"
"57","157","172","2","00:16:50","353","27","1"
"78","42","213","2","00:16:50","143","251","1"
"61","21","247","2","00:16:50","143","251","1"
"65","227","257","2","00:16:50","143","94","0"
"23","58","28","2","00:16:51","143","251","0"
"23","57","208","2","00:16:51","500","251","1"
"220","244","336","2","00:16:51","143","94","0"
"78","29","20","2","00:16:52","143","251","0"
"76","42","21","2","00:16:52","143","94","1"
"34","75","114","2","00:16:52","300","150","0"
"15","227","220","2","00:16:52","143","251","1"
"15","23","23","2","00:16:53","500","251","1"
"97","4","50","2","00:16:53","143","251","0"
"156","65","67","2","00:16:53","500","251","0"
"75","23","111","2","00:16:53","500","251","0"
"89","23","142","2","00:16:53","300","150","1"
"4","195","160","2","00:16:53","143","251","1"
"78","76","187","2","00:16:54","500","94","1"
"1","30","269","2","00:16:54","500","251","1"
"57","89","178","2","00:16:55","300","150","1"
"31","78","42","2","00:16:56","143","251","0"
"42","75","114","2","00:16:56","300","150","1"
"21","220","115","2","00:16:56","300","150","1"
"76","101","140","2","00:16:56","500","94","1"
"31","23","149","2","00:16:56","500","94","1"
"31","76","17","2","00:16:57","143","251","1"
"88","98","62","2","00:16:57","100","49","0"
"65","105","84","2","00:16:57","500","94","1"
"76","97","86","2","00:16:57","143","94","1"
"23","78","96","2","00:16:57","500","251","0"
"34","31","161","2","00:16:57","457","49","0"
"73","97","196","2","00:16:57","300","150","1"
"78","23","95","2","00:16:58","143","251","1"
"23","78","97","2","00:16:58","300","150","1"
"109","21","98","2","00:16:58","500","251","1"
"23","78","123","2","00:16:58","500","251","1"
"78","4","185","2","00:16:58","500","94","1"
"105","101","40","2","00:16:59","457","206","0"
"65","30","116","2","00:16:59","247","273","1"
"89","78","145","2","00:17:00","500","94","0"
"57","31","172","2","00:17:00","457","49","0"
"57","31","188","2","00:17:00","500","94","0"
"15","227","220","2","00:17:00","143","251","1"
"30","35","13","2","00:17:01","143","94","1"
"86","4","71","2","00:17:01","457","49","1"
"31","35","146","2","00:17:01","143","251","1"
"100","31","227","2","00:17:01","500","94","1"
"73","88","10","2","00:17:02","500","94","1"
"31","101","103","2","00:17:03","500","251","1"
"57","32","188","2","00:17:04","500","94","0"
"204","76","128","2","00:17:05","100","206","0"
"31","23","156","2","00:17:05","143","251","1"
"57","89","178","2","00:17:05","100","206","1"
"227","78","148","2","00:17:06","457","49","1"
"1","75","29","2","00:17:07","300","150","1"
"31","42","60","2","00:17:07","500","251","1"
"40","125","61","2","00:17:07","143","94","1"
"21","75","88","2","00:17:07","500","251","0"
"89","227","189","2","00:17:07","143","251","1"
"30","183","228","2","00:17:07","353","227","1"
"57","100","54","2","00:17:08","500","251","0"
"57","89","108","2","00:17:08","500","94","1"
"142","78","151","2","00:17:08","500","251","0"
"205","195","183","2","00:17:08","143","251","0"
"97","89","246","2","00:17:08","500","94","0"
"109","39","16","2","00:17:09","397","73","1"
"34","23","24","2","00:17:09","500","94","0"
"125","34","104","2","00:17:09","100","49","1"
"57","21","144","2","00:17:09","500","251","0"
"30","57","49","2","00:17:10","143","251","1"
"57","49","69","2","00:17:10","500","251","1"
"49","97","94","2","00:17:10","300","150","0"
"73","78","45","2","00:17:11","457","49","0"
"76","205","177","2","00:17:11","247","273","0"
"97","30","6","2","00:17:12","500","94","0"
"1","73","133","2","00:17:12","500","251","0"
"280","88","260","2","00:17:12","100","206","1"
"65","39","2","2","00:17:13","397","273","0"
"98","1","180","2","00:17:13","500","251","0"
"23","4","115","2","00:17:14","300","150","0"
"35","191","130","2","00:17:14","143","94","1"
"75","23","25","2","00:17:15","300","150","1"
"58","23","59","2","00:17:15","457","49","1"
"109","98","64","2","00:17:15","457","206","1"
"138","76","67","2","00:17:15","143","94","0"
"125","42","104","2","00:17:15","457","206","0"
"73","78","145","2","00:17:15","143","251","1"
"16","39","99","2","00:17:16","100","206","0"
"31","227","146","2","00:17:16","143","94","0"
"78","21","147","2","00:17:16","500","251","0"
"31","89","253","2","00:17:16","247","273","1"
"39","78","337","2","00:17:16","143","94","1"
"88","101","41","2","00:17:17","500","94","0"
"30","23","131","2","00:17:17","500","251","0"
"4","30","152","2","00:17:17","143","94","1"
"1","116","163","2","00:17:17","247","73","1"
"30","78","121","2","00:17:18","300","150","0"
"1","57","171","2","00:17:18","247","73","0"
"109","97","4","2","00:17:19","143","251","0"
"21","73","8","2","00:17:19","143","94","1"
"30","57","49","2","00:17:19","143","94","1"
"58","23","59","2","00:17:19","457","206","1"
"78","231","112","2","00:17:19","203","227","0"
"191","1","134","2","00:17:19","143","94","0"
"88","206","212","2","00:17:19","500","251","0"
"23","4","50","2","00:17:20","143","94","1"
"31","57","197","2","00:17:20","247","273","1"
"23","15","230","2","00:17:20","500","94","1"
"39","27","35","2","00:17:21","500","251","0"
"105","78","38","2","00:17:21","143","94","1"
"109","23","98","2","00:17:21","500","94","0"
"58","231","135","2","00:17:21","143","94","0"
"39","191","131","2","00:17:22","300","150","0"
"189","30","265","2","00:17:22","143","94","0"
"23","78","96","2","00:17:23","143","251","1"
"205","183","143","2","00:17:23","353","27","0"
"76","21","196","2","00:17:23","300","150","1"
"23","34","252","2","00:17:23","143","94","1"
"42","65","114","2","00:17:24","300","150","1"
"39","65","138","2","00:17:24","500","251","0"
"49","105","94","2","00:17:25","300","150","0"
"97","34","186","2","00:17:25","100","49","1"
"58","190","219","2","00:17:25","500","251","1"
"34","75","128","2","00:17:26","457","206","1"
"76","34","177","2","00:17:26","143","94","1"
"49","30","221","2","00:17:26","457","49","0"
"75","15","105","2","00:17:27","247","73","0"
"1","88","113","2","00:17:27","500","94","1"
"42","88","120","2","00:17:27","100","49","1"
"30","78","121","2","00:17:27","143","251","0"
"23","31","20","2","00:17:28","397","273","1"
"57","75","54","2","00:17:28","500","251","1"
"75","57","72","2","00:17:28","143","94","1"
"31","88","106","2","00:17:28","300","150","1"
"39","142","53","2","00:17:29","143","251","1"
"42","39","141","2","00:17:29","203","27","0"
"224","20","144","2","00:17:29","143","94","0"
"34","31","161","2","00:17:29","457","206","0"
"227","101","165","2","00:17:29","300","150","0"
"97","86","12","2","00:17:30","397","273","1"
"78","142","65","2","00:17:31","143","251","1"
"210","227","164","2","00:17:31","397","73","1"
"31","88","199","2","00:17:31","300","150","1"
"224","89","108","2","00:17:32","247","73","0"
"227","97","183","2","00:17:32","143","251","1"
"116","86","51","2","00:17:33","500","251","1"
"89","34","211","2","00:17:34","457","49","0"
"190","35","107","2","00:17:35","300","150","0"
"23","58","115","2","00:17:35","300","150","1"
"195","4","181","2","00:17:35","100","49","1"
"21","76","203","2","00:17:35","300","150","1"
"23","76","40","2","00:17:36","457","49","1"
"30","227","146","2","00:17:36","143","251","1"
"157","45","214","2","00:17:36","143","94","1"
"81","1","11","2","00:17:37","143","94","0"
"23","31","20","2","00:17:37","143","94","0"
"73","86","21","2","00:17:37","500","251","1"
"75","31","47","2","00:17:37","247","273","0"
"58","190","219","2","00:17:37","397","73","1"
"1","97","23","2","00:17:38","143","251","1"
"1","57","34","2","00:17:39","500","94","0"
"75","1","52","2","00:17:39","143","251","0"
"21","76","153","2","00:17:39","500","94","0"
"42","76","5","2","00:17:40","300","150","1"
"73","1","145","2","00:17:40","143","251","1"
"214","227","164","2","00:17:40","143","94","0"
"75","42","177","2","00:17:40","143","94","0"
"98","49","85","2","00:17:41","500","251","0"
"42","21","247","2","00:17:41","143","251","1"
"116","86","51","2","00:17:42","500","251","0"
"4","73","54","2","00:17:42","500","94","0"
"78","101","57","2","00:17:42","143","251","1"
"224","42","167","2","00:17:42","397","73","0"
"89","23","195","2","00:17:42","143","94","0"
"280","76","232","2","00:17:42","457","206","0"
"109","81","27","2","00:17:43","500","94","1"
"34","142","53","2","00:17:43","397","273","1"
"89","195","111","2","00:17:43","300","150","0"
"78","34","48","2","00:17:44","500","251","0"
"57","31","3","2","00:17:45","300","150","0"
"81","116","33","2","00:17:45","397","273","1"
"78","101","57","2","00:17:45","300","150","0"
"88","201","188","2","00:17:45","500","94","0"
"205","189","256","2","00:17:45","100","49","1"
"23","78","50","2","00:17:46","500","94","0"
"98","49","85","2","00:17:46","500","251","1"
"75","23","86","2","00:17:46","143","251","1"
"76","38","222","2","00:17:46","247","73","1"
"280","89","242","2","00:17:46","457","49","0"
"23","76","88","2","00:17:47","300","150","0"
"224","183","101","2","00:17:47","300","150","0"
"97","86","12","2","00:17:48","500","251","1"
"4","88","264","2","00:17:48","500","94","1"
"157","15","337","2","00:17:48","143","251","0"
"21","31","20","2","00:17:50","143","251","0"
"115","57","28","2","00:17:50","247","73","1"
"57","35","39","2","00:17:50","143","251","1"
"146","195","102","2","00:17:50","100","49","0"
"65","142","10","2","00:17:51","143","251","0"
"34","1","56","2","00:17:51","457","206","1"
"86","27","46","2","00:17:52","500","251","0"
"224","42","167","2","00:17:52","300","150","0"
"76","15","14","2","00:17:53","203","227","1"
"23","34","51","2","00:17:53","500","94","0"
"227","89","114","2","00:17:53","100","206","1"
"97","212","169","2","00:17:53","300","150","1"
"78","4","113","2","00:17:54","397","73","0"
"15","205","139","2","00:17:55","300","150","1"
"57","78","151","2","00:17:56","500","94","0"
"217","227","155","2","00:17:56","300","150","0"
"75","31","47","2","00:17:57","500","251","1"
"224","30","172","2","00:17:57","300","150","0"
"224","73","178","2","00:17:57","457","206","0"
"195","76","203","2","00:17:57","300","150","0"
"205","4","243","2","00:17:57","457","49","1"
"189","201","119","2","00:17:58","143","251","1"
"31","73","224","2","00:17:58","143","251","1"
"97","21","225","2","00:17:58","500","94","0"
"23","58","233","2","00:17:58","500","251","1"
"227","21","239","2","00:17:58","457","49","0"
"138","15","259","2","00:17:58","457","49","0"
"30","57","260","2","00:17:58","100","49","1"
"97","73","90","2","00:17:59","500","251","1"
"78","21","109","2","00:17:59","143","251","1"
"45","1","228","2","00:17:59","100","49","0"
"1","4","171","2","00:18:00","500","94","0"
"42","183","179","2","00:18:00","100","206","1"
"81","109","11","2","00:18:01","500","251","0"
"21","31","20","2","00:18:01","143","94","0"
"1","88","34","2","00:18:01","500","251","1"
"57","101","41","2","00:18:01","143","251","1"
"76","78","145","2","00:18:01","300","150","0"
"42","23","247","2","00:18:01","247","73","1"
"101","227","249","2","00:18:01","247","273","1"
"57","91","59","2","00:18:02","203","27","0"
"13","23","98","2","00:18:02","143","94","0"
"31","161","176","2","00:18:02","143","251","0"
"31","34","170","2","00:18:03","143","94","1"
"78","240","251","2","00:18:03","143","251","1"
"15","205","269","2","00:18:03","143","251","1"
"75","1","52","2","00:18:04","143","251","1"
"4","76","129","2","00:18:04","500","251","0"
"42","183","143","2","00:18:04","100","206","1"
"45","1","228","2","00:18:04","100","49","0"
"138","65","261","2","00:18:04","203","227","0"
"42","75","5","2","00:18:06","500","251","0"
"76","32","174","2","00:18:06","300","150","0"
"4","31","200","2","00:18:06","500","94","0"
"313","78","218","2","00:18:06","500","94","0"
"45","31","258","2","00:18:06","500","94","1"
"201","316","267","2","00:18:06","300","150","0"
"227","183","148","2","00:18:07","457","49","1"
"26","58","222","2","00:18:07","500","251","0"
"97","31","6","2","00:18:08","500","94","0"
"78","76","133","2","00:18:08","300","150","0"
"88","23","15","2","00:18:09","143","94","0"
"224","78","101","2","00:18:09","457","49","1"
"34","75","114","2","00:18:09","300","150","0"
"101","98","30","2","00:18:10","500","251","0"
"34","21","117","2","00:18:10","100","206","0"
"1","20","4","2","00:18:11","500","94","1"
"1","75","57","2","00:18:11","397","273","1"
"191","214","100","2","00:18:11","300","150","0"
"27","39","13","2","00:18:12","500","251","0"
"31","142","37","2","00:18:12","300","150","0"
"97","4","132","2","00:18:12","247","273","1"
"31","78","180","2","00:18:12","143","251","0"
"78","73","187","2","00:18:12","143","251","1"
"16","61","65","2","00:18:13","143","251","1"
"280","21","256","2","00:18:13","100","206","1"
"78","23","109","2","00:18:14","300","150","1"
"78","156","64","2","00:18:15","457","49","0"
"34","21","216","2","00:18:15","353","227","1"
"39","227","253","2","00:18:15","143","251","0"
"89","142","335","2","00:18:15","100","49","1"
"157","55","49","2","00:18:16","397","273","0"
"76","78","145","2","00:18:16","500","94","1"
"244","88","235","2","00:18:16","500","94","1"
"15","35","32","2","00:18:17","397","273","1"
"76","31","47","2","00:18:17","500","94","0"
"224","76","129","2","00:18:17","500","251","1"
"224","34","167","2","00:18:17","500","251","0"
"34","183","179","2","00:18:17","100","206","1"
"31","76","238","2","00:18:18","247","73","1"
"30","31","243","2","00:18:18","457","49","1"
"191","214","100","2","00:18:19","100","49","1"
"31","97","156","2","00:18:19","143","251","0"
"57","23","207","2","00:18:19","500","251","1"
"20","86","51","2","00:18:20","300","150","1"
"35","4","120","2","00:18:20","100","206","1"
"21","78","134","2","00:18:20","500","94","1"
"42","31","161","2","00:18:20","100","49","0"
"183","31","182","2","00:18:20","457","206","0"
"34","280","221","2","00:18:20","457","206","0"
"42","23","247","2","00:18:20","143","251","0"
"88","227","249","2","00:18:20","143","251","0"
"78","34","250","2","00:18:20","143","251","1"
"142","209","266","2","00:18:20","100","206","1"
"156","34","60","2","00:18:21","143","94","1"
"58","49","69","2","00:18:21","143","251","1"
"205","15","228","2","00:18:21","100","206","0"
"89","78","105","2","00:18:22","397","73","0"
"31","97","131","2","00:18:22","300","150","0"
"57","183","162","2","00:18:22","500","251","1"
"78","101","251","2","00:18:22","143","251","1"
"88","15","19","2","00:18:23","143","251","0"
"110","97","95","2","00:18:23","143","251","0"
"23","280","265","2","00:18:23","500","251","0"
"21","34","12","2","00:18:24","500","251","0"
"76","31","30","2","00:18:24","500","94","0"
"26","101","176","2","00:18:24","247","73","0"
"4","189","206","2","00:18:24","143","251","0"
"104","97","230","2","00:18:24","143","251","1"
"49","156","99","2","00:18:25","100","206","1"
"190","224","252","2","00:18:25","300","150","0"
"88","316","336","2","00:18:25","143","94","1"
"42","21","73","2","00:18:26","100","206","0"
"88","86","39","2","00:18:27","500","251","0"
"23","78","97","2","00:18:27","500","251","0"
"31","183","121","2","00:18:27","300","150","0"
"227","4","125","2","00:18:27","457","49","0"
"86","116","158","2","00:18:27","203","27","1"
"23","57","209","2","00:18:27","500","94","0"
"224","190","216","2","00:18:27","457","49","1"
"1","86","48","2","00:18:28","300","150","0"
"116","1","50","2","00:18:28","500","251","0"
"30","76","67","2","00:18:28","143","251","1"
"34","23","117","2","00:18:28","457","49","1"
"31","4","137","2","00:18:28","500","94","1"
"89","88","140","2","00:18:28","397","273","1"
"78","30","173","2","00:18:28","143","251","1"
"30","183","180","2","00:18:28","397","273","1"
"1","73","57","2","00:18:29","500","251","1"
"4","34","135","2","00:18:29","500","251","0"
"206","227","217","2","00:18:29","100","49","0"
"21","61","262","2","00:18:29","300","150","1"
"57","78","15","2","00:18:30","143","94","1"
"35","15","56","2","00:18:30","353","27","1"
"88","201","200","2","00:18:30","397","273","1"
"49","220","229","2","00:18:30","353","27","1"
"190","88","233","2","00:18:30","143","251","0"
"73","138","245","2","00:18:30","143","94","1"
"205","78","179","2","00:18:31","100","206","1"
"30","15","11","2","00:18:32","247","73","1"
"57","21","59","2","00:18:32","457","206","0"
"65","116","116","2","00:18:32","143","94","1"
"227","73","128","2","00:18:32","457","206","1"
"4","34","135","2","00:18:33","397","273","0"
"39","42","146","2","00:18:33","500","251","0"
"61","23","247","2","00:18:33","143","94","0"
"280","21","331","2","00:18:33","457","206","1"
"73","21","25","2","00:18:34","143","251","1"
"1","23","147","2","00:18:34","300","150","0"
"23","30","119","2","00:18:35","300","150","1"
"23","89","153","2","00:18:36","143","251","0"
"89","42","164","2","00:18:36","143","251","1"
"280","25","331","2","00:18:36","300","150","1"
"75","31","30","2","00:18:37","143","251","1"
"35","88","53","2","00:18:37","500","94","1"
"57","21","59","2","00:18:37","100","206","0"
"39","224","106","2","00:18:37","143","251","0"
"191","42","124","2","00:18:37","500","251","0"
"183","58","185","2","00:18:37","500","94","1"
"30","42","243","2","00:18:37","457","49","1"
"65","1","14","2","00:18:38","300","150","1"
"105","78","38","2","00:18:38","500","94","0"
"30","78","87","2","00:18:38","143","251","0"
"76","23","25","2","00:18:39","143","94","0"
"57","42","26","2","00:18:39","143","251","1"
"76","21","92","2","00:18:39","500","251","0"
"30","101","176","2","00:18:39","500","94","0"
"78","244","255","2","00:18:39","500","94","0"
"1","156","27","2","00:18:40","247","273","0"
"27","23","33","2","00:18:40","143","94","1"
"15","57","34","2","00:18:40","300","150","1"
"35","105","43","2","00:18:40","300","150","0"
"4","156","62","2","00:18:40","203","227","1"
"75","21","111","2","00:18:40","300","150","0"
"97","248","220","2","00:18:40","300","150","1"
"224","31","236","2","00:18:40","457","49","0"
"21","34","12","2","00:18:43","143","94","1"
"76","21","92","2","00:18:43","500","251","0"
"57","97","191","2","00:18:43","300","150","0"
"224","31","152","2","00:18:45","397","273","0"
"31","30","214","2","00:18:45","300","150","1"
"23","34","107","2","00:18:46","143","251","0"
"231","73","128","2","00:18:46","457","206","1"
"76","34","177","2","00:18:47","300","150","0"
"31","183","190","2","00:18:47","143","251","1"
"30","21","58","2","00:18:48","500","94","1"
"76","88","72","2","00:18:48","143","94","1"
"21","76","204","2","00:18:48","300","150","1"
"76","21","25","2","00:18:49","143","251","1"
"76","31","47","2","00:18:49","500","94","0"
"30","88","49","2","00:18:49","143","94","0"
"42","57","71","2","00:18:49","100","49","1"
"97","201","168","2","00:18:49","143","251","0"
"21","42","186","2","00:18:49","203","27","1"
"58","89","249","2","00:18:49","143","94","1"
"78","76","57","2","00:18:50","300","150","0"
"21","1","70","2","00:18:50","300","150","0"
"49","205","112","2","00:18:50","457","49","0"
"23","31","119","2","00:18:50","143","94","0"
"227","1","143","2","00:18:50","100","49","1"
"116","231","146","2","00:18:50","397","73","0"
"73","42","2","2","00:18:51","143","94","1"
"57","34","39","2","00:18:51","500","94","1"
"142","21","59","2","00:18:51","100","206","0"
"35","1","68","2","00:18:52","457","49","0"
"42","220","120","2","00:18:52","100","206","1"
"23","75","136","2","00:18:52","397","273","1"
"57","42","155","2","00:18:52","300","150","1"
"31","75","166","2","00:18:52","143","94","0"
"195","88","233","2","00:18:52","500","251","0"
"4","78","337","2","00:18:52","300","150","0"
"21","227","270","2","00:18:53","300","150","0"
"1","4","113","2","00:18:54","500","251","0"
"30","23","149","2","00:18:54","500","251","0"
"76","34","177","2","00:18:54","143","94","0"
"23","31","262","2","00:18:54","300","150","0"
"4","39","188","2","00:18:55","143","251","1"
"15","190","225","2","00:18:55","500","94","1"
"23","280","265","2","00:18:55","143","251","1"
"30","76","138","2","00:18:56","143","251","0"
"76","21","159","2","00:18:56","300","150","1"
"75","39","116","2","00:18:57","500","94","1"
"31","183","121","2","00:18:57","143","251","1"
"42","76","150","2","00:18:57","457","206","1"
"31","76","154","2","00:18:57","500","251","0"
"88","23","31","2","00:18:58","143","94","0"
"23","75","203","2","00:18:58","143","251","0"
"30","191","331","2","00:18:58","100","206","1"
"58","78","127","2","00:18:59","397","73","1"
"23","76","169","2","00:18:59","457","206","1"
"57","190","206","2","00:18:59","247","73","0"
"78","280","269","2","00:18:59","300","150","1"
"57","1","69","2","00:19:00","143","251","0"
"23","78","134","2","00:19:00","143","251","1"
"227","1","143","2","00:19:00","100","49","0"
"206","269","330","2","00:19:00","143","251","0"
"227","21","130","2","00:19:01","143","251","1"
"4","21","207","2","00:19:01","143","251","1"
"57","195","219","2","00:19:01","143","94","0"
"57","156","62","2","00:19:02","457","49","1"
"189","73","210","2","00:19:02","143","251","1"
"75","97","63","2","00:19:03","143","251","1"
"35","1","68","2","00:19:03","353","227","0"
"101","78","162","2","00:19:03","500","94","0"
"78","116","163","2","00:19:03","143","251","1"
"31","78","180","2","00:19:03","143","251","0"
"100","89","257","2","00:19:03","500","94","0"
"220","244","334","2","00:19:03","300","150","0"
"105","57","44","2","00:19:04","143","251","1"
"30","88","49","2","00:19:04","143","251","0"
"21","1","70","2","00:19:04","500","251","1"
"15","31","99","2","00:19:04","300","150","0"
"27","57","37","2","00:19:05","500","251","1"
"76","42","104","2","00:19:05","457","49","1"
"58","78","127","2","00:19:05","247","73","1"
"76","35","177","2","00:19:05","143","251","0"
"23","72","209","2","00:19:05","500","251","0"
"35","58","53","2","00:19:07","300","150","0"
"1","98","182","2","00:19:07","457","206","1"
"280","78","228","2","00:19:07","457","206","0"
"34","201","161","2","00:19:08","203","227","0"
"224","89","178","2","00:19:08","457","49","0"
"39","57","197","2","00:19:08","500","94","1"
"280","227","217","2","00:19:08","100","49","1"
"101","73","336","2","00:19:08","500","251","0"
"75","36","36","2","00:19:09","500","251","1"
"15","32","99","2","00:19:09","300","150","0"
"4","31","201","2","00:19:09","500","251","1"
"42","30","46","2","00:19:10","500","251","1"
"31","21","58","2","00:19:10","143","94","1"
"76","21","86","2","00:19:10","500","94","0"
"97","78","96","2","00:19:10","500","251","1"
"78","31","163","2","00:19:10","143","94","1"
"156","101","66","2","00:19:11","457","49","1"
"97","78","97","2","00:19:11","500","251","1"
"49","104","109","2","00:19:11","143","94","1"
"76","21","142","2","00:19:11","143","251","1"
"31","57","197","2","00:19:11","500","94","0"
"23","72","209","2","00:19:11","500","251","1"
"4","316","238","2","00:19:11","500","94","0"
"76","227","257","2","00:19:11","300","150","0"
"58","78","15","2","00:19:12","143","94","1"
"34","23","24","2","00:19:12","397","73","0"
"57","78","127","2","00:19:12","500","94","0"
"227","21","130","2","00:19:12","500","251","1"
"23","13","134","2","00:19:12","500","251","0"
"101","73","336","2","00:19:12","500","251","0"
"15","21","23","2","00:19:13","500","251","0"
"76","42","36","2","00:19:13","500","251","0"
"42","23","43","2","00:19:13","247","73","0"
"316","39","227","2","00:19:13","500","251","1"
"30","57","37","2","00:19:14","500","94","1"
"58","73","54","2","00:19:14","143","94","1"
"58","21","59","2","00:19:14","457","49","0"
"30","75","67","2","00:19:14","143","94","1"
"31","183","190","2","00:19:14","143","251","0"
"16","34","250","2","00:19:14","143","94","0"
"23","183","126","2","00:19:15","500","251","1"
"31","76","154","2","00:19:15","397","273","1"
"90","57","181","2","00:19:15","457","49","0"
"78","316","255","2","00:19:15","247","273","0"
"23","31","262","2","00:19:15","143","251","0"
"30","191","331","2","00:19:15","100","206","1"
"101","244","334","2","00:19:15","300","150","1"
"75","109","14","2","00:19:16","457","206","1"
"78","86","32","2","00:19:16","500","251","1"
"21","13","134","2","00:19:16","500","251","0"
"72","35","2","2","00:19:17","143","251","1"
"34","27","9","2","00:19:17","100","206","1"
"78","89","29","2","00:19:17","500","94","1"
"78","231","139","2","00:19:17","500","251","0"
"195","86","153","2","00:19:17","143","251","1"
"57","78","162","2","00:19:17","143","251","0"
"161","65","263","2","00:19:17","300","150","0"
"34","65","5","2","00:19:18","500","94","1"
"21","243","230","2","00:19:18","300","150","0"
"31","286","264","2","00:19:18","143","251","1"
"58","75","129","2","00:19:19","143","94","0"
"78","42","48","2","00:19:20","500","251","0"
"88","156","62","2","00:19:20","457","49","0"
"21","35","124","2","00:19:20","300","150","1"
"1","89","220","2","00:19:20","143","94","1"
"224","76","261","2","00:19:20","100","49","0"
"42","1","56","2","00:19:21","143","94","0"
"75","31","116","2","00:19:21","500","94","0"
"280","61","243","2","00:19:21","300","150","0"
"23","101","8","2","00:19:22","500","94","0"
"1","21","23","2","00:19:22","300","150","0"
"23","1","70","2","00:19:22","500","251","0"
"205","21","130","2","00:19:22","500","251","1"
"224","49","151","2","00:19:22","143","94","0"
"4","206","214","2","00:19:22","397","73","0"
"244","280","248","2","00:19:22","143","251","0"
"35","97","332","2","00:19:22","500","94","0"
"78","89","29","2","00:19:23","500","251","0"
"75","97","84","2","00:19:23","500","251","1"
"34","1","179","2","00:19:23","300","150","0"
"30","248","242","2","00:19:23","353","27","0"
"78","34","250","2","00:19:23","143","251","1"
"31","241","254","2","00:19:23","143","251","0"
"142","76","41","2","00:19:24","143","251","1"
"34","81","46","2","00:19:24","500","251","0"
"42","4","125","2","00:19:24","100","49","0"
"30","34","240","2","00:19:24","500","94","1"
"15","42","16","2","00:19:25","500","251","0"
"115","1","38","2","00:19:25","500","251","1"
"97","1","50","2","00:19:25","143","251","0"
"73","227","104","2","00:19:25","300","150","0"
"78","73","133","2","00:19:25","500","94","1"
"42","31","35","2","00:19:26","500","94","1"
"23","39","175","2","00:19:26","143","94","1"
"201","1","190","2","00:19:26","143","251","0"
"23","101","208","2","00:19:26","500","94","1"
"115","35","12","2","00:19:27","143","94","1"
"30","115","33","2","00:19:27","500","94","1"
"21","30","55","2","00:19:27","143","251","1"
"57","34","155","2","00:19:27","500","251","1"
"76","21","142","2","00:19:28","143","94","0"
"81","1","11","2","00:19:29","143","94","0"
"34","78","68","2","00:19:29","300","150","1"
"15","31","99","2","00:19:29","300","150","0"
"227","191","102","2","00:19:29","457","49","0"
"31","57","176","2","00:19:29","300","150","1"
"138","21","216","2","00:19:29","457","49","0"
"245","269","331","2","00:19:29","300","150","1"
"21","65","88","2","00:19:30","300","150","0"
"138","212","259","2","00:19:30","100","206","1"
"98","23","156","2","00:19:31","247","73","1"
"16","89","187","2","00:19:31","143","251","0"
"142","86","39","2","00:19:32","397","273","1"
"78","31","89","2","00:19:32","500","251","1"
"31","57","106","2","00:19:32","143","251","1"
"30","97","131","2","00:19:32","143","251","0"
"78","31","163","2","00:19:32","500","251","0"
"23","31","175","2","00:19:32","500","94","0"
"183","97","147","2","00:19:33","143","94","1"
"21","75","270","2","00:19:33","500","94","0"
"81","76","67","2","00:19:34","300","150","1"
"30","78","87","2","00:19:34","500","251","1"
"21","76","90","2","00:19:34","500","251","0"
"76","31","116","2","00:19:34","500","94","0"
"227","4","165","2","00:19:34","457","49","1"
"31","78","180","2","00:19:34","143","251","1"
"1","58","65","2","00:19:35","500","251","1"
"224","183","127","2","00:19:35","247","73","0"
"15","31","27","2","00:19:36","500","94","1"
"156","101","66","2","00:19:36","457","49","1"
"168","78","85","2","00:19:36","143","251","0"
"57","76","178","2","00:19:36","300","150","1"
"89","30","223","2","00:19:36","203","27","1"
"88","89","249","2","00:19:37","143","251","0"
"105","76","40","2","00:19:38","203","227","0"
"31","316","238","2","00:19:38","300","150","1"
"205","190","256","2","00:19:38","100","49","1"
"42","142","53","2","00:19:39","500","94","1"
"4","49","101","2","00:19:39","457","49","1"
"23","4","181","2","00:19:39","353","227","1"
"97","101","8","2","00:19:40","300","150","1"
"78","27","20","2","00:19:40","300","150","1"
"125","57","72","2","00:19:40","397","273","0"
"89","1","145","2","00:19:40","300","150","0"
"58","78","237","2","00:19:40","300","150","1"
"34","97","24","2","00:19:41","500","94","1"
"34","76","61","2","00:19:41","143","251","0"
"34","76","128","2","00:19:41","457","206","1"
"190","183","134","2","00:19:41","300","150","0"
"244","23","241","2","00:19:41","500","251","1"
"76","34","245","2","00:19:41","397","273","0"
"280","57","260","2","00:19:41","100","49","0"
"189","280","265","2","00:19:41","143","251","0"
"31","42","13","2","00:19:42","143","251","0"
"57","116","31","2","00:19:42","300","150","0"
"81","103","58","2","00:19:42","500","251","1"
"224","42","135","2","00:19:42","500","251","1"
"76","75","257","2","00:19:42","500","94","0"
"42","58","53","2","00:19:43","500","94","1"
"97","212","100","2","00:19:43","457","206","0"
"31","224","103","2","00:19:43","143","94","1"
"21","76","153","2","00:19:43","247","273","0"
"97","23","225","2","00:19:43","500","251","1"
"31","73","154","2","00:19:44","500","94","1"
"30","89","217","2","00:19:44","100","206","1"
"31","44","238","2","00:19:44","143","94","1"
"21","65","88","2","00:19:45","500","251","1"
"39","97","131","2","00:19:45","143","251","1"
"73","34","164","2","00:19:45","143","251","1"
"88","39","172","2","00:19:45","353","27","0"
"280","66","232","2","00:19:45","100","206","1"
"58","21","191","2","00:19:46","143","251","1"
"73","21","195","2","00:19:46","143","251","1"
"23","57","208","2","00:19:46","300","150","1"
"75","34","333","2","00:19:46","457","206","0"
"98","42","60","2","00:19:47","300","150","0"
"149","97","73","2","00:19:47","203","227","1"
"4","75","129","2","00:19:47","143","251","0"
"4","34","167","2","00:19:47","143","251","1"
"23","35","12","2","00:19:48","143","94","1"
"97","142","44","2","00:19:48","397","273","1"
"30","76","67","2","00:19:48","500","94","1"
"30","21","331","2","00:19:48","300","150","1"
"34","78","68","2","00:19:49","457","49","0"
"15","31","99","2","00:19:49","457","206","0"
"34","76","128","2","00:19:49","457","206","1"
"21","76","153","2","00:19:49","143","251","0"
"73","212","218","2","00:19:49","143","251","1"
"205","23","256","2","00:19:49","100","49","0"
"15","34","16","2","00:19:50","143","94","0"
"32","34","110","2","00:19:50","247","73","0"
"30","57","22","2","00:19:51","500","94","0"
"23","1","70","2","00:19:51","500","94","1"
"30","57","137","2","00:19:51","300","150","1"
"73","1","52","2","00:19:52","143","251","0"
"4","42","167","2","00:19:52","143","251","1"
"42","1","179","2","00:19:52","457","206","1"
"195","75","204","2","00:19:52","247","273","0"
"76","195","111","2","00:19:53","397","73","1"
"4","34","155","2","00:19:53","500","251","1"
"183","39","173","2","00:19:53","143","94","0"
"217","54","334","2","00:19:53","143","251","0"
"23","34","51","2","00:19:54","143","94","0"
"1","75","187","2","00:19:54","300","150","1"
"75","23","195","2","00:19:54","143","251","1"
"57","138","268","2","00:19:54","143","251","1"
"57","101","54","2","00:19:55","300","150","0"
"23","212","100","2","00:19:55","457","206","0"
"227","58","226","2","00:19:55","100","206","1"
"75","34","333","2","00:19:55","203","227","1"
"23","1","38","2","00:19:56","143","94","1"
"81","103","58","2","00:19:56","300","150","0"
"58","116","59","2","00:19:56","100","206","0"
"21","101","233","2","00:19:56","300","150","1"
"76","190","241","2","00:19:56","300","150","0"
"42","1","56","2","00:19:57","457","49","1"
"4","30","214","2","00:19:57","300","150","1"
"34","58","229","2","00:19:57","457","206","1"
"101","313","336","2","00:19:57","500","251","1"
"15","21","4","2","00:19:58","143","94","1"
"1","76","29","2","00:19:58","247","73","1"
"23","76","90","2","00:19:58","143","94","1"
"23","13","96","2","00:19:58","300","150","0"
"73","198","158","2","00:19:58","100","206","1"
"42","16","337","2","00:19:58","143","94","0"
"76","31","116","2","00:19:59","500","94","1"
"39","195","149","2","00:19:59","500","251","1"
"224","1","162","2","00:19:59","300","150","0"
"78","89","184","2","00:19:59","300","150","1"
"76","42","189","2","00:19:59","500","94","0"
"76","58","235","2","00:19:59","143","251","0"
"76","75","257","2","00:19:59","500","94","1"
"34","190","117","2","00:20:00","300","150","1"
"227","57","165","2","00:20:00","300","150","1"
"57","195","219","2","00:20:00","300","150","1"
"34","4","236","2","00:20:00","100","49","0"
"76","34","2","3","00:00:00","300","150","0"
"61","31","3","3","00:00:00","300","150","0"
"15","21","4","3","00:00:00","300","150","0"
"34","76","5","3","00:00:00","300","150","1"
"21","31","6","3","00:00:00","300","150","0"
"21","76","8","3","00:00:00","300","150","1"
"42","30","9","3","00:00:00","300","150","0"
"76","58","10","3","00:00:00","300","150","0"
"31","15","11","3","00:00:00","300","150","1"
"21","34","12","3","00:00:00","300","150","1"
"31","34","13","3","00:00:00","300","150","1"
"75","15","14","3","00:00:00","300","150","1"
"58","23","15","3","00:00:00","300","150","0"
"31","75","17","3","00:00:00","300","150","1"
"58","75","18","3","00:00:00","300","150","0"
"57","109","19","3","00:00:00","300","150","1"
"21","31","20","3","00:00:00","300","150","1"
"76","42","21","3","00:00:00","300","150","1"
"31","57","22","3","00:00:00","300","150","0"
"15","21","23","3","00:00:00","300","150","0"
"42","97","24","3","00:00:00","300","150","1"
"75","23","25","3","00:00:00","300","150","1"
"57","34","26","3","00:00:00","300","150","0"
"15","31","27","3","00:00:00","300","150","0"
"23","58","28","3","00:00:00","300","150","0"
"78","75","29","3","00:00:00","300","150","1"
"75","30","30","3","00:00:00","300","150","1"
"57","23","31","3","00:00:00","300","150","0"
"1","34","32","3","00:00:00","300","150","0"
"31","23","33","3","00:00:00","300","150","0"
"78","54","34","3","00:00:00","300","150","0"
"34","31","35","3","00:00:00","300","150","0"
"76","42","36","3","00:00:00","300","150","0"
"31","57","37","3","00:00:00","300","150","0"
"115","78","38","3","00:00:00","300","150","0"
"57","86","39","3","00:00:00","300","150","0"
"23","76","40","3","00:00:00","300","150","0"
"57","76","41","3","00:00:00","300","150","0"
"31","78","42","3","00:00:00","300","150","1"
"33","118","43","3","00:00:00","300","150","1"
"21","57","44","3","00:00:00","300","150","1"
"76","78","45","3","00:00:00","300","150","1"
"34","30","46","3","00:00:00","300","150","0"
"76","31","47","3","00:00:00","300","150","0"
"1","42","48","3","00:00:00","300","150","0"
"30","57","49","3","00:00:00","300","150","1"
"23","1","50","3","00:00:00","300","150","1"
"23","34","51","3","00:00:00","300","150","1"
"75","1","52","3","00:00:00","300","150","1"
"42","142","53","3","00:00:00","300","150","1"
"57","75","54","3","00:00:00","300","150","0"
"23","30","55","3","00:00:00","300","150","1"
"34","1","56","3","00:00:00","300","150","0"
"1","75","57","3","00:00:00","300","150","1"
"31","23","58","3","00:00:00","300","150","0"
"57","21","59","3","00:00:00","300","150","0"
"31","42","60","3","00:00:00","300","150","0"
"42","76","61","3","00:00:00","300","150","0"
"57","30","62","3","00:00:00","300","150","1"
"75","97","63","3","00:00:00","300","150","1"
"1","31","64","3","00:00:00","300","150","0"
"1","58","65","3","00:00:00","300","150","0"
"30","76","66","3","00:00:00","300","150","1"
"31","76","67","3","00:00:00","300","150","1"
"34","1","68","3","00:00:00","300","150","1"
"57","1","69","3","00:00:00","300","150","1"
"21","1","70","3","00:00:00","300","150","0"
"86","57","71","3","00:00:00","300","150","1"
"75","57","72","3","00:00:00","300","150","0"
"86","21","73","3","00:00:00","300","150","0"
"75","23","84","3","00:00:00","300","150","1"
"31","1","85","3","00:00:00","300","150","0"
"75","23","86","3","00:00:00","300","150","0"
"30","1","87","3","00:00:00","300","150","1"
"21","75","88","3","00:00:00","300","150","1"
"13","31","89","3","00:00:00","300","150","0"
"21","75","90","3","00:00:00","300","150","1"
"76","21","92","3","00:00:00","300","150","0"
"78","21","94","3","00:00:00","300","150","0"
"78","23","95","3","00:00:00","300","150","1"
"21","13","96","3","00:00:00","300","150","0"
"21","78","97","3","00:00:00","300","150","1"
"78","21","98","3","00:00:00","300","150","1"
"15","31","99","3","00:00:00","300","150","0"
"23","125","100","3","00:00:00","300","150","0"
"224","78","101","3","00:00:00","300","150","1"
"206","97","102","3","00:00:00","300","150","0"
"30","88","103","3","00:00:00","300","150","1"
"76","181","105","3","00:00:00","300","150","1"
"31","88","106","3","00:00:00","300","150","1"
"23","34","107","3","00:00:00","300","150","1"
"88","75","108","3","00:00:00","300","150","1"
"1","23","109","3","00:00:00","300","150","1"
"31","34","110","3","00:00:00","300","150","0"
"75","195","111","3","00:00:00","300","150","0"
"78","231","112","3","00:00:00","300","150","0"
"1","88","113","3","00:00:00","300","150","0"
"34","75","114","3","00:00:00","300","150","1"
"195","57","115","3","00:00:00","300","150","0"
"65","31","116","3","00:00:00","300","150","1"
"42","21","117","3","00:00:00","300","150","1"
"76","1","118","3","00:00:00","300","150","1"
"190","30","119","3","00:00:00","300","150","0"
"34","88","120","3","00:00:00","300","150","1"
"116","78","121","3","00:00:00","300","150","0"
"75","88","122","3","00:00:00","300","150","1"
"189","78","123","3","00:00:00","300","150","1"
"97","34","124","3","00:00:00","300","150","0"
"34","57","125","3","00:00:00","300","150","1"
"21","78","126","3","00:00:00","300","150","1"
"57","78","127","3","00:00:00","300","150","0"
"34","75","128","3","00:00:00","143","251","1"
"57","75","129","3","00:00:00","300","150","1"
"34","21","130","3","00:00:00","300","150","1"
"31","23","131","3","00:00:00","300","150","1"
"23","57","132","3","00:00:00","300","150","1"
"78","76","133","3","00:00:00","300","150","1"
"21","78","134","3","00:00:00","300","150","0"
"57","34","135","3","00:00:00","300","150","1"
"23","76","136","3","00:00:00","300","150","0"
"31","88","137","3","00:00:00","300","150","0"
"31","75","138","3","00:00:00","300","150","1"
"78","205","139","3","00:00:00","300","150","0"
"75","88","140","3","00:00:00","300","150","1"
"45","31","141","3","00:00:00","300","150","1"
"89","23","142","3","00:00:00","300","150","0"
"227","78","143","3","00:00:00","300","150","0"
"57","21","144","3","00:00:00","300","150","0"
"76","78","145","3","00:00:00","300","150","0"
"30","227","146","3","00:00:00","300","150","1"
"183","21","147","3","00:00:00","300","150","1"
"227","183","148","3","00:00:00","300","150","1"
"31","23","149","3","00:00:00","300","150","1"
"231","212","150","3","00:00:00","300","150","1"
"58","1","151","3","00:00:00","300","150","0"
"57","31","152","3","00:00:00","300","150","0"
"23","76","153","3","00:00:00","300","150","1"
"31","210","154","3","00:00:00","300","150","1"
"57","34","155","3","00:00:00","300","150","0"
"31","23","156","3","00:00:00","300","150","0"
"183","34","157","3","00:00:00","300","150","1"
"89","31","158","3","00:00:00","300","150","0"
"89","195","159","3","00:00:00","300","150","0"
"57","23","160","3","00:00:00","300","150","1"
"204","201","161","3","00:00:00","300","150","1"
"57","175","162","3","00:00:00","300","150","1"
"78","31","163","3","00:00:00","300","150","0"
"76","34","164","3","00:00:00","300","150","0"
"34","57","165","3","00:00:00","300","150","1"
"31","76","166","3","00:00:00","300","150","0"
"57","42","167","3","00:00:00","300","150","1"
"23","31","168","3","00:00:00","300","150","0"
"23","76","169","3","00:00:00","300","150","1"
"31","34","170","3","00:00:00","300","150","0"
"78","57","171","3","00:00:00","300","150","1"
"88","31","172","3","00:00:00","300","150","0"
"78","31","173","3","00:00:00","300","150","0"
"76","31","174","3","00:00:00","300","150","0"
"23","31","175","3","00:00:00","300","150","1"
"31","57","176","3","00:00:00","300","150","1"
"76","34","177","3","00:00:00","300","150","1"
"57","76","178","3","00:00:00","300","150","0"
"42","183","179","3","00:00:00","300","150","1"
"31","78","180","3","00:00:00","300","150","1"
"195","57","181","3","00:00:00","300","150","0"
"78","31","182","3","00:00:00","300","150","0"
"34","23","183","3","00:00:00","300","150","0"
"78","76","184","3","00:00:00","300","150","0"
"78","57","185","3","00:00:00","300","150","0"
"21","34","186","3","00:00:00","300","150","1"
"78","89","187","3","00:00:00","300","150","0"
"57","31","188","3","00:00:00","300","150","1"
"89","34","189","3","00:00:00","300","150","0"
"31","16","190","3","00:00:00","300","150","0"
"57","23","191","3","00:00:00","300","150","1"
"75","23","195","3","00:00:00","300","150","1"
"76","21","196","3","00:00:00","300","150","1"
"31","4","197","3","00:00:00","300","150","0"
"31","57","199","3","00:00:00","300","150","0"
"57","31","200","3","00:00:00","300","150","0"
"57","31","201","3","00:00:00","300","150","1"
"195","76","203","3","00:00:00","300","150","0"
"195","76","204","3","00:00:00","300","150","1"
"57","23","206","3","00:00:00","300","150","0"
"57","23","207","3","00:00:00","300","150","1"
"189","57","208","3","00:00:00","300","150","0"
"195","57","209","3","00:00:00","300","150","1"
"21","76","210","3","00:00:00","300","150","0"
"75","138","211","3","00:00:00","300","150","1"
"57","30","212","3","00:00:00","300","150","1"
"78","4","213","3","00:00:00","300","150","0"
"31","30","214","3","00:00:00","300","150","0"
"57","227","215","3","00:00:00","300","150","0"
"138","23","216","3","00:00:00","300","150","1"
"280","227","217","3","00:00:00","300","150","1"
"73","78","218","3","00:00:00","300","150","0"
"1","89","220","3","00:00:00","300","150","1"
"34","280","221","3","00:00:00","300","150","1"
"76","57","222","3","00:00:00","300","150","1"
"248","280","223","3","00:00:00","300","150","0"
"31","76","224","3","00:00:00","300","150","1"
"78","23","225","3","00:00:00","300","150","0"
"227","58","226","3","00:00:00","300","150","1"
"76","31","227","3","00:00:00","300","150","0"
"30","78","228","3","00:00:00","300","150","1"
"34","58","229","3","00:00:00","300","150","1"
"23","78","230","3","00:00:00","300","150","1"
"227","31","231","3","00:00:00","300","150","0"
"30","76","232","3","00:00:00","300","150","0"
"21","58","233","3","00:00:00","300","150","0"
"34","97","234","3","00:00:00","300","150","1"
"73","58","235","3","00:00:00","300","150","1"
"34","31","236","3","00:00:00","300","150","1"
"58","15","237","3","00:00:00","300","150","1"
"31","76","238","3","00:00:00","300","150","1"
"30","224","240","3","00:00:00","300","150","0"
"76","195","241","3","00:00:00","300","150","1"
"280","89","242","3","00:00:00","300","150","1"
"30","31","243","3","00:00:00","300","150","1"
"58","195","244","3","00:00:00","300","150","1"
"76","34","245","3","00:00:00","300","150","1"
"15","248","246","3","00:00:00","300","150","1"
"31","21","247","3","00:00:00","300","150","1"
"65","205","248","3","00:00:00","300","150","0"
"58","89","249","3","00:00:00","300","150","1"
"259","34","250","3","00:00:00","300","150","1"
"78","58","251","3","00:00:00","300","150","0"
"23","34","252","3","00:00:00","300","150","0"
"31","89","253","3","00:00:00","300","150","1"
"31","101","254","3","00:00:00","300","150","0"
"183","76","255","3","00:00:00","300","150","1"
"30","23","256","3","00:00:00","300","150","1"
"205","31","258","3","00:00:00","300","150","1"
"138","15","259","3","00:00:00","300","150","0"
"30","58","260","3","00:00:00","300","150","1"
"34","65","261","3","00:00:00","300","150","1"
"23","31","262","3","00:00:00","300","150","1"
"75","65","263","3","00:00:00","300","150","0"
"31","58","264","3","00:00:00","300","150","0"
"21","205","265","3","00:00:00","300","150","1"
"34","75","266","3","00:00:00","300","150","1"
"31","73","267","3","00:00:00","300","150","0"
"58","224","268","3","00:00:00","300","150","1"
"78","205","269","3","00:00:00","300","150","0"
"21","75","270","3","00:00:00","300","150","0"
"280","23","330","3","00:00:00","300","150","1"
"30","25","331","3","00:00:00","300","150","1"
"4","256","332","3","00:00:00","300","150","1"
"227","34","333","3","00:00:00","300","150","1"
"57","76","334","3","00:00:00","300","150","0"
"89","224","335","3","00:00:00","300","150","1"
"88","73","336","3","00:00:00","300","150","0"
"31","97","337","3","00:00:00","300","150","1"
"65","75","257","3","00:00:02","300","150","1"
"15","34","16","3","00:00:04","300","150","1"
"21","76","8","3","00:00:05","247","273","1"
"89","195","159","3","00:00:05","247","73","0"
"76","227","104","3","00:00:06","300","150","1"
"31","34","110","3","00:00:06","300","150","0"
"34","75","114","3","00:00:06","247","273","1"
"34","58","229","3","00:00:06","353","27","0"
"57","76","41","3","00:00:07","457","206","1"
"78","205","139","3","00:00:07","300","150","0"
"23","76","136","3","00:00:08","300","150","1"
"78","31","182","3","00:00:08","247","73","0"
"195","76","203","3","00:00:08","100","49","1"
"30","23","256","3","00:00:08","247","273","1"
"31","34","13","3","00:00:09","457","49","0"
"75","57","72","3","00:00:09","457","49","0"
"76","21","196","3","00:00:09","300","150","1"
"227","58","226","3","00:00:09","300","150","1"
"31","42","60","3","00:00:10","457","206","1"
"34","21","117","3","00:00:10","143","251","1"
"31","16","190","3","00:00:10","100","206","0"
"30","42","13","3","00:00:11","300","150","1"
"1","42","48","3","00:00:11","353","27","1"
"21","13","96","3","00:00:11","100","206","1"
"88","245","212","3","00:00:11","100","206","0"
"204","180","148","3","00:00:13","100","49","0"
"31","57","176","3","00:00:13","100","206","1"
"61","31","3","3","00:00:14","457","206","0"
"57","31","62","3","00:00:14","100","49","0"
"30","73","66","3","00:00:14","500","94","1"
"31","57","199","3","00:00:14","203","227","1"
"58","15","19","3","00:00:16","457","49","1"
"285","42","243","3","00:00:16","500","251","1"
"86","57","71","3","00:00:17","300","150","1"
"78","21","98","3","00:00:17","100","49","0"
"224","78","101","3","00:00:17","143","251","1"
"42","31","161","3","00:00:17","247","273","1"
"183","31","182","3","00:00:17","143","94","0"
"205","31","258","3","00:00:17","100","206","1"
"61","31","3","3","00:00:18","300","150","0"
"21","78","97","3","00:00:18","100","206","1"
"57","31","200","3","00:00:18","300","150","0"
"88","245","212","3","00:00:18","203","27","1"
"34","280","221","3","00:00:18","143","251","1"
"183","138","250","3","00:00:18","300","150","0"
"88","15","237","3","00:00:19","100","49","0"
"78","89","246","3","00:00:19","300","150","0"
"21","1","70","3","00:00:20","500","94","0"
"57","31","3","3","00:00:21","457","206","0"
"76","227","104","3","00:00:21","397","273","0"
"42","58","125","3","00:00:21","457","49","1"
"183","21","147","3","00:00:21","457","49","1"
"57","205","167","3","00:00:21","457","206","1"
"217","244","336","3","00:00:21","300","150","0"
"1","34","16","3","00:00:22","203","227","0"
"21","34","12","3","00:00:23","143","251","0"
"34","21","24","3","00:00:23","300","150","1"
"30","76","66","3","00:00:23","300","150","1"
"30","73","67","3","00:00:23","457","49","0"
"23","42","107","3","00:00:23","457","49","1"
"42","57","120","3","00:00:23","300","150","0"
"34","58","229","3","00:00:23","143","251","1"
"4","183","162","3","00:00:24","300","150","0"
"78","89","246","3","00:00:24","300","150","0"
"30","100","17","3","00:00:25","457","206","0"
"125","4","45","3","00:00:25","100","206","0"
"224","89","178","3","00:00:25","500","251","1"
"20","4","209","3","00:00:25","100","206","0"
"21","75","136","3","00:00:26","457","206","1"
"42","31","9","3","00:00:27","300","150","0"
"58","15","19","3","00:00:27","353","27","1"
"30","34","240","3","00:00:28","457","49","0"
"65","34","2","3","00:00:29","100","49","1"
"58","227","135","3","00:00:29","100","206","1"
"15","23","4","3","00:00:30","100","206","1"
"31","23","58","3","00:00:30","100","206","1"
"88","35","39","3","00:00:31","500","251","0"
"25","76","40","3","00:00:31","100","49","1"
"23","78","96","3","00:00:31","353","27","0"
"224","23","144","3","00:00:31","300","150","1"
"21","30","168","3","00:00:31","353","227","0"
"4","30","201","3","00:00:31","300","150","1"
"30","73","232","3","00:00:31","143","251","0"
"88","78","237","3","00:00:31","100","206","0"
"78","65","255","3","00:00:31","457","206","1"
"76","78","52","3","00:00:32","397","73","1"
"78","23","98","3","00:00:32","457","49","0"
"30","224","106","3","00:00:32","100","206","1"
"30","23","156","3","00:00:32","100","206","1"
"4","25","160","3","00:00:32","100","206","1"
"31","21","58","3","00:00:33","100","206","1"
"75","1","105","3","00:00:33","500","94","1"
"57","30","200","3","00:00:33","300","150","0"
"4","248","253","3","00:00:33","353","27","1"
"98","78","85","3","00:00:34","457","206","0"
"23","1","134","3","00:00:34","457","49","1"
"1","4","185","3","00:00:34","100","206","0"
"115","4","231","3","00:00:34","143","94","1"
"280","191","331","3","00:00:34","300","150","0"
"30","115","33","3","00:00:35","353","227","1"
"21","75","136","3","00:00:35","457","49","0"
"15","35","139","3","00:00:35","300","150","0"
"16","30","173","3","00:00:35","300","150","0"
"23","88","233","3","00:00:35","100","206","0"
"25","4","209","3","00:00:36","100","49","1"
"30","248","217","3","00:00:36","143","251","0"
"21","4","181","3","00:00:37","300","150","1"
"88","76","54","3","00:00:38","300","150","1"
"156","75","66","3","00:00:38","247","273","0"
"224","76","108","3","00:00:38","100","49","1"
"16","57","171","3","00:00:38","100","206","1"
"31","183","121","3","00:00:39","457","206","1"
"4","73","224","3","00:00:39","457","206","1"
"224","76","261","3","00:00:39","247","73","1"
"21","4","262","3","00:00:40","457","49","1"
"220","317","334","3","00:00:40","353","227","1"
"73","57","10","3","00:00:41","457","49","0"
"58","87","39","3","00:00:41","143","251","1"
"4","65","267","3","00:00:41","457","206","1"
"88","75","41","3","00:00:42","100","206","1"
"205","78","143","3","00:00:42","457","206","1"
"39","205","146","3","00:00:42","203","227","0"
"4","31","172","3","00:00:42","143","251","1"
"42","30","214","3","00:00:42","457","49","1"
"13","42","16","3","00:00:43","100","206","0"
"58","15","19","3","00:00:43","457","206","1"
"88","1","101","3","00:00:43","500","94","0"
"76","31","116","3","00:00:43","100","206","0"
"57","34","268","3","00:00:43","100","206","1"
"23","15","38","3","00:00:44","100","49","1"
"78","34","48","3","00:00:44","353","27","0"
"78","21","109","3","00:00:44","353","227","0"
"30","89","166","3","00:00:44","100","206","1"
"23","31","168","3","00:00:44","457","206","0"
"34","21","183","3","00:00:44","100","206","1"
"42","31","46","3","00:00:45","143","251","0"
"224","23","144","3","00:00:45","300","150","0"
"21","74","210","3","00:00:45","300","150","1"
"89","21","239","3","00:00:45","500","251","1"
"57","21","15","3","00:00:46","203","27","1"
"23","88","44","3","00:00:46","100","49","1"
"75","57","140","3","00:00:46","457","49","0"
"30","4","176","3","00:00:46","100","206","1"
"30","189","256","3","00:00:46","500","94","0"
"1","156","27","3","00:00:47","100","49","1"
"21","30","168","3","00:00:47","300","150","0"
"21","75","136","3","00:00:48","457","49","0"
"21","4","181","3","00:00:48","100","206","1"
"30","4","197","3","00:00:48","457","206","1"
"4","39","188","3","00:00:49","457","49","0"
"30","191","331","3","00:00:49","457","206","1"
"76","21","25","3","00:00:50","457","206","0"
"78","42","32","3","00:00:50","100","206","0"
"88","35","39","3","00:00:50","353","27","1"
"88","75","41","3","00:00:50","100","206","0"
"30","205","146","3","00:00:50","353","27","0"
"57","73","18","3","00:00:51","143","251","0"
"23","88","44","3","00:00:51","100","49","1"
"78","34","48","3","00:00:51","457","206","1"
"1","39","99","3","00:00:51","247","73","0"
"30","21","149","3","00:00:51","457","49","1"
"1","30","163","3","00:00:51","100","49","0"
"58","104","31","3","00:00:52","300","150","1"
"75","21","86","3","00:00:52","457","49","0"
"57","206","212","3","00:00:52","100","206","0"
"248","88","226","3","00:00:52","500","94","1"
"76","88","235","3","00:00:52","457","49","0"
"38","78","237","3","00:00:52","300","150","0"
"115","75","40","3","00:00:53","457","206","1"
"58","89","215","3","00:00:53","457","49","0"
"88","30","3","3","00:00:54","100","206","0"
"21","86","12","3","00:00:54","143","94","1"
"73","31","30","3","00:00:54","457","49","0"
"75","4","45","3","00:00:54","457","49","0"
"42","88","71","3","00:00:54","300","150","1"
"65","31","116","3","00:00:54","353","227","1"
"101","89","178","3","00:00:54","143","251","1"
"224","239","229","3","00:00:54","500","94","1"
"23","78","70","3","00:00:55","300","150","1"
"4","42","167","3","00:00:55","457","206","1"
"42","23","43","3","00:00:56","500","251","1"
"86","75","61","3","00:00:56","300","150","1"
"73","4","227","3","00:00:56","100","49","1"
"224","76","261","3","00:00:56","500","251","0"
"76","57","140","3","00:00:57","457","206","0"
"31","76","154","3","00:00:57","457","206","1"
"183","280","269","3","00:00:57","300","150","0"
"42","78","68","3","00:00:58","500","94","0"
"183","73","133","3","00:00:58","300","150","0"
"189","75","203","3","00:00:58","100","206","1"
"23","75","204","3","00:00:58","300","150","1"
"57","78","162","3","00:00:59","353","27","0"
"89","224","211","3","00:00:59","300","150","1"
"280","15","228","3","00:00:59","247","273","0"
"224","4","236","3","00:00:59","500","94","1"
"280","42","258","3","00:00:59","100","206","1"
"23","1","123","3","00:01:00","457","206","0"
"76","227","257","3","00:01:00","500","251","1"
"21","81","55","3","00:01:01","300","150","1"
"89","227","177","3","00:01:01","300","150","0"
"30","61","22","3","00:01:02","457","49","1"
"23","15","38","3","00:01:02","353","27","1"
"115","75","40","3","00:01:02","300","150","0"
"86","27","46","3","00:01:02","143","94","1"
"205","39","141","3","00:01:02","143","251","0"
"45","269","331","3","00:01:02","457","206","0"
"73","57","10","3","00:01:03","353","227","0"
"88","35","26","3","00:01:03","143","251","0"
"142","75","41","3","00:01:03","457","49","0"
"78","34","48","3","00:01:03","457","49","1"
"13","97","94","3","00:01:03","457","49","1"
"220","316","336","3","00:01:03","457","206","0"
"30","42","146","3","00:01:04","457","206","0"
"31","42","170","3","00:01:04","457","206","0"
"88","1","19","3","00:01:05","457","206","0"
"30","21","131","3","00:01:05","457","206","0"
"42","4","165","3","00:01:05","143","94","1"
"76","49","52","3","00:01:06","143","251","0"
"4","20","207","3","00:01:06","353","227","1"
"31","76","238","3","00:01:06","100","206","1"
"21","224","252","3","00:01:06","457","206","0"
"78","39","99","3","00:01:07","247","273","0"
"49","227","112","3","00:01:07","300","150","1"
"4","42","167","3","00:01:07","457","49","1"
"76","224","245","3","00:01:07","457","206","1"
"31","42","146","3","00:01:08","100","206","1"
"4","190","160","3","00:01:08","457","49","1"
"75","195","196","3","00:01:08","457","206","1"
"42","245","214","3","00:01:08","353","227","1"
"224","30","221","3","00:01:08","143","94","0"
"78","35","32","3","00:01:09","457","49","1"
"78","195","147","3","00:01:09","100","49","0"
"23","88","44","3","00:01:10","100","49","1"
"86","27","46","3","00:01:10","500","94","0"
"205","31","141","3","00:01:10","247","73","0"
"4","21","191","3","00:01:10","300","150","1"
"88","35","26","3","00:01:11","143","251","1"
"100","97","84","3","00:01:11","100","49","1"
"227","23","130","3","00:01:11","397","73","1"
"109","35","16","3","00:01:12","300","150","0"
"98","105","58","3","00:01:12","457","49","0"
"142","23","59","3","00:01:12","100","206","0"
"73","34","104","3","00:01:12","500","94","0"
"86","21","142","3","00:01:12","100","49","1"
"280","57","260","3","00:01:12","500","94","0"
"42","78","68","3","00:01:13","500","94","0"
"101","183","101","3","00:01:13","397","73","0"
"73","98","158","3","00:01:13","457","49","0"
"42","73","5","3","00:01:14","457","49","1"
"100","61","227","3","00:01:14","100","206","0"
"201","57","264","3","00:01:14","100","49","1"
"16","97","4","3","00:01:15","353","227","0"
"35","142","53","3","00:01:15","500","251","0"
"86","75","61","3","00:01:15","203","27","1"
"35","92","73","3","00:01:15","457","206","1"
"23","1","126","3","00:01:15","100","49","1"
"57","78","162","3","00:01:15","457","49","1"
"39","78","190","3","00:01:15","457","206","0"
"4","21","247","3","00:01:15","100","206","1"
"65","78","105","3","00:01:16","300","150","0"
"78","58","113","3","00:01:16","353","227","1"
"89","39","174","3","00:01:16","300","150","0"
"4","20","207","3","00:01:16","457","49","0"
"156","49","85","3","00:01:17","457","206","1"
"189","42","186","3","00:01:17","300","150","0"
"34","239","229","3","00:01:17","143","251","1"
"190","138","252","3","00:01:17","300","150","0"
"4","72","254","3","00:01:17","100","49","1"
"39","142","71","3","00:01:18","457","49","1"
"86","97","142","3","00:01:19","353","27","0"
"88","21","219","3","00:01:19","300","150","1"
"58","98","62","3","00:01:20","100","49","1"
"42","78","148","3","00:01:20","397","73","1"
"97","227","246","3","00:01:20","353","227","0"
"101","89","249","3","00:01:20","203","227","1"
"86","183","145","3","00:01:21","143","251","0"
"61","280","214","3","00:01:21","457","206","0"
"34","21","216","3","00:01:21","143","251","1"
"27","116","33","3","00:01:22","100","49","1"
"35","101","5","3","00:01:23","300","150","1"
"34","224","165","3","00:01:23","143","94","1"
"23","4","209","3","00:01:23","100","49","1"
"227","102","239","3","00:01:23","500","251","1"
"89","88","140","3","00:01:24","457","49","1"
"73","195","195","3","00:01:24","100","206","1"
"78","42","213","3","00:01:24","100","206","1"
"1","30","269","3","00:01:24","457","206","0"
"57","34","155","3","00:01:25","457","49","1"
"224","227","167","3","00:01:25","300","150","0"
"280","195","330","3","00:01:25","143","251","0"
"35","97","73","3","00:01:26","100","206","0"
"21","4","115","3","00:01:26","247","273","0"
"125","86","129","3","00:01:26","457","206","1"
"138","78","259","3","00:01:26","500","94","1"
"30","49","121","3","00:01:27","457","49","0"
"88","205","212","3","00:01:27","100","206","1"
"31","1","337","3","00:01:28","100","206","1"
"195","220","233","3","00:01:29","300","150","1"
"86","31","46","3","00:01:30","500","251","0"
"183","39","173","3","00:01:30","100","206","0"
"78","89","220","3","00:01:30","100","206","0"
"183","116","163","3","00:01:31","100","49","1"
"35","142","71","3","00:01:32","100","206","1"
"97","89","246","3","00:01:32","457","49","0"
"75","1","52","3","00:01:33","100","206","1"
"195","75","169","3","00:01:34","100","206","0"
"57","30","172","3","00:01:34","143","94","0"
"244","1","218","3","00:01:34","457","206","0"
"316","30","248","3","00:01:34","100","49","1"
"206","97","102","3","00:01:35","300","150","0"
"21","4","115","3","00:01:35","143","251","1"
"4","73","238","3","00:01:35","100","49","1"
"1","97","147","3","00:01:36","300","150","0"
"227","23","183","3","00:01:36","100","49","0"
"61","244","224","3","00:01:36","300","150","0"
"65","86","36","3","00:01:37","247","73","1"
"4","183","127","3","00:01:37","500","251","1"
"195","201","168","3","00:01:37","100","206","1"
"97","73","204","3","00:01:37","100","206","1"
"244","88","222","3","00:01:37","457","206","0"
"101","313","336","3","00:01:37","300","150","0"
"49","156","64","3","00:01:38","100","49","0"
"75","227","189","3","00:01:38","203","27","1"
"23","88","209","3","00:01:38","203","27","1"
"81","116","33","3","00:01:39","203","27","1"
"75","58","72","3","00:01:39","457","206","0"
"201","57","197","3","00:01:39","203","27","1"
"45","76","232","3","00:01:39","143","251","0"
"49","31","89","3","00:01:40","203","27","1"
"39","57","103","3","00:01:40","353","227","1"
"97","89","204","3","00:01:40","100","206","1"
"1","138","250","3","00:01:40","100","49","0"
"23","224","181","3","00:01:41","203","27","0"
"195","1","230","3","00:01:41","100","206","1"
"105","49","70","3","00:01:42","300","150","1"
"39","195","149","3","00:01:42","457","206","0"
"57","195","207","3","00:01:42","100","206","0"
"1","61","213","3","00:01:42","300","150","1"
"57","21","244","3","00:01:42","143","251","0"
"97","57","251","3","00:01:42","100","206","1"
"35","31","9","3","00:01:44","500","94","0"
"16","97","95","3","00:01:44","457","49","1"
"42","21","247","3","00:01:44","100","49","0"
"97","76","255","3","00:01:44","203","27","0"
"73","220","122","3","00:01:45","300","150","0"
"224","65","261","3","00:01:45","500","251","0"
"61","58","264","3","00:01:45","100","49","0"
"20","34","51","3","00:01:46","457","49","0"
"66","1","105","3","00:01:46","143","94","0"
"101","78","151","3","00:01:46","457","49","1"
"73","31","158","3","00:01:46","457","49","0"
"97","156","6","3","00:01:47","300","150","0"
"39","227","110","3","00:01:47","100","206","1"
"58","97","237","3","00:01:47","457","206","1"
"280","138","240","3","00:01:47","300","150","0"
"97","57","251","3","00:01:47","100","206","1"
"88","138","268","3","00:01:47","100","206","1"
"35","49","68","3","00:01:48","143","251","0"
"31","1","85","3","00:01:48","300","150","0"
"23","39","175","3","00:01:48","457","49","1"
"1","57","185","3","00:01:48","300","150","1"
"101","207","212","3","00:01:48","100","206","0"
"97","89","8","3","00:01:49","397","273","1"
"109","81","27","3","00:01:49","100","49","0"
"142","116","31","3","00:01:49","457","49","1"
"86","231","164","3","00:01:49","100","49","1"
"89","30","223","3","00:01:49","143","251","1"
"35","31","9","3","00:01:50","500","94","0"
"88","78","15","3","00:01:50","457","206","1"
"231","183","148","3","00:01:50","143","251","0"
"42","221","165","3","00:01:50","143","94","0"
"138","285","221","3","00:01:50","500","251","1"
"27","89","17","3","00:01:51","203","27","1"
"277","192","242","3","00:01:51","457","49","1"
"21","35","124","3","00:01:52","300","150","1"
"30","195","156","3","00:01:52","457","206","1"
"156","35","60","3","00:01:53","457","49","0"
"21","73","136","3","00:01:53","100","206","1"
"73","31","158","3","00:01:53","457","49","0"
"183","75","184","3","00:01:53","500","94","0"
"244","21","241","3","00:01:53","457","49","0"
"30","61","258","3","00:01:53","100","206","1"
"45","195","330","3","00:01:53","143","94","1"
"35","65","61","3","00:01:54","100","206","1"
"101","214","129","3","00:01:54","300","150","0"
"57","32","200","3","00:01:54","457","49","0"
"78","205","269","3","00:01:55","100","49","1"
"4","195","191","3","00:01:56","457","206","1"
"224","195","216","3","00:01:56","143","251","0"
"61","316","267","3","00:01:56","203","227","0"
"125","49","105","3","00:01:57","143","94","1"
"195","78","230","3","00:01:57","100","49","1"
"89","244","263","3","00:01:57","247","273","1"
"97","81","6","3","00:01:58","300","150","0"
"214","21","111","3","00:01:58","100","49","1"
"76","88","140","3","00:01:58","300","150","0"
"75","231","177","3","00:01:58","100","206","1"
"34","57","53","3","00:01:59","500","94","1"
"195","86","153","3","00:01:59","100","49","0"
"231","98","161","3","00:01:59","143","251","0"
"190","244","210","3","00:01:59","500","251","0"
"65","30","248","3","00:01:59","100","49","0"
"45","73","61","3","00:02:00","100","49","0"
"42","30","141","3","00:02:00","500","251","1"
"189","227","186","3","00:02:00","457","206","0"
"39","88","199","3","00:02:00","457","206","1"
"23","57","233","3","00:02:00","300","150","1"
"97","76","255","3","00:02:00","457","206","1"
"27","116","182","3","00:02:01","500","94","0"
"206","89","217","3","00:02:01","143","251","1"
"13","23","94","3","00:02:02","100","49","1"
"42","30","141","3","00:02:03","500","251","0"
"34","57","165","3","00:02:03","300","150","0"
"316","183","218","3","00:02:03","203","27","0"
"205","31","243","3","00:02:03","500","94","0"
"97","89","246","3","00:02:03","457","49","0"
"53","23","31","3","00:02:04","100","49","0"
"149","57","71","3","00:02:04","100","206","0"
"76","205","164","3","00:02:05","457","206","0"
"57","34","167","3","00:02:05","300","150","0"
"23","31","168","3","00:02:05","300","150","1"
"217","116","334","3","00:02:05","457","49","1"
"78","57","171","3","00:02:06","100","206","0"
"280","23","256","3","00:02:06","500","251","0"
"57","31","152","3","00:02:07","457","49","1"
"76","116","92","3","00:02:08","457","206","1"
"191","49","134","3","00:02:08","457","49","0"
"191","101","181","3","00:02:08","100","206","1"
"316","89","257","3","00:02:08","500","251","0"
"88","73","336","3","00:02:08","457","206","0"
"39","78","337","3","00:02:08","100","206","0"
"31","109","42","3","00:02:09","457","206","0"
"1","142","65","3","00:02:09","457","49","1"
"75","31","174","3","00:02:09","143","94","0"
"88","101","18","3","00:02:10","143","251","0"
"27","142","37","3","00:02:10","300","150","1"
"142","97","15","3","00:02:11","100","49","0"
"224","1","162","3","00:02:11","353","27","0"
"61","27","3","3","00:02:12","203","27","0"
"57","214","108","3","00:02:12","457","206","1"
"4","212","178","3","00:02:12","247","273","1"
"101","248","215","3","00:02:12","353","227","1"
"4","57","264","3","00:02:12","100","206","0"
"78","280","269","3","00:02:12","100","206","0"
"23","220","270","3","00:02:12","457","49","1"
"34","31","161","3","00:02:13","143","251","1"
"138","61","236","3","00:02:14","143","251","1"
"75","81","30","3","00:02:15","100","206","0"
"30","65","138","3","00:02:15","100","206","1"
"116","101","8","3","00:02:16","143","94","0"
"23","78","50","3","00:02:16","100","49","0"
"101","23","84","3","00:02:16","100","206","0"
"73","21","196","3","00:02:16","457","49","1"
"65","97","25","3","00:02:17","353","227","1"
"125","78","52","3","00:02:17","300","150","1"
"75","97","111","3","00:02:17","100","206","0"
"35","78","179","3","00:02:17","100","206","0"
"39","191","131","3","00:02:18","457","206","1"
"1","75","133","3","00:02:18","457","49","0"
"98","86","154","3","00:02:19","457","206","0"
"58","34","26","3","00:02:20","300","150","0"
"15","98","27","3","00:02:20","457","206","0"
"1","21","225","3","00:02:20","100","206","0"
"183","76","255","3","00:02:20","300","150","0"
"21","101","8","3","00:02:21","300","150","0"
"149","21","73","3","00:02:21","300","150","1"
"101","21","63","3","00:02:22","353","227","0"
"30","35","146","3","00:02:22","100","206","0"
"73","34","245","3","00:02:22","457","49","0"
"39","81","46","3","00:02:23","143","251","1"
"57","31","62","3","00:02:23","100","49","0"
"57","125","108","3","00:02:23","203","227","0"
"101","248","215","3","00:02:23","457","49","1"
"78","280","269","3","00:02:23","100","206","1"
"34","65","5","3","00:02:24","100","49","1"
"116","88","28","3","00:02:24","500","94","1"
"138","61","236","3","00:02:24","143","251","1"
"27","57","49","3","00:02:25","100","49","1"
"31","101","176","3","00:02:25","457","206","1"
"224","58","229","3","00:02:25","143","94","1"
"183","224","185","3","00:02:26","457","49","1"
"78","61","213","3","00:02:26","100","206","1"
"65","31","116","3","00:02:27","457","49","1"
"147","27","9","3","00:02:28","247","73","1"
"53","1","19","3","00:02:28","100","206","1"
"35","1","68","3","00:02:28","500","251","0"
"78","21","94","3","00:02:28","300","150","0"
"34","76","261","3","00:02:28","300","150","0"
"81","78","42","3","00:02:29","300","150","1"
"97","34","124","3","00:02:29","300","150","0"
"58","190","244","3","00:02:29","143","94","1"
"220","116","334","3","00:02:29","100","49","1"
"81","92","58","3","00:02:30","457","49","1"
"92","78","97","3","00:02:30","100","49","0"
"31","34","110","3","00:02:30","353","227","1"
"183","34","157","3","00:02:30","100","206","0"
"101","1","162","3","00:02:30","457","206","1"
"243","248","220","3","00:02:30","100","206","0"
"97","35","51","3","00:02:31","457","49","0"
"35","20","183","3","00:02:31","203","27","1"
"101","102","219","3","00:02:31","143","94","0"
"224","15","259","3","00:02:31","300","150","0"
"31","75","17","3","00:02:32","300","150","1"
"88","23","206","3","00:02:32","457","206","0"
"4","115","264","3","00:02:32","457","206","0"
"183","21","147","3","00:02:33","100","206","0"
"75","23","195","3","00:02:33","300","150","1"
"58","195","244","3","00:02:33","300","150","0"
"88","23","191","3","00:02:34","100","206","1"
"57","73","41","3","00:02:35","100","206","1"
"76","57","72","3","00:02:35","353","227","0"
"75","34","211","3","00:02:35","143","251","1"
"30","42","243","3","00:02:35","500","251","1"
"101","1","237","3","00:02:36","353","227","1"
"57","75","54","3","00:02:37","457","49","0"
"101","97","144","3","00:02:37","300","150","1"
"35","183","179","3","00:02:37","457","49","0"
"21","78","97","3","00:02:38","100","206","1"
"31","35","146","3","00:02:38","100","206","1"
"101","42","167","3","00:02:38","300","150","0"
"15","104","4","3","00:02:39","100","49","0"
"21","13","96","3","00:02:39","457","206","1"
"195","212","100","3","00:02:39","457","49","1"
"34","214","114","3","00:02:39","300","150","1"
"98","78","180","3","00:02:39","300","150","0"
"42","212","332","3","00:02:39","100","49","0"
"73","39","36","3","00:02:40","500","94","0"
"57","39","201","3","00:02:40","300","150","1"
"31","76","224","3","00:02:40","100","206","1"
"39","21","247","3","00:02:40","457","206","1"
"39","30","9","3","00:02:41","500","94","1"
"125","30","188","3","00:02:41","203","227","1"
"97","88","115","3","00:02:42","500","94","1"
"57","49","127","3","00:02:42","500","251","0"
"57","78","162","3","00:02:42","300","150","1"
"26","42","170","3","00:02:42","203","27","0"
"78","31","173","3","00:02:42","100","49","0"
"21","81","20","3","00:02:43","100","206","0"
"75","30","30","3","00:02:44","100","206","1"
"116","97","131","3","00:02:44","100","206","0"
"157","86","166","3","00:02:44","457","49","0"
"78","101","251","3","00:02:44","100","206","0"
"23","42","262","3","00:02:44","100","206","1"
"31","23","33","3","00:02:45","457","206","0"
"97","34","124","3","00:02:45","300","150","0"
"35","75","128","3","00:02:45","500","94","0"
"101","31","200","3","00:02:45","457","49","0"
"21","76","210","3","00:02:45","457","206","1"
"146","1","68","3","00:02:46","143","251","0"
"116","57","103","3","00:02:46","100","206","0"
"101","42","167","3","00:02:46","300","150","0"
"73","21","92","3","00:02:47","457","206","1"
"183","23","147","3","00:02:47","100","206","1"
"88","116","172","3","00:02:47","500","251","0"
"58","23","59","3","00:02:48","457","206","0"
"86","21","73","3","00:02:48","100","49","0"
"88","75","108","3","00:02:48","100","206","1"
"78","23","109","3","00:02:48","300","150","0"
"183","205","139","3","00:02:48","300","150","0"
"89","57","140","3","00:02:48","300","150","1"
"183","57","185","3","00:02:48","353","27","1"
"248","195","239","3","00:02:48","143","251","1"
"39","75","61","3","00:02:49","457","49","0"
"116","75","88","3","00:02:49","500","94","1"
"35","101","165","3","00:02:49","397","273","1"
"78","86","184","3","00:02:49","500","251","0"
"4","23","207","3","00:02:49","100","49","1"
"1","115","220","3","00:02:49","457","206","1"
"42","76","224","3","00:02:49","100","49","1"
"75","23","25","3","00:02:50","203","227","0"
"212","206","104","3","00:02:50","143","251","1"
"195","57","181","3","00:02:50","457","49","1"
"76","57","222","3","00:02:50","457","206","1"
"23","86","51","3","00:02:51","457","206","1"
"98","78","87","3","00:02:51","457","49","0"
"34","190","117","3","00:02:51","300","150","1"
"35","75","128","3","00:02:51","500","94","0"
"78","280","269","3","00:02:51","100","206","1"
"217","206","212","3","00:02:52","300","150","0"
"101","78","237","3","00:02:52","457","49","0"
"65","34","2","3","00:02:53","300","150","0"
"30","55","49","3","00:02:53","100","206","1"
"13","27","89","3","00:02:53","457","49","0"
"76","195","142","3","00:02:53","100","49","1"
"1","31","64","3","00:02:54","457","49","1"
"116","21","131","3","00:02:54","457","49","0"
"23","31","262","3","00:02:54","353","227","0"
"76","109","14","3","00:02:55","100","206","1"
"32","78","42","3","00:02:55","457","49","0"
"86","23","73","3","00:02:55","100","206","0"
"42","58","264","3","00:02:56","457","49","1"
"101","109","45","3","00:02:57","457","206","1"
"97","1","50","3","00:02:57","457","206","0"
"97","183","126","3","00:02:57","100","206","0"
"116","1","50","3","00:02:59","457","206","1"
"76","198","116","3","00:02:59","457","49","1"
"4","23","160","3","00:02:59","100","206","0"
"58","76","178","3","00:02:59","143","94","1"
"35","21","183","3","00:03:00","457","49","0"
"210","97","196","3","00:03:00","457","49","0"
"78","30","269","3","00:03:00","100","49","0"
"57","78","69","3","00:03:01","100","206","0"
"21","224","181","3","00:03:01","143","251","0"
"65","42","189","3","00:03:01","100","49","1"
"97","195","225","3","00:03:01","300","150","0"
"15","21","4","3","00:03:02","100","206","1"
"191","212","100","3","00:03:02","457","206","0"
"125","21","92","3","00:03:03","203","27","0"
"75","88","122","3","00:03:03","353","227","0"
"57","42","155","3","00:03:03","100","206","1"
"23","65","210","3","00:03:03","100","49","1"
"4","175","162","3","00:03:04","300","150","1"
"224","78","101","3","00:03:05","397","73","1"
"76","75","257","3","00:03:05","500","251","1"
"217","244","336","3","00:03:05","353","227","0"
"31","42","13","3","00:03:06","100","206","1"
"21","75","88","3","00:03:06","100","206","0"
"183","101","251","3","00:03:06","100","49","1"
"76","58","222","3","00:03:08","300","150","0"
"34","75","266","3","00:03:08","500","251","1"
"23","73","8","3","00:03:09","247","73","1"
"142","27","62","3","00:03:09","353","227","1"
"4","30","152","3","00:03:09","100","206","0"
"244","205","248","3","00:03:09","457","49","0"
"75","58","10","3","00:03:10","100","206","0"
"45","97","43","3","00:03:10","457","206","0"
"34","1","68","3","00:03:10","143","251","1"
"57","35","155","3","00:03:10","100","206","1"
"75","1","14","3","00:03:12","300","150","1"
"23","86","51","3","00:03:12","100","206","0"
"42","58","264","3","00:03:12","100","206","1"
"15","42","16","3","00:03:13","203","27","0"
"75","81","47","3","00:03:13","457","49","1"
"76","102","63","3","00:03:13","457","206","1"
"31","88","106","3","00:03:13","457","206","1"
"89","21","159","3","00:03:13","457","49","0"
"31","15","11","3","00:03:14","100","206","1"
"58","109","19","3","00:03:15","203","227","0"
"35","88","53","3","00:03:15","300","150","1"
"57","78","69","3","00:03:15","100","49","0"
"248","88","226","3","00:03:15","500","251","1"
"15","65","255","3","00:03:15","457","206","1"
"109","101","57","3","00:03:16","353","27","0"
"34","23","73","3","00:03:16","100","206","0"
"191","42","124","3","00:03:16","353","227","0"
"23","204","107","3","00:03:17","457","206","1"
"45","78","143","3","00:03:17","300","150","0"
"78","30","182","3","00:03:17","397","73","0"
"76","31","227","3","00:03:17","300","150","1"
"97","58","251","3","00:03:17","100","49","0"
"88","115","31","3","00:03:18","457","206","1"
"31","76","67","3","00:03:18","100","206","0"
"13","31","173","3","00:03:18","457","49","0"
"4","156","27","3","00:03:19","353","227","1"
"76","1","52","3","00:03:19","457","206","0"
"1","34","112","3","00:03:19","100","206","1"
"35","97","24","3","00:03:20","500","94","1"
"98","42","60","3","00:03:20","203","27","1"
"13","23","98","3","00:03:20","100","49","0"
"76","23","142","3","00:03:20","457","206","0"
"57","78","69","3","00:03:21","100","206","1"
"97","138","168","3","00:03:21","457","49","1"
"31","149","190","3","00:03:21","100","206","1"
"224","97","234","3","00:03:21","397","73","1"
"31","42","13","3","00:03:22","203","227","0"
"42","161","46","3","00:03:22","500","94","0"
"125","1","118","3","00:03:22","457","49","0"
"205","1","148","3","00:03:22","500","94","1"
"89","42","164","3","00:03:22","457","49","1"
"31","183","180","3","00:03:22","353","227","1"
"89","23","239","3","00:03:22","500","94","0"
"1","156","64","3","00:03:23","457","49","0"
"31","65","166","3","00:03:23","100","206","1"
"73","231","177","3","00:03:23","457","206","1"
"156","76","66","3","00:03:24","143","251","1"
"35","217","125","3","00:03:24","397","73","0"
"76","23","142","3","00:03:24","457","49","0"
"16","224","171","3","00:03:24","100","206","0"
"89","23","239","3","00:03:24","300","150","0"
"21","30","20","3","00:03:25","100","49","0"
"31","61","22","3","00:03:25","457","49","0"
"4","21","23","3","00:03:25","457","206","0"
"4","227","167","3","00:03:25","457","49","0"
"23","73","210","3","00:03:25","100","49","0"
"1","42","213","3","00:03:25","457","49","0"
"57","23","219","3","00:03:25","500","251","1"
"45","39","243","3","00:03:25","397","73","0"
"101","81","47","3","00:03:26","100","206","1"
"31","23","131","3","00:03:26","457","206","0"
"57","97","191","3","00:03:26","100","206","0"
"31","280","214","3","00:03:26","300","150","0"
"138","4","236","3","00:03:26","300","150","1"
"76","31","47","3","00:03:27","457","49","0"
"21","4","50","3","00:03:27","353","27","1"
"23","13","97","3","00:03:27","100","206","1"
"227","75","114","3","00:03:27","247","73","0"
"34","13","179","3","00:03:27","100","206","0"
"248","88","226","3","00:03:27","500","94","1"
"201","57","264","3","00:03:27","300","150","1"
"4","78","127","3","00:03:28","397","73","1"
"205","316","232","3","00:03:28","143","251","0"
"23","72","233","3","00:03:28","100","206","1"
"244","205","248","3","00:03:28","457","49","1"
"42","30","35","3","00:03:29","457","49","0"
"23","78","96","3","00:03:29","300","150","1"
"20","35","107","3","00:03:29","100","49","0"
"76","15","218","3","00:03:29","457","206","0"
"1","58","251","3","00:03:29","100","49","0"
"224","73","108","3","00:03:31","457","49","1"
"57","21","144","3","00:03:31","457","49","0"
"89","224","211","3","00:03:31","500","251","1"
"42","114","253","3","00:03:31","353","27","0"
"20","89","136","3","00:03:32","457","49","0"
"227","183","143","3","00:03:32","300","150","0"
"21","76","169","3","00:03:32","300","150","0"
"57","73","178","3","00:03:32","247","73","1"
"97","89","153","3","00:03:33","457","49","1"
"57","21","206","3","00:03:33","457","49","0"
"205","34","240","3","00:03:33","457","206","0"
"57","21","15","3","00:03:34","457","49","0"
"78","31","89","3","00:03:34","100","206","1"
"104","58","28","3","00:03:35","300","150","1"
"23","1","38","3","00:03:35","100","206","0"
"23","158","55","3","00:03:35","203","227","0"
"1","156","64","3","00:03:35","457","206","0"
"58","15","19","3","00:03:36","100","206","1"
"21","78","50","3","00:03:36","100","206","1"
"13","23","98","3","00:03:36","353","27","1"
"23","13","123","3","00:03:36","457","206","0"
"23","57","132","3","00:03:36","353","227","0"
"21","1","134","3","00:03:36","300","150","0"
"110","35","16","3","00:03:37","100","49","0"
"81","76","17","3","00:03:37","353","227","0"
"25","73","40","3","00:03:37","100","49","1"
"31","21","156","3","00:03:37","100","206","0"
"23","217","208","3","00:03:37","457","49","1"
"20","34","51","3","00:03:38","100","206","1"
"21","138","168","3","00:03:38","457","49","1"
"89","224","211","3","00:03:38","500","94","1"
"114","21","239","3","00:03:38","143","94","0"
"39","1","121","3","00:03:39","353","227","1"
"231","21","130","3","00:03:39","397","273","1"
"205","1","148","3","00:03:39","500","94","1"
"30","15","11","3","00:03:40","100","49","0"
"115","58","28","3","00:03:40","397","273","1"
"30","75","67","3","00:03:40","203","227","1"
"78","35","112","3","00:03:40","457","49","1"
"25","57","209","3","00:03:40","100","49","0"
"205","1","228","3","00:03:40","457","206","1"
"23","58","233","3","00:03:40","100","49","0"
"32","42","170","3","00:03:41","100","49","0"
"57","190","219","3","00:03:41","143","251","0"
"220","316","336","3","00:03:41","457","49","1"
"58","27","62","3","00:03:42","100","49","1"
"227","212","150","3","00:03:42","500","251","0"
"138","313","261","3","00:03:42","247","273","1"
"11","23","4","3","00:03:43","353","27","1"
"1","81","27","3","00:03:43","457","206","1"
"78","98","64","3","00:03:43","300","150","1"
"231","183","143","3","00:03:43","397","273","0"
"204","23","183","3","00:03:43","457","206","0"
"30","191","331","3","00:03:43","300","150","1"
"54","97","31","3","00:03:44","457","49","1"
"75","97","84","3","00:03:44","457","206","1"
"15","73","29","3","00:03:45","457","49","1"
"78","23","94","3","00:03:45","300","150","1"
"35","57","125","3","00:03:45","500","94","1"
"205","183","143","3","00:03:45","300","150","0"
"34","15","234","3","00:03:45","300","150","0"
"57","109","19","3","00:03:46","300","150","1"
"57","31","188","3","00:03:46","457","206","0"
"101","42","2","3","00:03:47","457","49","0"
"65","30","47","3","00:03:47","300","150","0"
"35","97","73","3","00:03:47","100","49","0"
"205","39","141","3","00:03:48","500","251","1"
"25","217","208","3","00:03:48","353","27","0"
"195","316","210","3","00:03:48","100","49","1"
"280","73","232","3","00:03:49","500","94","1"
"30","1","85","3","00:03:50","457","49","0"
"13","23","95","3","00:03:50","100","49","1"
"23","76","153","3","00:03:50","457","206","1"
"32","183","180","3","00:03:50","100","49","0"
"89","183","145","3","00:03:51","500","94","1"
"4","65","267","3","00:03:51","203","27","0"
"65","34","21","3","00:03:52","300","150","0"
"31","21","156","3","00:03:52","457","49","1"
"101","30","212","3","00:03:52","457","49","0"
"205","58","260","3","00:03:52","397","73","0"
"34","313","261","3","00:03:52","143","251","1"
"35","126","5","3","00:03:53","457","206","0"
"78","21","147","3","00:03:53","457","206","0"
"78","89","184","3","00:03:53","500","94","0"
"34","25","216","3","00:03:53","300","150","1"
"23","31","20","3","00:03:54","300","150","0"
"76","20","25","3","00:03:54","100","49","1"
"1","21","225","3","00:03:54","100","49","0"
"142","21","59","3","00:03:55","457","206","1"
"30","4","106","3","00:03:55","457","206","1"
"231","4","165","3","00:03:55","300","150","1"
"66","30","174","3","00:03:55","300","150","0"
"30","16","42","3","00:03:56","457","49","1"
"78","21","95","3","00:03:56","100","49","0"
"30","4","176","3","00:03:56","457","49","0"
"78","75","187","3","00:03:56","457","49","0"
"25","57","208","3","00:03:56","300","150","0"
"190","88","233","3","00:03:56","300","150","0"
"34","1","234","3","00:03:56","143","251","1"
"23","78","38","3","00:03:57","100","206","1"
"102","1","50","3","00:03:57","100","49","0"
"4","42","155","3","00:03:57","300","150","0"
"1","30","173","3","00:03:57","457","206","0"
"101","30","212","3","00:03:57","457","49","0"
"1","75","57","3","00:03:58","457","49","1"
"57","183","151","3","00:03:58","457","49","0"
"248","4","231","3","00:03:58","500","94","0"
"227","316","263","3","00:03:58","300","150","1"
"39","81","35","3","00:03:59","100","206","0"
"98","21","58","3","00:03:59","457","49","0"
"31","42","170","3","00:03:59","203","227","0"
"30","1","228","3","00:03:59","143","94","0"
"49","21","109","3","00:04:01","300","150","0"
"58","89","215","3","00:04:01","457","206","1"
"76","31","47","3","00:04:02","457","49","0"
"101","109","52","3","00:04:02","457","206","1"
"20","39","51","3","00:04:03","100","206","0"
"86","88","71","3","00:04:03","300","150","1"
"125","189","207","3","00:04:03","100","206","1"
"97","75","88","3","00:04:04","457","49","0"
"88","30","200","3","00:04:04","457","49","1"
"45","248","217","3","00:04:04","500","94","0"
"75","57","72","3","00:04:05","100","206","0"
"78","21","95","3","00:04:05","100","206","0"
"30","4","106","3","00:04:05","457","49","1"
"4","34","167","3","00:04:05","300","150","0"
"73","42","177","3","00:04:05","457","49","1"
"15","248","246","3","00:04:06","457","206","0"
"31","114","253","3","00:04:06","457","49","1"
"31","21","149","3","00:04:07","457","49","0"
"1","75","184","3","00:04:07","300","150","1"
"138","97","259","3","00:04:07","500","251","1"
"30","88","22","3","00:04:08","100","49","1"
"78","31","99","3","00:04:08","143","94","0"
"244","1","218","3","00:04:08","100","206","0"
"31","224","103","3","00:04:09","203","227","0"
"116","35","110","3","00:04:09","203","227","0"
"34","89","150","3","00:04:09","500","94","0"
"57","183","151","3","00:04:09","457","206","0"
"86","88","71","3","00:04:10","100","206","1"
"23","227","124","3","00:04:10","457","206","0"
"195","89","169","3","00:04:10","100","49","1"
"4","89","178","3","00:04:10","300","150","1"
"97","76","90","3","00:04:11","100","49","0"
"39","206","146","3","00:04:11","203","227","1"
"4","65","267","3","00:04:11","100","206","1"
"109","31","27","3","00:04:12","300","150","1"
"35","220","120","3","00:04:12","143","251","0"
"191","76","136","3","00:04:12","300","150","1"
"190","61","262","3","00:04:12","100","206","0"
"1","76","57","3","00:04:14","100","49","1"
"76","42","189","3","00:04:14","457","206","0"
"23","88","209","3","00:04:14","100","49","0"
"58","195","219","3","00:04:14","300","150","1"
"23","75","270","3","00:04:14","100","206","0"
"157","78","337","3","00:04:14","100","206","1"
"97","75","88","3","00:04:15","300","150","0"
"227","34","211","3","00:04:15","500","94","0"
"89","15","14","3","00:04:16","100","206","0"
"23","227","124","3","00:04:16","300","150","1"
"214","101","140","3","00:04:16","100","49","0"
"98","1","190","3","00:04:16","100","49","0"
"76","97","195","3","00:04:16","457","49","0"
"23","30","265","3","00:04:16","100","206","1"
"31","1","85","3","00:04:17","100","206","1"
"214","21","142","3","00:04:17","457","49","0"
"57","21","160","3","00:04:17","100","49","0"
"191","76","136","3","00:04:18","300","150","0"
"1","75","187","3","00:04:18","457","206","1"
"183","195","109","3","00:04:19","100","49","1"
"244","1","218","3","00:04:19","300","150","1"
"34","21","24","3","00:04:20","143","94","1"
"157","57","49","3","00:04:20","300","150","0"
"31","224","103","3","00:04:20","457","49","1"
"101","195","144","3","00:04:20","100","49","1"
"109","31","27","3","00:04:21","300","150","0"
"49","23","94","3","00:04:21","100","49","1"
"75","1","105","3","00:04:21","500","94","1"
"231","78","143","3","00:04:21","143","251","0"
"78","89","246","3","00:04:21","300","150","0"
"78","88","251","3","00:04:21","457","49","0"
"78","40","269","3","00:04:21","100","206","1"
"34","27","46","3","00:04:22","300","150","1"
"31","224","103","3","00:04:22","457","49","1"
"30","1","228","3","00:04:22","143","251","1"
"45","190","256","3","00:04:22","143","94","1"
"31","286","264","3","00:04:22","100","206","1"
"42","109","68","3","00:04:23","300","150","1"
"27","1","11","3","00:04:24","353","27","0"
"23","142","44","3","00:04:24","100","49","1"
"57","31","201","3","00:04:24","457","49","0"
"73","23","241","3","00:04:24","457","206","0"
"76","97","92","3","00:04:25","100","49","0"
"280","23","330","3","00:04:25","300","150","0"
"109","116","98","3","00:04:26","300","150","0"
"35","220","120","3","00:04:26","397","273","0"
"65","57","10","3","00:04:27","203","27","1"
"39","23","43","3","00:04:27","457","206","0"
"30","34","60","3","00:04:27","457","206","1"
"89","30","158","3","00:04:27","100","206","0"
"57","227","167","3","00:04:27","300","150","1"
"21","4","132","3","00:04:28","203","27","0"
"78","157","182","3","00:04:28","500","94","1"
"61","244","267","3","00:04:28","353","227","0"
"101","116","336","3","00:04:28","100","49","1"
"4","101","54","3","00:04:29","300","150","0"
"39","224","176","3","00:04:29","100","206","0"
"190","224","252","3","00:04:29","353","27","0"
"35","175","332","3","00:04:29","100","206","0"
"31","21","131","3","00:04:30","457","206","1"
"1","76","29","3","00:04:31","300","150","1"
"75","97","92","3","00:04:31","100","49","1"
"31","224","103","3","00:04:31","457","206","0"
"4","30","214","3","00:04:31","100","49","0"
"78","88","251","3","00:04:31","457","49","0"
"81","142","37","3","00:04:32","300","150","1"
"65","227","257","3","00:04:32","100","206","0"
"73","1","218","3","00:04:33","100","206","1"
"4","244","224","3","00:04:33","100","49","1"
"31","23","247","3","00:04:33","100","206","1"
"31","1","42","3","00:04:34","100","206","0"
"34","97","102","3","00:04:34","300","150","1"
"21","42","107","3","00:04:35","300","150","0"
"231","224","165","3","00:04:35","500","251","1"
"23","58","209","3","00:04:35","457","206","0"
"313","224","245","3","00:04:35","457","206","1"
"35","49","56","3","00:04:36","100","206","1"
"31","1","85","3","00:04:36","457","49","0"
"224","30","221","3","00:04:36","143","94","0"
"316","57","235","3","00:04:36","300","150","1"
"15","23","4","3","00:04:38","300","150","0"
"21","4","132","3","00:04:38","100","206","1"
"1","75","133","3","00:04:38","457","206","1"
"89","30","223","3","00:04:38","143","251","0"
"88","243","237","3","00:04:38","300","150","0"
"15","156","27","3","00:04:39","100","49","0"
"81","23","58","3","00:04:39","100","49","1"
"49","31","64","3","00:04:39","100","49","0"
"58","39","188","3","00:04:39","457","49","0"
"245","248","242","3","00:04:39","300","150","1"
"30","75","17","3","00:04:40","457","49","0"
"1","45","139","3","00:04:40","353","227","0"
"104","34","186","3","00:04:40","100","206","0"
"31","58","199","3","00:04:40","457","206","0"
"21","42","107","3","00:04:41","100","206","0"
"97","89","100","3","00:04:42","457","206","0"
"42","23","130","3","00:04:42","397","273","1"
"58","15","237","3","00:04:42","100","49","1"
"23","30","265","3","00:04:42","100","49","1"
"31","34","13","3","00:04:43","100","206","0"
"31","219","106","3","00:04:43","100","206","1"
"65","81","30","3","00:04:44","100","49","1"
"227","97","117","3","00:04:44","247","73","1"
"23","30","265","3","00:04:44","100","49","1"
"88","142","268","3","00:04:44","457","49","1"
"42","20","43","3","00:04:45","457","49","1"
"183","75","184","3","00:04:45","143","251","1"
"15","23","4","3","00:04:46","100","206","0"
"88","89","108","3","00:04:46","100","206","1"
"205","316","232","3","00:04:46","300","150","0"
"138","89","266","3","00:04:46","143","94","0"
"116","31","6","3","00:04:47","300","150","1"
"31","34","13","3","00:04:47","100","206","0"
"42","125","114","3","00:04:47","143","251","1"
"224","86","178","3","00:04:47","247","273","0"
"116","109","96","3","00:04:48","353","227","0"
"31","35","110","3","00:04:48","100","206","1"
"42","31","141","3","00:04:48","143","94","1"
"1","34","157","3","00:04:48","457","206","1"
"31","204","170","3","00:04:48","457","49","1"
"30","78","190","3","00:04:48","300","150","1"
"81","57","22","3","00:04:49","353","227","1"
"34","57","53","3","00:04:49","247","73","0"
"49","97","95","3","00:04:51","203","227","0"
"1","195","109","3","00:04:51","100","49","1"
"97","89","204","3","00:04:51","457","49","0"
"190","138","252","3","00:04:51","203","27","0"
"30","75","17","3","00:04:52","457","49","0"
"58","13","19","3","00:04:52","457","206","1"
"227","21","130","3","00:04:52","500","94","0"
"183","76","187","3","00:04:52","457","49","0"
"138","89","266","3","00:04:52","300","150","0"
"57","101","41","3","00:04:53","100","206","1"
"30","49","121","3","00:04:53","457","206","0"
"36","65","261","3","00:04:53","500","251","1"
"217","23","160","3","00:04:54","457","49","0"
"86","227","164","3","00:04:54","100","206","0"
"280","57","260","3","00:04:54","143","251","1"
"101","86","21","3","00:04:55","457","206","0"
"39","191","131","3","00:04:55","457","49","1"
"30","195","156","3","00:04:55","100","206","1"
"75","138","211","3","00:04:55","300","150","1"
"31","75","17","3","00:04:56","457","49","1"
"125","35","36","3","00:04:56","500","94","1"
"76","55","72","3","00:04:56","100","206","1"
"149","4","213","3","00:04:56","457","206","0"
"76","34","2","3","00:04:57","300","150","0"
"97","227","186","3","00:04:57","203","27","1"
"78","88","65","3","00:04:58","100","206","0"
"88","248","215","3","00:04:58","100","49","1"
"39","30","9","3","00:04:59","300","150","0"
"76","31","158","3","00:04:59","100","206","0"
"31","58","254","3","00:04:59","100","206","1"
"34","15","259","3","00:04:59","500","251","1"
"75","23","196","3","00:05:00","100","206","1"
"23","4","208","3","00:05:00","353","27","1"
"285","78","228","3","00:05:00","143","251","1"
"89","1","105","3","00:05:01","397","73","0"
"231","214","128","3","00:05:01","500","251","1"
"21","86","153","3","00:05:01","457","206","1"
"75","42","177","3","00:05:01","100","206","0"
"57","198","200","3","00:05:02","203","227","1"
"224","30","221","3","00:05:02","143","94","0"
"89","1","14","3","00:05:03","100","49","1"
"231","57","165","3","00:05:03","500","94","0"
"78","149","32","3","00:05:04","100","206","1"
"101","183","101","3","00:05:04","143","94","1"
"75","49","118","3","00:05:04","100","49","1"
"21","204","124","3","00:05:04","100","206","1"
"30","195","156","3","00:05:04","100","49","0"
"31","27","180","3","00:05:04","100","206","1"
"89","244","263","3","00:05:04","397","73","0"
"4","58","264","3","00:05:04","100","206","0"
"57","75","54","3","00:05:05","100","206","0"
"23","31","168","3","00:05:05","100","49","1"
"15","76","255","3","00:05:05","457","49","0"
"23","88","28","3","00:05:06","143","251","0"
"190","227","107","3","00:05:06","100","206","0"
"30","89","217","3","00:05:06","300","150","0"
"31","21","247","3","00:05:06","457","49","0"
"269","138","252","3","00:05:06","100","206","1"
"1","195","147","3","00:05:07","457","206","0"
"57","248","249","3","00:05:07","300","150","0"
"97","75","8","3","00:05:08","143","251","1"
"61","23","31","3","00:05:08","353","227","0"
"30","57","106","3","00:05:08","203","27","0"
"21","1","126","3","00:05:08","100","206","0"
"31","244","224","3","00:05:08","300","150","1"
"191","30","265","3","00:05:08","100","49","1"
"116","13","96","3","00:05:09","457","206","0"
"75","27","47","3","00:05:10","100","49","0"
"73","78","145","3","00:05:10","300","150","1"
"195","4","209","3","00:05:10","457","49","1"
"75","27","30","3","00:05:11","300","150","1"
"105","65","40","3","00:05:11","457","206","0"
"224","206","221","3","00:05:11","500","251","0"
"57","30","62","3","00:05:12","457","206","1"
"195","227","107","3","00:05:12","100","49","1"
"280","39","258","3","00:05:12","457","49","0"
"97","75","8","3","00:05:13","143","251","0"
"57","76","178","3","00:05:13","143","251","0"
"30","227","242","3","00:05:13","457","49","1"
"31","4","42","3","00:05:14","457","49","1"
"21","49","97","3","00:05:14","100","206","1"
"23","75","203","3","00:05:14","457","49","0"
"57","100","18","3","00:05:15","143","251","0"
"31","57","22","3","00:05:15","457","49","1"
"4","30","201","3","00:05:15","203","27","0"
"61","81","3","3","00:05:16","300","150","0"
"39","183","121","3","00:05:16","203","27","1"
"42","86","150","3","00:05:16","143","251","1"
"31","57","176","3","00:05:16","100","206","0"
"23","1","38","3","00:05:17","100","49","0"
"42","1","56","3","00:05:17","100","206","1"
"21","78","97","3","00:05:17","100","206","1"
"36","224","125","3","00:05:17","397","73","0"
"73","21","159","3","00:05:17","143","251","1"
"15","4","213","3","00:05:17","100","206","1"
"30","89","217","3","00:05:17","500","251","0"
"16","21","4","3","00:05:18","100","206","1"
"65","30","116","3","00:05:18","457","49","0"
"78","31","163","3","00:05:18","100","206","1"
"1","31","182","3","00:05:18","143","251","0"
"31","76","17","3","00:05:19","353","27","1"
"23","75","203","3","00:05:19","457","49","0"
"4","86","48","3","00:05:20","300","150","1"
"195","4","209","3","00:05:20","203","27","0"
"280","23","256","3","00:05:20","143","251","1"
"30","78","87","3","00:05:21","203","27","0"
"89","206","104","3","00:05:21","300","150","0"
"57","34","155","3","00:05:21","300","150","0"
"97","102","225","3","00:05:21","457","206","1"
"23","39","51","3","00:05:22","100","206","1"
"49","75","57","3","00:05:22","457","49","1"
"39","57","103","3","00:05:22","100","206","1"
"195","73","210","3","00:05:22","100","206","0"
"88","21","219","3","00:05:22","143","94","1"
"30","34","240","3","00:05:22","457","49","0"
"269","45","265","3","00:05:22","203","27","0"
"75","117","45","3","00:05:23","100","206","0"
"42","76","114","3","00:05:23","143","251","1"
"30","227","217","3","00:05:23","300","150","1"
"224","206","221","3","00:05:23","397","273","0"
"34","78","259","3","00:05:23","143","251","0"
"4","23","206","3","00:05:24","300","150","0"
"39","57","103","3","00:05:25","100","206","0"
"42","76","150","3","00:05:25","143","251","1"
"57","23","31","3","00:05:26","457","49","1"
"75","88","122","3","00:05:26","100","206","1"
"34","76","261","3","00:05:26","300","150","1"
"16","30","269","3","00:05:26","100","206","0"
"23","58","28","3","00:05:27","500","251","1"
"167","205","139","3","00:05:27","100","49","0"
"73","21","159","3","00:05:27","143","251","0"
"97","4","115","3","00:05:28","300","150","1"
"23","78","126","3","00:05:28","100","49","1"
"110","57","185","3","00:05:28","300","150","1"
"101","248","215","3","00:05:29","100","206","1"
"192","101","226","3","00:05:29","143","251","1"
"313","205","248","3","00:05:29","100","49","1"
"86","105","43","3","00:05:30","457","49","0"
"100","42","227","3","00:05:30","457","49","1"
"183","76","255","3","00:05:30","457","49","1"
"39","81","46","3","00:05:31","300","150","1"
"81","65","67","3","00:05:31","100","206","1"
"88","109","69","3","00:05:31","457","206","1"
"57","21","219","3","00:05:31","500","94","1"
"34","98","35","3","00:05:32","457","206","0"
"35","125","61","3","00:05:32","300","150","0"
"21","75","90","3","00:05:32","100","49","0"
"227","183","143","3","00:05:32","143","94","0"
"224","191","216","3","00:05:32","247","73","1"
"76","89","257","3","00:05:33","100","49","0"
"39","57","103","3","00:05:34","100","206","0"
"30","49","22","3","00:05:35","457","206","1"
"35","224","125","3","00:05:35","397","273","0"
"4","31","152","3","00:05:35","100","206","0"
"34","76","261","3","00:05:35","247","273","1"
"88","76","54","3","00:05:36","457","206","0"
"4","78","162","3","00:05:36","353","227","0"
"115","142","268","3","00:05:36","457","49","0"
"81","109","11","3","00:05:37","353","227","1"
"101","97","63","3","00:05:37","100","206","0"
"97","214","100","3","00:05:38","100","49","0"
"42","88","120","3","00:05:38","143","94","1"
"35","191","130","3","00:05:38","500","251","1"
"39","97","149","3","00:05:38","457","49","0"
"88","23","191","3","00:05:38","300","150","0"
"75","57","72","3","00:05:39","203","27","0"
"227","183","143","3","00:05:39","247","273","1"
"89","138","211","3","00:05:39","143","251","1"
"89","227","189","3","00:05:40","300","150","1"
"73","58","235","3","00:05:40","100","206","0"
"269","280","265","3","00:05:40","457","49","0"
"88","244","336","3","00:05:40","300","150","0"
"34","1","68","3","00:05:41","247","273","1"
"30","1","85","3","00:05:41","100","49","1"
"175","89","184","3","00:05:41","300","150","1"
"39","76","224","3","00:05:41","300","150","1"
"42","97","73","3","00:05:42","457","49","1"
"224","75","108","3","00:05:42","300","150","1"
"227","125","125","3","00:05:42","500","94","1"
"39","97","332","3","00:05:42","300","150","1"
"65","42","2","3","00:05:43","457","206","0"
"4","57","65","3","00:05:43","100","206","1"
"57","34","167","3","00:05:44","457","49","0"
"1","4","185","3","00:05:44","300","150","1"
"190","100","210","3","00:05:44","300","150","0"
"21","210","204","3","00:05:45","353","27","0"
"280","42","258","3","00:05:45","457","49","0"
"39","88","197","3","00:05:46","457","49","1"
"88","23","206","3","00:05:46","203","27","0"
"88","227","249","3","00:05:46","300","150","0"
"76","15","14","3","00:05:47","203","27","0"
"88","115","31","3","00:05:47","457","206","1"
"30","23","33","3","00:05:47","100","49","1"
"142","156","62","3","00:05:47","100","206","0"
"34","78","68","3","00:05:47","500","94","1"
"13","156","89","3","00:05:47","100","49","1"
"23","78","97","3","00:05:47","300","150","1"
"116","75","138","3","00:05:47","457","49","1"
"31","1","180","3","00:05:47","100","206","0"
"195","76","203","3","00:05:47","300","150","0"
"78","244","255","3","00:05:47","100","206","1"
"34","75","266","3","00:05:47","500","94","1"
"97","280","269","3","00:05:47","300","150","1"
"149","57","71","3","00:05:48","457","49","1"
"1","4","171","3","00:05:48","457","49","0"
"88","30","188","3","00:05:48","457","49","0"
"34","195","216","3","00:05:48","143","251","0"
"57","1","19","3","00:05:49","457","49","0"
"55","75","41","3","00:05:49","300","150","1"
"125","49","52","3","00:05:49","300","150","0"
"101","214","129","3","00:05:49","100","206","1"
"76","89","257","3","00:05:49","100","49","1"
"30","65","17","3","00:05:50","457","49","1"
"49","227","112","3","00:05:50","457","206","1"
"224","97","259","3","00:05:50","143","251","0"
"30","23","33","3","00:05:51","100","49","0"
"88","75","54","3","00:05:51","300","150","0"
"76","23","142","3","00:05:51","457","49","1"
"116","58","28","3","00:05:52","500","94","0"
"21","78","134","3","00:05:52","300","150","0"
"78","31","182","3","00:05:52","143","251","1"
"78","89","184","3","00:05:52","300","150","1"
"39","316","224","3","00:05:52","353","27","0"
"30","109","85","3","00:05:53","300","150","0"
"35","73","128","3","00:05:53","500","94","0"
"183","23","147","3","00:05:53","100","49","0"
"4","175","162","3","00:05:53","457","49","0"
"34","285","221","3","00:05:53","143","251","1"
"146","191","102","3","00:05:54","300","150","0"
"227","183","148","3","00:05:54","500","251","0"
"1","248","220","3","00:05:54","457","49","0"
"58","75","18","3","00:05:55","300","150","0"
"21","78","50","3","00:05:55","100","206","0"
"101","23","63","3","00:05:55","100","49","0"
"195","125","100","3","00:05:55","100","49","1"
"31","1","121","3","00:05:55","100","206","1"
"192","49","123","3","00:05:55","100","206","0"
"88","115","31","3","00:05:56","100","49","1"
"1","31","99","3","00:05:56","143","251","1"
"23","57","132","3","00:05:56","457","206","0"
"248","195","239","3","00:05:56","500","251","0"
"97","89","153","3","00:05:57","100","206","0"
"42","195","183","3","00:05:57","100","49","0"
"39","16","190","3","00:05:57","457","206","1"
"45","269","256","3","00:05:57","247","273","0"
"35","78","24","3","00:05:58","500","94","0"
"31","23","33","3","00:05:58","100","206","1"
"101","201","200","3","00:05:58","100","206","1"
"15","195","225","3","00:05:58","100","206","0"
"31","66","238","3","00:05:58","100","206","1"
"1","31","99","3","00:05:59","143","251","0"
"88","23","219","3","00:05:59","300","150","1"
"1","53","65","3","00:06:01","300","150","0"
"116","101","103","3","00:06:01","457","49","0"
"76","30","116","3","00:06:01","353","227","0"
"101","214","129","3","00:06:01","100","206","1"
"205","42","258","3","00:06:01","457","49","1"
"1","81","27","3","00:06:02","457","206","1"
"125","49","52","3","00:06:02","100","206","0"
"101","58","72","3","00:06:02","353","227","0"
"57","31","188","3","00:06:02","300","150","1"
"31","73","267","3","00:06:02","457","206","1"
"97","35","12","3","00:06:03","500","251","0"
"1","57","34","3","00:06:03","300","150","1"
"30","57","49","3","00:06:03","100","206","0"
"15","125","29","3","00:06:04","300","150","0"
"35","27","9","3","00:06:05","300","150","1"
"73","31","30","3","00:06:05","100","206","1"
"34","57","125","3","00:06:05","300","150","1"
"23","89","153","3","00:06:05","353","27","1"
"239","244","336","3","00:06:05","100","206","0"
"57","75","129","3","00:06:06","100","49","0"
"78","54","34","3","00:06:07","100","49","0"
"75","21","111","3","00:06:07","457","49","0"
"57","34","135","3","00:06:07","457","49","1"
"76","58","222","3","00:06:07","300","150","1"
"280","89","242","3","00:06:07","457","49","1"
"31","1","121","3","00:06:08","100","49","1"
"53","21","144","3","00:06:08","100","49","1"
"34","313","261","3","00:06:08","500","94","1"
"78","31","6","3","00:06:09","100","206","0"
"21","57","44","3","00:06:09","100","206","1"
"30","101","103","3","00:06:09","457","49","0"
"42","30","214","3","00:06:09","100","206","0"
"34","212","234","3","00:06:09","143","251","1"
"81","57","22","3","00:06:10","300","150","0"
"75","21","111","3","00:06:10","457","49","0"
"189","76","203","3","00:06:10","203","227","0"
"34","30","221","3","00:06:10","143","251","0"
"30","42","243","3","00:06:10","500","94","1"
"78","4","171","3","00:06:11","100","206","0"
"31","88","197","3","00:06:11","100","206","1"
"4","125","29","3","00:06:12","100","206","0"
"227","220","226","3","00:06:12","143","94","1"
"227","183","148","3","00:06:13","500","94","0"
"88","30","212","3","00:06:13","100","49","0"
"23","34","252","3","00:06:13","457","49","0"
"76","31","30","3","00:06:14","457","49","1"
"86","57","71","3","00:06:14","457","206","1"
"89","88","140","3","00:06:14","300","150","0"
"224","183","151","3","00:06:14","457","206","0"
"183","31","173","3","00:06:14","457","206","0"
"76","34","245","3","00:06:14","457","49","0"
"78","21","94","3","00:06:15","457","49","1"
"76","83","174","3","00:06:15","143","251","0"
"34","89","266","3","00:06:15","500","94","0"
"58","34","268","3","00:06:15","203","27","0"
"1","34","32","3","00:06:16","100","49","0"
"78","231","157","3","00:06:16","203","27","0"
"35","57","165","3","00:06:16","247","73","1"
"25","57","209","3","00:06:16","457","49","0"
"227","101","226","3","00:06:16","143","94","1"
"78","31","173","3","00:06:17","457","206","1"
"201","57","264","3","00:06:17","457","49","1"
"205","78","179","3","00:06:18","100","49","1"
"57","89","215","3","00:06:18","457","49","0"
"88","23","244","3","00:06:18","143","94","0"
"206","269","330","3","00:06:18","143","251","1"
"224","188","216","3","00:06:19","143","94","1"
"220","65","263","3","00:06:19","143","94","0"
"76","199","174","3","00:06:20","143","251","1"
"57","97","191","3","00:06:20","100","49","0"
"227","4","231","3","00:06:20","397","73","1"
"39","97","337","3","00:06:20","457","49","0"
"15","23","4","3","00:06:21","100","206","1"
"35","31","35","3","00:06:21","457","206","1"
"30","97","131","3","00:06:21","100","206","1"
"42","76","5","3","00:06:22","457","206","1"
"101","4","45","3","00:06:22","100","49","1"
"78","86","187","3","00:06:22","353","227","0"
"280","244","232","3","00:06:22","300","150","1"
"23","101","40","3","00:06:23","100","49","0"
"17","142","65","3","00:06:23","457","206","0"
"190","97","230","3","00:06:23","100","206","1"
"34","227","266","3","00:06:23","300","150","0"
"42","78","68","3","00:06:24","500","251","1"
"30","42","243","3","00:06:24","500","94","0"
"86","13","56","3","00:06:25","100","49","1"
"57","125","41","3","00:06:26","457","49","1"
"65","220","122","3","00:06:26","100","49","0"
"4","23","207","3","00:06:26","457","206","0"
"73","35","2","3","00:06:27","100","206","0"
"76","88","72","3","00:06:27","300","150","1"
"31","1","85","3","00:06:27","353","27","1"
"280","21","256","3","00:06:27","300","150","1"
"42","23","73","3","00:06:28","300","150","1"
"1","31","173","3","00:06:28","300","150","0"
"183","58","251","3","00:06:28","457","49","1"
"31","97","337","3","00:06:28","100","206","1"
"49","231","139","3","00:06:29","457","206","0"
"57","183","151","3","00:06:29","457","49","0"
"16","57","171","3","00:06:29","300","150","0"
"30","224","176","3","00:06:29","457","206","0"
"15","42","16","3","00:06:30","100","206","0"
"239","76","263","3","00:06:30","247","273","0"
"23","31","6","3","00:06:31","100","49","0"
"248","61","231","3","00:06:31","143","251","0"
"245","248","242","3","00:06:31","397","273","1"
"53","109","19","3","00:06:32","100","206","0"
"73","21","25","3","00:06:32","100","206","1"
"30","35","60","3","00:06:32","457","49","0"
"4","58","65","3","00:06:32","457","206","0"
"30","101","66","3","00:06:32","500","94","0"
"78","23","95","3","00:06:32","100","206","0"
"31","75","138","3","00:06:32","457","206","1"
"4","42","155","3","00:06:32","457","49","1"
"78","4","185","3","00:06:32","100","206","1"
"57","21","206","3","00:06:32","457","49","1"
"23","224","208","3","00:06:32","100","49","1"
"57","190","244","3","00:06:32","500","94","0"
"75","1","52","3","00:06:33","100","206","0"
"98","1","87","3","00:06:33","457","49","1"
"31","78","121","3","00:06:33","457","49","0"
"224","88","229","3","00:06:33","143","94","1"
"42","73","5","3","00:06:34","300","150","1"
"23","57","115","3","00:06:34","353","227","1"
"227","57","165","3","00:06:34","500","94","1"
"4","20","207","3","00:06:34","457","206","0"
"57","280","212","3","00:06:34","457","206","1"
"42","73","224","3","00:06:34","203","27","0"
"58","34","268","3","00:06:34","353","27","1"
"35","78","337","3","00:06:34","300","150","1"
"57","65","41","3","00:06:35","457","206","1"
"35","1","56","3","00:06:36","100","206","1"
"78","31","89","3","00:06:36","457","49","0"
"31","101","103","3","00:06:36","100","206","0"
"78","23","95","3","00:06:37","100","49","1"
"73","57","222","3","00:06:37","457","206","1"
"34","97","234","3","00:06:38","143","251","1"
"4","76","267","3","00:06:38","100","206","1"
"89","97","111","3","00:06:39","300","150","0"
"316","195","241","3","00:06:39","457","206","1"
"42","183","332","3","00:06:39","100","206","0"
"227","214","114","3","00:06:40","397","273","1"
"86","116","158","3","00:06:40","100","49","1"
"97","89","220","3","00:06:40","300","150","0"
"105","88","44","3","00:06:41","457","49","0"
"42","23","73","3","00:06:41","457","49","1"
"76","42","104","3","00:06:41","500","94","1"
"4","89","108","3","00:06:41","100","206","0"
"175","157","163","3","00:06:41","457","49","1"
"142","73","18","3","00:06:42","143","251","1"
"30","58","37","3","00:06:42","457","206","1"
"98","1","87","3","00:06:42","457","49","0"
"97","13","123","3","00:06:42","457","49","0"
"78","231","139","3","00:06:42","100","206","1"
"89","195","159","3","00:06:42","143","94","0"
"138","17","259","3","00:06:42","143","251","1"
"49","98","99","3","00:06:43","500","251","1"
"231","23","130","3","00:06:43","500","94","0"
"190","183","134","3","00:06:43","457","49","1"
"30","21","156","3","00:06:43","457","206","1"
"23","78","230","3","00:06:43","300","150","1"
"61","23","247","3","00:06:43","353","27","1"
"205","58","260","3","00:06:43","247","73","1"
"1","101","57","3","00:06:44","457","206","1"
"39","34","110","3","00:06:44","100","206","0"
"161","75","129","3","00:06:44","100","206","1"
"21","4","262","3","00:06:44","353","27","0"
"34","97","24","3","00:06:45","500","251","1"
"39","31","35","3","00:06:45","457","206","0"
"30","78","42","3","00:06:45","457","206","0"
"35","27","143","3","00:06:45","500","94","0"
"245","227","242","3","00:06:45","143","94","0"
"224","227","266","3","00:06:45","500","94","1"
"280","73","232","3","00:06:46","143","94","0"
"138","15","259","3","00:06:46","143","251","0"
"81","23","33","3","00:06:48","100","206","1"
"101","195","219","3","00:06:48","500","94","1"
"97","57","251","3","00:06:48","300","150","0"
"49","31","89","3","00:06:49","100","206","1"
"21","149","124","3","00:06:49","100","206","0"
"1","214","133","3","00:06:49","457","206","1"
"1","75","184","3","00:06:49","247","273","0"
"101","30","188","3","00:06:49","457","206","1"
"34","97","24","3","00:06:50","397","273","0"
"97","30","175","3","00:06:50","100","206","1"
"78","205","269","3","00:06:50","100","49","1"
"57","65","41","3","00:06:51","100","206","1"
"57","195","244","3","00:06:51","500","251","0"
"42","58","264","3","00:06:51","203","27","1"
"65","34","21","3","00:06:52","457","49","0"
"23","78","38","3","00:06:52","100","206","0"
"224","1","162","3","00:06:52","100","49","0"
"34","21","183","3","00:06:52","457","49","0"
"248","30","223","3","00:06:52","143","251","0"
"1","97","109","3","00:06:53","457","49","1"
"31","21","156","3","00:06:53","203","27","1"
"75","39","174","3","00:06:53","300","150","1"
"30","61","22","3","00:06:54","457","49","0"
"227","195","102","3","00:06:54","457","49","1"
"76","4","122","3","00:06:54","300","150","0"
"23","34","186","3","00:06:54","100","206","1"
"23","15","230","3","00:06:54","300","150","1"
"31","89","253","3","00:06:54","100","206","0"
"34","97","24","3","00:06:55","500","94","1"
"17","116","182","3","00:06:55","143","251","1"
"30","100","232","3","00:06:55","300","150","0"
"15","205","269","3","00:06:55","100","49","1"
"21","30","6","3","00:06:56","100","49","1"
"27","97","147","3","00:06:56","300","150","1"
"57","227","167","3","00:06:56","457","49","0"
"15","42","16","3","00:06:57","100","49","0"
"23","1","38","3","00:06:57","100","206","1"
"78","195","225","3","00:06:57","100","206","1"
"4","78","337","3","00:06:57","457","49","1"
"97","76","90","3","00:06:58","300","150","1"
"76","23","92","3","00:06:58","457","49","0"
"75","21","196","3","00:06:58","100","206","1"
"45","78","228","3","00:06:58","500","94","0"
"31","75","17","3","00:06:59","100","206","1"
"65","109","45","3","00:06:59","353","227","0"
"97","49","70","3","00:06:59","457","49","0"
"75","201","116","3","00:06:59","457","49","1"
"227","104","117","3","00:07:00","143","251","1"
"78","63","255","3","00:07:00","100","206","1"
"30","73","66","3","00:07:01","500","94","1"
"4","78","127","3","00:07:01","143","251","0"
"32","23","156","3","00:07:01","100","49","0"
"190","78","134","3","00:07:02","457","49","1"
"57","138","152","3","00:07:02","100","206","1"
"89","227","177","3","00:07:02","100","206","1"
"223","78","101","3","00:07:03","247","273","0"
"57","224","268","3","00:07:03","457","49","0"
"78","34","48","3","00:07:04","353","227","0"
"76","1","145","3","00:07:04","353","227","1"
"75","23","196","3","00:07:04","100","49","1"
"65","75","257","3","00:07:04","203","227","1"
"75","78","52","3","00:07:05","300","150","1"
"23","1","123","3","00:07:05","300","150","1"
"89","42","177","3","00:07:05","100","206","0"
"224","58","229","3","00:07:05","300","150","0"
"4","78","337","3","00:07:05","457","49","1"
"16","156","89","3","00:07:06","300","150","1"
"116","76","166","3","00:07:06","457","206","1"
"31","183","180","3","00:07:06","100","49","1"
"58","39","188","3","00:07:06","300","150","0"
"21","75","88","3","00:07:07","100","49","0"
"58","89","249","3","00:07:07","300","150","1"
"34","23","43","3","00:07:08","100","49","1"
"30","42","60","3","00:07:09","457","49","0"
"224","4","236","3","00:07:09","397","73","0"
"57","78","127","3","00:07:10","143","94","0"
"115","57","28","3","00:07:11","100","49","1"
"30","23","33","3","00:07:11","457","49","0"
"65","109","45","3","00:07:11","457","206","0"
"101","78","151","3","00:07:11","100","206","1"
"61","65","267","3","00:07:11","203","27","0"
"34","32","46","3","00:07:12","143","251","1"
"42","58","264","3","00:07:12","100","49","1"
"61","21","59","3","00:07:13","100","49","0"
"195","76","153","3","00:07:13","300","150","0"
"217","76","334","3","00:07:13","353","227","1"
"75","42","36","3","00:07:14","500","94","1"
"33","49","56","3","00:07:14","300","150","0"
"75","30","174","3","00:07:14","300","150","0"
"97","224","250","3","00:07:14","300","150","1"
"23","89","8","3","00:07:15","143","94","1"
"115","34","12","3","00:07:15","247","273","1"
"42","183","179","3","00:07:15","100","49","0"
"224","76","129","3","00:07:16","457","206","0"
"21","78","96","3","00:07:17","100","206","1"
"42","97","117","3","00:07:17","500","94","1"
"65","280","248","3","00:07:17","100","49","0"
"31","61","22","3","00:07:18","457","206","1"
"34","61","53","3","00:07:18","500","251","1"
"58","248","215","3","00:07:18","300","150","1"
"125","142","72","3","00:07:19","100","206","0"
"63","15","105","3","00:07:19","300","150","0"
"23","75","204","3","00:07:19","100","49","1"
"97","205","269","3","00:07:19","100","206","0"
"58","15","19","3","00:07:20","100","206","1"
"116","42","146","3","00:07:20","457","206","1"
"97","89","203","3","00:07:20","300","150","0"
"75","21","63","3","00:07:21","300","150","0"
"57","89","178","3","00:07:21","500","94","0"
"101","189","207","3","00:07:21","100","49","0"
"195","76","153","3","00:07:22","457","206","0"
"57","34","155","3","00:07:22","457","49","0"
"227","316","263","3","00:07:22","500","251","1"
"39","15","337","3","00:07:22","100","49","1"
"31","1","11","3","00:07:23","100","49","0"
"1","34","157","3","00:07:23","457","206","1"
"227","23","239","3","00:07:23","143","94","0"
"76","1","52","3","00:07:24","353","227","0"
"31","76","67","3","00:07:24","353","227","1"
"23","75","136","3","00:07:24","457","49","1"
"206","97","102","3","00:07:25","100","49","0"
"1","4","113","3","00:07:25","100","206","1"
"183","86","133","3","00:07:25","203","27","1"
"205","34","240","3","00:07:25","457","49","0"
"78","76","57","3","00:07:26","203","227","0"
"101","78","151","3","00:07:26","100","206","0"
"224","78","162","3","00:07:26","457","49","0"
"34","21","216","3","00:07:26","143","251","1"
"78","142","65","3","00:07:27","353","27","1"
"191","39","175","3","00:07:27","300","150","1"
"78","76","29","3","00:07:28","300","150","1"
"34","31","35","3","00:07:28","353","27","1"
"76","97","84","3","00:07:28","457","206","0"
"256","89","246","3","00:07:28","457","49","1"
"78","57","251","3","00:07:28","100","206","0"
"75","23","86","3","00:07:29","100","206","1"
"1","30","163","3","00:07:29","353","227","0"
"31","76","166","3","00:07:29","353","227","1"
"75","180","105","3","00:07:30","300","150","1"
"191","224","252","3","00:07:30","457","49","1"
"1","61","34","3","00:07:31","100","49","1"
"4","23","206","3","00:07:31","100","49","1"
"1","97","4","3","00:07:32","100","206","0"
"49","97","95","3","00:07:32","203","227","1"
"4","73","238","3","00:07:32","100","49","1"
"35","101","5","3","00:07:33","300","150","1"
"76","88","140","3","00:07:33","457","206","0"
"73","57","10","3","00:07:34","457","206","1"
"89","31","158","3","00:07:34","457","49","0"
"86","231","164","3","00:07:34","457","49","1"
"65","280","248","3","00:07:34","457","49","0"
"31","78","42","3","00:07:35","100","49","1"
"58","21","59","3","00:07:35","300","150","1"
"21","78","97","3","00:07:35","457","206","0"
"35","78","148","3","00:07:35","300","150","1"
"23","89","169","3","00:07:35","300","150","0"
"31","231","110","3","00:07:36","353","27","1"
"23","220","115","3","00:07:36","457","206","0"
"58","35","26","3","00:07:37","100","49","0"
"142","101","41","3","00:07:37","457","49","1"
"30","76","66","3","00:07:37","500","251","0"
"31","21","149","3","00:07:37","457","49","0"
"78","30","182","3","00:07:37","143","94","0"
"227","138","211","3","00:07:37","500","94","1"
"75","97","63","3","00:07:38","100","49","0"
"34","31","161","3","00:07:38","300","150","0"
"4","35","167","3","00:07:38","457","49","0"
"30","190","331","3","00:07:38","500","94","1"
"78","116","99","3","00:07:40","397","73","1"
"76","88","140","3","00:07:40","457","49","1"
"75","316","263","3","00:07:40","143","251","0"
"75","57","122","3","00:07:41","203","27","1"
"101","34","2","3","00:07:42","300","150","1"
"201","224","103","3","00:07:42","100","206","1"
"4","35","155","3","00:07:42","300","150","0"
"4","42","167","3","00:07:43","300","150","0"
"97","75","8","3","00:07:44","143","251","1"
"23","75","169","3","00:07:44","457","49","1"
"57","31","201","3","00:07:45","353","27","1"
"34","21","216","3","00:07:45","143","251","0"
"75","1","14","3","00:07:46","300","150","0"
"30","76","17","3","00:07:46","100","49","1"
"31","16","42","3","00:07:46","353","27","0"
"31","58","176","3","00:07:46","457","206","0"
"4","88","264","3","00:07:46","100","49","1"
"75","97","84","3","00:07:47","100","206","1"
"57","75","108","3","00:07:47","457","49","0"
"30","57","137","3","00:07:47","300","150","0"
"76","195","142","3","00:07:47","457","206","1"
"31","78","180","3","00:07:47","457","49","1"
"39","244","224","3","00:07:47","300","150","1"
"86","101","61","3","00:07:48","100","49","1"
"23","61","262","3","00:07:48","100","49","0"
"281","23","330","3","00:07:48","247","273","0"
"1","75","29","3","00:07:49","457","49","1"
"23","31","168","3","00:07:49","300","150","0"
"4","31","172","3","00:07:49","143","251","1"
"101","30","212","3","00:07:49","300","150","0"
"57","23","219","3","00:07:49","143","94","1"
"58","31","3","3","00:07:50","457","49","0"
"75","42","21","3","00:07:50","457","206","0"
"76","21","159","3","00:07:50","500","251","1"
"189","4","208","3","00:07:50","457","49","0"
"78","227","220","3","00:07:50","353","227","0"
"183","65","187","3","00:07:51","457","206","1"
"280","42","258","3","00:07:51","100","206","1"
"58","42","26","3","00:07:52","100","206","1"
"204","75","114","3","00:07:52","457","206","0"
"227","57","125","3","00:07:52","500","94","0"
"23","89","100","3","00:07:53","457","206","0"
"89","39","174","3","00:07:53","500","94","1"
"15","21","23","3","00:07:54","353","227","0"
"23","101","90","3","00:07:54","100","206","1"
"89","78","145","3","00:07:54","500","251","0"
"23","76","88","3","00:07:55","457","206","0"
"49","142","113","3","00:07:55","100","206","0"
"31","89","166","3","00:07:55","457","49","0"
"4","42","167","3","00:07:55","457","49","0"
"78","86","32","3","00:07:56","203","27","0"
"49","42","139","3","00:07:56","457","206","0"
"101","23","244","3","00:07:56","500","251","0"
"30","23","58","3","00:07:57","100","206","1"
"49","23","94","3","00:07:57","100","206","1"
"97","34","124","3","00:07:57","457","206","1"
"78","101","171","3","00:07:57","457","206","1"
"4","89","178","3","00:07:57","500","94","0"
"57","34","268","3","00:07:57","100","49","0"
"78","76","184","3","00:07:58","143","251","0"
"75","138","211","3","00:07:58","247","73","1"
"4","89","253","3","00:07:58","100","49","1"
"1","206","112","3","00:07:59","457","49","1"
"31","183","190","3","00:08:00","100","49","0"
"97","35","12","3","00:08:01","500","94","1"
"75","1","14","3","00:08:01","203","227","1"
"57","65","18","3","00:08:01","143","94","0"
"30","75","67","3","00:08:01","457","49","1"
"138","205","170","3","00:08:01","457","206","1"
"23","31","175","3","00:08:01","457","49","1"
"15","227","246","3","00:08:01","300","150","1"
"88","1","69","3","00:08:02","203","227","0"
"76","1","118","3","00:08:02","457","49","1"
"42","31","141","3","00:08:02","143","94","0"
"42","78","148","3","00:08:02","143","251","1"
"4","31","152","3","00:08:02","100","206","0"
"23","78","50","3","00:08:03","457","49","1"
"39","65","138","3","00:08:03","457","206","0"
"13","31","236","3","00:08:03","500","94","0"
"30","21","331","3","00:08:03","300","150","1"
"142","65","18","3","00:08:04","300","150","1"
"75","86","36","3","00:08:04","397","273","1"
"204","89","150","3","00:08:04","500","94","0"
"21","58","181","3","00:08:04","500","251","0"
"65","23","63","3","00:08:05","100","49","0"
"76","205","177","3","00:08:05","457","49","0"
"23","42","262","3","00:08:05","457","49","1"
"57","34","268","3","00:08:05","100","49","0"
"54","23","31","3","00:08:06","457","206","0"
"75","57","122","3","00:08:06","100","206","1"
"42","183","148","3","00:08:06","143","251","1"
"189","65","210","3","00:08:06","100","206","1"
"1","192","220","3","00:08:06","300","150","0"
"35","243","332","3","00:08:06","457","49","1"
"31","34","13","3","00:08:08","457","49","0"
"35","27","46","3","00:08:08","300","150","0"
"78","23","98","3","00:08:08","300","150","1"
"75","138","211","3","00:08:08","397","273","1"
"75","1","14","3","00:08:09","203","27","1"
"34","190","102","3","00:08:09","457","49","0"
"23","13","123","3","00:08:09","457","49","1"
"34","23","24","3","00:08:10","143","251","0"
"217","42","155","3","00:08:10","100","206","0"
"16","31","163","3","00:08:10","457","49","0"
"76","21","241","3","00:08:10","457","206","0"
"224","65","261","3","00:08:10","300","150","1"
"281","23","330","3","00:08:10","300","150","0"
"42","16","337","3","00:08:10","457","49","1"
"73","1","118","3","00:08:11","457","206","0"
"217","27","151","3","00:08:11","457","49","1"
"21","75","204","3","00:08:11","100","206","1"
"15","227","246","3","00:08:11","203","227","1"
"142","156","62","3","00:08:12","100","206","1"
"34","142","71","3","00:08:12","457","206","0"
"101","34","135","3","00:08:12","100","49","1"
"88","30","212","3","00:08:12","100","206","1"
"76","42","227","3","00:08:14","457","206","1"
"280","224","240","3","00:08:14","457","49","1"
"57","31","3","3","00:08:15","457","49","1"
"30","57","22","3","00:08:15","457","206","1"
"21","76","136","3","00:08:15","457","206","1"
"75","4","140","3","00:08:15","457","49","1"
"31","57","199","3","00:08:15","457","206","0"
"195","201","168","3","00:08:16","300","150","1"
"224","280","221","3","00:08:16","500","94","1"
"34","78","259","3","00:08:16","300","150","0"
"58","34","167","3","00:08:17","457","49","1"
"244","205","248","3","00:08:17","457","206","0"
"49","78","234","3","00:08:18","143","94","0"
"97","81","6","3","00:08:19","100","206","1"
"142","76","41","3","00:08:19","100","49","1"
"224","42","155","3","00:08:19","353","27","0"
"49","30","173","3","00:08:19","100","49","1"
"78","76","184","3","00:08:19","143","251","0"
"101","97","206","3","00:08:19","203","227","1"
"78","57","34","3","00:08:20","100","49","0"
"1","88","113","3","00:08:20","100","206","1"
"195","316","210","3","00:08:20","457","206","0"
"42","73","224","3","00:08:20","300","150","0"
"4","97","207","3","00:08:21","457","49","1"
"1","42","32","3","00:08:22","300","150","1"
"30","78","87","3","00:08:22","300","150","0"
"214","23","111","3","00:08:23","457","206","0"
"4","195","160","3","00:08:23","203","227","1"
"73","31","174","3","00:08:23","500","94","1"
"191","97","230","3","00:08:23","300","150","1"
"61","21","247","3","00:08:23","300","150","1"
"34","73","5","3","00:08:24","457","49","1"
"142","76","54","3","00:08:24","300","150","1"
"30","89","217","3","00:08:24","143","251","1"
"15","100","29","3","00:08:25","300","150","1"
"227","31","231","3","00:08:25","143","94","0"
"73","58","235","3","00:08:25","100","206","0"
"35","243","332","3","00:08:25","457","49","0"
"30","15","11","3","00:08:26","100","49","0"
"1","88","113","3","00:08:26","300","150","0"
"76","57","122","3","00:08:26","300","150","1"
"138","34","170","3","00:08:26","457","49","1"
"21","30","55","3","00:08:27","203","227","0"
"78","138","89","3","00:08:27","353","27","0"
"86","125","61","3","00:08:28","100","49","1"
"23","78","70","3","00:08:28","300","150","1"
"78","34","112","3","00:08:28","100","49","1"
"86","81","35","3","00:08:29","300","150","0"
"27","57","37","3","00:08:30","300","150","1"
"57","34","39","3","00:08:30","457","49","0"
"125","116","92","3","00:08:30","300","150","1"
"4","195","160","3","00:08:30","203","227","0"
"88","89","215","3","00:08:30","100","49","0"
"78","57","34","3","00:08:31","353","27","0"
"21","35","107","3","00:08:31","100","206","1"
"1","157","182","3","00:08:32","143","94","1"
"1","81","99","3","00:08:33","143","251","1"
"31","190","131","3","00:08:33","100","206","0"
"195","76","204","3","00:08:33","300","150","0"
"23","138","252","3","00:08:33","100","49","0"
"101","244","336","3","00:08:33","203","27","1"
"23","39","175","3","00:08:34","457","49","1"
"195","316","210","3","00:08:34","353","27","0"
"42","244","267","3","00:08:34","100","206","1"
"1","30","269","3","00:08:34","457","206","0"
"34","81","35","3","00:08:35","100","206","0"
"78","98","64","3","00:08:35","100","49","0"
"34","23","117","3","00:08:35","143","94","1"
"97","231","186","3","00:08:35","457","206","0"
"1","75","57","3","00:08:36","457","49","1"
"183","195","147","3","00:08:36","457","49","0"
"57","32","152","3","00:08:36","457","206","1"
"285","31","258","3","00:08:36","100","206","1"
"35","97","337","3","00:08:36","353","227","0"
"34","1","56","3","00:08:37","353","227","0"
"21","205","107","3","00:08:37","100","206","1"
"34","23","117","3","00:08:37","143","94","1"
"31","97","156","3","00:08:38","100","206","1"
"73","1","218","3","00:08:38","100","206","0"
"280","195","330","3","00:08:38","300","150","0"
"73","1","14","3","00:08:39","100","206","1"
"21","30","20","3","00:08:39","100","206","1"
"42","97","73","3","00:08:39","100","49","1"
"316","89","257","3","00:08:39","203","227","1"
"35","125","61","3","00:08:40","300","150","1"
"97","65","88","3","00:08:40","100","206","0"
"78","34","112","3","00:08:40","457","49","1"
"23","13","96","3","00:08:42","457","206","1"
"78","21","98","3","00:08:42","457","49","1"
"88","30","172","3","00:08:42","143","251","1"
"4","201","200","3","00:08:42","300","150","1"
"21","101","8","3","00:08:43","300","150","0"
"88","76","54","3","00:08:43","353","27","1"
"34","1","56","3","00:08:43","457","49","0"
"224","78","127","3","00:08:43","247","273","0"
"101","189","207","3","00:08:43","457","206","0"
"75","31","30","3","00:08:44","457","49","1"
"75","49","52","3","00:08:44","100","206","1"
"21","158","55","3","00:08:44","457","206","1"
"76","23","84","3","00:08:44","100","49","0"
"21","220","115","3","00:08:44","457","206","1"
"34","76","261","3","00:08:44","397","273","0"
"97","217","208","3","00:08:45","100","206","0"
"13","23","95","3","00:08:46","100","49","1"
"42","195","183","3","00:08:46","457","49","1"
"224","195","216","3","00:08:46","500","94","1"
"78","21","94","3","00:08:47","100","49","1"
"75","39","174","3","00:08:47","500","251","1"
"57","89","249","3","00:08:47","300","150","0"
"57","75","41","3","00:08:48","100","49","0"
"57","76","178","3","00:08:48","397","273","1"
"30","16","190","3","00:08:48","353","227","0"
"76","34","2","3","00:08:49","457","49","1"
"105","35","51","3","00:08:49","457","49","0"
"30","21","58","3","00:08:49","457","206","1"
"21","78","97","3","00:08:49","100","206","0"
"183","195","147","3","00:08:49","457","206","1"
"4","30","201","3","00:08:49","300","150","0"
"4","21","247","3","00:08:49","100","206","1"
"31","244","267","3","00:08:49","100","206","1"
"23","58","28","3","00:08:50","300","150","0"
"101","105","63","3","00:08:50","100","206","1"
"34","31","236","3","00:08:50","500","94","1"
"190","227","270","3","00:08:50","203","227","1"
"109","34","32","3","00:08:51","100","49","0"
"23","57","44","3","00:08:51","300","150","0"
"20","86","51","3","00:08:51","300","150","1"
"75","88","140","3","00:08:51","300","150","1"
"78","34","250","3","00:08:51","457","49","0"
"88","89","108","3","00:08:53","300","150","0"
"101","88","10","3","00:08:54","457","49","1"
"49","220","113","3","00:08:54","457","206","1"
"65","1","118","3","00:08:54","100","49","1"
"42","45","214","3","00:08:54","100","49","1"
"31","15","11","3","00:08:55","100","206","1"
"42","1","56","3","00:08:55","203","227","0"
"227","21","117","3","00:08:55","300","150","1"
"31","227","146","3","00:08:55","300","150","0"
"78","101","171","3","00:08:55","300","150","0"
"76","231","177","3","00:08:55","457","206","0"
"45","227","217","3","00:08:55","300","150","0"
"30","34","110","3","00:08:56","457","49","0"
"31","244","267","3","00:08:56","100","206","1"
"76","116","92","3","00:08:58","457","49","1"
"31","75","138","3","00:08:58","100","206","0"
"225","183","332","3","00:08:58","100","49","1"
"142","97","15","3","00:08:59","300","150","0"
"1","76","187","3","00:08:59","100","206","1"
"58","89","249","3","00:08:59","457","49","0"
"224","227","266","3","00:08:59","143","94","0"
"76","15","14","3","00:09:00","300","150","1"
"30","21","58","3","00:09:00","457","49","1"
"88","89","108","3","00:09:00","100","206","1"
"21","205","186","3","00:09:00","457","206","1"
"45","89","242","3","00:09:00","143","251","0"
"86","105","73","3","00:09:01","300","150","1"
"23","58","115","3","00:09:01","457","206","1"
"49","76","133","3","00:09:01","203","227","0"
"195","183","230","3","00:09:01","300","150","0"
"101","21","63","3","00:09:02","100","206","0"
"4","109","69","3","00:09:02","457","49","0"
"89","224","211","3","00:09:02","500","251","1"
"78","89","246","3","00:09:02","353","27","0"
"49","65","57","3","00:09:03","300","150","1"
"78","31","213","3","00:09:03","300","150","0"
"65","97","25","3","00:09:04","100","49","1"
"116","109","38","3","00:09:04","353","27","0"
"31","227","146","3","00:09:04","100","206","0"
"224","34","155","3","00:09:04","457","206","0"
"88","195","219","3","00:09:04","300","150","0"
"23","34","51","3","00:09:05","300","150","0"
"4","109","69","3","00:09:05","353","27","0"
"13","23","95","3","00:09:05","353","27","1"
"76","1","105","3","00:09:05","397","73","0"
"76","1","218","3","00:09:05","100","49","0"
"16","116","4","3","00:09:06","100","206","1"
"23","81","20","3","00:09:06","100","206","0"
"58","192","144","3","00:09:06","100","49","1"
"57","25","207","3","00:09:06","353","27","1"
"39","73","238","3","00:09:06","457","49","1"
"142","116","59","3","00:09:07","100","49","0"
"101","78","162","3","00:09:07","457","206","1"
"157","75","166","3","00:09:07","300","150","0"
"78","114","182","3","00:09:07","397","73","1"
"183","212","184","3","00:09:07","247","273","1"
"21","65","203","3","00:09:07","100","206","1"
"76","34","21","3","00:09:08","457","206","1"
"88","101","54","3","00:09:08","457","49","0"
"30","21","156","3","00:09:08","457","206","1"
"248","21","239","3","00:09:08","500","94","1"
"39","34","110","3","00:09:09","300","150","0"
"97","39","175","3","00:09:09","203","227","0"
"205","1","179","3","00:09:09","100","49","0"
"57","31","200","3","00:09:09","203","227","1"
"32","23","33","3","00:09:10","457","49","0"
"57","75","41","3","00:09:10","457","206","1"
"86","23","142","3","00:09:10","457","206","0"
"57","35","26","3","00:09:13","300","150","0"
"31","88","106","3","00:09:13","353","27","0"
"75","31","116","3","00:09:13","457","49","0"
"89","23","159","3","00:09:13","500","94","0"
"73","205","164","3","00:09:13","457","49","0"
"31","73","224","3","00:09:13","457","49","0"
"4","23","247","3","00:09:13","457","206","0"
"32","89","138","3","00:09:14","100","49","0"
"224","34","155","3","00:09:14","457","49","0"
"220","316","334","3","00:09:14","100","49","1"
"86","58","53","3","00:09:15","143","94","1"
"21","57","132","3","00:09:15","100","49","1"
"89","57","140","3","00:09:15","100","206","1"
"76","58","222","3","00:09:16","457","206","0"
"57","21","191","3","00:09:17","457","49","0"
"201","4","197","3","00:09:17","300","150","0"
"191","4","208","3","00:09:17","457","49","1"
"220","316","334","3","00:09:17","100","49","0"
"39","53","103","3","00:09:18","457","49","1"
"97","30","168","3","00:09:18","203","227","1"
"78","30","182","3","00:09:18","500","94","0"
"1","23","147","3","00:09:19","457","206","1"
"34","76","150","3","00:09:19","300","150","1"
"239","195","219","3","00:09:19","500","94","0"
"75","23","92","3","00:09:20","100","206","1"
"4","31","188","3","00:09:20","100","206","1"
"78","31","64","3","00:09:21","353","27","0"
"23","78","126","3","00:09:21","100","49","1"
"31","57","176","3","00:09:21","300","150","0"
"195","89","203","3","00:09:21","300","150","1"
"101","81","47","3","00:09:22","100","206","0"
"1","21","109","3","00:09:22","300","150","0"
"4","248","253","3","00:09:22","457","49","0"
"30","88","260","3","00:09:22","500","94","0"
"76","86","21","3","00:09:23","457","206","1"
"78","54","34","3","00:09:23","100","206","1"
"109","65","57","3","00:09:23","100","49","1"
"214","42","164","3","00:09:23","457","206","0"
"23","280","265","3","00:09:23","457","206","1"
"280","248","331","3","00:09:23","300","150","0"
"30","205","146","3","00:09:24","300","150","0"
"142","125","41","3","00:09:25","100","206","0"
"4","49","101","3","00:09:25","500","94","0"
"76","1","105","3","00:09:25","143","251","0"
"116","89","138","3","00:09:25","353","27","0"
"23","78","230","3","00:09:25","300","150","1"
"49","4","113","3","00:09:26","457","49","1"
"97","30","168","3","00:09:26","100","49","0"
"76","15","218","3","00:09:26","203","27","1"
"21","49","252","3","00:09:26","100","206","1"
"189","183","123","3","00:09:27","100","206","1"
"195","76","203","3","00:09:27","457","206","0"
"65","109","14","3","00:09:28","457","49","1"
"88","35","39","3","00:09:28","300","150","0"
"4","49","101","3","00:09:28","500","94","0"
"78","116","173","3","00:09:28","353","227","1"
"89","116","174","3","00:09:28","143","94","1"
"42","57","264","3","00:09:28","457","49","1"
"58","23","15","3","00:09:30","353","227","0"
"116","78","96","3","00:09:30","457","49","0"
"4","23","144","3","00:09:30","300","150","0"
"4","32","152","3","00:09:30","100","206","0"
"280","88","260","3","00:09:30","500","94","1"
"42","89","114","3","00:09:31","500","94","1"
"31","58","137","3","00:09:31","457","206","0"
"57","227","167","3","00:09:31","353","227","0"
"58","23","207","3","00:09:31","203","27","0"
"42","217","125","3","00:09:32","500","94","1"
"4","57","254","3","00:09:32","100","206","0"
"31","75","17","3","00:09:33","300","150","1"
"54","86","26","3","00:09:34","300","150","0"
"206","31","161","3","00:09:34","143","94","0"
"183","88","251","3","00:09:34","100","206","1"
"30","61","258","3","00:09:34","457","49","1"
"191","1","123","3","00:09:35","300","150","0"
"89","34","211","3","00:09:35","500","94","1"
"227","65","263","3","00:09:35","300","150","0"
"21","1","70","3","00:09:36","300","150","0"
"58","76","178","3","00:09:36","143","94","1"
"23","57","209","3","00:09:36","100","49","0"
"15","89","220","3","00:09:36","457","206","1"
"280","248","330","3","00:09:36","300","150","0"
"101","142","72","3","00:09:37","100","206","1"
"76","23","86","3","00:09:37","457","206","0"
"227","195","102","3","00:09:37","100","49","0"
"4","75","129","3","00:09:38","203","27","1"
"35","78","68","3","00:09:39","143","251","0"
"31","88","137","3","00:09:39","457","49","0"
"78","45","139","3","00:09:39","457","206","0"
"31","21","247","3","00:09:39","100","206","1"
"58","23","15","3","00:09:40","100","49","1"
"231","191","130","3","00:09:40","500","251","1"
"116","97","156","3","00:09:40","300","150","0"
"183","58","251","3","00:09:40","457","206","0"
"65","75","257","3","00:09:40","100","49","0"
"57","192","215","3","00:09:41","457","206","0"
"227","34","333","3","00:09:41","500","94","0"
"220","31","200","3","00:09:42","353","27","0"
"75","49","118","3","00:09:43","100","206","1"
"114","88","137","3","00:09:43","457","49","1"
"42","39","141","3","00:09:43","143","251","1"
"31","57","176","3","00:09:43","457","49","1"
"138","206","221","3","00:09:43","300","150","0"
"57","101","54","3","00:09:44","100","206","0"
"76","39","116","3","00:09:44","457","49","0"
"191","1","134","3","00:09:44","203","27","0"
"78","21","95","3","00:09:45","100","49","0"
"195","89","203","3","00:09:45","457","49","0"
"224","97","234","3","00:09:45","247","273","0"
"205","42","243","3","00:09:45","500","94","0"
"1","31","27","3","00:09:46","457","49","1"
"224","212","178","3","00:09:46","500","251","1"
"57","76","18","3","00:09:47","143","94","0"
"30","88","197","3","00:09:47","457","49","1"
"86","75","61","3","00:09:48","100","49","1"
"75","78","118","3","00:09:48","100","206","1"
"11","21","4","3","00:09:49","300","150","1"
"21","65","90","3","00:09:49","300","150","1"
"39","183","190","3","00:09:49","457","49","1"
"42","76","224","3","00:09:50","457","206","1"
"244","4","227","3","00:09:50","100","206","1"
"227","31","231","3","00:09:51","500","251","0"
"81","1","11","3","00:09:52","203","227","1"
"88","15","19","3","00:09:52","100","49","1"
"57","21","144","3","00:09:52","300","150","1"
"34","23","216","3","00:09:52","300","150","1"
"78","21","95","3","00:09:53","457","49","0"
"4","78","101","3","00:09:53","500","94","0"
"78","34","157","3","00:09:53","457","49","0"
"31","1","180","3","00:09:53","100","206","1"
"76","98","30","3","00:09:54","457","49","0"
"57","248","249","3","00:09:54","457","206","1"
"21","76","88","3","00:09:55","300","150","1"
"210","21","195","3","00:09:55","457","49","0"
"313","195","241","3","00:09:55","100","49","1"
"313","34","245","3","00:09:55","300","150","1"
"313","75","257","3","00:09:55","457","49","1"
"115","39","12","3","00:09:56","397","73","1"
"81","103","58","3","00:09:56","353","227","1"
"39","78","121","3","00:09:57","457","49","0"
"31","57","137","3","00:09:57","457","49","1"
"42","86","150","3","00:09:57","300","150","1"
"35","1","148","3","00:09:58","247","73","0"
"61","30","214","3","00:09:58","457","49","0"
"217","316","336","3","00:09:58","457","49","0"
"100","57","72","3","00:09:59","100","206","0"
"76","57","235","3","00:09:59","457","49","0"
"30","101","199","3","00:10:00","100","206","1"
"73","16","218","3","00:10:00","300","150","1"
"280","138","240","3","00:10:00","500","251","1"
"97","161","246","3","00:10:00","457","49","0"
"313","30","248","3","00:10:00","100","206","0"
"201","114","253","3","00:10:00","100","206","0"
"15","280","269","3","00:10:00","100","49","0"
"35","31","9","3","00:10:01","500","94","1"
"1","125","29","3","00:10:01","300","150","1"
"76","34","36","3","00:10:01","143","251","1"
"57","30","62","3","00:10:01","457","49","0"
"23","227","124","3","00:10:01","100","49","0"
"75","21","196","3","00:10:01","100","206","0"
"30","88","197","3","00:10:01","457","206","1"
"89","30","223","3","00:10:01","500","94","0"
"54","86","26","3","00:10:03","203","227","0"
"1","31","64","3","00:10:03","457","49","1"
"227","78","143","3","00:10:03","143","251","1"
"78","75","187","3","00:10:03","300","150","0"
"224","78","234","3","00:10:03","500","251","0"
"88","224","268","3","00:10:03","300","150","1"
"78","57","34","3","00:10:04","100","49","0"
"109","101","57","3","00:10:04","457","49","0"
"42","190","117","3","00:10:04","300","150","1"
"23","89","169","3","00:10:04","457","49","1"
"224","75","129","3","00:10:05","100","49","0"
"76","57","235","3","00:10:05","457","49","1"
"57","248","249","3","00:10:05","457","49","0"
"35","78","56","3","00:10:06","100","206","0"
"212","42","104","3","00:10:06","500","251","0"
"34","57","165","3","00:10:06","500","94","1"
"224","30","188","3","00:10:06","100","49","0"
"30","183","190","3","00:10:06","457","49","1"
"23","30","55","3","00:10:07","203","227","0"
"76","97","63","3","00:10:07","457","49","1"
"73","78","218","3","00:10:07","457","49","1"
"23","1","230","3","00:10:07","457","49","1"
"224","78","234","3","00:10:07","500","251","0"
"30","75","17","3","00:10:08","457","49","0"
"30","23","156","3","00:10:08","203","27","0"
"1","244","255","3","00:10:08","100","49","1"
"4","78","337","3","00:10:08","100","206","0"
"157","58","49","3","00:10:09","100","206","1"
"31","23","149","3","00:10:09","100","206","1"
"97","88","209","3","00:10:09","300","150","1"
"280","138","240","3","00:10:09","500","94","1"
"205","31","258","3","00:10:09","457","49","1"
"231","23","130","3","00:10:11","143","94","0"
"75","31","30","3","00:10:12","457","206","1"
"224","76","108","3","00:10:12","100","206","0"
"227","34","211","3","00:10:12","500","94","0"
"31","88","103","3","00:10:13","300","150","1"
"42","23","117","3","00:10:13","457","49","1"
"30","76","138","3","00:10:13","300","150","0"
"34","316","261","3","00:10:13","143","251","1"
"89","23","25","3","00:10:14","100","49","1"
"57","21","160","3","00:10:14","457","49","0"
"23","30","55","3","00:10:15","353","27","0"
"34","1","56","3","00:10:15","300","150","0"
"4","23","191","3","00:10:15","457","206","1"
"34","157","46","3","00:10:16","397","73","0"
"103","39","51","3","00:10:16","100","49","0"
"201","224","106","3","00:10:16","100","206","1"
"1","89","184","3","00:10:16","300","150","0"
"42","30","214","3","00:10:16","100","49","0"
"58","101","41","3","00:10:17","100","206","0"
"86","88","71","3","00:10:17","457","206","1"
"78","30","163","3","00:10:17","457","49","0"
"4","23","206","3","00:10:17","457","49","1"
"109","156","27","3","00:10:18","457","49","1"
"116","34","110","3","00:10:18","457","49","1"
"21","161","115","3","00:10:18","100","206","1"
"183","205","139","3","00:10:18","457","206","0"
"138","34","170","3","00:10:18","457","206","0"
"78","34","48","3","00:10:19","100","206","1"
"58","30","62","3","00:10:19","100","49","1"
"23","89","153","3","00:10:19","100","49","0"
"72","35","2","3","00:10:20","100","49","0"
"31","78","121","3","00:10:20","100","206","0"
"89","34","189","3","00:10:20","457","49","1"
"244","1","218","3","00:10:20","300","150","0"
"280","61","243","3","00:10:20","300","150","0"
"4","183","127","3","00:10:21","500","94","0"
"53","34","135","3","00:10:21","457","206","0"
"23","75","136","3","00:10:21","300","150","1"
"280","4","258","3","00:10:21","100","206","0"
"39","97","131","3","00:10:22","300","150","1"
"138","75","266","3","00:10:22","500","94","0"
"73","58","10","3","00:10:23","353","27","0"
"116","39","51","3","00:10:23","100","206","1"
"49","98","99","3","00:10:23","500","251","1"
"31","57","103","3","00:10:23","100","206","1"
"31","34","110","3","00:10:23","457","49","0"
"65","49","118","3","00:10:23","203","227","1"
"149","21","73","3","00:10:24","100","49","1"
"189","31","119","3","00:10:24","203","227","0"
"195","101","181","3","00:10:24","143","94","0"
"78","227","220","3","00:10:24","100","206","1"
"76","21","84","3","00:10:25","353","227","1"
"75","15","105","3","00:10:25","500","94","1"
"35","58","125","3","00:10:25","500","251","0"
"31","78","190","3","00:10:25","457","49","1"
"75","31","30","3","00:10:26","457","206","0"
"101","195","144","3","00:10:26","457","206","0"
"76","34","177","3","00:10:26","457","49","0"
"97","89","203","3","00:10:26","100","206","1"
"58","78","237","3","00:10:26","100","49","1"
"285","241","260","3","00:10:26","143","94","0"
"221","73","336","3","00:10:26","457","49","0"
"15","39","32","3","00:10:27","100","206","0"
"34","1","56","3","00:10:27","457","49","0"
"34","23","117","3","00:10:27","143","251","1"
"138","23","156","3","00:10:27","457","206","0"
"57","34","268","3","00:10:27","100","49","1"
"224","39","236","3","00:10:28","143","94","1"
"15","23","4","3","00:10:29","457","49","0"
"34","75","128","3","00:10:29","143","94","0"
"183","205","139","3","00:10:29","457","49","0"
"205","1","148","3","00:10:29","143","251","1"
"1","89","184","3","00:10:29","143","251","0"
"57","34","39","3","00:10:30","203","27","0"
"125","1","52","3","00:10:30","457","206","1"
"116","205","146","3","00:10:30","353","27","0"
"1","34","157","3","00:10:30","100","206","0"
"23","88","233","3","00:10:30","100","49","1"
"15","21","23","3","00:10:31","300","150","0"
"1","75","57","3","00:10:32","457","206","0"
"1","57","65","3","00:10:32","100","49","0"
"34","88","120","3","00:10:32","500","94","1"
"65","57","122","3","00:10:32","300","150","1"
"97","88","251","3","00:10:32","457","49","0"
"31","78","42","3","00:10:33","100","206","1"
"30","224","137","3","00:10:33","457","206","1"
"34","31","46","3","00:10:34","500","94","0"
"23","88","233","3","00:10:34","100","49","1"
"42","31","9","3","00:10:35","143","94","0"
"57","1","19","3","00:10:35","457","49","0"
"35","88","71","3","00:10:35","457","206","1"
"31","57","103","3","00:10:35","100","49","0"
"78","31","173","3","00:10:35","100","206","0"
"21","30","175","3","00:10:35","300","150","0"
"97","42","12","3","00:10:36","143","94","1"
"30","76","138","3","00:10:36","203","227","0"
"76","4","140","3","00:10:36","457","49","1"
"57","31","172","3","00:10:36","500","94","0"
"61","73","267","3","00:10:36","457","206","1"
"75","42","36","3","00:10:37","500","94","1"
"4","30","200","3","00:10:37","100","49","0"
"227","30","223","3","00:10:37","500","94","0"
"76","31","227","3","00:10:37","500","94","0"
"58","21","244","3","00:10:37","397","273","0"
"78","149","32","3","00:10:38","457","206","1"
"76","31","47","3","00:10:38","353","27","0"
"34","73","5","3","00:10:39","457","49","0"
"35","97","130","3","00:10:39","300","150","0"
"89","227","177","3","00:10:39","203","227","1"
"42","78","56","3","00:10:40","457","206","0"
"109","156","64","3","00:10:40","203","227","0"
"34","76","261","3","00:10:40","143","94","1"
"13","23","94","3","00:10:41","300","150","1"
"23","78","126","3","00:10:42","457","206","1"
"21","75","169","3","00:10:42","457","206","0"
"97","125","90","3","00:10:43","457","49","0"
"35","58","120","3","00:10:43","500","251","0"
"57","89","249","3","00:10:43","457","49","0"
"75","39","2","3","00:10:44","457","49","1"
"97","42","51","3","00:10:44","457","206","1"
"49","42","139","3","00:10:44","100","49","0"
"34","21","216","3","00:10:44","143","251","1"
"89","101","226","3","00:10:44","143","251","1"
"76","195","241","3","00:10:44","100","49","1"
"27","15","11","3","00:10:45","100","206","1"
"101","195","144","3","00:10:45","300","150","0"
"30","61","49","3","00:10:46","100","49","0"
"195","205","107","3","00:10:46","457","206","0"
"78","138","250","3","00:10:46","100","206","1"
"34","97","259","3","00:10:46","300","150","1"
"34","78","24","3","00:10:47","500","94","1"
"224","227","167","3","00:10:47","100","49","1"
"195","32","168","3","00:10:47","457","206","1"
"76","58","235","3","00:10:48","457","206","0"
"23","61","262","3","00:10:48","300","150","1"
"23","34","12","3","00:10:49","300","150","1"
"31","58","22","3","00:10:49","300","150","1"
"4","34","135","3","00:10:49","353","27","0"
"167","21","147","3","00:10:49","100","206","1"
"76","42","164","3","00:10:49","100","49","0"
"21","256","230","3","00:10:49","203","227","0"
"31","58","254","3","00:10:49","100","206","1"
"57","65","334","3","00:10:49","457","49","0"
"35","57","71","3","00:10:50","457","49","0"
"201","183","180","3","00:10:50","203","27","0"
"1","23","23","3","00:10:51","457","206","0"
"42","23","73","3","00:10:51","300","150","0"
"23","73","136","3","00:10:51","457","49","0"
"23","217","233","3","00:10:51","457","49","1"
"76","58","122","3","00:10:52","100","49","1"
"1","75","57","3","00:10:54","353","227","0"
"57","21","59","3","00:10:54","457","49","1"
"31","42","13","3","00:10:55","457","206","1"
"21","30","20","3","00:10:55","100","49","1"
"31","58","22","3","00:10:55","203","227","0"
"30","49","121","3","00:10:55","457","206","0"
"227","89","150","3","00:10:55","500","94","1"
"57","175","162","3","00:10:55","353","227","0"
"58","98","200","3","00:10:55","457","206","1"
"15","75","29","3","00:10:56","300","150","1"
"34","31","161","3","00:10:57","500","94","0"
"204","89","150","3","00:10:58","500","94","0"
"195","138","168","3","00:10:58","203","27","1"
"1","30","173","3","00:10:58","300","150","0"
"189","57","209","3","00:10:59","100","206","0"
"97","156","55","3","00:11:00","100","206","0"
"89","183","145","3","00:11:00","457","206","1"
"4","212","332","3","00:11:00","203","227","0"
"1","34","32","3","00:11:01","100","206","0"
"76","34","104","3","00:11:01","397","273","0"
"23","75","136","3","00:11:01","457","49","1"
"76","227","164","3","00:11:01","100","206","1"
"4","280","214","3","00:11:01","457","49","0"
"40","58","260","3","00:11:01","300","150","0"
"23","86","12","3","00:11:02","143","251","1"
"21","42","107","3","00:11:02","457","49","0"
"183","42","157","3","00:11:02","457","49","0"
"57","175","162","3","00:11:02","353","27","1"
"58","45","212","3","00:11:02","100","49","0"
"30","231","110","3","00:11:03","353","227","0"
"39","88","137","3","00:11:03","100","206","0"
"227","214","114","3","00:11:04","500","94","1"
"125","183","118","3","00:11:04","457","49","0"
"4","76","129","3","00:11:04","300","150","0"
"35","31","141","3","00:11:04","500","94","0"
"138","220","229","3","00:11:04","143","251","0"
"63","4","19","3","00:11:05","100","49","1"
"30","57","37","3","00:11:05","457","49","1"
"23","4","115","3","00:11:05","100","206","1"
"4","23","160","3","00:11:05","300","150","1"
"30","21","331","3","00:11:05","500","94","0"
"88","75","18","3","00:11:06","500","251","0"
"269","101","233","3","00:11:06","100","49","0"
"21","76","8","3","00:11:07","247","273","1"
"231","210","128","3","00:11:07","500","251","1"
"224","35","135","3","00:11:07","300","150","0"
"78","65","187","3","00:11:07","100","206","1"
"1","42","48","3","00:11:08","457","49","1"
"30","78","228","3","00:11:08","500","94","1"
"114","269","239","3","00:11:08","247","273","1"
"189","280","265","3","00:11:08","457","49","1"
"42","114","43","3","00:11:09","457","49","1"
"42","76","61","3","00:11:09","203","227","0"
"125","183","118","3","00:11:09","203","27","0"
"89","78","145","3","00:11:09","500","94","0"
"57","42","167","3","00:11:09","300","150","1"
"23","227","186","3","00:11:09","100","49","0"
"16","21","4","3","00:11:10","100","206","1"
"30","57","49","3","00:11:10","300","150","0"
"4","31","201","3","00:11:10","353","27","0"
"115","86","51","3","00:11:11","100","49","1"
"21","1","70","3","00:11:11","457","49","1"
"280","42","243","3","00:11:11","500","251","0"
"97","58","28","3","00:11:12","300","150","0"
"88","35","39","3","00:11:12","100","49","0"
"224","49","127","3","00:11:13","143","251","1"
"199","97","149","3","00:11:13","100","206","0"
"57","23","219","3","00:11:13","300","150","1"
"88","227","249","3","00:11:13","300","150","0"
"76","35","21","3","00:11:14","100","49","1"
"31","58","37","3","00:11:14","457","49","1"
"57","1","69","3","00:11:14","300","150","1"
"21","183","134","3","00:11:14","300","150","0"
"15","89","246","3","00:11:14","203","227","1"
"61","88","264","3","00:11:14","100","206","1"
"4","81","27","3","00:11:15","203","27","0"
"73","30","174","3","00:11:15","500","251","0"
"190","73","210","3","00:11:15","457","49","0"
"88","23","31","3","00:11:16","100","206","1"
"39","35","146","3","00:11:16","457","206","0"
"21","89","153","3","00:11:16","457","49","1"
"201","34","170","3","00:11:16","100","206","0"
"23","78","230","3","00:11:16","457","49","1"
"35","183","332","3","00:11:16","300","150","1"
"42","101","61","3","00:11:17","203","27","1"
"31","13","85","3","00:11:17","203","27","0"
"34","76","150","3","00:11:17","300","150","1"
"57","42","167","3","00:11:17","203","27","0"
"57","30","172","3","00:11:17","397","273","1"
"224","280","221","3","00:11:17","143","94","1"
"15","21","225","3","00:11:17","457","206","0"
"75","76","263","3","00:11:17","300","150","1"
"31","15","337","3","00:11:17","100","49","0"
"42","81","35","3","00:11:18","100","49","1"
"116","78","38","3","00:11:18","203","227","0"
"57","156","62","3","00:11:18","100","206","1"
"75","4","122","3","00:11:18","100","49","1"
"101","78","151","3","00:11:18","100","49","0"
"280","34","240","3","00:11:18","500","94","1"
"286","227","249","3","00:11:18","300","150","1"
"4","65","267","3","00:11:18","457","49","1"
"21","42","124","3","00:11:19","300","150","0"
"23","75","204","3","00:11:19","457","49","1"
"190","34","252","3","00:11:19","100","49","1"
"23","31","6","3","00:11:20","100","49","1"
"34","81","9","3","00:11:20","143","251","1"
"31","88","106","3","00:11:20","300","150","0"
"30","191","256","3","00:11:20","500","251","1"
"30","61","258","3","00:11:20","100","49","0"
"205","15","143","3","00:11:21","500","251","0"
"39","4","176","3","00:11:21","353","227","0"
"31","76","224","3","00:11:21","203","27","1"
"76","23","92","3","00:11:22","100","206","0"
"78","21","94","3","00:11:22","457","49","0"
"224","75","266","3","00:11:22","143","94","0"
"88","75","108","3","00:11:23","203","227","1"
"231","57","165","3","00:11:23","500","251","0"
"25","31","20","3","00:11:24","100","49","1"
"76","21","25","3","00:11:24","300","150","1"
"4","81","27","3","00:11:24","300","150","0"
"78","65","29","3","00:11:24","457","206","0"
"227","224","211","3","00:11:24","500","251","1"
"30","42","243","3","00:11:24","500","94","0"
"30","21","331","3","00:11:24","247","73","0"
"35","183","332","3","00:11:24","100","206","0"
"35","21","73","3","00:11:25","353","227","0"
"75","88","140","3","00:11:25","203","227","1"
"78","195","147","3","00:11:25","457","49","0"
"201","227","170","3","00:11:26","457","206","0"
"58","109","19","3","00:11:27","457","206","0"
"76","21","142","3","00:11:27","457","206","1"
"227","101","165","3","00:11:27","300","150","0"
"57","31","188","3","00:11:27","100","49","0"
"47","31","258","3","00:11:27","457","49","0"
"116","1","38","3","00:11:28","457","206","0"
"75","21","63","3","00:11:28","100","206","1"
"110","4","185","3","00:11:28","457","49","0"
"21","42","262","3","00:11:28","457","49","0"
"31","76","17","3","00:11:29","300","150","1"
"30","101","103","3","00:11:29","100","206","1"
"31","75","138","3","00:11:29","203","227","1"
"88","31","200","3","00:11:29","457","206","0"
"205","31","243","3","00:11:29","397","273","0"
"57","73","18","3","00:11:30","397","273","1"
"42","31","35","3","00:11:30","100","49","1"
"65","86","36","3","00:11:30","500","251","0"
"1","31","64","3","00:11:30","300","150","0"
"35","21","130","3","00:11:30","500","94","0"
"57","30","152","3","00:11:30","100","206","1"
"39","31","9","3","00:11:31","500","94","0"
"115","75","40","3","00:11:31","203","227","1"
"30","1","85","3","00:11:31","100","49","1"
"183","34","157","3","00:11:31","100","49","1"
"4","23","207","3","00:11:31","457","49","1"
"78","227","246","3","00:11:31","300","150","1"
"45","269","256","3","00:11:31","247","73","1"
"30","42","13","3","00:11:32","100","49","0"
"75","88","140","3","00:11:32","203","27","1"
"75","42","189","3","00:11:32","100","49","1"
"61","244","238","3","00:11:32","457","206","0"
"15","86","32","3","00:11:33","353","27","1"
"138","40","170","3","00:11:33","457","49","0"
"23","31","175","3","00:11:33","353","227","0"
"76","78","218","3","00:11:33","100","49","0"
"65","88","10","3","00:11:34","300","150","0"
"23","78","50","3","00:11:34","100","206","1"
"21","88","115","3","00:11:34","100","206","1"
"34","21","130","3","00:11:34","500","94","1"
"4","78","162","3","00:11:34","100","49","0"
"57","189","219","3","00:11:34","143","94","1"
"316","4","227","3","00:11:34","353","27","1"
"21","34","186","3","00:11:35","100","49","1"
"81","88","49","3","00:11:36","100","49","0"
"75","16","14","3","00:11:37","457","49","0"
"209","31","158","3","00:11:37","457","49","0"
"75","23","195","3","00:11:37","353","227","1"
"30","34","170","3","00:11:39","457","206","0"
"65","78","25","3","00:11:40","300","150","0"
"78","195","109","3","00:11:40","457","206","1"
"42","97","117","3","00:11:40","143","251","0"
"39","75","138","3","00:11:40","100","49","0"
"31","78","180","3","00:11:40","100","49","1"
"73","23","241","3","00:11:40","457","49","0"
"58","23","244","3","00:11:40","500","94","1"
"61","57","264","3","00:11:40","457","49","0"
"30","109","11","3","00:11:41","203","27","0"
"57","79","15","3","00:11:41","100","206","0"
"34","21","130","3","00:11:41","247","273","0"
"4","78","162","3","00:11:41","300","150","1"
"189","73","210","3","00:11:41","100","206","0"
"75","1","52","3","00:11:42","100","206","1"
"23","65","88","3","00:11:42","457","206","0"
"31","21","131","3","00:11:42","457","49","0"
"4","23","207","3","00:11:42","457","206","1"
"205","97","228","3","00:11:42","143","94","1"
"97","248","220","3","00:11:43","457","206","1"
"65","75","257","3","00:11:43","353","27","1"
"125","58","72","3","00:11:44","457","206","1"
"23","221","181","3","00:11:45","397","73","1"
"248","88","226","3","00:11:45","500","94","1"
"101","88","10","3","00:11:46","100","206","0"
"97","227","107","3","00:11:46","100","49","1"
"23","30","20","3","00:11:47","203","227","0"
"39","224","103","3","00:11:47","300","150","1"
"4","30","152","3","00:11:47","100","49","1"
"21","76","203","3","00:11:47","100","206","0"
"101","30","201","3","00:11:48","203","227","1"
"248","88","226","3","00:11:48","500","94","0"
"81","49","37","3","00:11:50","457","49","0"
"42","97","117","3","00:11:50","143","94","1"
"30","75","138","3","00:11:50","457","49","0"
"30","16","190","3","00:11:50","353","27","1"
"23","4","208","3","00:11:50","457","206","1"
"244","88","235","3","00:11:50","457","206","0"
"76","23","86","3","00:11:51","203","27","0"
"214","23","111","3","00:11:51","300","150","1"
"75","4","122","3","00:11:51","100","206","1"
"21","13","96","3","00:11:52","300","150","0"
"42","244","238","3","00:11:52","100","49","0"
"4","116","59","3","00:11:53","203","27","0"
"20","58","209","3","00:11:53","457","206","1"
"73","34","2","3","00:11:54","100","206","0"
"142","86","39","3","00:11:54","100","49","0"
"73","58","72","3","00:11:54","100","206","1"
"78","97","95","3","00:11:54","457","206","1"
"227","23","130","3","00:11:54","300","150","0"
"27","23","147","3","00:11:54","457","206","1"
"97","76","136","3","00:11:55","300","150","1"
"280","4","243","3","00:11:55","143","94","0"
"30","57","260","3","00:11:55","300","150","0"
"31","65","17","3","00:11:56","457","206","0"
"57","23","31","3","00:11:56","457","49","0"
"98","78","85","3","00:11:56","100","49","0"
"4","30","152","3","00:11:56","100","206","1"
"57","42","155","3","00:11:56","457","49","0"
"42","1","179","3","00:11:56","100","49","1"
"73","195","196","3","00:11:56","300","150","1"
"1","76","29","3","00:11:57","300","150","1"
"195","88","115","3","00:11:57","100","49","1"
"76","1","118","3","00:11:57","203","227","1"
"4","89","178","3","00:11:57","500","94","1"
"244","88","235","3","00:11:57","457","49","1"
"89","316","263","3","00:11:57","143","251","1"
"30","57","37","3","00:11:58","457","49","1"
"98","4","199","3","00:11:58","100","49","0"
"21","76","204","3","00:11:58","100","206","1"
"206","195","330","3","00:11:58","500","251","0"
"37","23","43","3","00:11:59","100","206","1"
"86","30","46","3","00:11:59","500","251","0"
"30","75","66","3","00:11:59","143","251","1"
"21","13","96","3","00:12:00","100","206","1"
"57","76","129","3","00:12:00","203","227","0"
"31","4","197","3","00:12:00","100","49","0"
"101","97","191","3","00:12:01","457","49","0"
"31","57","37","3","00:12:02","457","49","1"
"191","116","175","3","00:12:02","203","227","1"
"4","101","254","3","00:12:02","100","206","1"
"114","34","333","3","00:12:02","500","94","1"
"30","89","17","3","00:12:03","457","49","0"
"65","30","47","3","00:12:04","457","206","1"
"57","42","135","3","00:12:04","100","206","1"
"76","183","145","3","00:12:04","500","94","1"
"42","86","150","3","00:12:04","143","251","0"
"31","57","176","3","00:12:04","100","49","0"
"195","76","203","3","00:12:04","300","150","1"
"104","1","38","3","00:12:05","100","206","1"
"76","31","158","3","00:12:05","457","206","1"
"30","78","180","3","00:12:05","203","27","0"
"205","42","258","3","00:12:05","457","206","0"
"115","88","28","3","00:12:06","500","251","0"
"88","49","101","3","00:12:06","143","251","0"
"42","78","179","3","00:12:06","100","49","0"
"65","30","116","3","00:12:07","300","150","0"
"97","76","136","3","00:12:07","353","27","0"
"98","73","224","3","00:12:07","457","49","0"
"89","21","239","3","00:12:07","500","94","1"
"76","15","14","3","00:12:08","457","49","0"
"142","116","59","3","00:12:08","353","227","1"
"101","57","10","3","00:12:09","100","206","1"
"65","78","25","3","00:12:09","457","206","0"
"58","65","18","3","00:12:10","397","73","1"
"76","23","86","3","00:12:10","100","49","0"
"224","1","162","3","00:12:10","300","150","1"
"73","40","177","3","00:12:10","457","206","0"
"89","45","223","3","00:12:10","500","94","0"
"30","73","232","3","00:12:10","500","251","0"
"21","183","126","3","00:12:11","353","227","0"
"4","30","188","3","00:12:11","457","49","1"
"4","58","264","3","00:12:11","300","150","1"
"97","34","124","3","00:12:12","457","206","0"
"27","23","147","3","00:12:12","100","206","0"
"76","31","158","3","00:12:12","353","27","1"
"21","1","50","3","00:12:13","457","206","1"
"75","21","111","3","00:12:14","457","206","0"
"97","75","136","3","00:12:14","457","49","0"
"35","27","143","3","00:12:15","397","273","0"
"149","30","46","3","00:12:16","500","251","1"
"57","76","129","3","00:12:16","100","49","0"
"42","86","150","3","00:12:16","397","73","1"
"89","21","159","3","00:12:16","457","49","1"
"1","31","163","3","00:12:16","100","49","0"
"88","21","191","3","00:12:16","203","227","0"
"78","42","213","3","00:12:16","100","49","1"
"58","248","249","3","00:12:16","300","150","1"
"206","195","330","3","00:12:16","143","251","1"
"98","75","138","3","00:12:17","457","49","0"
"15","42","16","3","00:12:18","300","150","0"
"98","78","85","3","00:12:18","203","227","0"
"78","21","98","3","00:12:19","457","49","0"
"76","114","158","3","00:12:19","457","206","0"
"17","101","171","3","00:12:19","100","49","0"
"15","89","220","3","00:12:19","457","206","1"
"34","78","234","3","00:12:19","500","94","0"
"280","88","260","3","00:12:20","500","94","1"
"73","1","45","3","00:12:21","100","49","0"
"23","35","51","3","00:12:21","100","206","1"
"31","227","146","3","00:12:21","100","206","1"
"57","30","188","3","00:12:21","100","206","1"
"224","23","216","3","00:12:21","143","251","0"
"281","248","330","3","00:12:21","300","150","0"
"31","57","37","3","00:12:22","457","206","0"
"73","1","105","3","00:12:22","500","94","1"
"98","57","197","3","00:12:22","100","49","1"
"58","21","15","3","00:12:23","100","206","0"
"57","116","31","3","00:12:23","457","49","0"
"76","142","72","3","00:12:23","457","206","0"
"31","1","121","3","00:12:23","100","206","0"
"1","34","32","3","00:12:24","457","49","0"
"65","23","63","3","00:12:24","100","206","1"
"42","76","114","3","00:12:24","247","273","0"
"231","49","148","3","00:12:24","300","150","1"
"101","227","167","3","00:12:24","300","150","1"
"21","183","230","3","00:12:25","300","150","1"
"220","244","263","3","00:12:25","397","273","0"
"156","65","66","3","00:12:26","500","94","1"
"21","78","97","3","00:12:26","100","49","0"
"39","206","214","3","00:12:26","203","227","1"
"57","30","152","3","00:12:27","100","206","1"
"76","58","222","3","00:12:27","100","206","1"
"76","142","72","3","00:12:28","457","49","1"
"97","30","119","3","00:12:28","100","49","0"
"23","34","124","3","00:12:28","300","150","1"
"30","97","156","3","00:12:28","457","206","1"
"101","316","336","3","00:12:28","457","206","1"
"30","75","166","3","00:12:29","457","49","1"
"75","78","118","3","00:12:30","353","227","0"
"78","75","184","3","00:12:30","143","251","1"
"4","195","206","3","00:12:30","457","49","1"
"34","30","221","3","00:12:30","500","94","0"
"30","23","33","3","00:12:31","457","206","1"
"97","57","115","3","00:12:31","457","49","0"
"76","195","196","3","00:12:31","100","49","1"
"21","183","230","3","00:12:31","457","206","1"
"53","1","19","3","00:12:32","100","49","0"
"31","244","267","3","00:12:32","457","49","0"
"58","91","59","3","00:12:33","353","227","1"
"31","1","121","3","00:12:33","100","49","0"
"189","13","123","3","00:12:33","457","206","1"
"1","231","157","3","00:12:33","457","206","1"
"25","57","208","3","00:12:33","300","150","1"
"73","15","218","3","00:12:33","100","206","1"
"76","34","36","3","00:12:34","300","150","0"
"21","1","50","3","00:12:34","100","206","1"
"34","42","236","3","00:12:34","500","251","1"
"30","142","49","3","00:12:35","457","206","1"
"142","101","54","3","00:12:35","457","49","1"
"31","1","190","3","00:12:35","100","206","1"
"31","58","37","3","00:12:36","457","49","1"
"23","42","186","3","00:12:36","457","206","0"
"190","224","252","3","00:12:36","203","27","0"
"23","78","96","3","00:12:37","100","206","0"
"75","78","118","3","00:12:37","457","206","0"
"86","23","142","3","00:12:37","457","49","1"
"78","42","213","3","00:12:37","353","27","0"
"57","15","237","3","00:12:37","100","49","0"
"31","75","17","3","00:12:38","100","49","1"
"227","191","102","3","00:12:38","457","49","1"
"34","75","128","3","00:12:38","500","94","1"
"35","212","150","3","00:12:38","500","94","0"
"31","57","199","3","00:12:38","457","206","0"
"245","114","242","3","00:12:38","300","150","1"
"31","57","254","3","00:12:38","353","227","0"
"76","86","2","3","00:12:39","100","49","1"
"86","88","71","3","00:12:39","203","27","1"
"116","88","103","3","00:12:39","300","150","1"
"227","27","143","3","00:12:39","143","94","1"
"30","23","256","3","00:12:39","143","94","0"
"21","57","132","3","00:12:40","300","150","1"
"42","21","183","3","00:12:40","457","49","0"
"183","101","185","3","00:12:40","203","227","1"
"42","21","247","3","00:12:40","100","49","1"
"35","109","68","3","00:12:41","397","273","0"
"183","23","147","3","00:12:41","100","206","1"
"34","42","236","3","00:12:41","300","150","0"
"21","76","88","3","00:12:42","457","206","1"
"23","75","203","3","00:12:42","300","150","1"
"21","13","97","3","00:12:43","100","49","1"
"1","58","113","3","00:12:43","300","150","0"
"58","31","62","3","00:12:44","100","49","0"
"1","58","65","3","00:12:44","457","206","1"
"189","86","153","3","00:12:44","100","206","1"
"89","88","226","3","00:12:44","500","251","1"
"224","1","234","3","00:12:44","300","150","0"
"35","78","337","3","00:12:44","457","49","0"
"125","206","104","3","00:12:45","500","251","0"
"23","13","123","3","00:12:45","457","49","1"
"76","21","159","3","00:12:45","300","150","0"
"78","39","173","3","00:12:45","457","206","1"
"57","190","244","3","00:12:45","397","73","1"
"30","57","49","3","00:12:46","353","27","1"
"21","1","50","3","00:12:46","203","27","0"
"1","231","157","3","00:12:46","457","206","0"
"21","88","233","3","00:12:46","457","206","1"
"114","244","263","3","00:12:46","247","273","1"
"45","269","331","3","00:12:47","300","150","0"
"27","35","13","3","00:12:48","457","49","0"
"75","16","14","3","00:12:48","457","49","0"
"58","23","59","3","00:12:48","353","227","1"
"13","23","98","3","00:12:48","457","206","0"
"34","75","128","3","00:12:48","397","273","1"
"31","73","154","3","00:12:48","457","206","1"
"31","224","176","3","00:12:48","457","206","1"
"88","248","215","3","00:12:48","457","49","1"
"248","39","231","3","00:12:48","143","251","1"
"23","57","28","3","00:12:49","300","150","1"
"1","21","109","3","00:12:49","457","49","0"
"42","212","150","3","00:12:49","143","94","0"
"31","1","180","3","00:12:49","300","150","1"
"31","57","254","3","00:12:49","100","49","0"
"21","31","6","3","00:12:50","100","49","0"
"13","42","139","3","00:12:50","457","49","0"
"73","31","47","3","00:12:51","100","206","1"
"75","39","116","3","00:12:51","300","150","1"
"34","78","179","3","00:12:51","100","206","0"
"88","78","15","3","00:12:52","100","49","0"
"78","54","34","3","00:12:52","100","206","1"
"23","57","44","3","00:12:52","100","49","0"
"75","15","105","3","00:12:52","500","94","1"
"227","30","161","3","00:12:53","300","150","1"
"1","86","184","3","00:12:53","300","150","1"
"32","34","110","3","00:12:54","100","49","1"
"31","1","180","3","00:12:54","100","206","0"
"34","31","46","3","00:12:55","500","94","0"
"280","61","243","3","00:12:55","500","94","1"
"81","15","11","3","00:12:56","457","49","0"
"88","78","15","3","00:12:56","100","49","1"
"76","78","52","3","00:12:56","457","49","0"
"101","175","162","3","00:12:56","457","206","1"
"21","224","252","3","00:12:56","300","150","1"
"205","21","130","3","00:12:57","143","94","0"
"76","31","174","3","00:12:57","143","251","0"
"78","101","185","3","00:12:57","100","206","0"
"191","34","124","3","00:12:58","100","49","0"
"280","248","330","3","00:12:58","143","94","1"
"75","23","25","3","00:12:59","100","206","0"
"138","4","236","3","00:12:59","143","251","1"
"280","23","256","3","00:12:59","143","251","0"
"31","89","166","3","00:13:00","353","27","0"
"4","57","254","3","00:13:00","457","206","0"
"35","78","337","3","00:13:00","353","27","1"
"49","65","41","3","00:13:01","100","49","1"
"224","21","160","3","00:13:01","457","49","0"
"35","30","161","3","00:13:01","143","251","0"
"30","183","180","3","00:13:01","300","150","1"
"138","31","236","3","00:13:01","500","94","0"
"81","58","49","3","00:13:02","457","206","0"
"34","23","216","3","00:13:02","500","251","1"
"15","30","269","3","00:13:02","100","206","0"
"37","89","114","3","00:13:03","100","49","0"
"191","101","181","3","00:13:03","143","94","1"
"206","57","125","3","00:13:04","500","94","1"
"4","227","135","3","00:13:05","100","206","1"
"116","65","40","3","00:13:06","300","150","1"
"34","1","56","3","00:13:06","100","206","0"
"23","114","168","3","00:13:06","457","49","0"
"30","88","199","3","00:13:06","457","49","1"
"34","78","259","3","00:13:06","500","94","1"
"86","58","71","3","00:13:07","100","49","1"
"191","183","123","3","00:13:07","353","27","0"
"4","227","253","3","00:13:07","100","49","0"
"76","21","86","3","00:13:08","457","49","0"
"23","49","126","3","00:13:08","457","49","1"
"88","39","201","3","00:13:08","457","49","0"
"245","227","242","3","00:13:08","500","251","0"
"57","195","244","3","00:13:08","500","251","0"
"54","23","31","3","00:13:09","100","49","0"
"205","23","256","3","00:13:09","143","251","1"
"88","34","268","3","00:13:09","100","206","0"
"98","42","13","3","00:13:10","100","49","0"
"57","34","39","3","00:13:10","203","227","0"
"116","57","103","3","00:13:10","457","206","0"
"101","206","212","3","00:13:10","100","206","1"
"138","316","261","3","00:13:10","300","150","0"
"23","78","97","3","00:13:11","300","150","1"
"21","34","124","3","00:13:11","300","150","0"
"227","30","161","3","00:13:11","143","251","1"
"34","220","229","3","00:13:11","143","94","0"
"21","42","12","3","00:13:12","500","94","1"
"30","220","176","3","00:13:12","100","206","0"
"76","57","72","3","00:13:13","100","206","1"
"13","21","95","3","00:13:13","100","49","1"
"89","195","111","3","00:13:13","457","206","0"
"231","31","141","3","00:13:13","143","94","0"
"15","89","246","3","00:13:13","457","49","0"
"1","42","157","3","00:13:14","457","49","1"
"31","183","190","3","00:13:14","100","206","0"
"109","31","27","3","00:13:15","100","49","0"
"23","15","38","3","00:13:15","100","206","0"
"101","78","101","3","00:13:15","143","251","1"
"39","88","106","3","00:13:15","457","49","0"
"224","42","167","3","00:13:15","457","49","0"
"88","206","212","3","00:13:15","100","206","0"
"138","316","261","3","00:13:15","500","94","0"
"101","42","21","3","00:13:16","300","150","0"
"35","21","24","3","00:13:16","143","251","0"
"15","156","99","3","00:13:16","143","251","1"
"34","76","150","3","00:13:16","143","94","1"
"54","23","31","3","00:13:17","100","49","1"
"18","58","251","3","00:13:17","457","206","0"
"57","23","160","3","00:13:18","300","150","0"
"97","76","8","3","00:13:19","143","94","1"
"53","23","206","3","00:13:19","300","150","1"
"205","57","260","3","00:13:19","143","251","1"
"116","57","103","3","00:13:20","203","227","1"
"89","35","177","3","00:13:20","100","49","1"
"1","75","187","3","00:13:20","100","49","1"
"57","34","39","3","00:13:21","353","27","1"
"214","1","105","3","00:13:22","500","251","1"
"34","21","117","3","00:13:22","457","206","1"
"45","248","217","3","00:13:22","300","150","0"
"23","31","262","3","00:13:22","457","49","1"
"30","15","11","3","00:13:23","457","49","0"
"103","109","50","3","00:13:23","100","49","1"
"78","21","147","3","00:13:23","300","150","0"
"231","97","183","3","00:13:23","100","49","0"
"39","212","332","3","00:13:23","457","49","1"
"27","142","49","3","00:13:24","300","150","0"
"21","34","124","3","00:13:24","100","49","1"
"4","227","155","3","00:13:24","300","150","1"
"30","101","197","3","00:13:24","457","49","0"
"65","86","36","3","00:13:25","397","73","1"
"78","42","112","3","00:13:25","457","206","0"
"57","89","215","3","00:13:25","100","49","0"
"76","224","140","3","00:13:26","203","27","1"
"57","195","144","3","00:13:26","100","49","0"
"4","31","172","3","00:13:26","247","273","0"
"31","280","214","3","00:13:26","300","150","0"
"21","75","270","3","00:13:26","300","150","0"
"23","81","6","3","00:13:27","100","49","1"
"101","42","21","3","00:13:27","353","227","0"
"227","4","125","3","00:13:27","500","251","1"
"23","4","132","3","00:13:27","457","49","0"
"224","58","229","3","00:13:28","143","251","0"
"31","89","253","3","00:13:28","100","206","1"
"34","31","161","3","00:13:29","500","94","0"
"30","15","42","3","00:13:30","457","206","0"
"109","97","98","3","00:13:30","100","49","1"
"23","34","124","3","00:13:31","100","49","0"
"21","89","136","3","00:13:31","100","206","1"
"205","1","148","3","00:13:31","143","251","1"
"23","58","233","3","00:13:31","100","206","0"
"58","78","237","3","00:13:31","300","150","1"
"57","89","249","3","00:13:31","300","150","1"
"76","58","10","3","00:13:32","457","206","1"
"224","78","101","3","00:13:32","143","94","0"
"183","75","133","3","00:13:32","353","227","1"
"89","1","145","3","00:13:32","500","251","1"
"101","97","207","3","00:13:32","100","206","1"
"138","23","216","3","00:13:32","300","150","0"
"81","57","37","3","00:13:33","300","150","0"
"75","81","47","3","00:13:33","300","150","1"
"4","55","65","3","00:13:33","300","150","1"
"224","183","127","3","00:13:33","500","251","0"
"58","195","219","3","00:13:34","500","251","1"
"23","65","40","3","00:13:36","100","49","1"
"76","195","111","3","00:13:36","353","27","0"
"23","58","115","3","00:13:36","100","49","1"
"30","13","11","3","00:13:37","457","206","0"
"23","212","169","3","00:13:37","100","206","1"
"30","205","146","3","00:13:38","100","206","0"
"30","1","228","3","00:13:38","143","251","0"
"224","76","108","3","00:13:39","100","49","1"
"30","78","121","3","00:13:39","100","206","0"
"101","45","212","3","00:13:39","300","150","1"
"30","101","260","3","00:13:39","300","150","0"
"146","195","102","3","00:13:40","457","206","1"
"227","31","161","3","00:13:40","143","94","0"
"116","231","110","3","00:13:41","100","49","0"
"4","76","224","3","00:13:41","100","206","1"
"75","23","86","3","00:13:42","353","27","1"
"98","78","180","3","00:13:42","353","227","0"
"21","89","203","3","00:13:42","300","150","1"
"30","97","228","3","00:13:42","143","251","0"
"138","227","266","3","00:13:42","300","150","0"
"65","49","118","3","00:13:43","100","49","1"
"89","30","174","3","00:13:43","300","150","1"
"58","42","26","3","00:13:44","300","150","1"
"21","39","175","3","00:13:45","100","49","0"
"210","97","195","3","00:13:45","203","227","1"
"97","65","8","3","00:13:46","500","94","0"
"115","86","12","3","00:13:46","143","251","1"
"30","34","13","3","00:13:46","300","150","0"
"39","105","43","3","00:13:46","100","206","1"
"4","98","62","3","00:13:46","100","49","1"
"34","57","71","3","00:13:47","100","49","0"
"88","76","108","3","00:13:47","353","27","0"
"45","78","143","3","00:13:47","300","150","1"
"39","57","176","3","00:13:47","300","150","0"
"75","23","196","3","00:13:47","203","27","1"
"89","224","211","3","00:13:47","300","150","1"
"21","89","270","3","00:13:47","457","49","1"
"21","109","97","3","00:13:48","100","49","1"
"227","88","120","3","00:13:48","143","251","1"
"1","142","34","3","00:13:49","300","150","1"
"195","212","100","3","00:13:49","457","206","1"
"190","39","119","3","00:13:49","100","206","1"
"31","76","154","3","00:13:49","457","206","1"
"30","75","67","3","00:13:50","457","49","0"
"23","75","90","3","00:13:50","100","49","1"
"42","78","148","3","00:13:50","500","94","1"
"78","101","185","3","00:13:50","203","27","0"
"116","1","38","3","00:13:51","100","49","0"
"31","76","138","3","00:13:51","457","49","1"
"42","183","332","3","00:13:51","100","49","0"
"75","4","72","3","00:13:52","100","49","1"
"4","25","206","3","00:13:52","100","206","0"
"1","61","213","3","00:13:52","457","49","1"
"4","76","224","3","00:13:52","100","206","0"
"269","138","252","3","00:13:52","457","206","1"
"30","1","85","3","00:13:53","100","206","0"
"31","88","106","3","00:13:53","100","206","1"
"30","88","137","3","00:13:53","457","206","0"
"205","39","141","3","00:13:53","300","150","0"
"30","189","149","3","00:13:53","353","227","0"
"138","78","234","3","00:13:53","247","273","0"
"115","30","20","3","00:13:54","300","150","0"
"34","78","24","3","00:13:54","500","94","0"
"45","269","330","3","00:13:54","143","251","1"
"57","23","15","3","00:13:55","100","49","1"
"15","81","27","3","00:13:55","203","27","0"
"78","31","99","3","00:13:55","300","150","1"
"78","57","171","3","00:13:55","457","49","0"
"23","34","186","3","00:13:55","457","49","1"
"61","31","3","3","00:13:56","353","227","0"
"78","76","29","3","00:13:56","100","206","1"
"21","1","50","3","00:13:56","100","206","1"
"49","116","95","3","00:13:56","203","27","1"
"78","116","98","3","00:13:56","457","49","0"
"1","97","147","3","00:13:56","100","206","0"
"75","35","177","3","00:13:56","100","206","1"
"73","23","196","3","00:13:56","300","150","0"
"205","34","240","3","00:13:56","500","251","0"
"54","35","26","3","00:13:57","100","49","0"
"78","21","98","3","00:13:57","457","49","0"
"1","231","139","3","00:13:57","457","206","0"
"57","35","155","3","00:13:57","203","27","0"
"227","30","161","3","00:13:57","500","94","1"
"183","75","187","3","00:13:57","457","49","0"
"316","58","235","3","00:13:57","100","49","0"
"88","78","237","3","00:13:57","100","206","0"
"49","97","94","3","00:13:58","457","49","1"
"30","88","137","3","00:13:58","300","150","0"
"1","57","171","3","00:13:58","457","49","0"
"21","39","175","3","00:13:58","100","206","1"
"39","58","176","3","00:13:58","457","206","1"
"30","4","197","3","00:13:58","457","49","0"
"190","57","233","3","00:13:58","353","27","1"
"34","15","259","3","00:13:58","500","94","0"
"31","30","214","3","00:13:59","457","49","1"
"97","224","132","3","00:14:00","100","49","1"
"57","21","144","3","00:14:00","457","49","1"
"89","195","239","3","00:14:00","143","251","1"
"269","30","265","3","00:14:00","300","150","0"
"88","39","39","3","00:14:01","457","206","1"
"78","21","98","3","00:14:01","457","49","0"
"189","72","208","3","00:14:02","457","206","1"
"23","88","209","3","00:14:02","457","49","0"
"78","23","109","3","00:14:03","100","49","0"
"189","1","123","3","00:14:03","100","206","0"
"89","30","174","3","00:14:03","300","150","1"
"57","31","201","3","00:14:03","457","206","1"
"4","30","214","3","00:14:03","457","49","0"
"244","269","241","3","00:14:03","203","227","1"
"45","39","258","3","00:14:03","100","206","0"
"27","16","11","3","00:14:04","300","150","0"
"58","76","18","3","00:14:04","143","251","1"
"30","23","58","3","00:14:04","203","27","0"
"65","23","86","3","00:14:04","100","49","0"
"49","30","89","3","00:14:04","100","206","1"
"78","31","99","3","00:14:04","143","251","0"
"88","21","244","3","00:14:04","500","94","1"
"21","75","270","3","00:14:04","457","49","0"
"16","35","139","3","00:14:05","457","49","0"
"30","248","331","3","00:14:05","300","150","0"
"57","21","59","3","00:14:06","100","206","0"
"86","58","71","3","00:14:06","100","49","0"
"89","227","177","3","00:14:06","300","150","0"
"183","116","173","3","00:14:07","100","206","1"
"21","210","204","3","00:14:07","100","206","0"
"61","88","264","3","00:14:07","457","49","0"
"57","31","62","3","00:14:08","203","27","1"
"15","31","99","3","00:14:08","300","150","1"
"156","116","33","3","00:14:09","100","206","1"
"32","4","197","3","00:14:09","457","49","0"
"89","21","142","3","00:14:10","300","150","1"
"4","204","155","3","00:14:10","100","206","1"
"65","42","189","3","00:14:10","100","49","0"
"23","75","270","3","00:14:10","457","49","1"
"227","97","117","3","00:14:11","397","73","1"
"58","34","268","3","00:14:11","100","49","0"
"76","15","105","3","00:14:12","143","251","1"
"88","75","108","3","00:14:12","457","206","0"
"58","21","160","3","00:14:12","457","49","0"
"76","280","248","3","00:14:12","100","49","1"
"244","4","227","3","00:14:13","457","49","1"
"78","227","246","3","00:14:13","457","206","1"
"31","88","137","3","00:14:14","457","49","0"
"31","101","103","3","00:14:15","457","49","0"
"1","35","112","3","00:14:15","457","206","1"
"78","62","113","3","00:14:15","457","206","0"
"75","88","122","3","00:14:15","300","150","0"
"88","1","69","3","00:14:16","457","49","0"
"45","1","143","3","00:14:16","143","251","1"
"21","75","169","3","00:14:16","300","150","1"
"76","195","241","3","00:14:16","100","206","1"
"61","88","264","3","00:14:16","457","49","0"
"57","76","334","3","00:14:16","100","49","1"
"76","30","30","3","00:14:17","457","206","1"
"1","86","32","3","00:14:17","457","206","1"
"1","76","57","3","00:14:17","457","206","0"
"125","142","72","3","00:14:17","300","150","0"
"1","31","173","3","00:14:17","353","227","0"
"1","227","220","3","00:14:17","353","27","1"
"248","220","226","3","00:14:17","300","150","1"
"57","115","249","3","00:14:17","457","49","0"
"57","21","59","3","00:14:18","100","49","1"
"1","88","251","3","00:14:18","353","227","1"
"313","75","257","3","00:14:18","457","49","0"
"15","35","16","3","00:14:19","300","150","0"
"15","57","34","3","00:14:19","100","206","1"
"98","35","60","3","00:14:19","353","227","0"
"116","231","146","3","00:14:19","353","227","1"
"224","195","216","3","00:14:19","397","73","1"
"23","30","20","3","00:14:20","100","49","1"
"25","75","40","3","00:14:20","100","206","0"
"76","1","118","3","00:14:20","300","150","0"
"21","78","126","3","00:14:20","100","206","0"
"89","21","142","3","00:14:20","457","49","0"
"227","57","165","3","00:14:20","500","251","1"
"42","76","238","3","00:14:21","100","206","0"
"57","30","3","3","00:14:22","300","150","0"
"73","88","10","3","00:14:22","100","49","1"
"31","100","67","3","00:14:22","457","206","0"
"31","65","166","3","00:14:22","100","206","1"
"269","280","265","3","00:14:22","457","49","1"
"109","23","23","3","00:14:23","457","49","0"
"34","23","73","3","00:14:23","300","150","1"
"89","78","105","3","00:14:23","397","273","0"
"34","66","114","3","00:14:23","143","94","1"
"42","57","120","3","00:14:23","247","273","0"
"31","75","138","3","00:14:23","300","150","1"
"75","88","140","3","00:14:23","457","49","1"
"86","157","158","3","00:14:23","100","49","1"
"57","21","160","3","00:14:23","353","227","0"
"97","31","168","3","00:14:23","457","49","1"
"34","21","183","3","00:14:23","457","206","0"
"34","1","234","3","00:14:23","143","251","1"
"224","78","259","3","00:14:23","500","94","1"
"1","35","112","3","00:14:24","457","49","0"
"21","57","132","3","00:14:24","100","206","0"
"183","205","139","3","00:14:24","100","49","0"
"286","15","237","3","00:14:24","457","49","0"
"138","313","261","3","00:14:24","500","94","0"
"65","78","45","3","00:14:25","300","150","0"
"23","109","50","3","00:14:25","100","206","1"
"86","125","61","3","00:14:25","457","49","1"
"1","57","65","3","00:14:25","100","49","1"
"31","1","87","3","00:14:25","100","49","0"
"23","205","107","3","00:14:25","457","206","0"
"224","195","216","3","00:14:25","500","251","0"
"183","204","269","3","00:14:25","300","150","0"
"75","23","86","3","00:14:26","457","49","0"
"58","248","215","3","00:14:26","100","49","1"
"89","76","263","3","00:14:26","143","251","1"
"13","35","16","3","00:14:27","100","49","1"
"13","31","89","3","00:14:27","457","49","0"
"39","97","149","3","00:14:27","300","150","0"
"57","78","151","3","00:14:27","300","150","1"
"34","1","234","3","00:14:27","143","251","1"
"205","31","243","3","00:14:27","500","94","1"
"88","101","41","3","00:14:28","457","49","1"
"31","42","60","3","00:14:28","100","206","1"
"42","23","130","3","00:14:28","143","94","0"
"30","57","199","3","00:14:28","457","49","1"
"189","76","210","3","00:14:28","300","150","1"
"78","138","250","3","00:14:28","300","150","0"
"34","313","261","3","00:14:28","500","94","1"
"21","227","124","3","00:14:29","100","49","0"
"88","39","172","3","00:14:29","143","94","0"
"205","39","258","3","00:14:29","100","49","1"
"21","1","70","3","00:14:30","457","206","0"
"57","34","167","3","00:14:30","300","150","0"
"115","78","38","3","00:14:31","353","27","1"
"42","1","56","3","00:14:31","203","227","0"
"227","31","231","3","00:14:31","300","150","0"
"205","58","260","3","00:14:31","300","150","0"
"35","73","5","3","00:14:32","300","150","1"
"42","27","9","3","00:14:32","500","94","1"
"98","21","58","3","00:14:32","300","150","0"
"39","125","61","3","00:14:32","457","49","1"
"224","15","259","3","00:14:32","500","94","1"
"89","21","142","3","00:14:33","353","27","0"
"88","97","191","3","00:14:33","203","227","0"
"224","191","216","3","00:14:33","500","94","0"
"21","81","55","3","00:14:34","100","49","1"
"88","100","336","3","00:14:34","100","206","1"
"34","192","102","3","00:14:35","100","206","1"
"34","42","236","3","00:14:35","500","94","0"
"13","205","139","3","00:14:36","300","150","1"
"1","76","187","3","00:14:36","300","150","0"
"57","23","31","3","00:14:37","100","206","1"
"142","86","39","3","00:14:37","457","49","1"
"23","76","136","3","00:14:37","100","206","1"
"57","31","188","3","00:14:37","457","206","1"
"1","156","27","3","00:14:38","203","227","1"
"34","42","236","3","00:14:38","500","94","0"
"31","65","166","3","00:14:39","100","206","1"
"75","39","174","3","00:14:39","397","273","0"
"1","23","23","3","00:14:40","100","49","1"
"4","76","129","3","00:14:40","203","227","0"
"189","114","168","3","00:14:40","300","150","1"
"1","89","246","3","00:14:40","203","27","1"
"183","30","269","3","00:14:40","300","150","1"
"81","101","66","3","00:14:41","143","251","0"
"1","31","182","3","00:14:41","500","94","1"
"61","65","267","3","00:14:41","100","49","1"
"86","72","61","3","00:14:42","457","206","1"
"78","34","157","3","00:14:42","353","227","1"
"21","78","50","3","00:14:43","300","150","0"
"31","183","180","3","00:14:43","457","206","1"
"101","39","2","3","00:14:44","100","206","1"
"57","30","3","3","00:14:44","100","49","0"
"57","76","41","3","00:14:44","203","27","0"
"142","91","59","3","00:14:44","100","206","0"
"183","31","163","3","00:14:44","100","49","0"
"76","34","177","3","00:14:44","457","206","1"
"217","23","207","3","00:14:44","457","206","0"
"227","21","239","3","00:14:44","247","73","0"
"23","109","97","3","00:14:45","100","206","0"
"73","15","218","3","00:14:45","100","206","0"
"58","89","249","3","00:14:45","457","49","1"
"88","156","62","3","00:14:46","203","227","1"
"42","57","165","3","00:14:46","143","251","1"
"57","224","268","3","00:14:46","300","150","1"
"15","280","269","3","00:14:46","100","49","1"
"89","21","111","3","00:14:47","300","150","0"
"34","76","261","3","00:14:47","143","251","1"
"21","1","70","3","00:14:48","457","49","0"
"88","190","219","3","00:14:48","300","150","0"
"195","88","233","3","00:14:48","203","27","1"
"30","61","243","3","00:14:48","500","94","0"
"227","31","231","3","00:14:49","247","273","0"
"220","86","336","3","00:14:49","457","49","0"
"31","78","42","3","00:14:50","457","206","1"
"183","76","133","3","00:14:50","300","150","0"
"204","1","143","3","00:14:50","143","251","0"
"31","183","180","3","00:14:50","457","206","1"
"1","76","187","3","00:14:50","457","206","0"
"4","248","253","3","00:14:50","353","27","1"
"76","97","63","3","00:14:51","100","49","1"
"34","23","183","3","00:14:51","457","206","0"
"42","21","24","3","00:14:52","500","251","0"
"142","78","69","3","00:14:52","100","206","0"
"21","78","134","3","00:14:52","100","206","1"
"183","195","147","3","00:14:52","457","49","0"
"31","73","154","3","00:14:52","100","206","0"
"183","31","163","3","00:14:52","100","49","1"
"57","189","206","3","00:14:52","457","49","1"
"31","58","254","3","00:14:52","100","206","1"
"23","76","153","3","00:14:53","100","206","0"
"23","157","175","3","00:14:53","457","206","1"
"1","31","182","3","00:14:53","500","94","0"
"89","76","263","3","00:14:53","143","251","0"
"58","34","26","3","00:14:54","300","150","1"
"23","31","119","3","00:14:54","100","206","1"
"57","76","129","3","00:14:54","100","206","0"
"224","35","135","3","00:14:54","457","49","1"
"31","76","154","3","00:14:54","100","206","1"
"183","42","157","3","00:14:54","300","150","0"
"78","88","65","3","00:14:55","100","206","1"
"76","191","159","3","00:14:55","457","49","1"
"31","4","176","3","00:14:55","100","49","0"
"30","61","258","3","00:14:55","100","206","1"
"128","4","72","3","00:14:56","457","206","1"
"98","78","85","3","00:14:56","457","49","0"
"224","15","234","3","00:14:56","300","150","0"
"280","89","217","3","00:14:57","500","251","1"
"191","34","252","3","00:14:57","100","49","0"
"142","101","54","3","00:14:58","300","150","0"
"21","42","186","3","00:14:58","100","206","0"
"4","31","201","3","00:14:58","300","150","1"
"97","30","6","3","00:14:59","100","206","1"
"23","1","38","3","00:14:59","457","49","1"
"23","31","119","3","00:14:59","100","206","0"
"42","23","183","3","00:14:59","457","49","1"
"98","88","197","3","00:14:59","100","49","1"
"105","76","40","3","00:15:00","300","150","1"
"15","23","4","3","00:15:01","203","227","1"
"42","114","43","3","00:15:01","300","150","1"
"58","89","178","3","00:15:01","143","94","1"
"42","78","179","3","00:15:01","457","49","1"
"42","204","214","3","00:15:01","457","49","1"
"4","183","332","3","00:15:01","100","206","0"
"75","15","118","3","00:15:02","100","49","1"
"42","4","165","3","00:15:02","143","94","1"
"101","244","334","3","00:15:02","353","227","1"
"89","224","335","3","00:15:03","143","251","0"
"23","75","88","3","00:15:04","457","49","1"
"78","23","95","3","00:15:04","100","206","0"
"78","97","98","3","00:15:04","457","49","1"
"75","30","116","3","00:15:04","100","49","0"
"31","21","156","3","00:15:04","100","49","0"
"89","205","223","3","00:15:04","143","251","1"
"78","34","250","3","00:15:04","457","49","1"
"58","35","26","3","00:15:05","100","49","1"
"97","1","123","3","00:15:05","100","206","1"
"35","89","150","3","00:15:05","500","94","0"
"30","1","180","3","00:15:05","457","49","0"
"23","4","208","3","00:15:05","300","150","0"
"58","183","237","3","00:15:05","100","206","0"
"227","21","239","3","00:15:05","143","94","0"
"65","1","52","3","00:15:06","353","227","1"
"1","116","99","3","00:15:06","500","94","1"
"195","4","115","3","00:15:06","300","150","1"
"57","31","152","3","00:15:06","100","49","0"
"23","280","265","3","00:15:06","100","206","0"
"39","37","146","3","00:15:07","457","206","1"
"65","109","14","3","00:15:08","100","49","1"
"81","21","58","3","00:15:08","457","206","0"
"4","42","167","3","00:15:08","100","206","1"
"57","35","26","3","00:15:09","100","49","1"
"58","78","127","3","00:15:09","247","273","1"
"227","76","128","3","00:15:09","143","94","1"
"1","30","173","3","00:15:09","457","49","0"
"97","1","126","3","00:15:10","100","49","0"
"76","23","196","3","00:15:10","100","49","0"
"49","58","229","3","00:15:10","500","251","0"
"31","21","131","3","00:15:12","457","49","0"
"31","88","37","3","00:15:13","100","49","1"
"142","101","54","3","00:15:13","100","206","0"
"39","1","121","3","00:15:13","100","206","0"
"31","42","13","3","00:15:14","100","49","0"
"21","31","20","3","00:15:14","100","49","0"
"1","116","99","3","00:15:14","500","94","1"
"227","1","143","3","00:15:14","300","150","0"
"35","89","150","3","00:15:14","397","273","1"
"23","57","209","3","00:15:14","100","49","1"
"39","78","56","3","00:15:15","300","150","0"
"75","57","122","3","00:15:15","100","49","0"
"89","23","159","3","00:15:15","100","206","1"
"30","89","166","3","00:15:15","300","150","0"
"30","224","240","3","00:15:15","457","206","1"
"30","75","67","3","00:15:16","457","206","1"
"31","4","106","3","00:15:16","457","206","1"
"21","39","175","3","00:15:16","100","49","1"
"313","34","245","3","00:15:16","457","49","0"
"42","75","128","3","00:15:17","143","94","1"
"227","183","143","3","00:15:17","143","94","0"
"21","31","168","3","00:15:17","457","49","0"
"285","15","228","3","00:15:17","143","251","1"
"42","97","183","3","00:15:18","203","227","0"
"101","316","334","3","00:15:18","100","206","1"
"78","30","173","3","00:15:19","353","227","1"
"76","101","222","3","00:15:19","100","49","1"
"88","78","15","3","00:15:20","100","49","0"
"65","31","30","3","00:15:21","300","150","1"
"76","1","118","3","00:15:21","457","49","1"
"30","31","258","3","00:15:21","457","206","0"
"280","190","331","3","00:15:21","397","273","1"
"76","23","86","3","00:15:22","457","206","0"
"75","23","195","3","00:15:22","100","206","1"
"31","4","199","3","00:15:22","457","49","1"
"73","88","235","3","00:15:22","100","49","0"
"201","65","267","3","00:15:22","100","206","0"
"78","23","95","3","00:15:23","100","206","0"
"25","4","208","3","00:15:23","100","49","1"
"58","116","59","3","00:15:24","457","206","1"
"138","49","87","3","00:15:24","100","206","1"
"76","34","104","3","00:15:24","143","94","0"
"34","61","236","3","00:15:24","500","94","0"
"220","313","263","3","00:15:24","300","150","0"
"75","15","14","3","00:15:25","100","206","1"
"65","78","25","3","00:15:25","100","49","0"
"57","35","26","3","00:15:25","300","150","1"
"30","57","37","3","00:15:25","300","150","0"
"42","31","161","3","00:15:25","143","251","0"
"30","1","180","3","00:15:25","457","49","0"
"34","30","221","3","00:15:25","500","251","1"
"35","220","120","3","00:15:26","500","251","1"
"21","204","124","3","00:15:26","100","206","0"
"42","98","141","3","00:15:26","143","251","0"
"201","88","199","3","00:15:26","300","150","0"
"280","36","240","3","00:15:26","500","94","1"
"30","23","256","3","00:15:26","143","251","1"
"75","30","30","3","00:15:27","100","206","0"
"35","142","71","3","00:15:27","457","206","0"
"31","1","190","3","00:15:27","100","206","1"
"31","21","247","3","00:15:27","100","206","1"
"57","75","129","3","00:15:28","203","227","1"
"16","75","29","3","00:15:29","100","49","0"
"30","78","85","3","00:15:29","100","206","1"
"30","227","217","3","00:15:29","143","94","1"
"76","78","45","3","00:15:30","100","49","1"
"30","57","137","3","00:15:30","203","27","0"
"89","34","189","3","00:15:30","100","206","1"
"142","115","31","3","00:15:31","457","206","0"
"1","30","163","3","00:15:31","457","206","1"
"21","30","20","3","00:15:32","100","49","1"
"109","31","27","3","00:15:32","100","206","0"
"231","76","114","3","00:15:32","143","94","1"
"78","224","171","3","00:15:32","457","49","0"
"25","75","203","3","00:15:32","100","49","1"
"190","224","252","3","00:15:32","457","206","1"
"34","97","259","3","00:15:32","500","251","0"
"23","214","100","3","00:15:33","100","206","0"
"76","58","222","3","00:15:33","100","206","0"
"16","21","225","3","00:15:34","100","206","0"
"75","34","36","3","00:15:35","143","94","1"
"58","35","155","3","00:15:36","203","27","0"
"30","57","197","3","00:15:36","457","206","0"
"23","78","50","3","00:15:37","457","49","1"
"23","78","96","3","00:15:37","457","49","1"
"34","23","216","3","00:15:37","397","273","1"
"58","34","26","3","00:15:38","300","150","1"
"98","1","42","3","00:15:38","100","49","1"
"217","30","212","3","00:15:38","457","49","0"
"142","23","59","3","00:15:39","300","150","1"
"195","42","107","3","00:15:39","203","227","1"
"42","1","148","3","00:15:39","143","94","0"
"76","31","174","3","00:15:39","500","251","0"
"31","280","214","3","00:15:39","457","49","1"
"21","88","233","3","00:15:39","100","206","0"
"73","138","245","3","00:15:39","300","150","1"
"21","30","20","3","00:15:40","203","27","0"
"34","86","150","3","00:15:40","143","251","0"
"30","23","256","3","00:15:40","143","251","1"
"1","21","4","3","00:15:41","100","49","1"
"156","42","60","3","00:15:41","300","150","0"
"76","88","72","3","00:15:41","100","49","0"
"224","1","151","3","00:15:41","203","227","0"
"89","42","189","3","00:15:41","100","206","0"
"30","57","197","3","00:15:41","457","206","1"
"21","30","20","3","00:15:42","203","27","1"
"34","31","35","3","00:15:42","100","206","0"
"101","76","178","3","00:15:43","143","251","1"
"34","58","229","3","00:15:43","300","150","0"
"280","39","243","3","00:15:43","143","251","1"
"276","243","332","3","00:15:43","457","49","1"
"39","34","110","3","00:15:44","353","27","0"
"75","31","116","3","00:15:44","457","206","1"
"30","224","176","3","00:15:44","100","49","1"
"105","167","38","3","00:15:45","100","206","1"
"76","57","140","3","00:15:45","457","206","0"
"231","78","143","3","00:15:45","300","150","0"
"31","227","253","3","00:15:45","457","206","1"
"78","65","255","3","00:15:45","203","227","0"
"30","75","66","3","00:15:46","500","94","1"
"34","4","125","3","00:15:46","143","251","1"
"58","42","167","3","00:15:46","100","49","1"
"39","244","224","3","00:15:46","353","227","1"
"23","34","107","3","00:15:47","300","150","1"
"34","23","117","3","00:15:47","457","49","0"
"212","42","164","3","00:15:47","457","206","0"
"30","78","85","3","00:15:48","100","206","1"
"191","73","210","3","00:15:48","457","49","0"
"73","42","2","3","00:15:49","100","206","0"
"34","81","46","3","00:15:49","397","73","1"
"42","75","61","3","00:15:49","100","206","1"
"97","183","126","3","00:15:49","457","49","1"
"105","15","38","3","00:15:50","100","206","1"
"30","227","217","3","00:15:50","500","251","1"
"39","58","103","3","00:15:51","457","206","1"
"1","75","184","3","00:15:51","500","94","1"
"88","31","201","3","00:15:51","300","150","0"
"109","78","23","3","00:15:52","353","27","1"
"75","17","105","3","00:15:52","247","273","0"
"224","97","144","3","00:15:52","457","206","0"
"280","21","256","3","00:15:52","143","251","1"
"76","81","30","3","00:15:53","300","150","0"
"86","97","43","3","00:15:53","100","49","1"
"78","23","147","3","00:15:53","100","49","0"
"4","280","214","3","00:15:53","457","206","0"
"34","23","216","3","00:15:53","500","94","0"
"88","35","39","3","00:15:54","300","150","1"
"227","66","263","3","00:15:54","500","251","1"
"191","39","119","3","00:15:55","457","206","1"
"30","88","106","3","00:15:56","457","49","1"
"224","138","152","3","00:15:56","457","206","0"
"231","116","161","3","00:15:56","247","273","1"
"78","31","182","3","00:15:56","500","94","0"
"58","39","188","3","00:15:56","100","49","1"
"23","57","208","3","00:15:56","100","206","0"
"1","34","32","3","00:15:57","457","49","0"
"39","97","73","3","00:15:57","457","49","1"
"39","231","110","3","00:15:57","203","227","1"
"30","75","138","3","00:15:57","457","49","0"
"42","31","9","3","00:15:58","143","94","1"
"34","78","24","3","00:15:58","143","94","1"
"34","76","128","3","00:15:58","143","251","1"
"224","97","160","3","00:15:58","300","150","0"
"78","212","187","3","00:15:58","457","49","1"
"21","78","97","3","00:15:59","100","206","1"
"75","15","118","3","00:15:59","457","206","1"
"23","13","123","3","00:15:59","300","150","0"
"23","57","181","3","00:15:59","500","94","0"
"72","245","212","3","00:15:59","353","227","0"
"34","75","266","3","00:15:59","143","251","1"
"88","101","41","3","00:16:00","457","206","1"
"23","75","90","3","00:16:00","100","49","1"
"75","31","116","3","00:16:00","457","49","0"
"30","21","131","3","00:16:00","457","49","1"
"89","116","158","3","00:16:00","300","150","1"
"73","57","222","3","00:16:00","457","49","1"
"1","30","64","3","00:16:01","100","206","0"
"97","57","115","3","00:16:01","457","206","0"
"201","57","199","3","00:16:01","457","49","0"
"34","30","221","3","00:16:01","300","150","0"
"76","21","25","3","00:16:02","457","49","0"
"42","75","61","3","00:16:02","100","206","1"
"89","30","174","3","00:16:02","300","150","0"
"57","227","249","3","00:16:02","203","227","0"
"1","205","112","3","00:16:03","457","206","0"
"4","49","127","3","00:16:03","143","94","0"
"138","78","234","3","00:16:03","300","150","1"
"30","115","242","3","00:16:03","500","251","0"
"61","23","247","3","00:16:03","457","206","1"
"316","75","257","3","00:16:03","100","49","0"
"57","75","54","3","00:16:05","100","206","0"
"57","30","62","3","00:16:05","100","206","1"
"191","39","119","3","00:16:05","100","49","0"
"4","244","224","3","00:16:05","100","206","0"
"57","42","26","3","00:16:06","457","206","0"
"21","138","252","3","00:16:06","300","150","0"
"23","78","126","3","00:16:07","457","49","1"
"231","30","141","3","00:16:07","500","251","1"
"31","15","11","3","00:16:08","457","49","0"
"97","125","100","3","00:16:08","353","227","1"
"39","88","103","3","00:16:08","300","150","1"
"224","34","135","3","00:16:08","100","49","1"
"31","58","137","3","00:16:08","300","150","1"
"97","227","246","3","00:16:08","457","206","1"
"23","30","6","3","00:16:09","457","206","0"
"30","34","60","3","00:16:09","457","49","0"
"89","183","145","3","00:16:10","500","94","1"
"88","39","188","3","00:16:10","100","206","1"
"31","57","197","3","00:16:10","100","206","1"
"88","65","41","3","00:16:11","457","206","1"
"31","34","60","3","00:16:11","457","49","0"
"21","16","96","3","00:16:11","300","150","0"
"227","89","114","3","00:16:11","247","73","1"
"280","4","258","3","00:16:11","457","49","1"
"224","1","162","3","00:16:12","100","206","1"
"42","183","179","3","00:16:12","457","206","0"
"101","23","206","3","00:16:12","300","150","0"
"61","23","247","3","00:16:12","203","227","0"
"21","75","136","3","00:16:13","100","49","0"
"21","58","233","3","00:16:13","457","206","0"
"217","195","244","3","00:16:13","143","94","0"
"35","97","337","3","00:16:13","300","150","1"
"16","57","65","3","00:16:14","100","49","1"
"69","1","14","3","00:16:15","353","27","1"
"89","23","142","3","00:16:15","100","206","1"
"78","4","185","3","00:16:15","457","206","1"
"205","42","243","3","00:16:15","500","251","1"
"15","73","255","3","00:16:15","457","49","0"
"23","30","20","3","00:16:16","100","206","1"
"42","30","35","3","00:16:16","100","49","1"
"61","21","59","3","00:16:16","457","206","0"
"65","21","86","3","00:16:16","100","49","1"
"31","23","131","3","00:16:16","300","150","1"
"116","57","137","3","00:16:16","300","150","0"
"231","31","161","3","00:16:16","500","94","0"
"13","168","89","3","00:16:17","300","150","1"
"191","31","119","3","00:16:17","457","49","1"
"30","23","149","3","00:16:17","100","206","1"
"57","115","160","3","00:16:17","100","206","1"
"98","183","190","3","00:16:17","203","27","0"
"31","58","264","3","00:16:17","100","206","0"
"34","75","128","3","00:16:18","500","94","0"
"23","227","186","3","00:16:18","457","206","0"
"15","23","4","3","00:16:19","100","206","1"
"76","31","47","3","00:16:19","203","27","0"
"23","1","70","3","00:16:19","100","49","0"
"116","227","110","3","00:16:19","203","27","1"
"57","34","155","3","00:16:19","457","49","1"
"73","23","196","3","00:16:19","203","227","0"
"138","65","261","3","00:16:19","143","251","1"
"57","21","160","3","00:16:20","100","206","1"
"31","76","166","3","00:16:20","457","49","1"
"227","58","226","3","00:16:20","500","251","1"
"57","75","54","3","00:16:21","300","150","1"
"98","1","85","3","00:16:21","457","206","0"
"206","21","130","3","00:16:21","143","251","1"
"34","97","43","3","00:16:22","100","206","1"
"34","21","216","3","00:16:23","247","273","1"
"201","89","253","3","00:16:23","100","49","0"
"57","183","151","3","00:16:24","300","150","1"
"73","31","227","3","00:16:24","100","49","0"
"23","88","28","3","00:16:26","143","251","1"
"75","23","63","3","00:16:26","457","49","1"
"183","75","184","3","00:16:26","300","150","0"
"1","57","185","3","00:16:26","300","150","0"
"39","259","332","3","00:16:26","100","206","1"
"31","89","138","3","00:16:27","300","150","1"
"42","23","43","3","00:16:28","100","49","1"
"78","34","48","3","00:16:28","100","206","0"
"1","30","64","3","00:16:28","457","49","0"
"76","23","111","3","00:16:28","457","206","0"
"30","23","149","3","00:16:28","100","206","1"
"31","4","197","3","00:16:28","203","27","0"
"58","227","215","3","00:16:28","353","27","1"
"245","4","258","3","00:16:28","100","49","1"
"23","78","97","3","00:16:29","100","206","0"
"57","78","127","3","00:16:29","143","251","1"
"31","206","214","3","00:16:29","457","206","1"
"31","34","60","3","00:16:30","457","206","0"
"39","57","137","3","00:16:30","457","206","0"
"183","30","182","3","00:16:30","143","251","0"
"23","30","6","3","00:16:31","457","49","1"
"13","97","94","3","00:16:31","100","49","1"
"227","58","226","3","00:16:31","500","251","1"
"1","58","251","3","00:16:32","100","49","0"
"35","1","337","3","00:16:32","353","27","0"
"35","27","9","3","00:16:33","397","273","0"
"58","97","15","3","00:16:33","457","206","0"
"58","86","26","3","00:16:33","300","150","0"
"58","195","144","3","00:16:33","100","49","0"
"34","205","221","3","00:16:33","247","73","1"
"183","34","250","3","00:16:33","457","49","0"
"75","23","63","3","00:16:34","457","49","1"
"78","81","99","3","00:16:34","143","94","1"
"161","73","178","3","00:16:34","500","94","0"
"27","76","17","3","00:16:35","100","206","1"
"23","75","40","3","00:16:35","457","49","0"
"57","21","59","3","00:16:35","457","206","1"
"4","142","65","3","00:16:35","353","27","1"
"75","21","86","3","00:16:35","100","206","1"
"97","125","100","3","00:16:35","100","49","1"
"224","49","101","3","00:16:35","300","150","1"
"58","31","152","3","00:16:35","457","49","0"
"23","157","175","3","00:16:35","100","206","0"
"34","142","53","3","00:16:36","500","94","0"
"23","1","70","3","00:16:36","457","49","0"
"86","21","142","3","00:16:36","100","206","0"
"67","39","174","3","00:16:36","143","94","1"
"149","23","73","3","00:16:37","100","206","1"
"227","73","128","3","00:16:37","143","94","0"
"97","57","132","3","00:16:37","457","49","1"
"53","78","151","3","00:16:37","457","49","0"
"31","109","11","3","00:16:38","100","206","1"
"31","4","42","3","00:16:38","100","49","0"
"149","58","71","3","00:16:38","100","49","0"
"224","76","108","3","00:16:38","100","49","0"
"227","4","165","3","00:16:38","143","94","1"
"78","31","89","3","00:16:39","203","27","0"
"125","42","104","3","00:16:39","143","251","0"
"42","21","130","3","00:16:39","143","251","1"
"4","227","167","3","00:16:40","300","150","1"
"42","21","183","3","00:16:40","457","49","1"
"205","34","240","3","00:16:40","300","150","1"
"39","97","332","3","00:16:40","100","206","1"
"42","88","53","3","00:16:41","300","150","0"
"97","76","88","3","00:16:41","457","206","0"
"189","30","119","3","00:16:41","457","49","0"
"231","101","165","3","00:16:41","143","251","0"
"220","76","334","3","00:16:41","457","49","1"
"78","97","94","3","00:16:42","300","150","1"
"183","31","182","3","00:16:42","300","150","0"
"1","58","185","3","00:16:42","457","206","0"
"21","76","210","3","00:16:42","353","27","0"
"78","58","251","3","00:16:42","100","206","0"
"78","75","29","3","00:16:43","100","206","0"
"75","23","63","3","00:16:43","457","49","1"
"191","1","123","3","00:16:43","300","150","1"
"280","89","217","3","00:16:43","500","251","1"
"81","142","37","3","00:16:44","300","150","1"
"75","1","45","3","00:16:44","457","206","0"
"13","31","89","3","00:16:44","457","49","0"
"65","30","116","3","00:16:44","457","206","0"
"21","86","12","3","00:16:45","247","73","1"
"16","23","98","3","00:16:45","100","206","0"
"21","212","169","3","00:16:45","100","206","1"
"227","220","226","3","00:16:45","500","251","1"
"57","89","249","3","00:16:45","457","49","1"
"58","31","62","3","00:16:46","100","49","1"
"15","142","113","3","00:16:46","457","49","1"
"244","190","241","3","00:16:46","300","150","0"
"58","69","18","3","00:16:47","300","150","0"
"58","89","215","3","00:16:47","457","49","0"
"31","57","176","3","00:16:48","100","49","0"
"57","21","206","3","00:16:48","300","150","1"
"57","45","212","3","00:16:48","300","150","1"
"115","1","38","3","00:16:49","353","27","0"
"31","23","149","3","00:16:49","100","49","1"
"75","142","10","3","00:16:50","100","206","0"
"23","58","115","3","00:16:50","457","206","1"
"76","1","118","3","00:16:50","300","150","1"
"42","76","150","3","00:16:50","143","251","1"
"227","61","231","3","00:16:50","143","251","1"
"78","156","64","3","00:16:51","300","150","0"
"42","1","68","3","00:16:51","300","150","1"
"125","57","72","3","00:16:51","300","150","1"
"23","1","126","3","00:16:51","457","49","1"
"125","42","135","3","00:16:51","203","227","0"
"190","4","262","3","00:16:51","203","27","0"
"57","34","268","3","00:16:51","100","49","0"
"81","142","37","3","00:16:52","203","27","1"
"53","49","101","3","00:16:52","247","273","0"
"35","78","148","3","00:16:52","500","94","1"
"89","42","164","3","00:16:52","457","206","0"
"39","285","214","3","00:16:52","457","49","1"
"30","4","199","3","00:16:53","457","49","0"
"205","34","240","3","00:16:53","500","251","0"
"73","97","195","3","00:16:54","100","206","1"
"30","31","243","3","00:16:54","500","251","1"
"97","76","255","3","00:16:54","300","150","1"
"34","23","43","3","00:16:55","100","206","1"
"30","100","67","3","00:16:55","457","206","1"
"57","1","69","3","00:16:55","457","49","0"
"23","149","124","3","00:16:55","300","150","1"
"31","42","170","3","00:16:55","100","49","0"
"58","23","244","3","00:16:55","143","94","0"
"57","30","3","3","00:16:56","100","49","1"
"21","75","169","3","00:16:56","457","49","1"
"114","21","239","3","00:16:57","247","73","1"
"30","53","103","3","00:16:58","457","49","1"
"30","23","131","3","00:16:58","100","206","1"
"78","4","185","3","00:16:58","300","150","1"
"189","4","209","3","00:16:58","100","206","0"
"78","101","251","3","00:16:58","100","206","1"
"34","30","9","3","00:16:59","300","150","1"
"89","109","14","3","00:16:59","457","206","0"
"98","78","85","3","00:16:59","457","49","1"
"78","195","225","3","00:16:59","100","206","1"
"31","227","110","3","00:17:00","100","206","1"
"15","21","4","3","00:17:01","100","206","1"
"88","21","15","3","00:17:02","457","206","1"
"81","57","49","3","00:17:02","300","150","1"
"73","97","195","3","00:17:02","100","49","0"
"58","97","237","3","00:17:02","300","150","1"
"75","1","45","3","00:17:03","203","227","0"
"21","78","50","3","00:17:03","100","206","1"
"89","206","104","3","00:17:03","247","273","1"
"23","76","169","3","00:17:03","457","206","0"
"31","1","11","3","00:17:04","100","206","1"
"58","195","219","3","00:17:04","300","150","1"
"31","57","22","3","00:17:05","457","206","1"
"65","27","30","3","00:17:05","457","206","0"
"4","103","59","3","00:17:05","457","206","1"
"30","76","67","3","00:17:05","100","206","0"
"98","1","87","3","00:17:05","457","206","1"
"195","34","107","3","00:17:05","100","49","1"
"78","4","185","3","00:17:05","300","150","1"
"183","89","187","3","00:17:06","457","49","0"
"1","34","16","3","00:17:07","300","150","0"
"57","86","26","3","00:17:07","100","206","0"
"1","98","64","3","00:17:07","100","206","0"
"30","53","103","3","00:17:07","457","49","1"
"101","316","336","3","00:17:07","457","206","0"
"31","78","337","3","00:17:07","353","27","1"
"31","23","149","3","00:17:09","203","27","0"
"4","30","200","3","00:17:09","100","49","1"
"78","42","213","3","00:17:09","457","206","0"
"4","316","267","3","00:17:09","100","206","1"
"42","280","214","3","00:17:10","353","27","0"
"34","1","234","3","00:17:10","143","251","1"
"30","23","58","3","00:17:11","100","206","1"
"42","23","117","3","00:17:11","500","251","0"
"224","195","216","3","00:17:11","143","94","0"
"15","280","269","3","00:17:11","353","27","1"
"75","1","45","3","00:17:12","457","49","0"
"76","23","92","3","00:17:12","100","49","1"
"21","156","6","3","00:17:13","300","150","1"
"78","31","163","3","00:17:13","457","49","1"
"30","88","199","3","00:17:13","457","49","1"
"1","23","23","3","00:17:14","457","206","1"
"42","76","61","3","00:17:14","100","206","1"
"42","23","117","3","00:17:14","500","251","0"
"57","75","129","3","00:17:14","100","206","0"
"31","78","190","3","00:17:14","300","150","1"
"316","21","241","3","00:17:14","457","206","1"
"30","39","258","3","00:17:14","100","49","0"
"1","75","57","3","00:17:15","457","49","1"
"269","280","265","3","00:17:15","300","150","0"
"65","35","2","3","00:17:16","457","206","0"
"73","195","196","3","00:17:16","457","206","0"
"88","190","244","3","00:17:16","300","150","0"
"23","220","115","3","00:17:17","457","49","1"
"76","195","159","3","00:17:17","300","150","1"
"78","42","213","3","00:17:17","457","206","1"
"138","42","236","3","00:17:17","300","150","0"
"57","23","31","3","00:17:18","353","27","0"
"34","316","261","3","00:17:18","500","251","0"
"75","142","10","3","00:17:19","100","206","0"
"31","23","156","3","00:17:19","100","206","1"
"89","30","158","3","00:17:19","100","206","1"
"16","97","4","3","00:17:20","300","150","0"
"97","142","28","3","00:17:20","500","251","1"
"75","23","92","3","00:17:20","100","206","1"
"138","78","259","3","00:17:20","500","94","0"
"58","224","268","3","00:17:20","203","227","0"
"15","280","269","3","00:17:20","457","49","0"
"35","21","24","3","00:17:21","500","251","0"
"23","34","107","3","00:17:21","100","49","1"
"280","138","240","3","00:17:21","353","27","0"
"149","57","71","3","00:17:22","100","206","0"
"34","227","266","3","00:17:22","300","150","0"
"227","97","117","3","00:17:23","247","73","1"
"4","75","129","3","00:17:23","100","206","1"
"39","88","197","3","00:17:23","457","49","0"
"190","91","252","3","00:17:23","100","206","0"
"23","31","119","3","00:17:25","100","49","1"
"76","227","189","3","00:17:25","100","49","1"
"4","23","207","3","00:17:25","300","150","1"
"34","15","56","3","00:17:26","353","27","1"
"92","1","70","3","00:17:26","100","49","1"
"4","73","224","3","00:17:26","203","227","1"
"34","42","236","3","00:17:26","500","251","0"
"189","31","262","3","00:17:26","457","206","0"
"86","75","5","3","00:17:27","457","206","1"
"76","21","196","3","00:17:27","457","49","1"
"280","34","240","3","00:17:27","457","49","1"
"31","78","121","3","00:17:28","457","49","1"
"30","13","42","3","00:17:29","100","206","1"
"34","57","53","3","00:17:29","397","273","0"
"316","21","241","3","00:17:29","457","49","1"
"58","1","19","3","00:17:31","100","49","1"
"142","34","39","3","00:17:31","100","206","1"
"78","21","95","3","00:17:31","300","150","1"
"76","183","145","3","00:17:31","300","150","1"
"15","65","29","3","00:17:32","300","150","0"
"23","1","123","3","00:17:32","300","150","0"
"34","42","236","3","00:17:32","500","251","1"
"76","78","118","3","00:17:33","457","49","0"
"30","89","166","3","00:17:33","457","206","1"
"23","75","169","3","00:17:33","457","49","0"
"58","31","3","3","00:17:34","100","49","0"
"116","231","146","3","00:17:34","457","206","0"
"78","21","147","3","00:17:34","353","227","0"
"4","23","207","3","00:17:34","353","27","0"
"76","89","257","3","00:17:34","100","206","1"
"75","73","263","3","00:17:34","500","94","1"
"86","57","71","3","00:17:35","100","49","0"
"101","88","72","3","00:17:36","300","150","1"
"78","21","98","3","00:17:36","100","206","0"
"57","34","167","3","00:17:36","203","227","1"
"30","57","197","3","00:17:36","457","206","1"
"31","42","13","3","00:17:37","457","206","0"
"30","21","58","3","00:17:37","300","150","0"
"191","89","100","3","00:17:37","457","49","1"
"39","75","138","3","00:17:37","300","150","1"
"1","30","182","3","00:17:37","143","94","0"
"231","23","183","3","00:17:37","300","150","0"
"76","42","189","3","00:17:37","353","227","0"
"42","76","238","3","00:17:37","100","49","0"
"57","115","31","3","00:17:38","457","206","1"
"21","75","90","3","00:17:38","203","227","0"
"183","231","157","3","00:17:39","300","150","1"
"206","269","330","3","00:17:39","397","73","1"
"1","30","64","3","00:17:40","457","49","0"
"30","75","66","3","00:17:40","143","251","1"
"227","189","130","3","00:17:40","143","94","1"
"183","73","133","3","00:17:40","100","206","0"
"39","23","149","3","00:17:40","100","206","1"
"4","57","264","3","00:17:40","457","49","0"
"42","26","9","3","00:17:41","143","94","0"
"23","88","115","3","00:17:41","457","49","1"
"34","89","266","3","00:17:41","143","251","1"
"65","34","21","3","00:17:42","300","150","0"
"75","86","36","3","00:17:42","500","94","0"
"31","1","85","3","00:17:42","457","206","1"
"42","78","179","3","00:17:42","457","49","1"
"205","34","240","3","00:17:42","457","49","0"
"23","227","107","3","00:17:43","457","49","1"
"205","1","143","3","00:17:43","500","94","0"
"34","76","150","3","00:17:43","500","94","0"
"111","156","27","3","00:17:44","100","206","1"
"39","30","46","3","00:17:44","143","251","0"
"224","204","135","3","00:17:44","100","49","1"
"58","248","249","3","00:17:44","300","150","0"
"280","31","258","3","00:17:44","100","206","0"
"34","30","9","3","00:17:45","143","94","0"
"21","78","97","3","00:17:45","457","206","1"
"78","21","147","3","00:17:45","457","206","0"
"231","1","148","3","00:17:45","300","150","1"
"73","78","218","3","00:17:45","100","206","0"
"39","231","110","3","00:17:46","300","150","0"
"57","75","108","3","00:17:47","100","206","1"
"23","61","262","3","00:17:47","203","27","0"
"15","21","23","3","00:17:48","457","49","1"
"4","97","144","3","00:17:48","300","150","0"
"1","31","99","3","00:17:49","500","94","0"
"78","73","255","3","00:17:49","353","27","0"
"101","35","2","3","00:17:50","100","206","0"
"34","30","35","3","00:17:50","100","206","1"
"30","75","67","3","00:17:50","100","49","0"
"21","78","97","3","00:17:50","457","49","0"
"23","89","153","3","00:17:50","457","49","1"
"4","88","264","3","00:17:50","457","49","0"
"75","86","36","3","00:17:51","500","94","0"
"57","23","207","3","00:17:51","100","49","0"
"34","78","234","3","00:17:51","300","150","1"
"78","58","251","3","00:17:51","100","49","1"
"42","30","46","3","00:17:52","143","94","1"
"73","88","235","3","00:17:52","100","206","1"
"73","34","164","3","00:17:53","100","206","1"
"30","78","190","3","00:17:53","300","150","0"
"16","23","98","3","00:17:54","300","150","0"
"57","39","172","3","00:17:54","143","251","0"
"227","61","231","3","00:17:54","143","251","1"
"89","23","239","3","00:17:54","247","73","0"
"65","105","63","3","00:17:55","300","150","1"
"21","42","107","3","00:17:55","457","49","0"
"227","23","183","3","00:17:55","457","206","1"
"4","31","188","3","00:17:55","457","206","1"
"30","76","232","3","00:17:55","143","251","0"
"61","81","3","3","00:17:56","100","206","0"
"101","42","167","3","00:17:56","300","150","1"
"31","42","170","3","00:17:56","100","49","0"
"58","76","41","3","00:17:57","100","49","1"
"76","4","45","3","00:17:57","100","49","1"
"78","42","48","3","00:17:57","100","206","0"
"105","4","50","3","00:17:57","300","150","1"
"75","15","105","3","00:17:57","500","94","1"
"98","76","154","3","00:17:57","203","227","1"
"227","34","211","3","00:17:57","300","150","0"
"76","89","257","3","00:17:57","457","49","0"
"1","57","65","3","00:17:58","100","49","0"
"86","105","73","3","00:17:58","353","227","1"
"34","57","120","3","00:17:58","300","150","0"
"1","42","112","3","00:17:59","300","150","0"
"78","35","139","3","00:17:59","300","150","1"
"31","76","238","3","00:17:59","100","206","1"
"1","73","255","3","00:17:59","457","49","1"
"61","73","267","3","00:17:59","300","150","0"
"15","98","27","3","00:18:00","457","206","0"
"21","42","107","3","00:18:00","457","49","0"
"57","90","191","3","00:18:00","100","206","1"
"57","31","201","3","00:18:00","300","150","1"
"73","58","222","3","00:18:00","100","206","0"
"4","227","155","3","00:18:01","100","206","1"
"42","31","161","3","00:18:01","500","251","1"
"78","30","182","3","00:18:01","143","251","0"
"34","58","53","3","00:18:02","500","251","0"
"32","88","106","3","00:18:02","457","49","1"
"101","76","129","3","00:18:02","300","150","1"
"30","4","137","3","00:18:02","100","206","1"
"78","86","184","3","00:18:02","500","94","0"
"78","280","269","3","00:18:03","457","49","1"
"57","23","15","3","00:18:04","353","27","0"
"75","21","84","3","00:18:04","457","206","0"
"31","4","197","3","00:18:04","353","227","0"
"4","195","206","3","00:18:04","457","206","0"
"65","75","257","3","00:18:04","457","206","1"
"161","78","69","3","00:18:05","100","49","1"
"78","98","89","3","00:18:05","353","227","0"
"76","97","25","3","00:18:06","457","49","0"
"42","209","150","3","00:18:06","143","251","1"
"42","114","43","3","00:18:07","100","49","1"
"23","75","8","3","00:18:08","143","251","1"
"1","57","34","3","00:18:08","457","49","1"
"89","23","142","3","00:18:08","457","206","1"
"76","31","158","3","00:18:08","300","150","1"
"101","195","206","3","00:18:08","457","206","1"
"23","61","262","3","00:18:08","100","49","0"
"21","75","88","3","00:18:09","300","150","1"
"4","39","172","3","00:18:09","143","251","0"
"114","138","333","3","00:18:09","457","206","0"
"31","23","33","3","00:18:10","457","49","1"
"57","75","108","3","00:18:10","457","49","0"
"23","227","124","3","00:18:10","457","206","1"
"231","89","150","3","00:18:10","500","251","1"
"57","1","162","3","00:18:10","300","150","1"
"78","86","184","3","00:18:10","500","251","1"
"31","23","247","3","00:18:10","300","150","0"
"76","1","14","3","00:18:11","300","150","1"
"97","183","126","3","00:18:11","100","206","1"
"21","49","134","3","00:18:11","457","206","1"
"4","206","214","3","00:18:11","457","206","1"
"57","30","62","3","00:18:12","300","150","0"
"98","23","156","3","00:18:12","100","49","1"
"101","198","215","3","00:18:12","300","150","1"
"76","205","248","3","00:18:12","100","49","1"
"31","1","42","3","00:18:13","100","206","1"
"89","97","111","3","00:18:13","300","150","0"
"138","76","261","3","00:18:14","300","150","0"
"21","30","20","3","00:18:15","457","206","0"
"224","1","127","3","00:18:15","143","94","1"
"21","57","181","3","00:18:15","500","251","0"
"58","89","249","3","00:18:15","457","49","1"
"23","76","40","3","00:18:16","100","206","0"
"34","189","117","3","00:18:16","500","94","1"
"31","23","149","3","00:18:16","100","206","1"
"73","138","245","3","00:18:16","100","206","1"
"57","78","69","3","00:18:18","353","227","1"
"75","21","84","3","00:18:18","100","206","1"
"15","76","255","3","00:18:18","300","150","0"
"23","75","270","3","00:18:18","457","49","1"
"23","76","8","3","00:18:19","397","73","0"
"30","23","58","3","00:18:19","300","150","1"
"21","4","115","3","00:18:19","300","150","1"
"31","42","170","3","00:18:19","203","27","1"
"23","205","107","3","00:18:20","100","206","1"
"21","75","136","3","00:18:20","457","206","1"
"23","31","175","3","00:18:21","300","150","1"
"75","227","177","3","00:18:21","300","150","0"
"58","31","188","3","00:18:21","457","49","0"
"31","57","199","3","00:18:21","457","206","1"
"31","227","253","3","00:18:21","457","49","1"
"97","1","50","3","00:18:22","353","27","1"
"23","76","88","3","00:18:22","457","206","0"
"76","15","105","3","00:18:22","300","150","0"
"224","75","129","3","00:18:22","457","49","1"
"25","42","186","3","00:18:22","457","206","0"
"285","73","232","3","00:18:22","300","150","0"
"1","76","29","3","00:18:23","100","206","0"
"30","49","37","3","00:18:23","300","150","0"
"224","76","178","3","00:18:23","500","251","0"
"101","195","206","3","00:18:23","100","206","0"
"34","30","221","3","00:18:23","143","251","1"
"76","1","45","3","00:18:24","100","49","0"
"21","78","230","3","00:18:24","203","27","1"
"280","57","260","3","00:18:24","143","251","1"
"23","280","265","3","00:18:24","100","206","0"
"280","23","330","3","00:18:24","300","150","1"
"45","21","331","3","00:18:24","500","94","0"
"78","23","94","3","00:18:25","353","227","0"
"78","205","112","3","00:18:25","457","206","0"
"191","101","181","3","00:18:25","300","150","0"
"78","57","185","3","00:18:25","300","150","1"
"75","34","211","3","00:18:25","143","251","0"
"76","42","21","3","00:18:26","457","206","0"
"57","34","39","3","00:18:26","457","49","1"
"57","31","200","3","00:18:26","457","49","0"
"76","280","248","3","00:18:26","457","49","0"
"57","76","41","3","00:18:27","300","150","0"
"58","89","249","3","00:18:27","457","206","1"
"34","30","9","3","00:18:28","143","251","1"
"191","125","100","3","00:18:28","457","49","0"
"78","30","64","3","00:18:29","100","206","1"
"21","65","169","3","00:18:29","457","206","0"
"1","21","225","3","00:18:29","100","49","0"
"38","129","102","3","00:18:30","457","49","0"
"31","57","197","3","00:18:30","300","150","0"
"73","61","227","3","00:18:30","100","206","1"
"138","220","229","3","00:18:30","300","150","0"
"101","190","219","3","00:18:31","300","150","1"
"73","195","241","3","00:18:31","457","206","1"
"78","76","29","3","00:18:32","300","150","0"
"57","101","54","3","00:18:32","300","150","1"
"49","21","109","3","00:18:32","457","49","0"
"31","78","180","3","00:18:32","457","206","1"
"88","8","101","3","00:18:33","397","73","0"
"39","49","121","3","00:18:33","457","206","0"
"75","31","174","3","00:18:33","300","150","1"
"15","61","213","3","00:18:33","353","227","1"
"73","42","227","3","00:18:33","100","206","1"
"42","88","120","3","00:18:34","300","150","1"
"76","205","248","3","00:18:35","203","27","0"
"88","227","249","3","00:18:35","300","150","0"
"34","26","261","3","00:18:35","143","251","0"
"101","76","334","3","00:18:35","300","150","0"
"30","65","17","3","00:18:36","300","150","1"
"75","21","86","3","00:18:36","300","150","0"
"34","205","221","3","00:18:36","300","150","1"
"23","42","262","3","00:18:36","100","49","1"
"88","23","15","3","00:18:37","100","49","1"
"156","146","60","3","00:18:37","300","150","1"
"78","4","171","3","00:18:37","100","206","1"
"88","31","172","3","00:18:37","143","94","1"
"1","30","163","3","00:18:38","100","206","1"
"42","4","165","3","00:18:38","143","251","0"
"15","76","255","3","00:18:38","100","206","1"
"34","23","43","3","00:18:39","100","206","0"
"34","191","102","3","00:18:39","300","150","0"
"89","21","142","3","00:18:39","457","49","0"
"57","31","152","3","00:18:39","457","49","1"
"23","57","208","3","00:18:39","100","49","1"
"23","4","209","3","00:18:39","300","150","0"
"1","30","64","3","00:18:40","457","49","0"
"16","75","133","3","00:18:40","457","49","0"
"42","21","247","3","00:18:40","203","27","1"
"190","45","265","3","00:18:40","300","150","0"
"1","212","187","3","00:18:41","457","49","0"
"205","31","243","3","00:18:41","500","94","1"
"31","78","121","3","00:18:42","457","49","1"
"73","23","159","3","00:18:42","100","49","0"
"42","201","161","3","00:18:42","500","94","1"
"248","195","239","3","00:18:42","500","251","0"
"76","81","47","3","00:18:43","457","49","1"
"57","78","127","3","00:18:43","397","73","1"
"31","42","170","3","00:18:43","100","206","1"
"23","42","186","3","00:18:43","457","206","1"
"224","97","234","3","00:18:43","247","273","0"
"31","35","110","3","00:18:44","300","150","0"
"34","78","179","3","00:18:44","457","206","0"
"30","76","232","3","00:18:44","300","150","1"
"13","21","23","3","00:18:45","457","206","0"
"57","30","212","3","00:18:45","100","49","1"
"15","61","213","3","00:18:45","457","49","1"
"142","109","19","3","00:18:46","457","206","0"
"1","88","113","3","00:18:46","457","49","1"
"1","23","147","3","00:18:46","300","150","1"
"23","31","175","3","00:18:47","457","49","1"
"39","1","190","3","00:18:47","457","206","0"
"75","23","92","3","00:18:48","300","150","1"
"31","280","214","3","00:18:48","457","49","0"
"227","30","223","3","00:18:48","500","94","1"
"31","58","254","3","00:18:48","100","206","0"
"101","1","101","3","00:18:49","300","150","0"
"4","76","238","3","00:18:49","100","206","1"
"34","31","46","3","00:18:50","143","251","0"
"57","30","62","3","00:18:50","100","206","0"
"76","88","122","3","00:18:50","300","150","1"
"1","39","16","3","00:18:51","100","49","0"
"21","75","88","3","00:18:51","457","49","0"
"23","4","132","3","00:18:51","100","49","1"
"75","34","189","3","00:18:51","100","206","0"
"31","1","190","3","00:18:51","457","206","1"
"89","21","196","3","00:18:51","300","150","1"
"16","23","4","3","00:18:52","100","206","0"
"88","23","31","3","00:18:52","100","206","0"
"78","42","48","3","00:18:52","100","206","0"
"34","78","56","3","00:18:52","457","49","0"
"86","75","61","3","00:18:52","100","49","0"
"23","125","100","3","00:18:52","100","206","1"
"23","76","136","3","00:18:52","100","49","1"
"31","76","138","3","00:18:52","100","206","0"
"195","76","203","3","00:18:52","457","206","1"
"21","76","204","3","00:18:52","100","49","0"
"42","280","214","3","00:18:52","457","49","0"
"21","75","270","3","00:18:52","100","206","0"
"73","34","2","3","00:18:53","457","49","0"
"39","81","9","3","00:18:53","300","150","1"
"4","138","152","3","00:18:53","300","150","0"
"31","57","199","3","00:18:53","457","49","0"
"23","73","8","3","00:18:54","143","251","1"
"75","30","47","3","00:18:54","300","150","0"
"280","190","256","3","00:18:54","300","150","0"
"31","65","267","3","00:18:54","300","150","1"
"30","42","13","3","00:18:55","100","206","1"
"27","142","49","3","00:18:55","300","150","1"
"1","75","57","3","00:18:55","457","49","0"
"76","78","118","3","00:18:55","300","150","1"
"39","195","149","3","00:18:55","100","206","0"
"42","189","247","3","00:18:55","100","49","0"
"1","35","32","3","00:18:56","300","150","1"
"1","114","163","3","00:18:56","300","150","1"
"73","30","248","3","00:18:56","100","206","0"
"75","4","45","3","00:18:57","100","206","0"
"42","23","117","3","00:18:57","143","251","1"
"191","217","181","3","00:18:57","397","73","0"
"30","34","240","3","00:18:57","457","49","0"
"73","34","2","3","00:18:58","457","206","0"
"35","57","53","3","00:18:58","300","150","1"
"34","280","221","3","00:18:58","300","150","1"
"58","89","249","3","00:18:58","300","150","0"
"21","4","262","3","00:18:58","300","150","0"
"34","23","130","3","00:18:59","300","150","1"
"34","23","216","3","00:18:59","143","94","1"
"97","21","225","3","00:18:59","100","206","0"
"89","88","226","3","00:18:59","500","94","0"
"30","76","154","3","00:19:00","300","150","1"
"23","58","209","3","00:19:00","457","206","0"
"34","57","71","3","00:19:01","300","150","1"
"34","57","125","3","00:19:01","457","49","1"
"23","58","209","3","00:19:01","300","150","0"
"224","97","234","3","00:19:01","143","94","0"
"58","49","268","3","00:19:01","100","49","0"
"23","78","38","3","00:19:02","100","49","1"
"23","75","90","3","00:19:02","100","206","1"
"75","88","122","3","00:19:02","353","227","0"
"125","205","167","3","00:19:02","353","27","0"
"217","244","334","3","00:19:02","100","206","1"
"23","73","8","3","00:19:03","143","251","1"
"42","57","165","3","00:19:03","143","94","1"
"191","224","181","3","00:19:03","500","251","0"
"4","23","207","3","00:19:03","457","49","0"
"21","78","230","3","00:19:03","457","49","1"
"76","57","235","3","00:19:03","300","150","1"
"23","65","88","3","00:19:04","457","49","1"
"88","75","108","3","00:19:04","457","49","0"
"1","23","147","3","00:19:05","457","206","0"
"138","42","236","3","00:19:05","143","251","0"
"31","58","22","3","00:19:06","457","206","1"
"15","21","23","3","00:19:06","300","150","1"
"88","35","39","3","00:19:08","457","206","1"
"58","31","62","3","00:19:08","100","49","0"
"42","78","68","3","00:19:08","500","94","1"
"76","34","164","3","00:19:08","457","206","0"
"244","190","241","3","00:19:08","100","49","0"
"61","88","264","3","00:19:08","353","27","1"
"53","1","19","3","00:19:09","300","150","0"
"34","78","24","3","00:19:09","247","273","0"
"76","57","72","3","00:19:09","300","150","1"
"1","42","112","3","00:19:09","203","227","0"
"73","183","145","3","00:19:09","143","94","1"
"42","57","165","3","00:19:09","143","251","0"
"89","30","174","3","00:19:09","300","150","1"
"142","65","41","3","00:19:10","457","206","1"
"88","1","69","3","00:19:10","100","49","0"
"23","75","90","3","00:19:10","100","49","1"
"42","73","128","3","00:19:10","397","73","0"
"23","78","230","3","00:19:10","300","150","1"
"23","75","40","3","00:19:11","100","49","1"
"58","175","162","3","00:19:11","300","150","1"
"4","31","201","3","00:19:11","457","49","0"
"244","1","218","3","00:19:11","300","150","0"
"30","23","256","3","00:19:11","500","251","1"
"97","109","96","3","00:19:12","457","206","0"
"31","88","264","3","00:19:12","457","49","0"
"39","101","61","3","00:19:13","300","150","0"
"1","23","109","3","00:19:13","100","49","1"
"78","205","139","3","00:19:13","300","150","1"
"4","78","337","3","00:19:13","300","150","1"
"34","73","5","3","00:19:14","457","49","1"
"30","23","58","3","00:19:14","300","150","0"
"34","58","71","3","00:19:14","457","49","0"
"30","227","242","3","00:19:14","143","251","0"
"34","78","24","3","00:19:15","300","150","1"
"42","31","35","3","00:19:15","457","49","1"
"98","35","60","3","00:19:15","457","206","1"
"49","81","99","3","00:19:15","300","150","0"
"31","76","224","3","00:19:15","457","49","1"
"75","15","14","3","00:19:16","100","49","1"
"31","76","138","3","00:19:16","203","227","1"
"57","31","152","3","00:19:17","457","49","0"
"189","217","208","3","00:19:17","353","227","1"
"57","31","3","3","00:19:18","353","227","1"
"57","65","18","3","00:19:18","300","150","0"
"78","23","94","3","00:19:18","457","206","1"
"31","23","156","3","00:19:18","457","206","1"
"30","4","199","3","00:19:18","300","150","1"
"4","21","206","3","00:19:18","457","206","0"
"42","78","179","3","00:19:19","203","227","1"
"224","42","155","3","00:19:20","100","49","0"
"88","30","212","3","00:19:20","100","206","1"
"76","58","222","3","00:19:20","353","227","1"
"23","31","175","3","00:19:21","457","49","0"
"61","57","264","3","00:19:21","300","150","1"
"75","35","21","3","00:19:22","457","206","1"
"65","97","63","3","00:19:23","100","49","0"
"101","97","84","3","00:19:23","300","150","1"
"76","88","140","3","00:19:23","457","49","0"
"4","23","207","3","00:19:23","457","206","1"
"42","280","214","3","00:19:23","457","49","1"
"183","73","255","3","00:19:23","457","49","0"
"21","76","153","3","00:19:24","100","206","1"
"30","42","243","3","00:19:24","500","251","1"
"75","15","14","3","00:19:25","100","206","1"
"21","75","136","3","00:19:25","300","150","1"
"34","23","216","3","00:19:25","143","94","1"
"57","31","3","3","00:19:26","457","49","0"
"23","73","8","3","00:19:26","143","251","0"
"1","101","29","3","00:19:26","100","49","1"
"23","57","44","3","00:19:26","100","49","0"
"75","21","92","3","00:19:26","457","49","0"
"42","89","114","3","00:19:26","300","150","1"
"4","97","191","3","00:19:26","300","150","0"
"30","4","199","3","00:19:26","203","227","0"
"97","21","225","3","00:19:26","353","227","1"
"269","220","270","3","00:19:26","300","150","0"
"191","1","123","3","00:19:27","100","49","0"
"76","58","222","3","00:19:27","353","227","0"
"280","73","232","3","00:19:27","247","73","0"
"23","89","100","3","00:19:28","457","49","1"
"97","42","124","3","00:19:28","300","150","0"
"23","75","203","3","00:19:28","457","49","1"
"21","58","233","3","00:19:28","100","49","0"
"37","114","43","3","00:19:29","353","27","0"
"1","42","112","3","00:19:29","353","227","0"
"231","183","143","3","00:19:29","397","73","1"
"31","73","154","3","00:19:29","100","206","0"
"53","23","160","3","00:19:29","457","206","0"
"23","76","210","3","00:19:29","100","49","1"
"30","1","87","3","00:19:30","100","206","1"
"4","183","162","3","00:19:30","300","150","0"
"57","34","268","3","00:19:30","300","150","1"
"21","31","20","3","00:19:31","100","206","1"
"53","42","26","3","00:19:31","100","206","1"
"42","1","68","3","00:19:31","300","150","1"
"76","23","195","3","00:19:31","457","206","0"
"76","23","196","3","00:19:31","100","49","1"
"31","244","224","3","00:19:31","457","206","1"
"61","21","247","3","00:19:31","300","150","0"
"116","34","110","3","00:19:32","300","150","0"
"21","73","136","3","00:19:32","457","49","0"
"4","244","267","3","00:19:32","100","49","1"
"269","220","270","3","00:19:32","353","27","0"
"73","34","177","3","00:19:33","353","227","0"
"34","21","216","3","00:19:33","143","251","1"
"73","205","248","3","00:19:33","100","206","1"
"205","61","258","3","00:19:33","100","49","1"
"57","31","201","3","00:19:34","300","150","0"
"34","1","234","3","00:19:34","300","150","1"
"1","75","133","3","00:19:35","457","49","1"
"116","97","149","3","00:19:35","300","150","1"
"39","78","190","3","00:19:35","100","206","1"
"205","31","243","3","00:19:35","300","150","0"
"73","58","235","3","00:19:36","457","206","1"
"78","89","246","3","00:19:36","457","49","0"
"57","248","249","3","00:19:36","300","150","0"
"53","42","26","3","00:19:37","100","49","1"
"4","49","127","3","00:19:37","500","94","1"
"73","88","140","3","00:19:37","100","49","1"
"21","75","169","3","00:19:37","457","49","1"
"34","31","236","3","00:19:37","300","150","0"
"105","76","40","3","00:19:38","300","150","0"
"57","23","207","3","00:19:38","457","49","0"
"316","212","218","3","00:19:38","300","150","1"
"1","30","269","3","00:19:38","457","49","1"
"23","4","132","3","00:19:39","100","206","0"
"227","21","239","3","00:19:39","500","251","0"
"189","76","210","3","00:19:40","100","206","0"
"89","280","223","3","00:19:40","397","273","1"
"65","39","227","3","00:19:40","143","251","0"
"4","58","254","3","00:19:40","457","206","1"
"65","78","25","3","00:19:41","100","49","1"
"101","142","72","3","00:19:41","457","49","1"
"76","23","196","3","00:19:41","100","49","0"
"205","42","243","3","00:19:41","143","94","0"
"45","248","330","3","00:19:41","397","273","1"
"81","76","17","3","00:19:42","300","150","1"
"58","31","62","3","00:19:42","100","49","0"
"31","1","85","3","00:19:42","100","49","1"
"116","101","103","3","00:19:42","300","150","0"
"1","23","109","3","00:19:42","100","49","1"
"39","35","110","3","00:19:42","300","150","1"
"1","76","184","3","00:19:42","143","251","1"
"34","58","53","3","00:19:43","500","251","1"
"25","217","208","3","00:19:43","100","49","0"
"31","76","238","3","00:19:43","100","206","0"
"57","23","15","3","00:19:44","203","227","1"
"21","30","55","3","00:19:44","203","227","1"
"78","75","57","3","00:19:44","457","49","0"
"42","31","161","3","00:19:44","397","73","1"
"227","101","165","3","00:19:44","143","94","1"
"57","23","207","3","00:19:44","300","150","1"
"73","101","222","3","00:19:44","203","227","1"
"224","49","101","3","00:19:45","500","94","0"
"101","39","2","3","00:19:46","100","49","0"
"35","81","9","3","00:19:46","143","251","1"
"76","116","92","3","00:19:46","300","150","1"
"78","73","133","3","00:19:46","300","150","0"
"42","31","141","3","00:19:46","143","94","1"
"57","23","160","3","00:19:46","457","206","1"
"269","220","270","3","00:19:46","457","206","1"
"15","30","89","3","00:19:47","100","49","0"
"31","42","170","3","00:19:47","100","206","1"
"78","32","173","3","00:19:47","100","206","1"
"4","31","188","3","00:19:47","300","150","1"
"58","224","268","3","00:19:47","300","150","1"
"30","1","87","3","00:19:48","100","206","0"
"42","89","114","3","00:19:48","397","73","1"
"21","30","168","3","00:19:48","457","49","1"
"75","34","333","3","00:19:48","143","94","0"
"21","34","12","3","00:19:49","247","73","1"
"65","78","45","3","00:19:49","457","206","1"
"34","142","53","3","00:19:49","143","94","1"
"89","1","105","3","00:19:49","300","150","0"
"34","73","128","3","00:19:49","143","251","1"
"21","57","132","3","00:19:49","203","227","1"
"212","31","158","3","00:19:49","457","49","0"
"23","30","175","3","00:19:49","457","49","1"
"76","42","177","3","00:19:49","457","49","0"
"97","23","225","3","00:19:49","457","206","0"
"30","34","13","3","00:19:50","457","49","1"
"204","73","150","3","00:19:50","247","273","1"
"57","31","152","3","00:19:50","457","49","0"
"39","45","214","3","00:19:50","300","150","1"
"31","244","224","3","00:19:50","457","49","0"
"27","1","42","3","00:19:51","100","206","1"
"30","49","121","3","00:19:51","457","206","1"
"1","97","147","3","00:19:51","300","150","0"
"57","205","155","3","00:19:51","457","49","0"
"76","35","36","3","00:19:52","300","150","0"
"116","1","38","3","00:19:52","300","150","0"
"30","75","67","3","00:19:52","100","49","0"
"27","35","157","3","00:19:52","300","150","0"
"1","76","184","3","00:19:52","143","251","1"
"78","57","185","3","00:19:52","100","49","0"
"97","227","186","3","00:19:52","300","150","0"
"195","183","230","3","00:19:52","300","150","0"
"280","76","232","3","00:19:52","143","251","0"
"34","212","234","3","00:19:52","143","94","1"
"224","15","259","3","00:19:52","143","94","1"
"49","30","64","3","00:19:53","353","27","0"
"23","76","88","3","00:19:53","457","206","1"
"15","30","89","3","00:19:53","300","150","0"
"227","21","117","3","00:19:53","500","94","1"
"76","88","140","3","00:19:53","457","49","1"
"58","78","151","3","00:19:53","100","49","1"
"89","42","164","3","00:19:53","203","27","0"
"57","31","201","3","00:19:53","457","49","0"
"78","89","246","3","00:19:53","457","206","0"
"316","205","248","3","00:19:53","300","150","0"
"15","76","255","3","00:19:53","457","206","1"
"34","57","71","3","00:19:54","100","49","1"
"195","75","169","3","00:19:54","203","27","1"
"39","21","73","3","00:19:55","353","227","1"
"97","89","100","3","00:19:55","100","206","0"
"57","75","108","3","00:19:55","457","49","0"
"42","31","161","3","00:19:55","500","94","1"
"23","75","203","3","00:19:55","457","49","1"
"57","23","206","3","00:19:55","100","49","1"
"88","39","39","3","00:19:56","300","150","1"
"75","1","52","3","00:19:56","457","206","1"
"39","65","61","3","00:19:56","100","206","0"
"42","1","68","3","00:19:56","143","251","0"
"204","73","150","3","00:19:56","353","227","0"
"31","21","156","3","00:19:56","457","206","1"
"30","58","199","3","00:19:56","457","206","1"
"57","205","212","3","00:19:56","300","150","0"
"89","23","239","3","00:19:56","500","94","0"
"30","34","240","3","00:19:56","457","206","0"
"269","220","270","3","00:19:56","457","206","0"
"23","1","70","3","00:19:57","300","150","0"
"42","75","114","3","00:19:57","500","94","0"
"97","88","115","3","00:19:57","100","49","0"
"57","78","151","3","00:19:57","300","150","0"
"1","89","184","3","00:19:57","500","94","1"
"78","57","185","3","00:19:57","300","150","0"
"89","23","196","3","00:19:57","353","227","1"
"78","30","173","3","00:19:58","100","206","0"
"239","269","219","3","00:19:58","397","273","0"
"101","39","2","3","00:19:59","203","227","0"
"23","73","210","3","00:19:59","100","49","1"
"149","23","225","3","00:19:59","457","49","1"
"58","31","3","4","00:00:00","300","150","0"
"31","15","11","4","00:00:00","300","150","1"
"21","34","12","4","00:00:00","300","150","1"
"58","21","15","4","00:00:00","300","150","0"
"31","75","17","4","00:00:00","300","150","1"
"31","58","22","4","00:00:00","300","150","1"
"109","21","23","4","00:00:00","300","150","0"
"34","21","24","4","00:00:00","300","150","1"
"58","42","26","4","00:00:00","300","150","0"
"15","31","27","4","00:00:00","300","150","1"
"78","34","32","4","00:00:00","300","150","0"
"34","31","35","4","00:00:00","300","150","0"
"76","42","36","4","00:00:00","300","150","0"
"23","73","40","4","00:00:00","300","150","1"
"21","55","44","4","00:00:00","300","150","0"
"78","42","48","4","00:00:00","300","150","0"
"23","30","55","4","00:00:00","300","150","1"
"1","57","65","4","00:00:00","300","150","0"
"31","75","67","4","00:00:00","300","150","0"
"57","1","69","4","00:00:00","300","150","1"
"31","1","85","4","00:00:00","300","150","1"
"31","1","87","4","00:00:00","300","150","1"
"13","31","89","4","00:00:00","300","150","1"
"21","75","90","4","00:00:00","300","150","1"
"23","78","97","4","00:00:00","300","150","1"
"34","20","102","4","00:00:00","300","150","1"
"31","88","106","4","00:00:00","300","150","1"
"21","34","107","4","00:00:00","300","150","0"
"76","31","116","4","00:00:00","300","150","0"
"34","23","117","4","00:00:00","300","150","0"
"23","181","123","4","00:00:00","300","150","1"
"23","78","126","4","00:00:00","300","150","1"
"57","78","127","4","00:00:00","300","150","0"
"34","75","128","4","00:00:00","300","150","0"
"23","73","136","4","00:00:00","300","150","0"
"31","76","138","4","00:00:00","300","150","1"
"78","205","139","4","00:00:00","300","150","0"
"76","21","142","4","00:00:00","300","150","1"
"58","183","151","4","00:00:00","300","150","0"
"57","34","155","4","00:00:00","300","150","1"
"31","189","156","4","00:00:00","300","150","1"
"89","23","159","4","00:00:00","300","150","0"
"42","31","161","4","00:00:00","300","150","1"
"183","31","163","4","00:00:00","300","150","0"
"78","30","173","4","00:00:00","300","150","0"
"57","76","178","4","00:00:00","300","150","0"
"205","1","179","4","00:00:00","300","150","1"
"31","1","180","4","00:00:00","300","150","0"
"1","31","182","4","00:00:00","300","150","0"
"89","42","189","4","00:00:00","300","150","0"
"31","183","190","4","00:00:00","300","150","1"
"31","57","199","4","00:00:00","300","150","1"
"195","76","204","4","00:00:00","300","150","0"
"57","23","206","4","00:00:00","300","150","1"
"57","23","207","4","00:00:00","300","150","1"
"189","57","208","4","00:00:00","300","150","1"
"195","57","209","4","00:00:00","300","150","1"
"75","34","211","4","00:00:00","300","150","0"
"73","31","227","4","00:00:00","300","150","0"
"23","58","233","4","00:00:00","300","150","1"
"76","58","235","4","00:00:00","300","150","0"
"88","78","237","4","00:00:00","300","150","1"
"89","23","239","4","00:00:00","300","150","1"
"76","34","245","4","00:00:00","300","150","1"
"31","23","247","4","00:00:00","300","150","1"
"78","58","251","4","00:00:00","300","150","0"
"205","21","256","4","00:00:00","300","150","1"
"65","75","257","4","00:00:00","300","150","1"
"34","183","259","4","00:00:00","300","150","1"
"280","58","260","4","00:00:00","300","150","0"
"23","31","262","4","00:00:00","300","150","1"
"15","205","269","4","00:00:00","300","150","0"
"4","243","332","4","00:00:00","300","150","0"
"57","76","334","4","00:00:00","300","150","1"
"195","76","204","4","00:00:05","300","150","0"
"57","23","206","4","00:00:05","397","273","0"
"42","31","35","4","00:00:16","500","94","1"
"4","23","207","4","00:00:16","143","251","1"
"78","34","32","4","00:00:19","300","150","0"
"31","15","11","4","00:00:20","247","73","1"
"89","23","142","4","00:00:22","457","49","0"
"89","224","211","4","00:00:28","457","206","0"
"227","30","161","4","00:00:34","100","49","1"
"30","4","199","4","00:00:35","143","251","0"
"21","31","262","4","00:00:35","143","251","0"
"21","53","233","4","00:00:36","143","251","1"
"57","78","151","4","00:00:40","143","251","0"
"80","76","17","4","00:00:41","143","251","1"
"61","23","247","4","00:00:41","143","251","1"
"168","78","87","4","00:00:47","500","251","0"
"198","21","239","4","00:00:48","100","49","1"
"42","78","24","4","00:00:50","143","251","1"
"114","75","138","4","00:00:54","143","251","1"
"42","21","247","4","00:00:56","143","251","1"
"30","183","180","4","00:00:58","500","94","0"
"16","88","251","4","00:00:59","247","73","1"
"58","13","151","4","00:01:02","143","251","0"
"39","224","106","4","00:01:04","500","251","0"
"98","88","199","4","00:01:04","143","251","0"
"31","73","138","4","00:01:07","300","150","1"
"61","86","26","4","00:01:09","100","49","1"
"42","198","161","4","00:01:10","100","206","1"
"23","72","208","4","00:01:10","500","251","1"
"189","1","123","4","00:01:13","500","251","1"
"58","13","151","4","00:01:13","500","94","0"
"78","88","251","4","00:01:14","500","251","0"
"34","23","130","4","00:01:18","143","94","0"
"183","30","269","4","00:01:19","500","94","0"
"31","75","17","4","00:01:21","300","150","1"
"76","21","159","4","00:01:21","247","273","0"
"76","21","159","4","00:01:22","500","94","0"
"23","4","209","4","00:01:22","143","251","1"
"4","21","206","4","00:01:23","500","94","1"
"104","65","40","4","00:01:24","100","49","0"
"189","181","123","4","00:01:25","500","94","0"
"30","78","190","4","00:01:26","300","150","1"
"195","286","233","4","00:01:26","300","150","1"
"31","57","106","4","00:01:27","500","94","1"
"4","183","127","4","00:01:27","500","94","1"
"23","217","208","4","00:01:28","143","251","0"
"286","97","237","4","00:01:30","143","94","0"
"34","190","102","4","00:01:32","100","206","0"
"15","30","269","4","00:01:37","143","251","0"
"217","65","334","4","00:01:37","457","206","0"
"101","195","206","4","00:01:41","500","251","1"
"31","73","17","4","00:01:44","143","94","0"
"31","1","87","4","00:01:45","397","273","1"
"39","75","138","4","00:01:47","143","251","0"
"35","243","332","4","00:01:48","143","94","0"
"221","189","207","4","00:01:50","247","73","0"
"23","78","126","4","00:01:59","300","150","1"
"21","34","12","4","00:02:02","143","94","0"
"198","21","156","4","00:02:02","500","251","0"
"21","30","55","4","00:02:03","300","150","0"
"97","49","97","4","00:02:03","300","150","1"
"101","195","206","4","00:02:05","300","150","1"
"101","97","207","4","00:02:06","397","73","0"
"220","66","334","4","00:02:07","457","49","1"
"15","31","27","4","00:02:09","143","251","1"
"189","15","123","4","00:02:12","143","251","1"
"61","23","247","4","00:02:13","143","251","0"
"89","23","239","4","00:02:14","457","49","0"
"21","34","12","4","00:02:18","500","94","0"
"107","9","69","4","00:02:18","457","49","1"
"31","78","87","4","00:02:18","500","94","1"
"30","4","199","4","00:02:18","500","94","0"
"39","97","332","4","00:02:18","397","273","1"
"21","101","90","4","00:02:19","500","251","1"
"23","58","233","4","00:02:19","500","94","0"
"31","75","17","4","00:02:21","143","94","0"
"23","81","55","4","00:02:21","500","251","0"
"21","57","44","4","00:02:22","500","251","0"
"39","1","190","4","00:02:22","500","251","1"
"34","23","117","4","00:02:24","100","49","0"
"73","31","227","4","00:02:27","500","94","0"
"78","32","163","4","00:02:34","143","94","0"
"21","13","97","4","00:02:38","247","273","1"
"89","34","189","4","00:02:42","500","94","1"
"21","75","90","4","00:02:43","300","150","1"
"32","76","138","4","00:02:44","143","251","0"
"34","1","179","4","00:02:46","100","49","0"
"78","57","65","4","00:02:49","500","251","1"
"23","57","209","4","00:02:57","500","94","1"
"23","75","90","4","00:02:59","397","73","1"
"97","245","269","4","00:02:59","397","273","0"
"98","58","22","4","00:03:00","500","94","0"
"20","30","55","4","00:03:00","500","251","0"
"78","31","173","4","00:03:00","143","251","1"
"183","31","163","4","00:03:03","143","251","0"
"21","30","55","4","00:03:17","500","94","0"
"76","42","36","4","00:03:18","300","150","0"
"58","78","69","4","00:03:18","143","251","0"
"30","49","85","4","00:03:19","500","94","0"
"15","245","269","4","00:03:20","500","94","0"
"23","35","12","4","00:03:24","143","251","0"
"286","15","237","4","00:03:30","500","94","0"
"103","76","90","4","00:03:32","143","94","0"
"58","78","69","4","00:03:33","500","94","0"
"115","73","136","4","00:03:38","397","73","0"
"39","57","199","4","00:03:41","500","94","1"
"30","1","87","4","00:03:42","143","251","1"
"34","23","130","4","00:03:44","247","73","1"
"39","75","138","4","00:03:44","500","251","0"
"21","76","90","4","00:03:49","143","251","1"
"31","78","190","4","00:03:49","143","94","1"
"20","4","209","4","00:03:50","300","150","0"
"15","280","269","4","00:03:50","500","94","0"
"31","57","199","4","00:03:54","397","273","1"
"73","42","227","4","00:03:54","500","251","1"
"31","195","156","4","00:03:56","500","251","1"
"78","31","173","4","00:03:58","500","251","1"
"34","183","259","4","00:04:04","457","206","1"
"31","49","85","4","00:04:05","143","251","1"
"15","280","269","4","00:04:06","500","94","1"
"16","58","65","4","00:04:07","500","94","0"
"89","21","142","4","00:04:07","143","94","0"
"98","1","87","4","00:04:08","300","150","0"
"76","89","257","4","00:04:10","100","49","0"
"31","78","190","4","00:04:11","143","94","0"
"97","89","204","4","00:04:13","500","94","0"
"23","4","208","4","00:04:14","143","94","0"
"34","23","117","4","00:04:15","100","206","1"
"1","31","163","4","00:04:24","500","251","1"
"97","58","251","4","00:04:24","300","150","1"
"34","183","259","4","00:04:29","100","206","1"
"97","101","90","4","00:04:30","143","94","0"
"31","1","85","4","00:04:31","143","94","1"
"23","98","55","4","00:04:32","143","94","0"
"78","205","139","4","00:04:35","500","251","0"
"78","30","163","4","00:04:35","143","251","1"
"116","13","97","4","00:04:37","500","94","0"
"23","4","209","4","00:04:38","300","150","0"
"210","183","259","4","00:04:43","457","206","0"
"78","142","65","4","00:04:49","143","251","0"
"65","89","257","4","00:04:50","457","206","1"
"31","89","17","4","00:04:51","500","251","1"
"98","78","87","4","00:04:51","500","94","1"
"23","13","97","4","00:04:51","143","94","0"
"42","31","35","4","00:04:52","500","251","1"
"65","75","257","4","00:04:52","300","150","0"
"97","30","269","4","00:04:52","143","251","0"
"183","31","163","4","00:04:55","143","94","1"
"88","1","237","4","00:04:55","143","251","1"
"97","30","269","4","00:04:56","247","273","0"
"88","1","237","4","00:04:58","300","150","1"
"183","31","163","4","00:04:59","143","94","1"
"34","21","130","4","00:05:00","300","150","0"
"97","75","90","4","00:05:03","500","94","0"
"97","109","97","4","00:05:17","397","73","0"
"97","75","90","4","00:05:21","500","94","0"
"31","1","87","4","00:05:36","500","251","1"
"4","23","207","4","00:05:38","300","150","1"
"98","57","199","4","00:05:43","500","94","0"
"97","57","209","4","00:05:50","300","150","1"
"23","76","204","4","00:05:52","500","251","1"
"31","1","87","4","00:06:20","143","251","1"
"23","4","209","4","00:06:20","500","251","0"
"31","49","85","4","00:06:24","143","251","1"
"23","217","209","4","00:06:24","300","150","0"
"23","58","209","4","00:06:37","300","150","0"
"23","4","208","4","00:06:55","500","94","1"
"30","49","85","4","00:07:00","143","251","1"
"31","78","87","4","00:07:06","247","273","0"
"116","101","90","4","00:07:06","500","94","0"
"30","1","85","4","00:07:10","143","251","0"
"31","4","199","4","00:07:19","500","251","0"
"23","49","97","4","00:07:46","143","251","1"
"30","57","199","4","00:07:49","500","94","1"
"4","23","207","4","00:07:59","397","273","0"
"195","224","209","4","00:08:01","397","273","0"
"189","57","208","4","00:08:06","500","94","1"
"31","78","85","4","00:08:13","500","251","1"
"195","76","204","4","00:08:31","143","251","0"
"189","4","208","4","00:08:45","500","94","0"
"21","78","97","4","00:08:58","143","94","0"
"23","210","204","4","00:08:58","500","94","1"
"57","23","207","4","00:09:04","143","251","0"
"4","20","207","4","00:09:32","500","251","1"
"21","75","204","4","00:09:44","143","251","0"
"30","1","87","4","00:09:46","143","94","0"
"97","13","97","4","00:09:49","143","94","0"
"23","75","90","4","00:09:52","500","94","1"
"98","57","199","4","00:09:54","500","94","1"
"217","189","207","4","00:10:00","500","94","0"
"217","189","207","4","00:10:20","247","273","0"
"23","57","208","4","00:10:21","247","73","1"
"23","65","90","4","00:10:31","500","251","0"
"23","57","209","4","00:10:35","500","251","0"
"156","78","85","4","00:10:48","247","73","0"
"31","78","85","4","00:10:55","143","251","1"
"31","1","85","4","00:11:00","143","251","1"
"21","65","90","4","00:11:06","500","251","0"
"195","76","204","4","00:11:08","500","251","0"
"98","1","87","4","00:11:24","143","94","0"
"97","72","208","4","00:11:35","500","251","1"
"23","13","97","4","00:11:47","143","251","0"
"31","57","199","4","00:11:50","500","251","1"
"4","23","207","4","00:11:56","500","251","0"
"23","13","97","4","00:12:00","143","94","0"
"23","73","204","4","00:12:01","500","251","0"
"116","75","90","4","00:12:13","143","251","1"
"21","78","97","4","00:12:13","247","273","1"
"4","20","207","4","00:12:29","143","94","1"
"31","1","87","4","00:12:39","397","273","0"
"98","88","199","4","00:13:09","500","251","0"
"98","88","199","4","00:13:12","500","251","0"
"23","57","208","4","00:13:14","397","73","0"
"156","78","87","4","00:13:31","143","94","0"
"21","101","90","4","00:13:35","143","94","0"
"97","217","208","4","00:13:41","143","251","1"
"31","78","85","4","00:13:44","143","251","0"
"31","78","85","4","00:13:58","500","94","1"
"31","57","199","4","00:14:00","143","251","0"
"195","76","204","4","00:14:13","143","94","1"
"217","23","207","4","00:14:14","500","251","0"
"23","13","97","4","00:14:20","143","94","0"
"23","13","97","4","00:14:24","143","94","0"
"31","57","199","4","00:14:26","143","251","1"
"31","4","199","4","00:14:43","247","273","0"
"23","57","208","4","00:14:57","500","251","1"
"31","57","199","4","00:15:06","143","94","0"
"23","57","208","4","00:15:06","500","94","1"
"23","89","204","4","00:15:11","397","273","1"
"23","65","204","4","00:15:22","300","150","1"
"21","4","208","4","00:15:36","143","94","0"
"23","78","97","4","00:15:48","300","150","0"
"31","109","87","4","00:15:53","500","94","1"
"23","224","208","4","00:16:05","500","251","1"
"31","111","87","4","00:16:08","397","73","1"
"97","101","90","4","00:16:10","397","73","0"
"97","217","208","4","00:16:16","300","150","0"
"31","1","87","4","00:16:24","143","251","1"
"31","78","87","4","00:16:42","143","94","0"
"23","75","90","4","00:17:29","300","150","1"
"21","74","90","4","00:17:33","143","251","0"
"23","4","208","4","00:17:48","500","94","1"
"201","88","199","4","00:17:52","500","251","1"
"138","78","87","4","00:18:17","143","94","0"
"31","88","199","4","00:18:28","143","251","1"
"97","78","97","4","00:18:53","247","273","1"
"138","78","87","4","00:19:24","143","251","1"
"23","4","208","4","00:19:42","143","94","1"
"23","13","97","4","00:19:43","143","94","0"
"98","57","199","4","00:19:53","500","94","0"
"30","78","87","5","00:00:00","300","150","1"
"21","75","90","5","00:00:00","300","150","0"
"23","78","97","5","00:00:00","300","150","1"
"31","57","199","5","00:00:00","300","150","0"
"189","57","208","5","00:00:00","300","150","0"
"21","75","90","5","00:00:22","353","27","0"
"23","57","208","5","00:00:27","100","49","1"
"30","15","87","5","00:00:59","457","49","0"
"23","101","208","5","00:01:51","457","49","1"
"21","75","90","5","00:02:06","300","150","0"
"23","49","97","5","00:02:14","353","27","1"
"31","109","87","5","00:02:24","457","49","1"
"116","76","90","5","00:02:42","457","206","0"
"31","13","87","5","00:02:43","457","49","0"
"30","4","199","5","00:02:43","353","227","0"
"39","88","199","5","00:03:07","203","27","0"
"30","109","87","5","00:03:09","457","49","1"
"21","78","97","5","00:03:26","100","206","0"
"31","78","87","5","00:03:53","457","206","1"
"23","58","208","5","00:04:33","457","206","1"
"23","58","208","5","00:04:51","300","150","1"
"91","57","208","5","00:05:15","100","49","0"
"30","13","87","5","00:05:28","100","206","1"
"31","57","199","5","00:05:35","100","206","1"
"21","13","97","5","00:06:10","100","49","0"
"21","13","97","5","00:06:30","457","206","0"
"30","78","87","5","00:06:33","457","49","1"
"31","13","87","5","00:06:49","300","150","1"
"97","49","97","5","00:06:54","203","27","0"
"31","57","199","5","00:07:43","457","206","0"
"31","78","87","5","00:07:52","457","206","1"
"30","224","199","5","00:08:10","457","206","0"
"98","13","87","5","00:08:36","100","49","1"
"189","57","208","5","00:08:37","100","206","1"
"21","16","97","5","00:08:58","203","27","1"
"31","4","199","5","00:08:59","457","206","1"
"39","57","199","5","00:09:34","100","49","0"
"31","15","87","5","00:09:44","457","206","1"
"97","13","97","5","00:09:52","100","206","0"
"97","13","97","5","00:10:00","100","206","0"
"21","13","97","5","00:10:10","100","206","1"
"138","13","87","5","00:10:41","100","206","1"
"30","88","199","5","00:11:14","100","206","1"
"23","4","208","5","00:11:15","457","49","1"
"21","109","97","5","00:11:58","457","49","1"
"189","217","208","5","00:12:12","457","49","0"
"156","109","87","5","00:12:28","457","206","1"
"23","78","97","5","00:12:31","457","49","1"
"97","57","208","5","00:13:00","100","206","0"
"31","13","87","5","00:13:08","100","206","0"
"31","78","87","5","00:13:28","457","49","0"
"30","78","87","5","00:13:42","100","206","1"
"23","109","97","5","00:13:58","457","206","0"
"21","78","97","5","00:14:33","203","227","0"
"30","57","199","5","00:14:37","457","49","1"
"23","57","208","5","00:15:08","300","150","0"
"31","88","199","5","00:15:09","353","227","0"
"39","4","199","5","00:15:39","203","27","0"
"30","4","199","5","00:15:54","353","227","0"
"25","4","208","5","00:16:06","203","27","0"
"23","78","97","5","00:16:09","100","206","1"
"138","78","87","5","00:16:42","100","206","0"
"97","101","208","5","00:16:43","457","206","0"
"23","101","208","5","00:16:46","457","206","1"
"21","13","97","5","00:16:50","457","49","0"
"23","72","208","5","00:17:08","457","206","1"
"23","78","97","5","00:17:26","203","27","1"
"30","88","199","5","00:17:42","100","49","0"
"25","57","208","5","00:17:48","100","49","1"
"31","4","199","5","00:18:22","457","49","1"
"21","78","97","5","00:18:26","457","49","1"
"31","4","199","5","00:18:31","457","206","1"
"30","78","87","5","00:19:25","457","206","1"
"30","78","87","5","00:19:33","203","27","0"
"31","78","87","6","00:00:00","300","150","1"
"31","57","199","6","00:00:00","300","150","1"
"189","57","208","6","00:00:00","300","150","1"
"31","13","87","6","00:00:40","500","94","1"
"31","13","87","6","00:01:21","143","251","1"
"98","78","87","6","00:01:41","143","94","0"
"31","57","199","6","00:02:12","143","94","0"
"31","4","199","6","00:02:29","143","94","0"
"156","13","87","6","00:02:48","247","73","1"
"20","4","208","6","00:03:02","300","150","1"
"30","101","199","6","00:03:06","247","273","1"
"31","57","199","6","00:03:47","143","251","1"
"31","57","199","6","00:03:53","143","94","1"
"23","217","208","6","00:04:24","500","94","1"
"23","57","208","6","00:04:33","500","94","1"
"97","217","208","6","00:04:42","300","150","1"
"98","13","87","6","00:05:13","247","73","0"
"30","88","199","6","00:05:14","500","94","1"
"30","88","199","6","00:05:26","143","94","1"
"31","78","87","6","00:06:34","247","273","0"
"25","4","208","6","00:06:51","500","94","0"
"31","13","87","6","00:06:58","143","251","1"
"23","220","208","6","00:07:08","500","251","1"
"31","57","199","6","00:07:25","143","251","0"
"98","13","87","6","00:07:45","143","94","0"
"138","78","87","6","00:07:59","143","251","0"
"23","57","208","6","00:08:14","500","94","1"
"30","88","199","6","00:08:24","500","94","1"
"23","4","208","6","00:08:25","143","251","1"
"39","88","199","6","00:08:26","500","94","0"
"31","4","199","6","00:08:45","397","73","1"
"31","13","87","6","00:08:51","500","94","0"
"30","101","199","6","00:09:44","247","273","0"
"30","78","87","6","00:10:41","500","94","1"
"31","2","87","6","00:11:05","500","251","1"
"31","57","199","6","00:11:09","247","73","1"
"138","109","87","6","00:11:36","500","251","0"
"30","88","199","6","00:11:42","143","94","1"
"31","57","199","6","00:12:58","500","251","1"
"31","57","199","6","00:13:16","300","150","0"
"30","101","199","6","00:13:57","247","73","0"
"30","57","199","6","00:16:24","247","273","0"
"31","58","199","6","00:17:32","500","251","0"
"30","88","199","6","00:18:47","143","251","1"
"31","57","199","7","00:00:00","300","150","1"
"31","57","199","7","00:00:12","100","206","1"
"30","101","199","7","00:03:09","100","206","1"
"31","57","199","7","00:04:12","457","49","0"
"32","88","199","7","00:09:14","457","49","1"
"31","57","199","7","00:11:52","457","49","1"
"30","4","199","7","00:12:39","457","49","1"
"98","101","199","7","00:13:00","353","227","0"
