"shooter_id","blocker_id","goalie_id","game_id","period","time","x_location","y_location","quality","type"
"189","83","28","156","1","00:00:09","451","99","Non quality blocked","Wrist"
"67","203","85","138","1","00:00:11","401","278","Non quality blocked","Wrist"
"61","83","28","106","1","00:00:12","462","70","Non quality blocked","Wrist"
"253","76","211","227","1","00:00:12","406","48","Non quality blocked","Wrist"
"188","52","6","225","1","00:00:15","411","60","Non quality blocked","Default"
"11","31","85","33","1","00:00:18","406","234","Non quality blocked","Slap"
"50","223","222","226","1","00:00:19","201","73","Non quality blocked","Wrist"
"285","12","6","228","1","00:00:19","534","45","Non quality blocked","Snap"
"32","12","6","89","1","00:00:20","481","189","Quality blocked","Default"
"32","189","123","156","1","00:00:20","139","219","Quality blocked","Slap"
"88","67","211","140","1","00:00:21","400","61","Non quality blocked","Default"
"180","57","59","151","1","00:00:21","501","86","Quality blocked","Default"
"24","12","19","134","1","00:00:23","186","236","Non quality blocked","Wrist"
"242","63","211","336","1","00:00:27","200","236","Non quality blocked","Default"
"32","87","155","110","1","00:00:28","151","207","Non quality blocked","Wrist"
"196","20","22","131","1","00:00:29","207","224","Non quality blocked","Wrist"
"192","30","85","149","1","00:00:29","456","93","Quality blocked","Wrist"
"56","31","85","138","1","00:00:31","405","52","Non quality blocked","Wrist"
"53","229","155","120","1","00:00:32","471","222","Quality blocked","Default"
"24","47","155","124","1","00:00:32","202","220","Non quality blocked","Wrist"
"196","255","41","234","1","00:00:32","131","171","Quality blocked","Wrist"
"50","129","22","191","1","00:00:34","112","122","Quality blocked","Wrist"
"195","241","222","244","1","00:00:35","402","204","Non quality blocked","Default"
"24","47","154","73","1","00:00:36","417","50","Non quality blocked","Wrist"
"53","5","6","162","1","00:00:38","115","184","Quality blocked","Default"
"196","56","64","158","1","00:00:40","517","129","Quality blocked","Default"
"129","50","59","28","1","00:00:42","120","165","Quality blocked","Wrist"
"138","65","64","138","1","00:00:42","181","96","Non quality blocked","Wrist"
"89","12","6","133","1","00:00:44","438","158","Non quality blocked","Default"
"56","31","28","238","1","00:00:45","417","57","Non quality blocked","Wrist"
"83","76","64","174","1","00:00:48","391","267","Non quality blocked","Default"
"115","84","85","168","1","00:00:49","147","129","Non quality blocked","Default"
"104","47","155","43","1","00:00:51","167","135","Non quality blocked","Default"
"98","167","186","190","1","00:00:51","136","90","Non quality blocked","Wrist"
"203","219","222","197","1","00:00:51","143","249","Non quality blocked","Wrist"
"24","65","85","241","1","00:00:51","188","201","Non quality blocked","Wrist"
"161","67","85","263","1","00:00:52","177","137","Non quality blocked","Wrist"
"161","167","6","42","1","00:00:54","127","223","Quality blocked","Wrist"
"201","53","222","103","1","00:00:54","84","123","Quality blocked","Wrist"
"11","63","64","153","1","00:00:57","79","136","Quality blocked","Wrist"
"52","100","64","41","1","00:00:58","209","223","Non quality blocked","Snap"
"229","52","6","228","1","00:00:59","201","111","Non quality blocked","Snap"
"62","65","64","108","1","00:01:01","183","276","Non quality blocked","Default"
"169","223","222","191","1","00:01:01","475","80","Quality blocked","Wrist"
"161","11","123","208","1","00:01:02","489","189","Quality blocked","Backhand"
"78","51","59","65","1","00:01:03","121","156","Quality blocked","Slap"
"203","25","123","149","1","00:01:03","194","270","Non quality blocked","Wrist"
"24","203","85","175","1","00:01:03","209","203","Non quality blocked","Wrist"
"100","60","59","72","1","00:01:04","132","162","Quality blocked","Default"
"219","31","28","200","1","00:01:05","193","115","Non quality blocked","Wrist"
"167","74","211","210","1","00:01:05","213","24","Non quality blocked","Wrist"
"74","31","85","166","1","00:01:06","438","66","Non quality blocked","Wrist"
"23","61","64","203","1","00:01:07","82","162","Quality blocked","Default"
"65","245","228","232","1","00:01:08","440","223","Non quality blocked","Wrist"
"2","68","211","245","1","00:01:08","423","69","Non quality blocked","Snap"
"161","89","64","66","1","00:01:09","144","178","Non quality blocked","Default"
"232","125","59","140","1","00:01:09","177","70","Non quality blocked","Default"
"11","230","155","183","1","00:01:09","391","259","Non quality blocked","Default"
"203","21","22","216","1","00:01:09","135","151","Quality blocked","Default"
"24","51","28","247","1","00:01:09","429","76","Non quality blocked","Wrist"
"21","75","211","136","1","00:01:12","207","176","Non quality blocked","Slap"
"125","99","28","176","1","00:01:12","461","225","Quality blocked","Wrist"
"89","1","19","52","1","00:01:13","188","212","Non quality blocked","Default"
"21","83","28","131","1","00:01:13","418","209","Non quality blocked","Wrist"
"125","99","28","137","1","00:01:13","508","151","Quality blocked","Wrist"
"167","223","222","171","1","00:01:13","186","55","Non quality blocked","Default"
"115","67","64","111","1","00:01:14","536","117","Quality blocked","Default"
"51","34","155","170","1","00:01:14","183","99","Non quality blocked","Wrist"
"32","25","123","33","1","00:01:15","179","189","Non quality blocked","Wrist"
"87","102","22","330","1","00:01:15","103","189","Quality blocked","Wrist"
"84","36","41","35","1","00:01:16","404","74","Non quality blocked","Default"
"51","44","155","170","1","00:01:20","172","146","Non quality blocked","Wrist"
"198","83","28","253","1","00:01:21","442","95","Non quality blocked","Wrist"
"27","150","155","46","1","00:01:22","451","248","Non quality blocked","Default"
"51","73","211","224","1","00:01:22","203","177","Non quality blocked","Wrist"
"163","76","64","67","1","00:01:23","205","41","Non quality blocked","Wrist"
"98","44","155","170","1","00:01:23","117","86","Non quality blocked","Wrist"
"208","192","22","195","1","00:01:26","178","72","Non quality blocked","Default"
"104","5","19","134","1","00:01:28","87","160","Quality blocked","Wrist"
"12","58","222","185","1","00:01:30","406","245","Non quality blocked","Default"
"227","84","28","141","1","00:01:31","137","27","Non quality blocked","Default"
"17","50","222","127","1","00:01:33","556","221","Non quality blocked","Default"
"195","51","28","156","1","00:01:34","530","153","Quality blocked","Wrist"
"51","168","28","49","1","00:01:35","482","289","Non quality blocked","Wrist"
"223","189","123","181","1","00:01:35","486","159","Quality blocked","Snap"
"4","83","28","137","1","00:01:36","522","125","Quality blocked","Wrist"
"68","201","85","138","1","00:01:36","420","265","Non quality blocked","Wrist"
"128","142","59","72","1","00:01:37","117","216","Quality blocked","Default"
"79","66","211","100","1","00:01:37","139","71","Non quality blocked","Default"
"204","232","64","150","1","00:01:37","105","92","Quality blocked","Wrist"
"84","72","59","106","1","00:01:40","213","168","Non quality blocked","Wrist"
"221","99","28","176","1","00:01:40","391","35","Non quality blocked","Wrist"
"196","16","6","259","1","00:01:40","202","54","Non quality blocked","Wrist"
"98","50","59","106","1","00:01:42","144","237","Non quality blocked","Wrist"
"162","76","64","67","1","00:01:43","201","184","Non quality blocked","Wrist"
"138","231","155","146","1","00:01:43","141","111","Quality blocked","Wrist"
"68","201","85","138","1","00:01:44","404","193","Non quality blocked","Wrist"
"208","129","123","142","1","00:01:46","214","176","Non quality blocked","Default"
"198","4","222","200","1","00:01:46","507","73","Non quality blocked","Default"
"73","67","123","88","1","00:01:48","111","159","Quality blocked","Default"
"99","65","64","47","1","00:01:49","404","69","Non quality blocked","Default"
"86","183","6","145","1","00:01:50","166","171","Non quality blocked","Default"
"200","45","228","248","1","00:01:50","173","67","Non quality blocked","Slap"
"11","239","222","226","1","00:01:51","201","147","Non quality blocked","Default"
"79","219","222","207","1","00:01:53","441","48","Non quality blocked","Default"
"71","189","22","191","1","00:01:57","187","237","Non quality blocked","Wrist"
"2","21","22","50","1","00:01:58","457","157","Quality blocked","Wrist"
"118","9","19","70","1","00:01:59","115","224","Quality blocked","Default"
"21","1","6","109","1","00:01:59","510","78","Non quality blocked","Wrist"
"51","16","6","64","1","00:02:00","399","226","Non quality blocked","Default"
"35","78","6","148","1","00:02:00","179","263","Non quality blocked","Slap"
"5","98","85","42","1","00:02:01","389","20","Non quality blocked","Wrist"
"76","129","123","111","1","00:02:01","86","215","Non quality blocked","Default"
"289","315","211","336","1","00:02:02","206","56","Non quality blocked","Default"
"51","2","6","64","1","00:02:05","553","262","Non quality blocked","Default"
"131","162","85","47","1","00:02:06","190","74","Non quality blocked","Default"
"98","217","222","103","1","00:02:06","199","44","Non quality blocked","Snap"
"138","9","155","170","1","00:02:06","110","229","Non quality blocked","Wrist"
"73","103","22","40","1","00:02:07","495","99","Quality blocked","Snap"
"84","65","64","174","1","00:02:07","399","69","Non quality blocked","Snap"
"88","83","28","264","1","00:02:07","506","95","Quality blocked","Wrist"
"150","97","22","73","1","00:02:08","107","68","Non quality blocked","Wrist"
"167","30","28","121","1","00:02:09","410","260","Non quality blocked","Wrist"
"44","91","155","261","1","00:02:09","387","79","Non quality blocked","Wrist"
"72","24","123","208","1","00:02:10","479","100","Quality blocked","Wrist"
"40","200","64","164","1","00:02:15","429","255","Non quality blocked","Wrist"
"236","207","228","265","1","00:02:15","185","63","Non quality blocked","Wrist"
"219","138","155","268","1","00:02:16","207","161","Non quality blocked","Default"
"53","203","28","199","1","00:02:18","459","177","Quality blocked","Wrist"
"167","50","59","101","1","00:02:20","415","39","Non quality blocked","Wrist"
"66","210","22","204","1","00:02:21","491","144","Quality blocked","Wrist"
"275","183","6","213","1","00:02:21","428","118","Non quality blocked","Default"
"87","66","85","248","1","00:02:22","396","211","Non quality blocked","Snap"
"220","167","123","270","1","00:02:23","509","218","Non quality blocked","Snap"
"74","158","28","30","1","00:02:25","141","129","Quality blocked","Default"
"44","203","28","141","1","00:02:26","170","261","Non quality blocked","Default"
"157","56","59","37","1","00:02:27","135","227","Non quality blocked","Snap"
"75","105","22","84","1","00:02:27","151","172","Non quality blocked","Default"
"205","67","64","114","1","00:02:27","499","113","Quality blocked","Wrist"
"74","15","6","218","1","00:02:29","146","231","Non quality blocked","Default"
"50","51","28","253","1","00:02:29","404","104","Non quality blocked","Snap"
"157","62","59","49","1","00:02:31","144","223","Non quality blocked","Wrist"
"11","190","123","239","1","00:02:33","69","146","Quality blocked","Wrist"
"65","2","155","261","1","00:02:33","403","109","Non quality blocked","Wrist"
"102","128","28","262","1","00:02:33","152","207","Non quality blocked","Snap"
"98","118","22","55","1","00:02:34","463","149","Quality blocked","Wrist"
"68","206","228","104","1","00:02:34","163","82","Non quality blocked","Wrist"
"229","2","6","112","1","00:02:34","431","185","Non quality blocked","Default"
"87","190","22","183","1","00:02:34","207","33","Non quality blocked","Slap"
"208","5","28","236","1","00:02:35","208","72","Non quality blocked","Wrist"
"90","66","85","241","1","00:02:36","158","106","Non quality blocked","Wrist"
"49","26","28","99","1","00:02:37","179","217","Non quality blocked","Wrist"
"87","27","6","148","1","00:02:38","214","66","Non quality blocked","Slap"
"190","74","64","169","1","00:02:38","149","91","Non quality blocked","Default"
"83","110","6","85","1","00:02:40","190","93","Non quality blocked","Wrist"
"87","157","85","170","1","00:02:40","414","195","Non quality blocked","Wrist"
"15","60","59","113","1","00:02:41","135","237","Non quality blocked","Wrist"
"90","68","64","88","1","00:02:44","203","34","Non quality blocked","Wrist"
"23","51","85","168","1","00:02:44","74","182","Quality blocked","Wrist"
"102","196","155","216","1","00:02:44","496","91","Quality blocked","Default"
"23","223","222","191","1","00:02:45","537","159","Quality blocked","Default"
"67","31","28","30","1","00:02:46","141","159","Quality blocked","Default"
"79","101","222","208","1","00:02:46","126","190","Quality blocked","Default"
"12","60","59","34","1","00:02:47","207","287","Non quality blocked","Default"
"230","61","64","164","1","00:02:47","404","132","Non quality blocked","Default"
"241","60","228","212","1","00:02:47","149","190","Non quality blocked","Default"
"255","25","22","230","1","00:02:47","419","140","Non quality blocked","Default"
"196","90","123","119","1","00:02:51","402","165","Non quality blocked","Default"
"30","12","6","64","1","00:02:52","561","213","Non quality blocked","Default"
"47","157","28","141","1","00:02:52","179","154","Non quality blocked","Wrist"
"87","71","222","165","1","00:02:53","416","282","Non quality blocked","Default"
"52","5","6","171","1","00:02:53","423","136","Non quality blocked","Wrist"
"78","203","28","190","1","00:02:54","494","117","Quality blocked","Wrist"
"25","148","155","51","1","00:02:55","141","137","Quality blocked","Wrist"
"103","71","64","90","1","00:02:55","64","224","Non quality blocked","Default"
"90","76","64","196","1","00:02:55","400","252","Non quality blocked","Default"
"185","200","211","218","1","00:02:55","399","57","Non quality blocked","Default"
"97","203","85","149","1","00:02:57","419","251","Non quality blocked","Wrist"
"11","269","123","239","1","00:02:57","159","166","Non quality blocked","Default"
"87","84","28","60","1","00:02:58","503","273","Non quality blocked","Wrist"
"31","50","59","231","1","00:02:59","429","75","Non quality blocked","Wrist"
"249","51","48","243","1","00:02:59","105","31","Non quality blocked","Default"
"62","128","64","72","1","00:03:00","401","234","Non quality blocked","Default"
"58","203","28","137","1","00:03:00","471","147","Quality blocked","Slap"
"56","50","59","122","1","00:03:02","133","184","Quality blocked","Default"
"76","196","85","158","1","00:03:02","123","178","Quality blocked","Default"
"56","73","64","108","1","00:03:03","177","229","Non quality blocked","Default"
"73","99","28","154","1","00:03:05","450","81","Non quality blocked","Wrist"
"128","47","228","214","1","00:03:05","201","163","Non quality blocked","Wrist"
"159","90","123","33","1","00:03:06","192","109","Non quality blocked","Wrist"
"180","79","22","123","1","00:03:07","431","61","Non quality blocked","Wrist"
"104","74","64","111","1","00:03:08","501","105","Quality blocked","Default"
"44","189","22","102","1","00:03:09","165","25","Non quality blocked","Default"
"20","62","59","28","1","00:03:11","115","46","Non quality blocked","Default"
"12","83","28","121","1","00:03:11","399","62","Non quality blocked","Wrist"
"16","158","85","42","1","00:03:12","425","240","Non quality blocked","Backhand"
"38","194","193","124","1","00:03:12","422","103","Non quality blocked","Wrist"
"75","53","59","140","1","00:03:13","199","117","Non quality blocked","Default"
"24","53","222","207","1","00:03:13","413","201","Non quality blocked","Default"
"84","100","211","267","1","00:03:14","208","242","Non quality blocked","Wrist"
"61","71","222","264","1","00:03:15","155","158","Non quality blocked","Wrist"
"169","209","211","136","1","00:03:16","207","193","Non quality blocked","Wrist"
"209","90","123","153","1","00:03:16","500","206","Quality blocked","Default"
"21","210","64","169","1","00:03:16","93","169","Quality blocked","Default"
"65","195","123","142","1","00:03:21","179","138","Non quality blocked","Default"
"38","56","211","177","1","00:03:21","423","51","Non quality blocked","Wrist"
"67","50","59","54","1","00:03:22","402","57","Non quality blocked","Snap"
"189","180","6","123","1","00:03:22","121","167","Quality blocked","Default"
"42","203","85","170","1","00:03:23","429","249","Non quality blocked","Wrist"
"52","56","211","218","1","00:03:24","456","63","Non quality blocked","Default"
"11","89","64","63","1","00:03:26","441","217","Non quality blocked","Default"
"36","87","228","240","1","00:03:26","140","219","Quality blocked","Default"
"230","191","22","256","1","00:03:27","191","143","Non quality blocked","Slap"
"21","209","211","136","1","00:03:28","193","127","Non quality blocked","Wrist"
"38","2","6","139","1","00:03:28","406","79","Non quality blocked","Default"
"101","196","28","201","1","00:03:28","111","222","Quality blocked","Default"
"18","129","59","220","1","00:03:28","73","115","Quality blocked","Snap"
"37","129","22","183","1","00:03:29","195","67","Non quality blocked","Default"
"185","32","28","99","1","00:03:30","197","160","Non quality blocked","Snap"
"99","169","59","266","1","00:03:30","111","105","Quality blocked","Wrist"
"16","224","59","101","1","00:03:31","530","160","Quality blocked","Default"
"167","53","222","185","1","00:03:31","141","95","Quality blocked","Default"
"50","17","6","34","1","00:03:32","391","268","Non quality blocked","Default"
"181","79","123","126","1","00:03:33","489","165","Quality blocked","Backhand"
"56","128","64","72","1","00:03:35","423","129","Non quality blocked","Default"
"277","209","64","217","1","00:03:35","111","117","Quality blocked","Default"
"89","90","22","40","1","00:03:38","451","89","Non quality blocked","Wrist"
"34","212","6","259","1","00:03:38","101","109","Quality blocked","Default"
"21","219","222","191","1","00:03:39","505","44","Non quality blocked","Wrist"
"79","60","222","208","1","00:03:40","429","127","Non quality blocked","Default"
"20","74","64","92","1","00:03:41","215","113","Non quality blocked","Default"
"219","79","123","132","1","00:03:43","399","111","Non quality blocked","Wrist"
"192","60","59","144","1","00:03:43","403","227","Non quality blocked","Default"
"89","47","228","189","1","00:03:43","173","95","Non quality blocked","Default"
"114","253","48","231","1","00:03:44","189","55","Non quality blocked","Wrist"
"83","221","59","106","1","00:03:45","123","99","Quality blocked","Wrist"
"44","71","222","165","1","00:03:46","166","75","Non quality blocked","Default"
"191","280","278","330","1","00:03:47","526","118","Quality blocked","Wrist"
"87","198","28","141","1","00:03:51","183","86","Non quality blocked","Wrist"
"12","49","59","34","1","00:03:52","182","86","Non quality blocked","Default"
"83","60","59","106","1","00:03:52","201","248","Non quality blocked","Wrist"
"73","62","59","129","1","00:03:52","479","76","Quality blocked","Default"
"50","227","228","167","1","00:03:54","186","273","Non quality blocked","Default"
"50","115","228","217","1","00:03:57","459","240","Non quality blocked","Wrist"
"242","198","59","215","1","00:03:58","223","152","Non quality blocked","Default"
"18","191","123","225","1","00:03:58","68","133","Quality blocked","Default"
"98","229","228","214","1","00:03:59","188","74","Non quality blocked","Wrist"
"242","316","85","222","1","00:04:00","529","167","Quality blocked","Wrist"
"242","23","123","244","1","00:04:00","153","245","Non quality blocked","Default"
"58","150","41","53","1","00:04:01","465","234","Non quality blocked","Default"
"138","62","222","197","1","00:04:01","196","99","Non quality blocked","Wrist"
"83","221","59","106","1","00:04:02","213","44","Non quality blocked","Wrist"
"118","89","64","90","1","00:04:03","194","142","Non quality blocked","Default"
"87","86","64","128","1","00:04:03","157","164","Non quality blocked","Default"
"274","209","59","253","1","00:04:03","208","141","Non quality blocked","Wrist"
"181","60","228","221","1","00:04:04","165","201","Non quality blocked","Default"
"188","209","59","239","1","00:04:05","500","180","Quality blocked","Default"
"200","208","155","261","1","00:04:05","490","273","Non quality blocked","Wrist"
"21","65","64","111","1","00:04:06","472","93","Quality blocked","Default"
"208","183","41","234","1","00:04:07","183","261","Non quality blocked","Wrist"
"11","65","64","84","1","00:04:08","386","143","Non quality blocked","Default"
"52","51","28","199","1","00:04:08","415","235","Non quality blocked","Wrist"
"32","5","6","85","1","00:04:10","115","196","Quality blocked","Snap"
"40","162","22","256","1","00:04:11","159","96","Non quality blocked","Wrist"
"76","20","123","153","1","00:04:12","398","147","Non quality blocked","Default"
"253","102","123","247","1","00:04:13","197","281","Non quality blocked","Wrist"
"160","167","6","42","1","00:04:15","39","213","Non quality blocked","Wrist"
"31","47","155","170","1","00:04:15","123","151","Quality blocked","Snap"
"21","60","222","208","1","00:04:15","112","236","Non quality blocked","Default"
"224","232","64","108","1","00:04:16","89","75","Non quality blocked","Default"
"83","246","6","213","1","00:04:16","397","182","Non quality blocked","Default"
"60","90","123","44","1","00:04:17","411","104","Non quality blocked","Default"
"79","230","155","183","1","00:04:18","396","268","Non quality blocked","Snap"
"62","149","41","234","1","00:04:18","201","75","Non quality blocked","Wrist"
"114","68","64","92","1","00:04:21","405","113","Non quality blocked","Default"
"97","4","222","208","1","00:04:24","103","179","Quality blocked","Wrist"
"183","38","222","237","1","00:04:24","526","242","Non quality blocked","Default"
"11","15","6","96","1","00:04:25","201","73","Non quality blocked","Wrist"
"91","249","228","221","1","00:04:26","156","94","Non quality blocked","Default"
"98","87","155","146","1","00:04:28","157","87","Non quality blocked","Wrist"
"98","47","155","170","1","00:04:29","153","66","Non quality blocked","Wrist"
"157","5","186","190","1","00:04:29","93","290","Non quality blocked","Wrist"
"32","26","211","267","1","00:04:30","189","264","Non quality blocked","Wrist"
"24","68","64","159","1","00:04:31","407","78","Non quality blocked","Default"
"35","38","222","264","1","00:04:31","71","213","Non quality blocked","Wrist"
"24","86","64","111","1","00:04:32","399","117","Non quality blocked","Default"
"90","44","155","186","1","00:04:33","135","93","Quality blocked","Default"
"88","73","64","54","1","00:04:34","166","95","Non quality blocked","Snap"
"101","84","28","176","1","00:04:34","438","140","Non quality blocked","Wrist"
"24","76","211","210","1","00:04:34","198","251","Non quality blocked","Default"
"246","285","228","228","1","00:04:35","400","226","Non quality blocked","Wrist"
"208","102","123","136","1","00:04:36","388","55","Non quality blocked","Wrist"
"98","129","123","156","1","00:04:36","55","178","Quality blocked","Default"
"10","164","28","64","1","00:04:39","191","40","Non quality blocked","Default"
"196","13","19","121","1","00:04:40","166","249","Non quality blocked","Wrist"
"39","200","85","238","1","00:04:43","134","92","Quality blocked","Wrist"
"18","150","155","68","1","00:04:44","409","132","Non quality blocked","Default"
"68","79","123","203","1","00:04:44","437","258","Non quality blocked","Default"
"114","208","64","154","1","00:04:46","47","96","Non quality blocked","Backhand"
"167","27","28","64","1","00:04:47","118","225","Quality blocked","Default"
"14","163","28","85","1","00:04:47","498","199","Quality blocked","Wrist"
"100","129","123","142","1","00:04:47","156","147","Non quality blocked","Default"
"167","79","22","95","1","00:04:48","185","69","Non quality blocked","Default"
"204","131","64","104","1","00:04:49","408","121","Non quality blocked","Default"
"62","138","28","197","1","00:04:49","392","170","Non quality blocked","Wrist"
"23","67","64","92","1","00:04:51","525","216","Non quality blocked","Default"
"138","125","222","200","1","00:04:51","508","105","Quality blocked","Default"
"65","50","59","41","1","00:04:52","507","74","Non quality blocked","Snap"
"2","90","22","216","1","00:04:52","182","190","Non quality blocked","Wrist"
"71","11","123","92","1","00:04:54","183","220","Non quality blocked","Default"
"11","219","222","206","1","00:04:54","433","206","Non quality blocked","Default"
"198","189","123","149","1","00:04:55","219","127","Non quality blocked","Slap"
"13","87","228","179","1","00:04:57","467","71","Non quality blocked","Wrist"
"73","191","123","203","1","00:04:57","442","149","Non quality blocked","Default"
"118","49","6","98","1","00:04:58","399","155","Non quality blocked","Default"
"210","229","155","177","1","00:04:59","147","81","Non quality blocked","Default"
"115","181","155","211","1","00:04:59","218","74","Non quality blocked","Snap"
"255","2","155","259","1","00:04:59","399","268","Non quality blocked","Default"
"53","169","123","132","1","00:05:01","525","264","Non quality blocked","Backhand"
"37","40","222","165","1","00:05:01","504","100","Quality blocked","Default"
"219","190","123","209","1","00:05:03","409","130","Non quality blocked","Default"
"71","65","28","66","1","00:05:04","458","216","Quality blocked","Default"
"99","62","59","37","1","00:05:05","183","193","Non quality blocked","Wrist"
"26","12","6","173","1","00:05:05","494","215","Quality blocked","Default"
"21","83","28","131","1","00:05:07","450","203","Non quality blocked","Wrist"
"71","115","64","226","1","00:05:10","463","206","Quality blocked","Wrist"
"192","51","48","231","1","00:05:10","68","146","Quality blocked","Wrist"
"25","141","48","44","1","00:05:11","57","80","Non quality blocked","Wrist"
"65","24","22","40","1","00:05:13","439","276","Non quality blocked","Wrist"
"44","65","64","128","1","00:05:13","207","264","Non quality blocked","Default"
"114","67","64","138","1","00:05:14","100","144","Quality blocked","Wrist"
"167","82","28","190","1","00:05:14","378","277","Non quality blocked","Wrist"
"39","83","28","60","1","00:05:15","453","142","Non quality blocked","Wrist"
"198","24","123","149","1","00:05:15","162","86","Non quality blocked","Wrist"
"192","232","64","159","1","00:05:16","498","159","Quality blocked","Default"
"31","75","64","138","1","00:05:17","70","174","Quality blocked","Wrist"
"100","71","222","222","1","00:05:17","138","103","Quality blocked","Wrist"
"280","84","48","243","1","00:05:17","60","245","Non quality blocked","Wrist"
"87","167","123","265","1","00:05:18","501","135","Quality blocked","Snap"
"169","138","28","131","1","00:05:19","417","133","Non quality blocked","Wrist"
"55","24","123","28","1","00:05:20","511","205","Quality blocked","Default"
"52","99","28","137","1","00:05:21","393","95","Non quality blocked","Default"
"23","229","228","256","1","00:05:22","477","44","Non quality blocked","Default"
"79","15","19","126","1","00:05:23","145","107","Non quality blocked","Wrist"
"68","129","123","136","1","00:05:23","501","255","Non quality blocked","Wrist"
"17","226","59","101","1","00:05:25","483","149","Quality blocked","Default"
"61","38","41","53","1","00:05:26","454","96","Non quality blocked","Default"
"207","185","6","118","1","00:05:26","160","215","Non quality blocked","Default"
"185","36","228","157","1","00:05:27","198","237","Non quality blocked","Default"
"67","203","85","166","1","00:05:28","483","214","Quality blocked","Wrist"
"24","220","222","115","1","00:05:29","193","144","Non quality blocked","Wrist"
"191","33","155","124","1","00:05:29","137","159","Quality blocked","Default"
"108","132","85","334","1","00:05:29","197","244","Non quality blocked","Default"
"8","150","155","32","1","00:05:30","125","197","Quality blocked","Default"
"68","46","228","104","1","00:05:30","182","169","Non quality blocked","Wrist"
"50","32","28","37","1","00:05:32","417","252","Non quality blocked","Wrist"
"110","84","28","173","1","00:05:32","105","22","Non quality blocked","Default"
"138","242","238","229","1","00:05:33","407","28","Non quality blocked","Wrist"
"114","38","155","170","1","00:05:35","159","133","Non quality blocked","Wrist"
"51","67","211","227","1","00:05:37","483","154","Quality blocked","Snap"
"47","269","123","331","1","00:05:37","123","155","Quality blocked","Snap"
"74","50","59","41","1","00:05:38","393","29","Non quality blocked","Snap"
"232","57","59","108","1","00:05:38","462","262","Non quality blocked","Default"
"167","98","28","163","1","00:05:38","192","108","Non quality blocked","Wrist"
"223","100","211","235","1","00:05:38","464","128","Quality blocked","Default"
"232","101","222","237","1","00:05:38","432","81","Non quality blocked","Default"
"63","169","59","257","1","00:05:38","140","177","Quality blocked","Wrist"
"129","141","59","31","1","00:05:39","407","262","Non quality blocked","Snap"
"83","13","19","121","1","00:05:40","206","224","Non quality blocked","Wrist"
"72","97","123","132","1","00:05:40","438","173","Non quality blocked","Default"
"63","99","85","138","1","00:05:40","445","199","Non quality blocked","Wrist"
"115","31","85","58","1","00:05:42","411","43","Non quality blocked","Wrist"
"203","62","59","176","1","00:05:44","92","280","Non quality blocked","Wrist"
"188","34","155","102","1","00:05:45","488","224","Quality blocked","Default"
"196","42","155","170","1","00:05:45","189","111","Non quality blocked","Wrist"
"2","90","22","216","1","00:05:45","176","201","Non quality blocked","Wrist"
"78","51","59","83","1","00:05:46","166","59","Non quality blocked","Default"
"97","47","155","43","1","00:05:51","144","249","Non quality blocked","Wrist"
"76","99","28","154","1","00:05:51","462","81","Quality blocked","Wrist"
"196","220","59","176","1","00:05:52","211","171","Non quality blocked","Wrist"
"5","105","22","96","1","00:05:53","423","204","Non quality blocked","Default"
"35","83","28","110","1","00:05:54","385","249","Non quality blocked","Wrist"
"107","13","6","65","1","00:05:55","505","223","Non quality blocked","Default"
"71","114","28","200","1","00:05:55","181","270","Non quality blocked","Wrist"
"198","167","6","173","1","00:05:57","429","213","Non quality blocked","Wrist"
"83","101","222","197","1","00:05:57","208","39","Non quality blocked","Wrist"
"243","24","123","225","1","00:05:57","104","151","Quality blocked","Default"
"99","12","6","42","1","00:05:58","210","263","Non quality blocked","Wrist"
"60","56","211","178","1","00:05:58","141","45","Non quality blocked","Default"
"207","2","6","105","1","00:05:59","177","243","Non quality blocked","Default"
"56","32","85","166","1","00:05:59","399","69","Non quality blocked","Wrist"
"242","316","211","235","1","00:05:59","431","201","Non quality blocked","Default"
"36","5","6","56","1","00:06:00","96","194","Quality blocked","Wrist"
"11","128","211","100","1","00:06:00","169","147","Non quality blocked","Default"
"61","31","28","174","1","00:06:00","208","117","Non quality blocked","Snap"
"83","2","6","85","1","00:06:01","195","122","Non quality blocked","Wrist"
"185","225","59","101","1","00:06:01","387","255","Non quality blocked","Slap"
"56","98","28","154","1","00:06:03","385","12","Non quality blocked","Wrist"
"196","49","6","173","1","00:06:03","429","214","Non quality blocked","Default"
"317","71","222","222","1","00:06:03","112","175","Quality blocked","Wrist"
"50","203","28","137","1","00:06:04","493","171","Quality blocked","Wrist"
"242","191","22","219","1","00:06:04","182","242","Non quality blocked","Default"
"11","73","64","111","1","00:06:05","399","224","Non quality blocked","Default"
"83","50","222","199","1","00:06:05","420","153","Non quality blocked","Wrist"
"47","5","28","214","1","00:06:05","406","259","Non quality blocked","Wrist"
"12","35","28","337","1","00:06:06","396","149","Non quality blocked","Default"
"279","267","22","330","1","00:06:08","124","185","Quality blocked","Snap"
"83","55","59","62","1","00:06:09","393","134","Non quality blocked","Default"
"44","75","64","128","1","00:06:09","189","231","Non quality blocked","Default"
"47","192","59","242","1","00:06:09","141","208","Quality blocked","Wrist"
"68","87","155","164","1","00:06:10","93","80","Quality blocked","Default"
"18","84","28","121","1","00:06:11","416","205","Non quality blocked","Wrist"
"102","99","85","168","1","00:06:11","77","93","Non quality blocked","Wrist"
"24","39","28","119","1","00:06:12","163","227","Non quality blocked","Wrist"
"220","87","228","212","1","00:06:12","140","116","Quality blocked","Default"
"138","200","211","261","1","00:06:12","136","153","Quality blocked","Wrist"
"116","131","64","88","1","00:06:15","188","261","Non quality blocked","Wrist"
"185","249","228","228","1","00:06:16","396","38","Non quality blocked","Snap"
"76","83","85","138","1","00:06:17","453","143","Non quality blocked","Wrist"
"206","83","85","170","1","00:06:18","427","270","Non quality blocked","Wrist"
"63","12","6","133","1","00:06:19","471","165","Quality blocked","Wrist"
"58","5","28","254","1","00:06:19","492","219","Quality blocked","Wrist"
"195","75","64","111","1","00:06:20","508","117","Quality blocked","Default"
"89","13","6","118","1","00:06:20","183","136","Non quality blocked","Default"
"34","149","6","259","1","00:06:20","175","143","Non quality blocked","Default"
"78","32","28","163","1","00:06:21","180","194","Non quality blocked","Wrist"
"63","230","155","177","1","00:06:21","119","157","Quality blocked","Wrist"
"71","24","123","209","1","00:06:21","399","69","Non quality blocked","Default"
"114","24","123","156","1","00:06:22","147","146","Non quality blocked","Wrist"
"84","51","59","49","1","00:06:23","198","284","Non quality blocked","Wrist"
"104","214","211","100","1","00:06:24","154","97","Non quality blocked","Default"
"32","101","222","199","1","00:06:24","187","157","Non quality blocked","Slap"
"49","118","59","211","1","00:06:25","498","79","Quality blocked","Wrist"
"162","75","64","30","1","00:06:29","446","184","Non quality blocked","Wrist"
"45","110","19","48","1","00:06:29","390","58","Non quality blocked","Default"
"138","212","6","259","1","00:06:30","129","86","Quality blocked","Default"
"9","162","123","331","1","00:06:30","89","164","Quality blocked","Default"
"169","15","6","246","1","00:06:32","423","122","Non quality blocked","Slap"
"203","97","6","259","1","00:06:32","141","53","Non quality blocked","Wrist"
"209","32","28","154","1","00:06:33","453","162","Non quality blocked","Wrist"
"84","88","222","200","1","00:06:33","440","81","Non quality blocked","Default"
"12","66","211","255","1","00:06:34","166","257","Non quality blocked","Default"
"181","71","222","268","1","00:06:34","419","88","Non quality blocked","Default"
"63","11","123","142","1","00:06:37","69","96","Non quality blocked","Default"
"188","39","28","119","1","00:06:38","125","117","Quality blocked","Wrist"
"219","315","211","336","1","00:06:38","129","176","Quality blocked","Default"
"65","128","85","158","1","00:06:40","153","173","Non quality blocked","Default"
"71","114","28","197","1","00:06:40","411","17","Non quality blocked","Wrist"
"245","253","48","243","1","00:06:40","159","110","Non quality blocked","Slap"
"236","87","228","256","1","00:06:40","394","138","Non quality blocked","Default"
"98","79","123","33","1","00:06:41","146","244","Non quality blocked","Wrist"
"103","71","64","90","1","00:06:41","151","134","Non quality blocked","Default"
"110","33","155","139","1","00:06:42","167","237","Non quality blocked","Wrist"
"49","60","222","171","1","00:06:44","186","203","Non quality blocked","Wrist"
"13","74","64","45","1","00:06:45","414","262","Non quality blocked","Default"
"100","23","123","86","1","00:06:45","154","231","Non quality blocked","Default"
"13","52","6","259","1","00:06:45","63","159","Quality blocked","Default"
"68","24","123","63","1","00:06:46","196","108","Non quality blocked","Default"
"114","129","123","156","1","00:06:47","158","141","Non quality blocked","Wrist"
"13","83","28","163","1","00:06:47","141","249","Non quality blocked","Slap"
"8","225","197","332","1","00:06:47","426","31","Non quality blocked","Wrist"
"31","169","59","253","1","00:06:48","170","147","Non quality blocked","Wrist"
"169","200","28","131","1","00:06:49","399","242","Non quality blocked","Slap"
"42","114","28","141","1","00:06:49","75","173","Quality blocked","Wrist"
"57","84","28","199","1","00:06:49","540","109","Non quality blocked","Backhand"
"34","115","123","186","1","00:06:51","437","42","Non quality blocked","Default"
"188","209","59","239","1","00:06:51","419","130","Non quality blocked","Default"
"68","161","28","66","1","00:06:52","417","36","Non quality blocked","Default"
"52","99","28","137","1","00:06:52","387","100","Non quality blocked","Wrist"
"118","60","228","217","1","00:06:52","405","38","Non quality blocked","Default"
"236","223","222","219","1","00:06:53","414","45","Non quality blocked","Default"
"223","56","211","235","1","00:06:54","388","82","Non quality blocked","Default"
"21","183","19","147","1","00:06:55","440","155","Non quality blocked","Default"
"125","51","28","201","1","00:06:55","123","234","Non quality blocked","Wrist"
"5","97","123","126","1","00:06:56","385","80","Non quality blocked","Wrist"
"230","52","59","135","1","00:06:57","507","171","Quality blocked","Default"
"224","212","211","178","1","00:06:58","132","111","Quality blocked","Wrist"
"8","271","197","332","1","00:07:00","511","237","Non quality blocked","Wrist"
"227","12","6","246","1","00:07:02","551","143","Quality blocked","Wrist"
"21","87","154","73","1","00:07:03","435","157","Non quality blocked","Slap"
"289","97","6","251","1","00:07:03","404","201","Non quality blocked","Default"
"88","38","41","39","1","00:07:05","82","116","Quality blocked","Snap"
"104","219","222","207","1","00:07:05","523","199","Quality blocked","Wrist"
"79","210","211","136","1","00:07:06","217","191","Non quality blocked","Wrist"
"224","220","238","229","1","00:07:06","90","133","Quality blocked","Wrist"
"246","275","28","337","1","00:07:06","488","257","Non quality blocked","Snap"
"11","161","222","209","1","00:07:07","203","92","Non quality blocked","Wrist"
"100","32","28","67","1","00:07:10","401","263","Non quality blocked","Wrist"
"142","162","22","216","1","00:07:11","89","137","Quality blocked","Wrist"
"200","35","228","141","1","00:07:12","188","67","Non quality blocked","Default"
"169","52","6","246","1","00:07:13","507","61","Non quality blocked","Slap"
"150","50","59","71","1","00:07:14","429","255","Non quality blocked","Default"
"89","99","155","211","1","00:07:14","91","201","Quality blocked","Wrist"
"87","84","28","110","1","00:07:15","466","225","Quality blocked","Snap"
"23","219","222","115","1","00:07:16","145","223","Non quality blocked","Default"
"34","24","123","43","1","00:07:19","184","86","Non quality blocked","Default"
"84","220","222","137","1","00:07:19","87","151","Quality blocked","Slap"
"286","232","6","251","1","00:07:19","478","168","Quality blocked","Default"
"115","230","155","183","1","00:07:20","465","230","Non quality blocked","Wrist"
"66","169","64","263","1","00:07:21","442","59","Non quality blocked","Wrist"
"58","167","6","171","1","00:07:22","468","93","Quality blocked","Wrist"
"37","83","28","110","1","00:07:24","568","121","Non quality blocked","Default"
"76","12","6","105","1","00:07:27","149","150","Non quality blocked","Default"
"32","24","123","149","1","00:07:27","151","218","Non quality blocked","Wrist"
"198","138","155","211","1","00:07:27","143","91","Quality blocked","Wrist"
"75","51","85","166","1","00:07:29","447","95","Non quality blocked","Wrist"
"5","30","28","121","1","00:07:32","448","47","Non quality blocked","Wrist"
"316","230","228","232","1","00:07:32","504","48","Non quality blocked","Snap"
"221","196","28","201","1","00:07:33","63","170","Quality blocked","Wrist"
"44","285","228","248","1","00:07:33","182","140","Non quality blocked","Wrist"
"55","164","28","37","1","00:07:34","471","103","Quality blocked","Wrist"
"91","5","6","38","1","00:07:36","164","150","Non quality blocked","Wrist"
"219","99","85","188","1","00:07:36","171","151","Non quality blocked","Default"
"25","200","64","195","1","00:07:36","511","201","Quality blocked","Default"
"68","285","228","232","1","00:07:36","458","181","Quality blocked","Wrist"
"30","227","59","242","1","00:07:36","86","153","Quality blocked","Wrist"
"26","12","19","163","1","00:07:37","475","47","Non quality blocked","Wrist"
"84","62","59","176","1","00:07:39","116","220","Quality blocked","Wrist"
"207","71","222","212","1","00:07:39","435","93","Non quality blocked","Default"
"31","100","211","227","1","00:07:39","458","111","Quality blocked","Snap"
"71","203","28","137","1","00:07:40","385","231","Non quality blocked","Wrist"
"192","53","59","181","1","00:07:40","114","144","Quality blocked","Snap"
"66","189","123","210","1","00:07:41","381","84","Non quality blocked","Wrist"
"203","219","222","197","1","00:07:42","201","275","Non quality blocked","Slap"
"34","11","59","266","1","00:07:43","138","246","Non quality blocked","Wrist"
"189","199","85","168","1","00:07:45","166","195","Non quality blocked","Wrist"
"50","229","228","125","1","00:07:46","513","147","Quality blocked","Default"
"42","219","59","155","1","00:07:46","519","143","Quality blocked","Default"
"199","90","123","168","1","00:07:46","483","123","Quality blocked","Default"
"83","5","6","64","1","00:07:47","484","84","Quality blocked","Default"
"89","88","222","226","1","00:07:47","124","84","Quality blocked","Wrist"
"21","79","28","262","1","00:07:47","135","238","Non quality blocked","Wrist"
"56","21","22","159","1","00:07:48","188","147","Non quality blocked","Default"
"84","68","85","238","1","00:07:48","201","61","Non quality blocked","Slap"
"25","12","6","50","1","00:07:49","93","106","Quality blocked","Wrist"
"84","76","64","30","1","00:07:50","470","176","Quality blocked","Wrist"
"11","32","85","55","1","00:07:51","205","146","Non quality blocked","Default"
"89","50","59","108","1","00:07:53","484","223","Quality blocked","Default"
"189","61","28","247","1","00:07:55","492","220","Quality blocked","Wrist"
"11","55","59","31","1","00:07:56","394","135","Non quality blocked","Snap"
"21","227","59","239","1","00:07:56","468","188","Quality blocked","Default"
"79","51","59","28","1","00:07:59","200","124","Non quality blocked","Wrist"
"13","60","59","34","1","00:07:59","144","107","Non quality blocked","Default"
"63","196","85","138","1","00:07:59","543","228","Non quality blocked","Wrist"
"86","219","59","129","1","00:08:00","499","232","Non quality blocked","Default"
"58","100","64","54","1","00:08:03","202","155","Non quality blocked","Snap"
"24","1","6","38","1","00:08:04","158","82","Non quality blocked","Wrist"
"68","201","85","138","1","00:08:05","415","273","Non quality blocked","Wrist"
"17","271","28","337","1","00:08:05","476","156","Quality blocked","Snap"
"73","129","123","88","1","00:08:06","471","129","Quality blocked","Default"
"21","58","222","244","1","00:08:06","524","244","Non quality blocked","Default"
"39","78","6","68","1","00:08:08","107","94","Quality blocked","Default"
"108","73","64","72","1","00:08:08","443","153","Non quality blocked","Default"
"16","11","22","97","1","00:08:08","436","203","Non quality blocked","Default"
"162","249","228","256","1","00:08:08","418","45","Non quality blocked","Default"
"30","51","48","243","1","00:08:09","82","249","Non quality blocked","Default"
"74","203","85","138","1","00:08:10","396","69","Non quality blocked","Wrist"
"87","51","28","60","1","00:08:12","422","82","Non quality blocked","Slap"
"189","199","28","262","1","00:08:12","146","98","Non quality blocked","Wrist"
"11","32","85","55","1","00:08:13","74","195","Quality blocked","Wrist"
"69","21","123","90","1","00:08:13","507","208","Quality blocked","Default"
"47","32","28","146","1","00:08:13","420","85","Non quality blocked","Slap"
"185","114","28","190","1","00:08:14","425","249","Non quality blocked","Wrist"
"277","52","6","228","1","00:08:14","110","158","Quality blocked","Backhand"
"83","61","64","166","1","00:08:16","192","33","Non quality blocked","Wrist"
"11","76","64","203","1","00:08:16","203","58","Non quality blocked","Default"
"163","111","6","87","1","00:08:18","199","42","Non quality blocked","Wrist"
"200","13","155","261","1","00:08:19","430","185","Non quality blocked","Slap"
"4","26","28","152","1","00:08:21","158","109","Non quality blocked","Wrist"
"2","87","228","157","1","00:08:21","195","226","Non quality blocked","Wrist"
"99","227","155","170","1","00:08:21","202","255","Non quality blocked","Wrist"
"12","68","211","255","1","00:08:22","178","206","Non quality blocked","Default"
"75","90","123","86","1","00:08:23","127","249","Non quality blocked","Default"
"11","201","28","156","1","00:08:24","409","249","Non quality blocked","Wrist"
"205","24","123","331","1","00:08:24","78","149","Quality blocked","Wrist"
"56","189","123","210","1","00:08:25","424","121","Non quality blocked","Wrist"
"185","114","28","190","1","00:08:26","375","155","Non quality blocked","Wrist"
"13","11","22","97","1","00:08:27","446","120","Non quality blocked","Default"
"15","71","64","45","1","00:08:29","552","115","Non quality blocked","Default"
"75","208","155","211","1","00:08:29","81","181","Quality blocked","Backhand"
"25","129","59","239","1","00:08:29","507","119","Quality blocked","Default"
"84","2","6","64","1","00:08:30","415","247","Non quality blocked","Default"
"12","189","22","230","1","00:08:30","401","49","Non quality blocked","Wrist"
"196","12","19","121","1","00:08:31","202","107","Non quality blocked","Slap"
"232","205","155","177","1","00:08:31","105","93","Quality blocked","Default"
"210","219","238","229","1","00:08:31","156","101","Non quality blocked","Wrist"
"87","12","6","68","1","00:08:32","209","41","Non quality blocked","Default"
"39","38","155","110","1","00:08:34","115","199","Quality blocked","Tip"
"9","23","22","183","1","00:08:34","139","220","Quality blocked","Snap"
"52","119","123","28","1","00:08:36","459","91","Quality blocked","Default"
"68","84","28","154","1","00:08:38","483","247","Non quality blocked","Wrist"
"67","17","6","218","1","00:08:38","182","177","Non quality blocked","Default"
"72","118","123","63","1","00:08:49","122","97","Quality blocked","Default"
"219","102","123","244","1","00:08:50","175","255","Non quality blocked","Default"
"87","2","6","56","1","00:08:51","141","129","Quality blocked","Slap"
"61","84","28","62","1","00:08:51","162","226","Non quality blocked","Default"
"72","236","22","233","1","00:08:51","447","28","Non quality blocked","Default"
"83","65","64","166","1","00:08:52","201","212","Non quality blocked","Wrist"
"74","249","228","232","1","00:08:54","481","40","Non quality blocked","Snap"
"87","75","64","114","1","00:08:56","62","170","Quality blocked","Wrist"
"34","167","22","216","1","00:08:56","131","182","Quality blocked","Wrist"
"50","138","28","106","1","00:08:57","408","251","Non quality blocked","Wrist"
"115","87","155","186","1","00:08:57","102","228","Non quality blocked","Wrist"
"230","223","59","120","1","00:08:58","211","43","Non quality blocked","Default"
"84","36","228","141","1","00:08:59","398","141","Non quality blocked","Default"
"26","2","6","85","1","00:09:00","42","127","Non quality blocked","Backhand"
"18","60","59","69","1","00:09:01","488","205","Quality blocked","Snap"
"215","26","85","334","1","00:09:01","210","196","Non quality blocked","Default"
"79","39","154","73","1","00:09:02","397","261","Non quality blocked","Wrist"
"65","138","85","116","1","00:09:03","122","66","Non quality blocked","Default"
"67","49","6","105","1","00:09:06","184","121","Non quality blocked","Default"
"24","35","155","183","1","00:09:06","384","33","Non quality blocked","Snap"
"185","190","123","225","1","00:09:08","153","165","Non quality blocked","Snap"
"90","256","6","230","1","00:09:09","164","105","Non quality blocked","Wrist"
"12","152","155","32","1","00:09:10","182","182","Non quality blocked","Default"
"84","12","6","182","1","00:09:10","433","61","Non quality blocked","Wrist"
"87","74","64","61","1","00:09:11","177","264","Non quality blocked","Default"
"57","34","155","71","1","00:09:11","141","99","Quality blocked","Default"
"156","2","6","85","1","00:09:12","82","135","Quality blocked","Wrist"
"83","2","19","121","1","00:09:12","200","246","Non quality blocked","Wrist"
"201","167","6","180","1","00:09:13","82","225","Non quality blocked","Wrist"
"53","208","155","268","1","00:09:13","192","42","Non quality blocked","Default"
"11","60","59","31","1","00:09:14","429","147","Non quality blocked","Snap"
"75","30","28","67","1","00:09:15","409","94","Non quality blocked","Wrist"
"191","223","222","191","1","00:09:15","455","106","Non quality blocked","Wrist"
"51","53","222","201","1","00:09:15","455","243","Non quality blocked","Default"
"244","16","6","218","1","00:09:15","174","221","Non quality blocked","Default"
"5","56","59","113","1","00:09:16","106","87","Quality blocked","Wrist"
"280","118","59","242","1","00:09:16","94","172","Quality blocked","Wrist"
"242","32","28","264","1","00:09:16","413","136","Non quality blocked","Wrist"
"74","87","228","232","1","00:09:17","482","147","Quality blocked","Snap"
"311","217","222","336","1","00:09:17","388","81","Non quality blocked","Default"
"40","60","59","155","1","00:09:19","474","104","Quality blocked","Default"
"20","60","59","28","1","00:09:20","59","186","Non quality blocked","Wrist"
"91","68","64","86","1","00:09:20","430","261","Non quality blocked","Default"
"204","108","222","212","1","00:09:22","434","257","Non quality blocked","Default"
"13","87","41","48","1","00:09:23","159","51","Non quality blocked","Default"
"289","180","64","249","1","00:09:23","52","134","Quality blocked","Default"
"74","21","22","84","1","00:09:24","183","59","Non quality blocked","Default"
"24","62","59","59","1","00:09:25","419","135","Non quality blocked","Default"
"87","75","64","114","1","00:09:25","135","96","Quality blocked","Wrist"
"36","60","59","155","1","00:09:25","448","135","Non quality blocked","Default"
"24","208","211","142","1","00:09:27","391","62","Non quality blocked","Default"
"149","105","22","73","1","00:09:28","82","159","Quality blocked","Wrist"
"84","220","222","197","1","00:09:28","207","282","Non quality blocked","Wrist"
"63","53","59","140","1","00:09:29","174","82","Non quality blocked","Default"
"63","104","22","169","1","00:09:29","453","226","Non quality blocked","Default"
"114","75","64","174","1","00:09:29","502","118","Quality blocked","Wrist"
"84","65","64","47","1","00:09:30","420","83","Non quality blocked","Default"
"114","189","22","131","1","00:09:30","147","100","Non quality blocked","Slap"
"100","11","123","86","1","00:09:31","211","258","Non quality blocked","Default"
"13","62","59","113","1","00:09:31","162","225","Non quality blocked","Snap"
"42","24","22","262","1","00:09:31","484","232","Non quality blocked","Slap"
"236","285","228","265","1","00:09:31","184","162","Non quality blocked","Wrist"
"83","76","64","66","1","00:09:32","110","134","Quality blocked","Default"
"163","58","59","37","1","00:09:34","153","196","Non quality blocked","Snap"
"83","2","19","121","1","00:09:34","154","16","Non quality blocked","Default"
"44","83","28","224","1","00:09:34","469","236","Non quality blocked","Snap"
"12","190","123","225","1","00:09:35","183","194","Non quality blocked","Slap"
"11","50","222","208","1","00:09:36","161","231","Non quality blocked","Default"
"167","219","222","233","1","00:09:36","63","140","Quality blocked","Default"
"13","47","41","48","1","00:09:37","157","203","Non quality blocked","Default"
"200","11","22","195","1","00:09:37","206","21","Non quality blocked","Default"
"189","50","222","209","1","00:09:37","92","167","Quality blocked","Wrist"
"129","31","85","58","1","00:09:38","409","262","Non quality blocked","Wrist"
"100","44","228","189","1","00:09:38","100","206","Quality blocked","Default"
"99","13","19","163","1","00:09:39","502","91","Quality blocked","Wrist"
"40","203","28","161","1","00:09:40","530","195","Quality blocked","Default"
"47","71","222","167","1","00:09:40","427","35","Non quality blocked","Default"
"99","49","6","173","1","00:09:40","410","38","Non quality blocked","Wrist"
"190","79","28","247","1","00:09:40","475","218","Quality blocked","Wrist"
"138","49","6","173","1","00:09:42","487","183","Quality blocked","Wrist"
"87","98","28","214","1","00:09:42","395","56","Non quality blocked","Snap"
"169","73","211","257","1","00:09:42","459","118","Quality blocked","Default"
"12","105","22","97","1","00:09:43","425","157","Non quality blocked","Default"
"223","83","85","172","1","00:09:43","106","140","Quality blocked","Default"
"40","84","28","141","1","00:09:44","148","77","Non quality blocked","Wrist"
"161","83","85","172","1","00:09:44","543","165","Quality blocked","Default"
"189","99","28","156","1","00:09:45","498","100","Quality blocked","Tip"
"15","44","211","255","1","00:09:45","106","109","Quality blocked","Snap"
"39","205","228","258","1","00:09:45","504","171","Quality blocked","Snap"
"84","89","64","166","1","00:09:46","59","185","Quality blocked","Snap"
"44","2","155","245","1","00:09:47","149","95","Non quality blocked","Wrist"
"24","50","64","270","1","00:09:47","176","252","Non quality blocked","Wrist"
"230","4","28","214","1","00:09:48","385","121","Non quality blocked","Slap"
"61","88","59","122","1","00:09:53","127","111","Quality blocked","Default"
"47","14","6","68","1","00:09:55","87","173","Quality blocked","Default"
"289","89","64","226","1","00:09:56","398","241","Non quality blocked","Wrist"
"51","7","6","83","1","00:09:57","407","74","Non quality blocked","Default"
"230","104","22","183","1","00:09:57","161","217","Non quality blocked","Slap"
"25","71","222","209","1","00:09:57","111","153","Quality blocked","Wrist"
"253","244","85","238","1","00:09:57","114","287","Non quality blocked","Wrist"
"12","276","28","337","1","00:09:57","481","44","Non quality blocked","Wrist"
"167","23","22","134","1","00:09:58","477","185","Quality blocked","Default"
"89","195","22","169","1","00:09:58","472","45","Non quality blocked","Default"
"97","62","155","259","1","00:09:58","424","65","Non quality blocked","Default"
"47","223","59","135","1","00:10:00","411","63","Non quality blocked","Default"
"241","52","6","237","1","00:10:00","153","68","Non quality blocked","Default"
"63","81","28","37","1","00:10:03","497","165","Quality blocked","Wrist"
"61","71","59","122","1","00:10:03","161","87","Non quality blocked","Default"
"21","200","85","175","1","00:10:03","138","150","Quality blocked","Wrist"
"90","203","155","216","1","00:10:03","402","165","Non quality blocked","Default"
"246","21","123","225","1","00:10:03","173","60","Non quality blocked","Snap"
"87","51","28","214","1","00:10:05","441","286","Non quality blocked","Wrist"
"240","79","28","254","1","00:10:05","529","210","Non quality blocked","Slap"
"67","188","123","111","1","00:10:06","157","180","Non quality blocked","Default"
"67","217","238","334","1","00:10:06","427","104","Non quality blocked","Default"
"15","62","222","171","1","00:10:08","165","213","Non quality blocked","Wrist"
"149","68","64","145","1","00:10:10","448","124","Non quality blocked","Default"
"50","102","22","59","1","00:10:12","98","249","Non quality blocked","Default"
"11","31","28","131","1","00:10:13","420","209","Non quality blocked","Default"
"11","199","28","253","1","00:10:13","397","147","Non quality blocked","Snap"
"84","133","64","30","1","00:10:14","483","197","Quality blocked","Default"
"102","133","64","92","1","00:10:14","415","195","Non quality blocked","Default"
"47","213","64","104","1","00:10:14","407","193","Non quality blocked","Wrist"
"129","157","85","58","1","00:10:15","394","278","Non quality blocked","Wrist"
"114","208","155","333","1","00:10:15","71","83","Non quality blocked","Slap"
"200","57","59","106","1","00:10:18","190","147","Non quality blocked","Wrist"
"90","2","155","216","1","00:10:18","447","193","Non quality blocked","Wrist"
"114","5","28","253","1","00:10:19","433","99","Non quality blocked","Wrist"
"156","55","59","49","1","00:10:20","158","93","Non quality blocked","Wrist"
"229","83","28","110","1","00:10:20","397","188","Non quality blocked","Wrist"
"246","244","211","255","1","00:10:20","195","45","Non quality blocked","Default"
"2","230","228","148","1","00:10:22","422","53","Non quality blocked","Snap"
"11","99","85","149","1","00:10:23","395","286","Non quality blocked","Default"
"34","98","28","236","1","00:10:23","87","150","Quality blocked","Wrist"
"83","75","64","47","1","00:10:24","420","203","Non quality blocked","Default"
"285","118","222","260","1","00:10:24","104","160","Quality blocked","Wrist"
"168","62","59","49","1","00:10:25","117","71","Non quality blocked","Wrist"
"56","12","6","69","1","00:10:26","134","69","Non quality blocked","Snap"
"5","67","64","133","1","00:10:26","207","198","Non quality blocked","Wrist"
"118","13","155","211","1","00:10:26","196","249","Non quality blocked","Slap"
"57","17","6","251","1","00:10:26","508","159","Quality blocked","Default"
"100","79","28","267","1","00:10:27","498","196","Quality blocked","Wrist"
"58","126","64","41","1","00:10:28","122","156","Quality blocked","Snap"
"131","192","123","100","1","00:10:28","436","47","Non quality blocked","Default"
"63","205","155","114","1","00:10:29","92","110","Quality blocked","Default"
"13","204","228","148","1","00:10:29","436","86","Non quality blocked","Snap"
"114","88","222","201","1","00:10:29","545","189","Non quality blocked","Default"
"9","62","59","34","1","00:10:31","135","256","Non quality blocked","Default"
"201","47","155","170","1","00:10:31","155","82","Non quality blocked","Wrist"
"212","90","22","195","1","00:10:31","144","116","Non quality blocked","Default"
"34","283","228","221","1","00:10:32","69","151","Quality blocked","Backhand"
"209","78","6","246","1","00:10:32","444","211","Non quality blocked","Slap"
"26","224","222","103","1","00:10:33","186","246","Non quality blocked","Wrist"
"66","161","59","257","1","00:10:33","115","259","Non quality blocked","Wrist"
"68","104","123","142","1","00:10:34","162","47","Non quality blocked","Default"
"56","30","28","174","1","00:10:34","210","207","Non quality blocked","Snap"
"79","87","228","214","1","00:10:34","219","183","Non quality blocked","Slap"
"169","214","211","136","1","00:10:35","216","138","Non quality blocked","Wrist"
"185","79","22","123","1","00:10:36","443","209","Non quality blocked","Slap"
"84","230","155","146","1","00:10:37","165","241","Non quality blocked","Slap"
"65","129","123","63","1","00:10:38","135","254","Non quality blocked","Default"
"232","99","85","116","1","00:10:38","177","174","Non quality blocked","Default"
"183","196","155","234","1","00:10:38","427","51","Non quality blocked","Wrist"
"88","246","6","237","1","00:10:39","51","220","Non quality blocked","Default"
"83","236","22","262","1","00:10:39","465","122","Quality blocked","Wrist"
"97","63","59","28","1","00:10:40","107","168","Quality blocked","Wrist"
"38","224","59","125","1","00:10:40","155","145","Non quality blocked","Snap"
"62","7","6","65","1","00:10:41","406","50","Non quality blocked","Wrist"
"63","90","22","159","1","00:10:42","79","238","Non quality blocked","Default"
"263","99","155","216","1","00:10:44","457","115","Quality blocked","Wrist"
"44","129","123","51","1","00:10:45","489","177","Quality blocked","Wrist"
"57","84","85","103","1","00:10:45","430","95","Non quality blocked","Wrist"
"50","80","28","49","1","00:10:47","399","209","Non quality blocked","Wrist"
"167","20","22","134","1","00:10:47","414","199","Non quality blocked","Default"
"68","116","85","166","1","00:10:47","465","267","Non quality blocked","Wrist"
"78","74","70","52","1","00:10:49","523","172","Quality blocked","Default"
"91","17","19","147","1","00:10:50","452","242","Non quality blocked","Default"
"63","201","85","166","1","00:10:50","553","68","Non quality blocked","Wrist"
"232","33","228","104","1","00:10:51","201","70","Non quality blocked","Default"
"189","62","222","206","1","00:10:51","455","153","Non quality blocked","Wrist"
"167","24","22","134","1","00:10:52","533","166","Quality blocked","Wrist"
"159","100","64","30","1","00:10:53","465","105","Quality blocked","Default"
"114","12","6","173","1","00:10:53","474","213","Quality blocked","Wrist"
"11","31","85","175","1","00:10:53","198","147","Non quality blocked","Wrist"
"52","51","28","176","1","00:10:53","519","23","Non quality blocked","Wrist"
"73","79","28","224","1","00:10:53","464","194","Quality blocked","Wrist"
"63","156","28","49","1","00:10:54","477","99","Quality blocked","Wrist"
"60","98","85","103","1","00:10:54","514","75","Non quality blocked","Default"
"79","203","28","131","1","00:10:54","514","196","Quality blocked","Wrist"
"129","100","64","203","1","00:10:54","205","209","Non quality blocked","Default"
"169","65","134","204","1","00:10:54","176","243","Non quality blocked","Wrist"
"138","76","211","261","1","00:10:54","70","99","Non quality blocked","Backhand"
"13","24","123","109","1","00:10:56","140","10","Non quality blocked","Slap"
"79","73","64","92","1","00:10:58","471","119","Quality blocked","Default"
"15","163","28","99","1","00:10:58","113","152","Quality blocked","Wrist"
"32","12","186","190","1","00:10:59","144","130","Non quality blocked","Wrist"
"100","24","123","86","1","00:11:00","99","170","Quality blocked","Default"
"189","83","28","119","1","00:11:00","107","146","Quality blocked","Wrist"
"47","26","85","248","1","00:11:00","438","39","Non quality blocked","Snap"
"38","104","193","124","1","00:11:02","511","141","Quality blocked","Backhand"
"189","47","155","186","1","00:11:02","119","193","Quality blocked","Wrist"
"83","74","211","227","1","00:11:02","394","207","Non quality blocked","Wrist"
"32","167","6","89","1","00:11:03","418","58","Non quality blocked","Default"
"34","67","64","128","1","00:11:03","150","140","Non quality blocked","Default"
"68","12","6","133","1","00:11:03","459","218","Quality blocked","Wrist"
"74","227","228","104","1","00:11:04","187","267","Non quality blocked","Wrist"
"36","11","22","183","1","00:11:05","121","212","Quality blocked","Snap"
"63","90","22","195","1","00:11:05","126","200","Quality blocked","Default"
"60","203","85","172","1","00:11:06","77","171","Quality blocked","Default"
"72","99","85","103","1","00:11:07","482","211","Quality blocked","Wrist"
"104","12","6","98","1","00:11:08","479","77","Quality blocked","Default"
"75","223","59","129","1","00:11:09","493","165","Quality blocked","Default"
"32","206","228","214","1","00:11:09","212","171","Non quality blocked","Wrist"
"68","12","6","133","1","00:11:10","384","225","Non quality blocked","Wrist"
"68","192","22","195","1","00:11:12","204","111","Non quality blocked","Default"
"198","62","155","333","1","00:11:13","154","78","Non quality blocked","Slap"
"105","35","155","43","1","00:11:14","510","111","Quality blocked","Wrist"
"11","5","6","97","1","00:11:14","125","152","Quality blocked","Wrist"
"196","86","64","154","1","00:11:14","115","141","Quality blocked","Wrist"
"100","203","85","166","1","00:11:14","443","236","Non quality blocked","Wrist"
"147","264","22","256","1","00:11:14","212","71","Non quality blocked","Slap"
"11","62","59","160","1","00:11:15","510","234","Non quality blocked","Default"
"253","65","211","227","1","00:11:15","431","70","Non quality blocked","Wrist"
"253","12","262","337","1","00:11:15","201","69","Non quality blocked","Snap"
"32","2","19","163","1","00:11:18","408","276","Non quality blocked","Wrist"
"209","12","6","118","1","00:11:19","79","72","Non quality blocked","Default"
"24","47","155","130","1","00:11:19","380","49","Non quality blocked","Wrist"
"71","138","28","137","1","00:11:22","533","200","Non quality blocked","Wrist"
"180","61","48","231","1","00:11:22","76","117","Quality blocked","Wrist"
"53","99","28","49","1","00:11:23","460","149","Quality blocked","Wrist"
"224","149","155","120","1","00:11:23","555","78","Non quality blocked","Default"
"224","203","28","176","1","00:11:23","501","227","Non quality blocked","Wrist"
"31","68","211","227","1","00:11:24","506","279","Non quality blocked","Wrist"
"98","200","85","238","1","00:11:24","87","135","Quality blocked","Wrist"
"5","38","41","48","1","00:11:28","102","107","Quality blocked","Default"
"205","88","222","260","1","00:11:30","165","63","Non quality blocked","Default"
"246","280","228","269","1","00:11:31","176","117","Non quality blocked","Wrist"
"44","208","211","177","1","00:11:32","473","212","Quality blocked","Default"
"236","68","85","241","1","00:11:32","460","265","Non quality blocked","Default"
"79","175","6","98","1","00:11:34","437","209","Non quality blocked","Default"
"83","57","222","197","1","00:11:34","203","33","Non quality blocked","Wrist"
"7","125","64","29","1","00:11:35","113","167","Quality blocked","Default"
"33","83","85","170","1","00:11:35","470","86","Quality blocked","Wrist"
"203","27","6","182","1","00:11:35","417","231","Non quality blocked","Default"
"210","83","28","236","1","00:11:36","145","45","Non quality blocked","Wrist"
"79","13","6","95","1","00:11:40","453","156","Non quality blocked","Default"
"57","169","123","207","1","00:11:40","121","156","Quality blocked","Default"
"24","57","222","244","1","00:11:40","381","126","Non quality blocked","Default"
"16","44","155","68","1","00:11:42","458","101","Quality blocked","Default"
"167","32","28","163","1","00:11:42","136","132","Quality blocked","Wrist"
"24","5","6","123","1","00:11:43","196","229","Non quality blocked","Wrist"
"204","138","85","170","1","00:11:43","391","106","Non quality blocked","Wrist"
"25","68","134","204","1","00:11:43","86","171","Quality blocked","Wrist"
"44","89","64","164","1","00:11:44","404","60","Non quality blocked","Slap"
"13","20","22","50","1","00:11:45","463","185","Quality blocked","Default"
"104","53","222","132","1","00:11:45","71","180","Quality blocked","Wrist"
"63","196","28","174","1","00:11:45","114","142","Quality blocked","Default"
"42","196","28","141","1","00:11:46","111","284","Non quality blocked","Wrist"
"23","26","211","210","1","00:11:46","158","269","Non quality blocked","Default"
"84","40","228","243","1","00:11:46","421","136","Non quality blocked","Wrist"
"9","79","28","258","1","00:11:46","141","106","Quality blocked","Snap"
"2","203","28","173","1","00:11:47","207","159","Non quality blocked","Snap"
"232","115","59","246","1","00:11:48","191","237","Non quality blocked","Slap"
"209","203","28","174","1","00:11:50","150","123","Non quality blocked","Wrist"
"71","272","28","254","1","00:11:50","393","216","Non quality blocked","Wrist"
"205","242","222","260","1","00:11:50","117","149","Quality blocked","Wrist"
"49","99","28","180","1","00:11:51","536","185","Quality blocked","Wrist"
"57","311","85","334","1","00:11:51","162","26","Non quality blocked","Default"
"167","26","28","173","1","00:11:52","146","147","Non quality blocked","Wrist"
"66","50","59","54","1","00:11:53","516","245","Non quality blocked","Snap"
"72","229","228","125","1","00:11:53","500","105","Quality blocked","Wrist"
"44","49","155","261","1","00:11:53","424","148","Non quality blocked","Wrist"
"67","129","22","159","1","00:11:55","216","212","Non quality blocked","Default"
"240","182","6","251","1","00:11:56","396","171","Non quality blocked","Default"
"69","160","85","47","1","00:11:57","183","189","Non quality blocked","Default"
"104","12","19","70","1","00:11:57","142","225","Quality blocked","Default"
"61","84","28","37","1","00:11:58","504","202","Quality blocked","Snap"
"25","125","64","92","1","00:11:58","513","123","Quality blocked","Default"
"229","201","28","146","1","00:11:58","414","242","Non quality blocked","Wrist"
"31","5","6","87","1","00:11:59","177","219","Non quality blocked","Wrist"
"236","108","222","233","1","00:11:59","190","172","Non quality blocked","Default"
"68","90","123","86","1","00:12:00","138","123","Quality blocked","Default"
"209","129","123","136","1","00:12:00","506","181","Quality blocked","Wrist"
"52","142","155","250","1","00:12:00","175","161","Non quality blocked","Default"
"24","61","64","196","1","00:12:02","389","171","Non quality blocked","Default"
"56","99","85","158","1","00:12:03","108","123","Quality blocked","Default"
"72","2","6","171","1","00:12:04","472","182","Quality blocked","Wrist"
"44","49","155","261","1","00:12:05","440","243","Non quality blocked","Wrist"
"57","200","28","137","1","00:12:07","535","221","Non quality blocked","Wrist"
"243","89","59","220","1","00:12:07","168","167","Non quality blocked","Wrist"
"58","26","28","176","1","00:12:08","441","203","Non quality blocked","Slap"
"53","98","28","152","1","00:12:09","181","91","Non quality blocked","Wrist"
"89","180","6","118","1","00:12:10","82","244","Non quality blocked","Default"
"36","12","6","112","1","00:12:12","480","154","Quality blocked","Default"
"84","73","211","227","1","00:12:12","384","241","Non quality blocked","Wrist"
"20","99","85","58","1","00:12:15","421","235","Non quality blocked","Wrist"
"198","34","155","161","1","00:12:15","64","91","Non quality blocked","Wrist"
"63","229","228","248","1","00:12:15","137","195","Quality blocked","Wrist"
"31","67","64","67","1","00:12:16","159","111","Non quality blocked","Slap"
"40","31","28","146","1","00:12:16","399","177","Non quality blocked","Wrist"
"71","47","155","114","1","00:12:17","75","211","Non quality blocked","Default"
"9","23","22","330","1","00:12:17","129","126","Quality blocked","Wrist"
"209","50","59","129","1","00:12:18","478","63","Non quality blocked","Default"
"219","203","85","188","1","00:12:18","117","208","Quality blocked","Default"
"24","61","64","196","1","00:12:19","566","182","Non quality blocked","Default"
"210","86","211","245","1","00:12:19","455","255","Non quality blocked","Wrist"
"53","83","28","176","1","00:12:20","513","80","Non quality blocked","Wrist"
"141","11","22","59","1","00:12:21","193","249","Non quality blocked","Default"
"164","101","64","66","1","00:12:21","179","210","Non quality blocked","Default"
"90","30","85","33","1","00:12:22","413","270","Non quality blocked","Wrist"
"25","2","6","123","1","00:12:22","106","142","Quality blocked","Wrist"
"56","99","85","138","1","00:12:23","416","19","Non quality blocked","Wrist"
"285","18","6","228","1","00:12:24","106","98","Quality blocked","Wrist"
"205","74","211","177","1","00:12:25","436","199","Non quality blocked","Default"
"36","15","6","179","1","00:12:25","193","183","Non quality blocked","Wrist"
"200","191","123","175","1","00:12:27","410","142","Non quality blocked","Wrist"
"34","108","59","125","1","00:12:29","68","235","Non quality blocked","Snap"
"63","169","123","203","1","00:12:29","520","25","Non quality blocked","Default"
"11","198","85","168","1","00:12:30","191","141","Non quality blocked","Wrist"
"16","200","28","99","1","00:12:31","98","196","Quality blocked","Wrist"
"11","65","64","88","1","00:12:32","173","84","Non quality blocked","Default"
"25","99","28","119","1","00:12:32","81","138","Quality blocked","Wrist"
"53","83","28","176","1","00:12:32","496","83","Quality blocked","Wrist"
"204","76","134","189","1","00:12:32","434","73","Non quality blocked","Default"
"115","71","222","249","1","00:12:33","532","100","Non quality blocked","Default"
"128","24","123","100","1","00:12:35","489","205","Quality blocked","Default"
"11","47","228","217","1","00:12:35","543","171","Quality blocked","Wrist"
"87","61","28","214","1","00:12:37","402","101","Non quality blocked","Wrist"
"21","15","6","96","1","00:12:39","210","157","Non quality blocked","Wrist"
"138","52","222","103","1","00:12:40","194","192","Non quality blocked","Wrist"
"34","18","6","139","1","00:12:40","519","109","Quality blocked","Default"
"32","11","123","149","1","00:12:41","202","185","Non quality blocked","Wrist"
"194","2","6","123","1","00:12:42","109","105","Quality blocked","Wrist"
"47","53","59","155","1","00:12:42","415","51","Non quality blocked","Default"
"51","102","123","44","1","00:12:43","443","216","Non quality blocked","Wrist"
"56","16","6","113","1","00:12:43","404","118","Non quality blocked","Wrist"
"53","83","28","176","1","00:12:43","485","54","Non quality blocked","Wrist"
"229","68","64","104","1","00:12:44","415","249","Non quality blocked","Wrist"
"9","83","28","173","1","00:12:44","135","155","Quality blocked","Default"
"206","78","6","228","1","00:12:45","75","198","Quality blocked","Wrist"
"20","230","41","117","1","00:12:47","495","171","Quality blocked","Default"
"1","74","64","105","1","00:12:48","451","147","Non quality blocked","Default"
"34","79","123","186","1","00:12:48","441","156","Non quality blocked","Default"
"42","68","85","238","1","00:12:48","76","155","Quality blocked","Wrist"
"63","62","59","108","1","00:12:49","534","241","Non quality blocked","Default"
"44","194","22","102","1","00:12:50","187","221","Non quality blocked","Snap"
"223","118","6","185","1","00:12:51","436","118","Non quality blocked","Default"
"90","61","59","31","1","00:12:52","464","205","Quality blocked","Snap"
"67","24","123","136","1","00:12:52","404","205","Non quality blocked","Wrist"
"49","38","155","68","1","00:12:53","432","120","Non quality blocked","Default"
"285","180","59","223","1","00:12:53","531","84","Non quality blocked","Default"
"249","25","22","256","1","00:12:54","164","144","Non quality blocked","Default"
"88","97","123","115","1","00:12:55","423","164","Non quality blocked","Wrist"
"15","217","222","127","1","00:12:55","465","179","Quality blocked","Default"
"73","24","123","86","1","00:12:56","121","63","Non quality blocked","Default"
"58","7","6","34","1","00:12:57","400","204","Non quality blocked","Default"
"60","31","28","37","1","00:12:57","404","74","Non quality blocked","Wrist"
"67","169","22","204","1","00:12:57","393","231","Non quality blocked","Wrist"
"79","126","64","84","1","00:13:00","387","215","Non quality blocked","Default"
"15","90","22","96","1","00:13:01","404","146","Non quality blocked","Default"
"198","104","22","131","1","00:13:01","130","136","Quality blocked","Wrist"
"74","25","22","204","1","00:13:02","466","87","Quality blocked","Default"
"169","210","155","211","1","00:13:02","188","229","Non quality blocked","Wrist"
"9","198","59","223","1","00:13:03","383","212","Non quality blocked","Slap"
"100","79","28","224","1","00:13:03","424","178","Non quality blocked","Wrist"
"181","83","28","173","1","00:13:04","129","61","Non quality blocked","Wrist"
"83","11","59","253","1","00:13:06","172","94","Non quality blocked","Wrist"
"24","138","85","168","1","00:13:08","135","222","Quality blocked","Wrist"
"44","65","64","164","1","00:13:09","435","204","Non quality blocked","Wrist"
"84","60","59","176","1","00:13:11","192","264","Non quality blocked","Wrist"
"286","167","22","233","1","00:13:11","529","98","Non quality blocked","Default"
"87","72","64","61","1","00:13:13","212","59","Non quality blocked","Wrist"
"34","232","64","128","1","00:13:15","97","215","Quality blocked","Default"
"84","72","222","197","1","00:13:15","211","239","Non quality blocked","Wrist"
"210","167","123","252","1","00:13:15","477","238","Non quality blocked","Wrist"
"224","83","28","236","1","00:13:16","87","229","Non quality blocked","Wrist"
"44","101","222","165","1","00:13:18","115","157","Quality blocked","Default"
"20","185","6","225","1","00:13:18","506","127","Quality blocked","Default"
"206","90","22","117","1","00:13:19","64","122","Quality blocked","Default"
"138","23","123","58","1","00:13:21","193","244","Non quality blocked","Wrist"
"199","2","186","190","1","00:13:22","171","202","Non quality blocked","Default"
"42","76","211","267","1","00:13:22","124","208","Quality blocked","Snap"
"201","180","186","99","1","00:13:23","447","23","Non quality blocked","Slap"
"203","26","211","245","1","00:13:23","419","195","Non quality blocked","Wrist"
"32","264","123","247","1","00:13:24","136","158","Quality blocked","Snap"
"229","242","222","260","1","00:13:25","113","187","Quality blocked","Default"
"188","53","59","181","1","00:13:26","162","165","Non quality blocked","Wrist"
"23","242","222","233","1","00:13:26","66","70","Non quality blocked","Wrist"
"246","241","222","237","1","00:13:26","386","273","Non quality blocked","Default"
"17","97","22","95","1","00:13:27","173","237","Non quality blocked","Default"
"73","30","28","154","1","00:13:27","497","153","Quality blocked","Tip"
"11","56","211","136","1","00:13:31","198","43","Non quality blocked","Wrist"
"58","196","28","199","1","00:13:31","499","83","Quality blocked","Wrist"
"13","83","28","173","1","00:13:32","95","225","Non quality blocked","Wrist"
"198","224","134","335","1","00:13:32","75","105","Quality blocked","Wrist"
"38","84","28","35","1","00:13:34","121","129","Quality blocked","Wrist"
"51","317","211","224","1","00:13:35","210","72","Non quality blocked","Wrist"
"67","75","59","257","1","00:13:35","207","183","Non quality blocked","Wrist"
"180","221","59","101","1","00:13:36","432","246","Non quality blocked","Default"
"181","167","123","252","1","00:13:36","495","195","Quality blocked","Wrist"
"8","118","22","50","1","00:13:39","504","119","Quality blocked","Wrist"
"13","83","28","173","1","00:13:39","110","123","Quality blocked","Wrist"
"13","167","123","252","1","00:13:41","460","208","Quality blocked","Wrist"
"68","118","186","187","1","00:13:42","467","138","Quality blocked","Default"
"52","157","28","197","1","00:13:44","385","247","Non quality blocked","Wrist"
"53","169","123","208","1","00:13:45","442","217","Non quality blocked","Wrist"
"246","196","155","234","1","00:13:45","479","266","Non quality blocked","Wrist"
"44","68","64","36","1","00:13:46","441","218","Non quality blocked","Default"
"13","230","228","221","1","00:13:46","147","196","Non quality blocked","Slap"
"38","100","64","61","1","00:13:50","196","73","Non quality blocked","Wrist"
"129","272","48","231","1","00:13:50","191","169","Non quality blocked","Wrist"
"12","99","155","259","1","00:13:50","434","217","Non quality blocked","Slap"
"167","114","28","99","1","00:13:51","189","81","Non quality blocked","Wrist"
"232","206","155","177","1","00:13:51","130","91","Quality blocked","Default"
"42","50","59","125","1","00:13:52","89","111","Quality blocked","Default"
"181","191","123","252","1","00:13:53","440","124","Non quality blocked","Wrist"
"24","5","6","123","1","00:13:54","105","193","Quality blocked","Wrist"
"125","11","123","132","1","00:13:54","501","86","Quality blocked","Default"
"78","90","22","97","1","00:13:55","448","136","Non quality blocked","Default"
"68","5","6","105","1","00:13:55","103","134","Quality blocked","Default"
"100","51","85","166","1","00:13:56","395","211","Non quality blocked","Wrist"
"99","83","28","236","1","00:13:56","56","227","Non quality blocked","Wrist"
"224","167","6","151","1","00:13:57","172","236","Non quality blocked","Default"
"42","89","59","253","1","00:13:57","126","222","Quality blocked","Snap"
"115","68","64","111","1","00:13:58","467","223","Quality blocked","Default"
"105","16","6","96","1","00:13:59","202","96","Non quality blocked","Wrist"
"259","230","228","228","1","00:13:59","424","140","Non quality blocked","Wrist"
"210","256","41","234","1","00:13:59","150","82","Non quality blocked","Wrist"
"206","79","193","124","1","00:14:00","543","102","Non quality blocked","Default"
"207","79","22","183","1","00:14:00","149","268","Non quality blocked","Wrist"
"246","49","155","259","1","00:14:00","389","173","Non quality blocked","Default"
"31","44","211","267","1","00:14:00","118","134","Quality blocked","Wrist"
"224","79","28","236","1","00:14:02","133","121","Quality blocked","Wrist"
"42","50","59","253","1","00:14:02","139","195","Quality blocked","Wrist"
"13","83","28","87","1","00:14:03","405","261","Non quality blocked","Wrist"
"196","56","64","174","1","00:14:03","435","211","Non quality blocked","Wrist"
"62","140","59","333","1","00:14:03","393","21","Non quality blocked","Wrist"
"115","69","64","84","1","00:14:05","531","177","Quality blocked","Default"
"79","86","64","169","1","00:14:05","189","94","Non quality blocked","Default"
"69","11","123","88","1","00:14:06","456","236","Non quality blocked","Wrist"
"67","97","123","153","1","00:14:06","447","104","Non quality blocked","Default"
"100","84","28","67","1","00:14:07","415","208","Non quality blocked","Wrist"
"87","76","64","164","1","00:14:07","451","96","Non quality blocked","Default"
"5","256","262","337","1","00:14:07","175","287","Non quality blocked","Snap"
"16","62","59","69","1","00:14:09","453","261","Non quality blocked","Snap"
"79","175","41","332","1","00:14:10","197","259","Non quality blocked","Wrist"
"246","44","211","218","1","00:14:12","482","213","Quality blocked","Default"
"11","136","48","44","1","00:14:14","195","64","Non quality blocked","Default"
"31","76","64","30","1","00:14:15","484","119","Quality blocked","Default"
"167","33","155","56","1","00:14:15","463","249","Non quality blocked","Default"
"68","104","123","88","1","00:14:15","414","260","Non quality blocked","Wrist"
"11","138","155","211","1","00:14:15","205","19","Non quality blocked","Wrist"
"61","38","155","71","1","00:14:16","125","152","Quality blocked","Default"
"4","242","222","254","1","00:14:16","167","232","Non quality blocked","Wrist"
"4","227","155","165","1","00:14:17","418","144","Non quality blocked","Default"
"161","24","123","239","1","00:14:17","81","166","Quality blocked","Wrist"
"78","24","22","123","1","00:14:18","499","101","Quality blocked","Default"
"11","138","28","156","1","00:14:18","424","264","Non quality blocked","Wrist"
"219","247","22","219","1","00:14:18","206","70","Non quality blocked","Default"
"251","52","6","269","1","00:14:18","412","223","Non quality blocked","Slap"
"102","99","85","58","1","00:14:19","425","33","Non quality blocked","Wrist"
"90","75","64","84","1","00:14:19","551","264","Non quality blocked","Default"
"210","87","155","177","1","00:14:19","178","92","Non quality blocked","Default"
"198","88","222","137","1","00:14:20","206","92","Non quality blocked","Wrist"
"104","199","28","262","1","00:14:20","141","63","Non quality blocked","Default"
"188","61","64","169","1","00:14:21","201","236","Non quality blocked","Default"
"159","148","41","35","1","00:14:22","399","257","Non quality blocked","Wrist"
"198","24","123","149","1","00:14:22","181","259","Non quality blocked","Wrist"
"169","74","64","159","1","00:14:23","484","170","Quality blocked","Default"
"246","44","211","218","1","00:14:23","472","217","Quality blocked","Default"
"68","20","22","40","1","00:14:24","396","265","Non quality blocked","Wrist"
"230","4","59","135","1","00:14:24","439","61","Non quality blocked","Default"
"115","200","64","169","1","00:14:25","56","84","Non quality blocked","Default"
"223","191","123","181","1","00:14:25","396","140","Non quality blocked","Wrist"
"2","67","64","184","1","00:14:25","141","191","Quality blocked","Wrist"
"68","97","123","88","1","00:14:27","518","148","Quality blocked","Default"
"87","31","28","60","1","00:14:28","473","228","Non quality blocked","Default"
"83","67","64","138","1","00:14:28","199","49","Non quality blocked","Wrist"
"285","244","85","232","1","00:14:28","109","184","Quality blocked","Wrist"
"24","69","64","84","1","00:14:29","411","115","Non quality blocked","Default"
"31","60","228","258","1","00:14:30","507","191","Quality blocked","Snap"
"84","65","64","166","1","00:14:31","203","235","Non quality blocked","Wrist"
"68","104","123","88","1","00:14:32","494","148","Quality blocked","Wrist"
"230","207","64","128","1","00:14:32","128","43","Non quality blocked","Wrist"
"11","99","85","58","1","00:14:33","489","244","Non quality blocked","Wrist"
"12","67","64","105","1","00:14:33","411","88","Non quality blocked","Default"
"36","27","28","60","1","00:14:34","536","75","Non quality blocked","Wrist"
"63","24","123","153","1","00:14:34","434","193","Non quality blocked","Wrist"
"32","86","85","238","1","00:14:34","111","177","Quality blocked","Wrist"
"204","194","22","330","1","00:14:34","88","149","Quality blocked","Wrist"
"84","72","222","200","1","00:14:35","431","46","Non quality blocked","Wrist"
"229","88","222","260","1","00:14:35","125","158","Quality blocked","Default"
"230","224","59","125","1","00:14:36","63","123","Quality blocked","Wrist"
"224","2","6","185","1","00:14:37","448","234","Non quality blocked","Wrist"
"52","23","22","230","1","00:14:37","396","73","Non quality blocked","Snap"
"208","65","211","245","1","00:14:37","416","75","Non quality blocked","Snap"
"204","78","6","269","1","00:14:37","519","245","Non quality blocked","Wrist"
"58","163","85","103","1","00:14:38","441","263","Non quality blocked","Slap"
"68","227","59","257","1","00:14:38","188","125","Non quality blocked","Wrist"
"20","99","85","33","1","00:14:39","417","145","Non quality blocked","Wrist"
"67","38","155","150","1","00:14:40","417","129","Non quality blocked","Default"
"58","23","123","160","1","00:14:40","196","192","Non quality blocked","Wrist"
"210","229","228","221","1","00:14:41","141","125","Quality blocked","Tip"
"205","79","28","214","1","00:14:42","513","220","Non quality blocked","Wrist"
"269","101","222","233","1","00:14:44","122","195","Quality blocked","Default"
"38","57","59","125","1","00:14:45","63","162","Quality blocked","Default"
"126","5","19","29","1","00:14:46","462","60","Non quality blocked","Default"
"224","12","6","127","1","00:14:46","141","109","Quality blocked","Default"
"89","11","123","153","1","00:14:46","537","115","Quality blocked","Default"
"196","71","59","176","1","00:14:46","213","42","Non quality blocked","Wrist"
"98","117","6","42","1","00:14:47","60","28","Non quality blocked","Wrist"
"56","26","85","138","1","00:14:47","426","63","Non quality blocked","Wrist"
"34","74","134","189","1","00:14:47","469","234","Non quality blocked","Default"
"129","83","85","33","1","00:14:48","500","81","Quality blocked","Wrist"
"79","89","64","40","1","00:14:48","203","75","Non quality blocked","Slap"
"44","99","28","60","1","00:14:48","404","267","Non quality blocked","Slap"
"91","26","85","33","1","00:14:49","433","154","Non quality blocked","Slap"
"196","97","123","168","1","00:14:49","405","153","Non quality blocked","Wrist"
"206","180","6","179","1","00:14:49","175","208","Non quality blocked","Wrist"
"20","50","222","208","1","00:14:49","147","161","Non quality blocked","Default"
"110","11","123","94","1","00:14:50","133","88","Quality blocked","Default"
"223","2","6","185","1","00:14:50","466","233","Non quality blocked","Wrist"
"76","129","59","257","1","00:14:50","133","69","Non quality blocked","Wrist"
"73","21","22","204","1","00:14:52","433","210","Non quality blocked","Wrist"
"58","5","6","65","1","00:14:53","444","51","Non quality blocked","Default"
"86","62","59","71","1","00:14:54","479","81","Quality blocked","Default"
"118","72","59","151","1","00:14:54","399","86","Non quality blocked","Default"
"83","61","64","154","1","00:14:54","206","185","Non quality blocked","Wrist"
"58","118","6","171","1","00:14:54","445","216","Non quality blocked","Slap"
"60","5","28","214","1","00:14:56","393","59","Non quality blocked","Wrist"
"79","89","59","231","1","00:14:56","424","33","Non quality blocked","Wrist"
"74","79","123","203","1","00:14:57","400","130","Non quality blocked","Default"
"132","24","123","210","1","00:14:58","377","274","Non quality blocked","Wrist"
"24","162","85","58","1","00:14:59","416","31","Non quality blocked","Wrist"
"138","68","64","158","1","00:14:59","484","105","Quality blocked","Default"
"114","52","222","200","1","00:15:00","504","200","Quality blocked","Default"
"223","50","64","226","1","00:15:00","394","142","Non quality blocked","Wrist"
"79","164","85","33","1","00:15:01","411","168","Non quality blocked","Wrist"
"196","205","155","161","1","00:15:01","195","64","Non quality blocked","Slap"
"56","241","222","222","1","00:15:01","195","215","Non quality blocked","Wrist"
"88","169","64","249","1","00:15:01","81","33","Non quality blocked","Default"
"89","47","41","61","1","00:15:02","543","132","Quality blocked","Snap"
"74","25","123","90","1","00:15:02","404","102","Non quality blocked","Default"
"84","74","64","30","1","00:15:03","408","221","Non quality blocked","Default"
"103","12","6","96","1","00:15:03","100","198","Quality blocked","Wrist"
"200","219","222","103","1","00:15:03","162","35","Non quality blocked","Wrist"
"35","47","222","165","1","00:15:03","471","74","Quality blocked","Default"
"131","189","123","100","1","00:15:05","392","201","Non quality blocked","Default"
"100","169","123","142","1","00:15:05","69","150","Quality blocked","Default"
"232","49","6","145","1","00:15:06","80","62","Non quality blocked","Default"
"31","25","123","168","1","00:15:06","453","90","Non quality blocked","Wrist"
"169","71","222","208","1","00:15:06","163","186","Non quality blocked","Default"
"73","114","59","257","1","00:15:06","98","232","Non quality blocked","Slap"
"110","205","228","148","1","00:15:07","98","80","Quality blocked","Slap"
"11","210","211","136","1","00:15:08","186","48","Non quality blocked","Wrist"
"67","2","6","184","1","00:15:08","426","166","Non quality blocked","Wrist"
"60","51","28","214","1","00:15:08","441","48","Non quality blocked","Wrist"
"98","269","22","262","1","00:15:08","451","159","Non quality blocked","Wrist"
"90","65","64","63","1","00:15:09","401","246","Non quality blocked","Default"
"316","191","123","210","1","00:15:09","396","177","Non quality blocked","Wrist"
"39","74","64","174","1","00:15:10","541","240","Non quality blocked","Wrist"
"11","86","64","169","1","00:15:11","204","52","Non quality blocked","Default"
"58","115","22","144","1","00:15:12","139","135","Quality blocked","Default"
"18","129","59","246","1","00:15:13","102","156","Quality blocked","Wrist"
"89","11","22","84","1","00:15:14","114","254","Non quality blocked","Default"
"87","27","6","179","1","00:15:14","141","153","Quality blocked","Wrist"
"208","185","6","250","1","00:15:16","453","91","Non quality blocked","Default"
"1","83","28","87","1","00:15:18","483","93","Quality blocked","Wrist"
"30","52","6","228","1","00:15:18","128","168","Quality blocked","Wrist"
"149","21","123","51","1","00:15:19","457","123","Quality blocked","Wrist"
"68","21","123","90","1","00:15:19","435","235","Non quality blocked","Default"
"56","230","155","177","1","00:15:19","164","105","Non quality blocked","Default"
"74","21","123","196","1","00:15:19","206","255","Non quality blocked","Default"
"17","219","59","101","1","00:15:20","430","137","Non quality blocked","Wrist"
"224","283","228","221","1","00:15:21","180","129","Non quality blocked","Wrist"
"56","199","28","227","1","00:15:21","106","79","Quality blocked","Wrist"
"161","84","48","231","1","00:15:21","159","135","Non quality blocked","Wrist"
"30","57","59","176","1","00:15:23","140","166","Quality blocked","Wrist"
"196","223","59","106","1","00:15:24","222","235","Non quality blocked","Wrist"
"169","230","155","107","1","00:15:24","151","218","Non quality blocked","Wrist"
"99","214","64","174","1","00:15:26","422","43","Non quality blocked","Wrist"
"13","67","211","245","1","00:15:26","459","189","Quality blocked","Snap"
"39","90","123","247","1","00:15:26","154","246","Non quality blocked","Wrist"
"180","156","28","99","1","00:15:27","134","197","Quality blocked","Wrist"
"67","5","6","118","1","00:15:27","192","145","Non quality blocked","Default"
"203","190","123","149","1","00:15:27","207","259","Non quality blocked","Wrist"
"13","236","22","216","1","00:15:27","97","194","Quality blocked","Wrist"
"68","149","6","255","1","00:15:27","423","238","Non quality blocked","Default"
"229","20","22","117","1","00:15:28","181","64","Non quality blocked","Wrist"
"76","12","6","145","1","00:15:28","143","180","Quality blocked","Wrist"
"205","5","28","214","1","00:15:28","481","130","Quality blocked","Wrist"
"114","280","228","223","1","00:15:28","185","159","Non quality blocked","Wrist"
"67","31","28","227","1","00:15:28","193","61","Non quality blocked","Wrist"
"58","129","64","249","1","00:15:28","40","92","Non quality blocked","Default"
"83","110","6","85","1","00:15:30","196","37","Non quality blocked","Wrist"
"264","17","6","225","1","00:15:30","472","200","Quality blocked","Snap"
"142","74","211","122","1","00:15:31","395","26","Non quality blocked","Default"
"40","56","59","71","1","00:15:32","453","250","Non quality blocked","Default"
"15","50","222","162","1","00:15:32","519","190","Quality blocked","Default"
"53","114","64","226","1","00:15:32","487","140","Quality blocked","Wrist"
"68","161","85","47","1","00:15:33","117","133","Quality blocked","Default"
"56","34","155","177","1","00:15:33","93","138","Quality blocked","Default"
"63","108","222","222","1","00:15:33","72","183","Quality blocked","Wrist"
"84","13","6","85","1","00:15:36","202","165","Non quality blocked","Wrist"
"181","169","59","211","1","00:15:36","492","65","Non quality blocked","Wrist"
"67","30","28","67","1","00:15:37","410","110","Non quality blocked","Wrist"
"75","227","155","177","1","00:15:37","146","125","Non quality blocked","Default"
"62","1","41","234","1","00:15:37","113","102","Quality blocked","Wrist"
"83","40","228","243","1","00:15:37","452","221","Non quality blocked","Wrist"
"90","67","64","111","1","00:15:38","399","267","Non quality blocked","Default"
"21","223","222","233","1","00:15:38","123","87","Quality blocked","Wrist"
"11","316","85","263","1","00:15:38","207","98","Non quality blocked","Wrist"
"205","223","59","120","1","00:15:41","141","223","Quality blocked","Default"
"73","221","222","222","1","00:15:41","77","134","Quality blocked","Default"
"224","116","28","137","1","00:15:42","531","227","Non quality blocked","Wrist"
"66","152","155","36","1","00:15:43","126","70","Non quality blocked","Default"
"34","67","64","114","1","00:15:43","520","148","Quality blocked","Slap"
"53","227","59","215","1","00:15:43","144","135","Non quality blocked","Default"
"57","45","155","71","1","00:15:44","213","198","Non quality blocked","Default"
"224","196","85","172","1","00:15:44","561","180","Non quality blocked","Default"
"206","246","6","269","1","00:15:44","442","141","Non quality blocked","Wrist"
"210","87","228","104","1","00:15:46","128","99","Quality blocked","Default"
"50","38","228","135","1","00:15:46","165","99","Non quality blocked","Default"
"224","180","6","171","1","00:15:48","514","153","Quality blocked","Wrist"
"37","203","28","146","1","00:15:50","437","180","Non quality blocked","Wrist"
"44","34","155","245","1","00:15:50","171","276","Non quality blocked","Slap"
"167","89","64","105","1","00:15:51","533","273","Non quality blocked","Default"
"31","118","186","190","1","00:15:51","120","123","Quality blocked","Wrist"
"74","32","85","138","1","00:15:52","417","27","Non quality blocked","Wrist"
"89","62","59","129","1","00:15:54","483","90","Quality blocked","Default"
"213","87","228","104","1","00:15:55","131","198","Quality blocked","Default"
"26","62","59","106","1","00:15:55","207","88","Non quality blocked","Wrist"
"169","65","64","169","1","00:15:55","159","239","Non quality blocked","Default"
"219","196","28","201","1","00:15:55","121","87","Quality blocked","Default"
"75","50","59","122","1","00:15:57","125","147","Quality blocked","Default"
"90","88","222","115","1","00:15:58","199","63","Non quality blocked","Wrist"
"24","65","64","92","1","00:15:59","389","116","Non quality blocked","Default"
"72","118","6","113","1","00:15:59","464","204","Quality blocked","Wrist"
"26","288","222","336","1","00:15:59","554","175","Non quality blocked","Default"
"229","51","28","214","1","00:16:01","388","212","Non quality blocked","Wrist"
"97","125","222","208","1","00:16:03","153","105","Non quality blocked","Wrist"
"65","5","6","45","1","00:16:05","110","70","Non quality blocked","Default"
"223","98","28","176","1","00:16:05","474","92","Quality blocked","Slap"
"38","207","64","128","1","00:16:07","407","234","Non quality blocked","Wrist"
"87","203","85","170","1","00:16:07","423","223","Non quality blocked","Snap"
"50","30","28","49","1","00:16:08","461","216","Quality blocked","Wrist"
"98","11","123","33","1","00:16:09","116","121","Quality blocked","Wrist"
"188","180","19","147","1","00:16:09","463","139","Quality blocked","Default"
"12","169","59","246","1","00:16:09","206","183","Non quality blocked","Slap"
"76","129","22","40","1","00:16:10","478","134","Quality blocked","Wrist"
"90","220","222","115","1","00:16:10","167","40","Non quality blocked","Default"
"149","169","59","246","1","00:16:10","104","159","Quality blocked","Snap"
"18","105","22","97","1","00:16:11","459","127","Quality blocked","Default"
"196","244","211","261","1","00:16:11","205","11","Non quality blocked","Wrist"
"63","62","59","129","1","00:16:12","501","115","Quality blocked","Default"
"242","169","59","215","1","00:16:14","77","245","Non quality blocked","Default"
"283","247","22","330","1","00:16:14","172","129","Non quality blocked","Wrist"
"33","71","222","165","1","00:16:16","68","142","Quality blocked","Wrist"
"92","108","59","59","1","00:16:17","447","260","Non quality blocked","Default"
"201","62","59","106","1","00:16:17","141","115","Quality blocked","Wrist"
"42","5","6","143","1","00:16:17","116","243","Non quality blocked","Default"
"44","100","64","150","1","00:16:17","192","237","Non quality blocked","Default"
"16","264","22","230","1","00:16:17","463","206","Quality blocked","Wrist"
"189","219","222","244","1","00:16:17","511","133","Quality blocked","Default"
"224","99","28","176","1","00:16:18","465","103","Quality blocked","Wrist"
"104","50","222","209","1","00:16:18","148","207","Non quality blocked","Wrist"
"56","34","155","245","1","00:16:18","148","275","Non quality blocked","Wrist"
"79","125","64","63","1","00:16:21","398","195","Non quality blocked","Default"
"53","67","64","72","1","00:16:25","464","94","Quality blocked","Default"
"71","208","211","178","1","00:16:25","123","53","Non quality blocked","Wrist"
"78","74","64","184","1","00:16:25","174","213","Non quality blocked","Wrist"
"61","150","41","53","1","00:16:26","479","183","Quality blocked","Default"
"83","5","19","121","1","00:16:26","153","256","Non quality blocked","Wrist"
"224","236","22","216","1","00:16:26","429","103","Non quality blocked","Wrist"
"232","138","85","138","1","00:16:32","428","222","Non quality blocked","Wrist"
"181","50","59","113","1","00:16:33","165","141","Non quality blocked","Wrist"
"169","39","28","119","1","00:16:33","151","254","Non quality blocked","Wrist"
"56","11","123","142","1","00:16:33","197","257","Non quality blocked","Default"
"169","68","64","169","1","00:16:34","132","216","Quality blocked","Default"
"149","11","59","246","1","00:16:34","68","97","Non quality blocked","Wrist"
"141","2","6","65","1","00:16:35","507","240","Non quality blocked","Slap"
"99","74","64","66","1","00:16:35","99","189","Quality blocked","Default"
"34","58","59","71","1","00:16:35","460","145","Quality blocked","Default"
"167","97","22","98","1","00:16:37","154","95","Non quality blocked","Default"
"168","51","59","49","1","00:16:38","116","285","Non quality blocked","Wrist"
"199","50","59","253","1","00:16:38","102","153","Quality blocked","Backhand"
"207","247","123","331","1","00:16:40","216","149","Non quality blocked","Default"
"61","90","123","44","1","00:16:41","477","185","Quality blocked","Wrist"
"89","87","228","242","1","00:16:41","471","91","Quality blocked","Default"
"12","75","70","52","1","00:16:43","405","81","Non quality blocked","Default"
"142","47","228","125","1","00:16:43","483","91","Quality blocked","Default"
"104","44","155","51","1","00:16:46","114","121","Quality blocked","Wrist"
"24","100","64","63","1","00:16:46","396","99","Non quality blocked","Default"
"25","84","28","156","1","00:16:46","430","124","Non quality blocked","Wrist"
"210","180","64","335","1","00:16:46","440","261","Non quality blocked","Wrist"
"148","68","64","61","1","00:16:49","141","185","Quality blocked","Wrist"
"37","2","6","56","1","00:16:50","119","48","Non quality blocked","Wrist"
"201","242","222","264","1","00:16:50","141","82","Quality blocked","Wrist"
"125","2","6","118","1","00:16:51","87","164","Quality blocked","Default"
"52","84","28","176","1","00:16:51","425","263","Non quality blocked","Wrist"
"78","62","222","185","1","00:16:51","143","258","Non quality blocked","Wrist"
"11","101","222","209","1","00:16:51","189","83","Non quality blocked","Wrist"
"201","12","6","173","1","00:16:52","471","175","Quality blocked","Snap"
"68","44","155","177","1","00:16:52","109","180","Quality blocked","Wrist"
"115","67","64","90","1","00:16:53","175","222","Non quality blocked","Default"
"169","208","64","159","1","00:16:54","388","25","Non quality blocked","Default"
"25","84","28","156","1","00:16:55","485","67","Non quality blocked","Slap"
"118","51","48","44","1","00:16:56","202","184","Non quality blocked","Wrist"
"162","126","64","66","1","00:16:56","81","155","Quality blocked","Default"
"240","11","59","215","1","00:16:57","102","125","Quality blocked","Default"
"75","83","28","30","1","00:16:58","125","142","Quality blocked","Default"
"156","78","6","64","1","00:16:58","501","132","Quality blocked","Default"
"189","83","28","131","1","00:16:58","488","75","Quality blocked","Wrist"
"83","30","228","214","1","00:16:58","202","270","Non quality blocked","Wrist"
"30","73","85","232","1","00:16:58","181","76","Non quality blocked","Wrist"
"68","196","85","166","1","00:16:59","466","45","Non quality blocked","Slap"
"239","244","211","235","1","00:16:59","84","123","Quality blocked","Default"
"101","21","123","132","1","00:17:00","504","160","Quality blocked","Default"
"180","11","22","134","1","00:17:00","401","249","Non quality blocked","Wrist"
"247","101","222","219","1","00:17:00","406","260","Non quality blocked","Default"
"169","13","6","109","1","00:17:03","403","84","Non quality blocked","Wrist"
"72","232","211","140","1","00:17:03","415","92","Non quality blocked","Default"
"23","98","28","156","1","00:17:03","471","220","Quality blocked","Wrist"
"31","56","211","224","1","00:17:03","165","67","Non quality blocked","Slap"
"5","26","85","238","1","00:17:04","196","16","Non quality blocked","Wrist"
"66","79","22","84","1","00:17:06","123","286","Non quality blocked","Default"
"32","232","64","138","1","00:17:06","144","75","Non quality blocked","Wrist"
"12","163","28","173","1","00:17:07","125","171","Quality blocked","Default"
"141","87","41","53","1","00:17:08","486","120","Quality blocked","Default"
"68","26","28","67","1","00:17:09","387","155","Non quality blocked","Wrist"
"63","90","22","241","1","00:17:09","159","231","Non quality blocked","Snap"
"42","83","28","35","1","00:17:10","113","256","Non quality blocked","Wrist"
"25","125","222","206","1","00:17:10","416","55","Non quality blocked","Slap"
"236","241","222","233","1","00:17:10","198","108","Non quality blocked","Default"
"181","149","6","259","1","00:17:10","111","85","Quality blocked","Default"
"26","50","59","37","1","00:17:11","105","238","Non quality blocked","Wrist"
"169","13","6","109","1","00:17:12","446","111","Non quality blocked","Wrist"
"98","37","155","46","1","00:17:13","481","293","Non quality blocked","Default"
"100","163","28","67","1","00:17:13","462","281","Non quality blocked","Wrist"
"44","79","28","267","1","00:17:14","483","10","Non quality blocked","Default"
"12","100","70","52","1","00:17:15","410","179","Non quality blocked","Default"
"34","208","64","164","1","00:17:15","487","142","Quality blocked","Default"
"219","190","123","209","1","00:17:16","397","147","Non quality blocked","Slap"
"259","5","197","332","1","00:17:16","459","218","Quality blocked","Wrist"
"53","50","64","249","1","00:17:17","210","147","Non quality blocked","Default"
"196","16","6","250","1","00:17:18","484","225","Quality blocked","Default"
"203","75","211","116","1","00:17:19","398","55","Non quality blocked","Default"
"67","79","28","267","1","00:17:19","485","279","Non quality blocked","Wrist"
"86","79","123","203","1","00:17:20","459","149","Quality blocked","Default"
"68","34","155","261","1","00:17:20","400","211","Non quality blocked","Wrist"
"189","219","222","208","1","00:17:22","147","187","Non quality blocked","Default"
"79","80","85","33","1","00:17:23","409","188","Non quality blocked","Slap"
"62","47","155","120","1","00:17:23","537","77","Non quality blocked","Wrist"
"21","47","155","51","1","00:17:24","88","130","Quality blocked","Wrist"
"230","21","123","130","1","00:17:25","165","105","Non quality blocked","Wrist"
"253","56","211","224","1","00:17:25","201","195","Non quality blocked","Wrist"
"16","286","238","251","1","00:17:29","153","63","Non quality blocked","Default"
"44","91","22","73","1","00:17:30","215","213","Non quality blocked","Wrist"
"62","68","211","122","1","00:17:30","441","54","Non quality blocked","Default"
"75","169","123","111","1","00:17:31","79","222","Non quality blocked","Default"
"169","102","123","239","1","00:17:31","147","211","Non quality blocked","Snap"
"79","98","28","119","1","00:17:32","139","149","Quality blocked","Wrist"
"35","52","59","125","1","00:17:32","93","67","Non quality blocked","Wrist"
"247","61","28","247","1","00:17:33","463","72","Non quality blocked","Slap"
"65","98","28","267","1","00:17:33","441","207","Non quality blocked","Wrist"
"83","52","59","37","1","00:17:35","91","157","Quality blocked","Wrist"
"50","138","28","106","1","00:17:37","391","274","Non quality blocked","Wrist"
"2","67","64","133","1","00:17:37","153","220","Non quality blocked","Wrist"
"138","5","186","190","1","00:17:37","146","237","Non quality blocked","Default"
"232","30","228","269","1","00:17:37","197","69","Non quality blocked","Wrist"
"58","98","85","103","1","00:17:38","529","96","Non quality blocked","Wrist"
"5","42","155","139","1","00:17:38","191","213","Non quality blocked","Default"
"230","79","22","102","1","00:17:39","169","66","Non quality blocked","Default"
"12","34","228","179","1","00:17:40","501","115","Quality blocked","Wrist"
"98","65","64","67","1","00:17:43","146","243","Non quality blocked","Wrist"
"36","75","211","177","1","00:17:45","429","134","Non quality blocked","Default"
"208","132","211","245","1","00:17:45","455","88","Non quality blocked","Wrist"
"205","51","28","214","1","00:17:47","441","57","Non quality blocked","Wrist"
"104","38","155","130","1","00:17:48","459","229","Non quality blocked","Wrist"
"129","35","155","183","1","00:17:48","442","60","Non quality blocked","Wrist"
"67","38","222","222","1","00:17:48","169","74","Non quality blocked","Default"
"16","101","70","52","1","00:17:51","469","216","Quality blocked","Default"
"24","12","19","70","1","00:17:51","215","197","Non quality blocked","Default"
"236","223","222","244","1","00:17:52","513","164","Quality blocked","Default"
"181","62","59","101","1","00:17:53","459","82","Quality blocked","Wrist"
"203","18","6","173","1","00:17:55","403","70","Non quality blocked","Wrist"
"185","189","22","123","1","00:17:56","396","273","Non quality blocked","Wrist"
"189","79","28","247","1","00:17:56","464","218","Quality blocked","Wrist"
"12","63","211","255","1","00:17:56","203","81","Non quality blocked","Slap"
"66","156","28","66","1","00:17:57","439","57","Non quality blocked","Default"
"65","129","22","40","1","00:17:58","454","168","Non quality blocked","Snap"
"78","31","28","87","1","00:17:59","424","149","Non quality blocked","Snap"
"72","67","211","122","1","00:17:59","440","145","Non quality blocked","Default"
"58","71","64","72","1","00:18:00","477","20","Non quality blocked","Default"
"76","99","28","30","1","00:18:01","115","162","Quality blocked","Default"
"49","55","59","69","1","00:18:02","394","118","Non quality blocked","Snap"
"110","67","64","145","1","00:18:03","444","223","Non quality blocked","Default"
"224","230","228","125","1","00:18:04","471","81","Quality blocked","Default"
"35","20","123","43","1","00:18:05","531","157","Quality blocked","Wrist"
"11","210","64","195","1","00:18:05","459","215","Quality blocked","Default"
"56","32","28","238","1","00:18:05","537","75","Non quality blocked","Wrist"
"267","285","278","330","1","00:18:06","390","187","Non quality blocked","Default"
"71","4","59","108","1","00:18:07","391","39","Non quality blocked","Default"
"35","90","193","124","1","00:18:08","398","139","Non quality blocked","Wrist"
"84","11","59","231","1","00:18:08","444","194","Non quality blocked","Wrist"
"75","12","6","133","1","00:18:09","417","213","Non quality blocked","Slap"
"180","42","155","143","1","00:18:09","517","195","Quality blocked","Default"
"11","4","222","191","1","00:18:10","392","152","Non quality blocked","Default"
"246","99","155","250","1","00:18:10","106","117","Quality blocked","Default"
"12","44","211","255","1","00:18:10","190","89","Non quality blocked","Slap"
"245","255","6","228","1","00:18:12","94","211","Quality blocked","Wrist"
"79","115","59","231","1","00:18:12","459","25","Non quality blocked","Wrist"
"180","285","228","242","1","00:18:12","413","187","Non quality blocked","Default"
"13","90","123","252","1","00:18:13","483","51","Non quality blocked","Default"
"74","195","22","159","1","00:18:14","167","75","Non quality blocked","Default"
"79","208","134","204","1","00:18:14","210","235","Non quality blocked","Wrist"
"88","67","64","72","1","00:18:15","428","66","Non quality blocked","Default"
"5","60","59","83","1","00:18:15","223","223","Non quality blocked","Default"
"32","219","59","106","1","00:18:15","113","223","Quality blocked","Wrist"
"21","32","28","156","1","00:18:15","489","159","Quality blocked","Wrist"
"11","57","222","207","1","00:18:15","476","195","Quality blocked","Default"
"44","9","19","48","1","00:18:16","399","243","Non quality blocked","Default"
"169","203","85","149","1","00:18:16","385","255","Non quality blocked","Wrist"
"45","101","64","61","1","00:18:17","201","229","Non quality blocked","Default"
"163","27","186","99","1","00:18:17","457","200","Quality blocked","Slap"
"201","38","228","141","1","00:18:17","492","225","Quality blocked","Wrist"
"115","47","154","73","1","00:18:18","206","154","Non quality blocked","Default"
"72","99","28","197","1","00:18:18","390","44","Non quality blocked","Wrist"
"26","219","222","199","1","00:18:18","93","63","Non quality blocked","Wrist"
"198","255","6","246","1","00:18:21","483","214","Quality blocked","Wrist"
"87","209","64","114","1","00:18:22","442","101","Non quality blocked","Default"
"203","78","41","234","1","00:18:22","137","230","Non quality blocked","Wrist"
"68","118","123","86","1","00:18:23","197","212","Non quality blocked","Default"
"207","232","6","228","1","00:18:23","190","224","Non quality blocked","Default"
"90","63","134","204","1","00:18:24","103","95","Quality blocked","Wrist"
"206","253","28","214","1","00:18:24","459","243","Non quality blocked","Wrist"
"192","230","228","242","1","00:18:24","516","100","Quality blocked","Default"
"115","196","85","175","1","00:18:25","158","116","Non quality blocked","Default"
"236","157","28","262","1","00:18:25","170","60","Non quality blocked","Default"
"169","208","64","195","1","00:18:26","456","123","Quality blocked","Default"
"207","272","48","243","1","00:18:27","187","171","Non quality blocked","Default"
"24","162","85","55","1","00:18:28","207","287","Non quality blocked","Default"
"81","118","123","58","1","00:18:28","196","129","Non quality blocked","Wrist"
"221","47","155","120","1","00:18:30","463","71","Non quality blocked","Wrist"
"84","67","64","174","1","00:18:30","513","126","Quality blocked","Backhand"
"125","90","123","181","1","00:18:31","424","131","Non quality blocked","Wrist"
"76","57","222","222","1","00:18:31","43","165","Quality blocked","Wrist"
"129","65","211","142","1","00:18:32","396","75","Non quality blocked","Default"
"188","39","28","262","1","00:18:32","209","226","Non quality blocked","Wrist"
"74","138","85","138","1","00:18:33","480","52","Non quality blocked","Wrist"
"206","98","85","170","1","00:18:33","485","226","Quality blocked","Wrist"
"161","30","228","217","1","00:18:33","434","208","Non quality blocked","Snap"
"105","99","85","58","1","00:18:36","462","76","Quality blocked","Wrist"
"90","131","64","90","1","00:18:36","178","69","Non quality blocked","Slap"
"67","39","28","227","1","00:18:37","171","187","Non quality blocked","Wrist"
"126","13","6","45","1","00:18:39","188","236","Non quality blocked","Default"
"203","13","19","121","1","00:18:39","114","290","Non quality blocked","Wrist"
"32","220","222","152","1","00:18:39","432","141","Non quality blocked","Wrist"
"5","2","28","180","1","00:18:39","467","238","Non quality blocked","Slap"
"86","17","6","32","1","00:18:40","459","116","Quality blocked","Default"
"100","83","28","67","1","00:18:40","531","82","Non quality blocked","Backhand"
"115","12","6","123","1","00:18:40","51","113","Non quality blocked","Wrist"
"148","79","123","51","1","00:18:41","464","166","Quality blocked","Default"
"62","167","113","101","1","00:18:41","176","88","Non quality blocked","Wrist"
"24","2","19","70","1","00:18:42","200","161","Non quality blocked","Default"
"65","129","123","142","1","00:18:44","112","29","Non quality blocked","Default"
"167","74","211","210","1","00:18:44","215","35","Non quality blocked","Default"
"207","44","85","248","1","00:18:44","470","63","Non quality blocked","Wrist"
"98","183","6","173","1","00:18:45","509","191","Quality blocked","Snap"
"4","99","28","201","1","00:18:45","180","62","Non quality blocked","Slap"
"21","169","64","270","1","00:18:45","165","100","Non quality blocked","Slap"
"60","74","64","54","1","00:18:46","170","45","Non quality blocked","Snap"
"68","27","28","66","1","00:18:46","481","193","Quality blocked","Default"
"44","51","85","170","1","00:18:46","466","135","Quality blocked","Wrist"
"274","167","123","247","1","00:18:46","161","90","Non quality blocked","Wrist"
"71","82","85","188","1","00:18:47","143","221","Quality blocked","Default"
"12","31","28","190","1","00:18:48","387","192","Non quality blocked","Wrist"
"72","108","59","72","1","00:18:52","217","150","Non quality blocked","Default"
"11","76","64","63","1","00:18:54","390","163","Non quality blocked","Default"
"88","195","123","209","1","00:18:55","507","106","Quality blocked","Wrist"
"180","274","28","253","1","00:18:55","439","185","Non quality blocked","Wrist"
"129","60","228","242","1","00:18:56","408","77","Non quality blocked","Default"
"12","76","64","29","1","00:18:57","140","64","Non quality blocked","Default"
"87","221","59","120","1","00:18:57","201","27","Non quality blocked","Wrist"
"203","212","6","250","1","00:18:57","406","37","Non quality blocked","Default"
"24","5","6","50","1","00:18:58","211","284","Non quality blocked","Slap"
"198","187","123","119","1","00:18:58","527","157","Quality blocked","Default"
"51","221","222","199","1","00:18:58","201","57","Non quality blocked","Snap"
"58","83","28","137","1","00:18:59","490","17","Non quality blocked","Wrist"
"72","84","85","172","1","00:18:59","83","118","Quality blocked","Default"
"190","83","85","175","1","00:19:00","218","204","Non quality blocked","Default"
"229","73","85","232","1","00:19:00","156","107","Non quality blocked","Wrist"
"83","36","155","60","1","00:19:01","141","98","Quality blocked","Wrist"
"58","83","28","137","1","00:19:02","523","87","Non quality blocked","Wrist"
"63","156","28","49","1","00:19:03","489","219","Quality blocked","Wrist"
"87","62","222","165","1","00:19:03","61","151","Quality blocked","Default"
"60","248","64","217","1","00:19:03","201","198","Non quality blocked","Snap"
"12","115","22","96","1","00:19:04","429","69","Non quality blocked","Wrist"
"25","223","59","144","1","00:19:04","488","255","Non quality blocked","Default"
"83","183","6","213","1","00:19:04","401","82","Non quality blocked","Snap"
"180","230","155","112","1","00:19:06","135","187","Quality blocked","Wrist"
"2","191","22","216","1","00:19:06","184","197","Non quality blocked","Default"
"11","253","28","253","1","00:19:07","421","262","Non quality blocked","Wrist"
"38","183","6","251","1","00:19:08","397","22","Non quality blocked","Default"
"2","53","59","83","1","00:19:09","191","245","Non quality blocked","Default"
"99","90","123","156","1","00:19:09","207","266","Non quality blocked","Wrist"
"21","87","155","186","1","00:19:09","159","172","Non quality blocked","Wrist"
"210","1","6","250","1","00:19:10","497","166","Quality blocked","Default"
"98","53","59","176","1","00:19:11","105","153","Quality blocked","Wrist"
"5","99","28","121","1","00:19:12","406","57","Non quality blocked","Wrist"
"89","163","85","47","1","00:19:13","118","242","Non quality blocked","Default"
"316","75","59","257","1","00:19:13","140","140","Quality blocked","Snap"
"76","24","123","88","1","00:19:14","535","196","Non quality blocked","Wrist"
"31","189","123","247","1","00:19:14","147","73","Non quality blocked","Wrist"
"21","57","222","219","1","00:19:15","401","225","Non quality blocked","Default"
"57","5","6","65","1","00:19:16","502","107","Quality blocked","Wrist"
"209","56","85","263","1","00:19:16","62","99","Non quality blocked","Wrist"
"47","40","123","43","1","00:19:17","486","94","Quality blocked","Default"
"72","169","64","226","1","00:19:18","421","281","Non quality blocked","Wrist"
"71","1","6","105","1","00:19:19","125","141","Quality blocked","Default"
"118","158","85","55","1","00:19:20","197","73","Non quality blocked","Default"
"47","75","64","36","1","00:19:21","418","228","Non quality blocked","Default"
"16","99","155","259","1","00:19:21","429","62","Non quality blocked","Wrist"
"114","229","228","242","1","00:19:22","427","130","Non quality blocked","Default"
"71","79","123","86","1","00:19:23","165","93","Non quality blocked","Default"
"32","101","59","106","1","00:19:23","213","137","Non quality blocked","Slap"
"169","138","85","168","1","00:19:23","159","81","Non quality blocked","Wrist"
"13","83","28","173","1","00:19:23","129","190","Quality blocked","Backhand"
"104","83","85","58","1","00:19:24","475","290","Non quality blocked","Default"
"196","149","6","250","1","00:19:24","395","265","Non quality blocked","Default"
"2","206","228","221","1","00:19:25","203","254","Non quality blocked","Wrist"
"10","55","59","34","1","00:19:26","197","243","Non quality blocked","Default"
"2","219","238","229","1","00:19:27","187","138","Non quality blocked","Snap"
"61","44","85","238","1","00:19:28","75","140","Quality blocked","Tip"
"47","26","28","110","1","00:19:30","438","36","Non quality blocked","Wrist"
"12","50","59","65","1","00:19:31","204","116","Non quality blocked","Slap"
"68","230","228","232","1","00:19:31","407","118","Non quality blocked","Slap"
"72","246","6","237","1","00:19:32","172","147","Non quality blocked","Default"
"35","254","262","337","1","00:19:32","121","87","Quality blocked","Wrist"
"87","189","22","107","1","00:19:33","527","174","Quality blocked","Default"
"67","246","6","218","1","00:19:34","199","105","Non quality blocked","Wrist"
"210","97","6","250","1","00:19:34","481","89","Quality blocked","Default"
"61","67","64","108","1","00:19:36","61","184","Quality blocked","Default"
"58","129","123","207","1","00:19:36","150","209","Non quality blocked","Default"
"24","240","222","244","1","00:19:37","389","171","Non quality blocked","Default"
"40","24","22","117","1","00:19:38","122","169","Quality blocked","Default"
"242","73","211","235","1","00:19:38","423","229","Non quality blocked","Default"
"4","99","28","197","1","00:19:40","457","205","Quality blocked","Snap"
"248","83","48","231","1","00:19:42","73","68","Non quality blocked","Wrist"
"89","83","28","66","1","00:19:43","530","116","Quality blocked","Default"
"13","205","155","112","1","00:19:43","153","127","Non quality blocked","Wrist"
"36","74","64","114","1","00:19:43","517","152","Quality blocked","Backhand"
"181","84","28","121","1","00:19:43","429","65","Non quality blocked","Wrist"
"169","138","85","168","1","00:19:43","146","178","Non quality blocked","Wrist"
"247","208","155","216","1","00:19:43","440","149","Non quality blocked","Wrist"
"219","36","155","120","1","00:19:44","415","136","Non quality blocked","Wrist"
"67","208","155","261","1","00:19:44","378","205","Non quality blocked","Snap"
"24","99","85","149","1","00:19:45","386","76","Non quality blocked","Wrist"
"31","1","6","180","1","00:19:45","137","226","Quality blocked","Wrist"
"23","5","6","97","1","00:19:46","106","165","Quality blocked","Wrist"
"283","191","22","330","1","00:19:46","76","125","Quality blocked","Wrist"
"198","50","222","137","1","00:19:48","135","182","Quality blocked","Wrist"
"68","47","228","232","1","00:19:49","529","242","Non quality blocked","Snap"
"13","150","41","48","1","00:19:51","116","209","Quality blocked","Default"
"83","129","22","55","1","00:19:51","471","214","Quality blocked","Wrist"
"289","183","6","251","1","00:19:51","410","27","Non quality blocked","Default"
"208","17","6","145","1","00:19:52","177","111","Non quality blocked","Default"
"56","118","123","44","1","00:19:53","410","57","Non quality blocked","Wrist"
"213","8","6","118","1","00:19:53","186","98","Non quality blocked","Default"
"169","76","64","195","1","00:19:53","435","198","Non quality blocked","Default"
"42","229","228","214","1","00:19:54","69","214","Non quality blocked","Backhand"
"24","13","6","38","1","00:19:55","194","261","Non quality blocked","Slap"
"50","21","123","115","1","00:19:55","532","159","Quality blocked","Wrist"
"56","69","64","72","1","00:19:56","411","133","Non quality blocked","Default"
"12","264","123","225","1","00:19:56","180","262","Non quality blocked","Snap"
"205","189","22","256","1","00:19:56","141","74","Quality blocked","Slap"
"78","83","85","42","1","00:19:57","466","97","Quality blocked","Wrist"
"23","58","59","59","1","00:19:57","393","250","Non quality blocked","Default"
"44","138","28","161","1","00:19:57","467","205","Quality blocked","Slap"
"30","129","22","131","1","00:19:58","108","205","Quality blocked","Tip"
"71","47","155","165","1","00:19:58","437","56","Non quality blocked","Wrist"
"12","65","211","255","1","00:19:58","127","112","Quality blocked","Snap"
"12","30","85","42","1","00:19:59","389","131","Quality blocked","Default"
"230","219","222","212","1","00:19:59","399","36","Non quality blocked","Default"
"61","118","123","44","1","00:20:00","481","103","Quality blocked","Wrist"
"90","1","6","98","1","00:20:00","399","261","Non quality blocked","Default"
"81","78","186","99","1","00:20:00","453","209","Non quality blocked","Backhand"
"25","224","155","216","1","00:20:00","451","93","Non quality blocked","Wrist"
"12","30","228","228","1","00:20:00","519","152","Quality blocked","Backhand"
"192","245","228","242","1","00:20:00","390","266","Non quality blocked","Default"
"76","24","22","169","2","00:00:10","501","64","Non quality blocked","Default"
"31","11","22","131","2","00:00:13","158","245","Non quality blocked","Wrist"
"65","129","59","257","2","00:00:13","139","100","Quality blocked","Wrist"
"205","169","123","186","2","00:00:14","468","91","Quality blocked","Wrist"
"53","11","123","207","2","00:00:14","82","227","Non quality blocked","Wrist"
"203","31","28","236","2","00:00:14","183","220","Non quality blocked","Wrist"
"83","65","211","227","2","00:00:15","399","219","Non quality blocked","Wrist"
"230","31","85","170","2","00:00:16","401","213","Non quality blocked","Wrist"
"67","129","64","263","2","00:00:18","545","246","Non quality blocked","Wrist"
"24","39","28","119","2","00:00:20","202","190","Non quality blocked","Default"
"63","246","6","255","2","00:00:20","473","77","Quality blocked","Snap"
"84","13","6","87","2","00:00:21","187","252","Non quality blocked","Wrist"
"40","142","59","120","2","00:00:21","136","216","Quality blocked","Wrist"
"242","65","85","222","2","00:00:22","391","167","Non quality blocked","Wrist"
"203","63","64","138","2","00:00:24","197","244","Non quality blocked","Slap"
"32","230","155","170","2","00:00:24","139","60","Non quality blocked","Wrist"
"15","150","41","48","2","00:00:25","57","126","Quality blocked","Default"
"198","67","64","174","2","00:00:28","527","87","Non quality blocked","Wrist"
"223","97","6","251","2","00:00:28","415","241","Non quality blocked","Default"
"21","167","6","50","2","00:00:29","113","191","Quality blocked","Wrist"
"63","30","228","232","2","00:00:30","439","213","Non quality blocked","Snap"
"189","67","64","203","2","00:00:31","128","134","Quality blocked","Default"
"76","47","155","177","2","00:00:33","103","123","Quality blocked","Wrist"
"20","1","6","94","2","00:00:34","449","176","Non quality blocked","Default"
"203","15","6","259","2","00:00:34","219","238","Non quality blocked","Wrist"
"50","10","6","83","2","00:00:35","428","63","Non quality blocked","Default"
"21","100","211","142","2","00:00:35","436","136","Non quality blocked","Default"
"167","76","64","187","2","00:00:35","147","108","Non quality blocked","Default"
"203","104","123","156","2","00:00:37","197","237","Non quality blocked","Wrist"
"71","97","6","251","2","00:00:37","440","23","Non quality blocked","Default"
"198","223","222","199","2","00:00:39","148","165","Non quality blocked","Wrist"
"230","71","222","167","2","00:00:40","422","255","Non quality blocked","Default"
"1","47","155","68","2","00:00:41","454","112","Non quality blocked","Default"
"2","58","238","229","2","00:00:43","191","76","Non quality blocked","Slap"
"42","167","123","247","2","00:00:43","92","217","Quality blocked","Snap"
"196","40","228","221","2","00:00:46","184","182","Non quality blocked","Wrist"
"87","62","59","39","2","00:00:50","398","83","Non quality blocked","Snap"
"76","99","28","66","2","00:00:50","417","244","Non quality blocked","Default"
"7","20","22","70","2","00:00:50","396","267","Non quality blocked","Default"
"38","50","59","71","2","00:00:50","117","96","Quality blocked","Default"
"89","90","123","86","2","00:00:50","142","109","Quality blocked","Default"
"161","11","123","207","2","00:00:50","129","151","Quality blocked","Wrist"
"236","32","28","262","2","00:00:51","220","56","Non quality blocked","Wrist"
"208","104","123","203","2","00:00:52","423","79","Non quality blocked","Default"
"40","129","59","242","2","00:00:55","153","99","Non quality blocked","Default"
"65","74","155","150","2","00:00:57","135","164","Quality blocked","Slap"
"32","5","6","87","2","00:00:58","144","225","Quality blocked","Slap"
"280","83","28","214","2","00:00:58","389","32","Non quality blocked","Wrist"
"285","42","48","243","2","00:01:00","87","228","Non quality blocked","Default"
"44","53","222","222","2","00:01:01","83","90","Non quality blocked","Wrist"
"200","215","222","336","2","00:01:01","395","244","Non quality blocked","Default"
"230","61","28","214","2","00:01:02","413","30","Non quality blocked","Wrist"
"62","192","123","207","2","00:01:03","206","38","Non quality blocked","Wrist"
"231","129","22","107","2","00:01:04","500","152","Quality blocked","Default"
"74","219","59","178","2","00:01:04","435","242","Non quality blocked","Wrist"
"17","99","155","234","2","00:01:05","464","221","Quality blocked","Wrist"
"17","79","123","126","2","00:01:07","477","160","Quality blocked","Wrist"
"169","44","155","130","2","00:01:07","506","87","Quality blocked","Wrist"
"17","242","238","251","2","00:01:07","120","165","Quality blocked","Default"
"25","285","228","265","2","00:01:07","139","201","Quality blocked","Wrist"
"68","30","228","248","2","00:01:08","193","57","Non quality blocked","Wrist"
"15","52","222","185","2","00:01:09","147","172","Non quality blocked","Default"
"84","87","155","46","2","00:01:10","497","37","Non quality blocked","Default"
"9","44","155","56","2","00:01:10","437","70","Non quality blocked","Slap"
"74","60","59","72","2","00:01:10","187","250","Non quality blocked","Default"
"57","47","155","165","2","00:01:10","525","165","Quality blocked","Snap"
"79","44","211","267","2","00:01:10","186","67","Non quality blocked","Wrist"
"32","1","6","173","2","00:01:11","508","153","Quality blocked","Wrist"
"114","23","123","175","2","00:01:11","442","192","Non quality blocked","Default"
"201","161","59","176","2","00:01:11","137","186","Quality blocked","Default"
"264","203","155","216","2","00:01:12","461","214","Quality blocked","Default"
"230","183","6","228","2","00:01:12","103","87","Quality blocked","Snap"
"36","169","193","124","2","00:01:13","514","230","Non quality blocked","Default"
"16","1","155","234","2","00:01:13","459","121","Quality blocked","Wrist"
"21","201","85","168","2","00:01:14","105","161","Quality blocked","Snap"
"26","75","64","263","2","00:01:15","501","192","Quality blocked","Wrist"
"7","20","22","70","2","00:01:16","407","216","Non quality blocked","Default"
"79","230","155","102","2","00:01:16","485","57","Non quality blocked","Default"
"185","189","22","230","2","00:01:16","434","138","Non quality blocked","Wrist"
"87","5","6","32","2","00:01:17","479","62","Non quality blocked","Default"
"42","60","59","53","2","00:01:17","102","258","Non quality blocked","Default"
"57","230","155","165","2","00:01:19","522","119","Quality blocked","Snap"
"65","87","155","36","2","00:01:20","117","121","Quality blocked","Default"
"68","1","6","45","2","00:01:24","92","136","Quality blocked","Default"
"11","149","19","134","2","00:01:25","209","39","Non quality blocked","Slap"
"142","167","6","65","2","00:01:26","519","209","Non quality blocked","Default"
"68","101","222","222","2","00:01:27","123","177","Quality blocked","Snap"
"83","50","222","137","2","00:01:29","79","165","Quality blocked","Wrist"
"209","76","211","257","2","00:01:29","513","278","Non quality blocked","Wrist"
"66","223","59","140","2","00:01:31","113","154","Quality blocked","Default"
"74","227","64","263","2","00:01:32","484","103","Quality blocked","Wrist"
"53","167","6","65","2","00:01:33","525","201","Quality blocked","Default"
"67","32","28","224","2","00:01:33","441","145","Non quality blocked","Wrist"
"98","7","6","64","2","00:01:35","475","152","Quality blocked","Default"
"36","21","193","124","2","00:01:35","399","114","Non quality blocked","Wrist"
"74","114","64","263","2","00:01:35","472","138","Quality blocked","Default"
"11","100","211","142","2","00:01:36","399","129","Non quality blocked","Default"
"161","2","6","171","2","00:01:36","431","57","Non quality blocked","Slap"
"47","56","59","120","2","00:01:37","199","130","Non quality blocked","Wrist"
"62","31","28","152","2","00:01:37","104","123","Quality blocked","Snap"
"221","84","28","199","2","00:01:37","498","171","Quality blocked","Tip"
"189","230","278","330","2","00:01:37","440","158","Non quality blocked","Default"
"163","88","59","49","2","00:01:38","180","244","Non quality blocked","Wrist"
"289","17","6","251","2","00:01:38","420","216","Non quality blocked","Default"
"78","79","22","96","2","00:01:40","465","197","Quality blocked","Wrist"
"125","232","211","178","2","00:01:40","165","235","Non quality blocked","Wrist"
"88","118","123","44","2","00:01:41","63","166","Quality blocked","Default"
"199","72","222","103","2","00:01:41","164","81","Non quality blocked","Wrist"
"11","13","19","70","2","00:01:42","169","213","Non quality blocked","Default"
"133","118","123","88","2","00:01:43","510","201","Quality blocked","Wrist"
"224","230","228","221","2","00:01:43","109","186","Quality blocked","Wrist"
"68","167","123","210","2","00:01:44","387","164","Non quality blocked","Wrist"
"76","169","22","195","2","00:01:45","133","144","Quality blocked","Default"
"244","227","64","263","2","00:01:45","549","99","Non quality blocked","Wrist"
"90","199","28","262","2","00:01:46","221","113","Non quality blocked","Wrist"
"288","311","85","334","2","00:01:46","168","73","Non quality blocked","Default"
"231","79","193","124","2","00:01:47","484","216","Quality blocked","Default"
"66","138","155","261","2","00:01:47","462","188","Quality blocked","Wrist"
"87","128","64","61","2","00:01:48","130","83","Quality blocked","Default"
"232","223","59","140","2","00:01:48","135","94","Quality blocked","Default"
"100","98","85","166","2","00:01:48","393","105","Non quality blocked","Wrist"
"56","242","222","235","2","00:01:48","154","215","Non quality blocked","Default"
"183","232","64","145","2","00:01:49","444","215","Non quality blocked","Default"
"79","50","59","253","2","00:01:49","201","228","Non quality blocked","Wrist"
"128","231","155","128","2","00:01:50","451","244","Non quality blocked","Default"
"5","182","262","337","2","00:01:50","205","263","Non quality blocked","Snap"
"68","83","28","66","2","00:01:51","391","237","Non quality blocked","Default"
"83","24","123","149","2","00:01:51","207","49","Non quality blocked","Wrist"
"1","79","123","147","2","00:01:52","146","127","Non quality blocked","Default"
"185","200","211","218","2","00:01:52","409","74","Non quality blocked","Wrist"
"21","2","19","134","2","00:01:53","99","117","Quality blocked","Default"
"224","84","28","176","2","00:01:54","425","198","Non quality blocked","Wrist"
"223","98","28","197","2","00:01:54","420","266","Non quality blocked","Wrist"
"274","230","228","258","2","00:01:54","501","145","Quality blocked","Snap"
"99","246","6","259","2","00:01:54","201","234","Non quality blocked","Wrist"
"150","207","64","114","2","00:01:57","94","161","Quality blocked","Default"
"223","129","123","209","2","00:01:57","412","58","Non quality blocked","Wrist"
"76","242","222","235","2","00:01:57","117","161","Quality blocked","Default"
"62","73","211","122","2","00:01:58","406","176","Non quality blocked","Default"
"65","84","85","158","2","00:02:02","375","38","Non quality blocked","Default"
"62","34","155","71","2","00:02:04","424","214","Non quality blocked","Default"
"313","223","222","222","2","00:02:04","151","181","Non quality blocked","Wrist"
"37","196","28","146","2","00:02:05","455","57","Non quality blocked","Wrist"
"223","26","28","176","2","00:02:06","421","57","Non quality blocked","Wrist"
"158","167","6","64","2","00:02:07","513","165","Quality blocked","Default"
"49","5","28","236","2","00:02:07","200","69","Non quality blocked","Wrist"
"138","254","6","250","2","00:02:07","499","207","Quality blocked","Default"
"201","75","64","166","2","00:02:08","111","217","Quality blocked","Wrist"
"44","100","134","189","2","00:02:09","395","113","Non quality blocked","Default"
"5","83","28","180","2","00:02:10","429","138","Non quality blocked","Wrist"
"56","61","28","227","2","00:02:10","113","251","Non quality blocked","Wrist"
"63","71","64","72","2","00:02:13","443","215","Non quality blocked","Default"
"129","128","64","84","2","00:02:14","405","79","Non quality blocked","Default"
"109","129","22","96","2","00:02:14","484","200","Quality blocked","Default"
"84","47","155","110","2","00:02:14","218","202","Non quality blocked","Wrist"
"60","44","85","232","2","00:02:14","199","260","Non quality blocked","Wrist"
"223","30","28","106","2","00:02:15","481","196","Quality blocked","Backhand"
"38","20","193","124","2","00:02:15","382","170","Non quality blocked","Wrist"
"223","167","22","219","2","00:02:15","144","249","Non quality blocked","Default"
"89","313","85","263","2","00:02:15","197","170","Non quality blocked","Default"
"86","12","6","32","2","00:02:16","444","124","Non quality blocked","Default"
"313","108","222","235","2","00:02:16","151","105","Non quality blocked","Default"
"18","84","28","173","2","00:02:17","97","34","Non quality blocked","Wrist"
"31","180","59","253","2","00:02:17","147","206","Non quality blocked","Wrist"
"5","230","155","139","2","00:02:18","190","147","Non quality blocked","Default"
"229","185","6","143","2","00:02:18","130","207","Quality blocked","Default"
"205","189","123","186","2","00:02:19","541","93","Non quality blocked","Wrist"
"254","271","28","337","2","00:02:19","387","18","Non quality blocked","Snap"
"25","51","59","28","2","00:02:20","57","252","Non quality blocked","Wrist"
"65","118","123","86","2","00:02:21","171","100","Non quality blocked","Default"
"97","223","222","206","2","00:02:21","475","101","Quality blocked","Wrist"
"72","11","123","209","2","00:02:21","517","142","Quality blocked","Wrist"
"289","5","28","254","2","00:02:22","397","243","Non quality blocked","Snap"
"83","200","64","166","2","00:02:23","91","212","Quality blocked","Wrist"
"196","1","186","190","2","00:02:23","218","105","Non quality blocked","Wrist"
"25","47","228","331","2","00:02:23","436","87","Non quality blocked","Default"
"56","36","155","177","2","00:02:25","151","205","Non quality blocked","Wrist"
"68","39","85","116","2","00:02:26","198","249","Non quality blocked","Default"
"208","84","85","138","2","00:02:26","443","187","Non quality blocked","Wrist"
"169","75","64","196","2","00:02:27","423","123","Non quality blocked","Default"
"101","129","64","226","2","00:02:27","476","229","Non quality blocked","Wrist"
"18","56","64","145","2","00:02:28","428","194","Non quality blocked","Default"
"142","78","41","234","2","00:02:28","142","214","Quality blocked","Wrist"
"167","199","28","262","2","00:02:31","203","61","Non quality blocked","Wrist"
"192","227","41","117","2","00:02:33","417","224","Non quality blocked","Wrist"
"42","44","85","238","2","00:02:33","86","172","Quality blocked","Wrist"
"224","79","22","206","2","00:02:36","105","72","Non quality blocked","Default"
"21","180","59","239","2","00:02:37","459","142","Quality blocked","Wrist"
"73","97","123","111","2","00:02:38","186","177","Non quality blocked","Default"
"200","24","22","204","2","00:02:38","402","222","Non quality blocked","Wrist"
"84","47","155","110","2","00:02:39","209","225","Non quality blocked","Wrist"
"316","229","228","232","2","00:02:40","493","76","Quality blocked","Snap"
"21","39","28","247","2","00:02:40","417","158","Non quality blocked","Default"
"31","74","64","67","2","00:02:42","91","46","Non quality blocked","Wrist"
"24","63","64","169","2","00:02:44","189","87","Non quality blocked","Default"
"88","31","28","197","2","00:02:45","466","15","Non quality blocked","Wrist"
"38","11","22","73","2","00:02:46","123","150","Quality blocked","Wrist"
"31","132","85","238","2","00:02:46","150","41","Non quality blocked","Slap"
"104","196","85","175","2","00:02:47","141","95","Quality blocked","Wrist"
"20","149","6","225","2","00:02:47","497","158","Quality blocked","Snap"
"147","246","6","269","2","00:02:47","441","167","Non quality blocked","Wrist"
"47","17","6","139","2","00:02:49","388","87","Non quality blocked","Default"
"78","206","228","228","2","00:02:52","441","87","Non quality blocked","Wrist"
"56","102","22","241","2","00:02:52","137","189","Quality blocked","Default"
"101","50","64","226","2","00:02:53","534","129","Quality blocked","Default"
"167","60","228","256","2","00:02:53","381","75","Non quality blocked","Wrist"
"203","53","222","268","2","00:02:53","409","60","Non quality blocked","Default"
"219","195","123","244","2","00:02:55","214","153","Non quality blocked","Default"
"162","73","64","30","2","00:02:58","429","134","Non quality blocked","Default"
"256","44","211","255","2","00:02:59","127","95","Quality blocked","Default"
"207","50","64","217","2","00:03:00","162","157","Non quality blocked","Snap"
"189","253","28","247","2","00:03:00","469","38","Non quality blocked","Default"
"157","62","59","49","2","00:03:03","210","117","Non quality blocked","Wrist"
"21","81","85","58","2","00:03:03","437","147","Non quality blocked","Wrist"
"196","125","222","152","2","00:03:03","393","219","Non quality blocked","Wrist"
"97","196","28","119","2","00:03:07","75","177","Quality blocked","Wrist"
"23","51","85","149","2","00:03:07","471","89","Quality blocked","Wrist"
"169","207","155","186","2","00:03:07","135","197","Quality blocked","Default"
"11","63","64","196","2","00:03:08","405","125","Non quality blocked","Default"
"239","83","28","254","2","00:03:10","460","41","Non quality blocked","Wrist"
"62","101","64","54","2","00:03:12","193","261","Non quality blocked","Snap"
"169","65","64","153","2","00:03:12","205","47","Non quality blocked","Default"
"42","101","222","165","2","00:03:13","117","126","Quality blocked","Snap"
"286","50","64","226","2","00:03:13","493","75","Quality blocked","Wrist"
"84","67","64","67","2","00:03:14","141","221","Quality blocked","Wrist"
"68","23","123","86","2","00:03:14","201","73","Non quality blocked","Default"
"89","23","123","88","2","00:03:16","525","177","Quality blocked","Wrist"
"161","264","123","270","2","00:03:16","435","203","Non quality blocked","Wrist"
"224","11","64","335","2","00:03:18","387","69","Non quality blocked","Default"
"223","180","59","215","2","00:03:19","207","132","Non quality blocked","Default"
"68","217","222","235","2","00:03:19","162","195","Non quality blocked","Default"
"169","207","155","186","2","00:03:20","128","140","Quality blocked","Default"
"86","196","155","261","2","00:03:20","522","210","Non quality blocked","Wrist"
"12","146","155","68","2","00:03:21","484","126","Quality blocked","Default"
"207","102","22","183","2","00:03:21","207","192","Non quality blocked","Wrist"
"16","44","211","255","2","00:03:22","123","54","Non quality blocked","Slap"
"75","162","28","66","2","00:03:23","399","87","Non quality blocked","Default"
"75","23","123","86","2","00:03:24","111","113","Quality blocked","Default"
"205","196","28","146","2","00:03:24","435","209","Non quality blocked","Wrist"
"230","201","28","110","2","00:03:25","474","283","Non quality blocked","Snap"
"62","206","155","155","2","00:03:25","171","69","Non quality blocked","Default"
"75","62","59","129","2","00:03:26","442","87","Non quality blocked","Default"
"196","101","222","188","2","00:03:26","401","219","Non quality blocked","Default"
"189","2","155","216","2","00:03:26","490","184","Quality blocked","Backhand"
"50","206","228","242","2","00:03:29","458","174","Quality blocked","Wrist"
"221","47","228","167","2","00:03:30","102","95","Quality blocked","Default"
"129","53","59","160","2","00:03:31","378","150","Non quality blocked","Wrist"
"68","181","155","245","2","00:03:31","189","73","Non quality blocked","Default"
"15","90","22","97","2","00:03:32","395","217","Non quality blocked","Wrist"
"125","79","123","207","2","00:03:32","123","234","Non quality blocked","Wrist"
"21","38","155","186","2","00:03:33","155","39","Non quality blocked","Wrist"
"13","40","228","221","2","00:03:34","135","207","Quality blocked","Wrist"
"204","313","85","232","2","00:03:34","187","256","Non quality blocked","Wrist"
"15","76","64","105","2","00:03:35","431","171","Non quality blocked","Default"
"191","227","155","130","2","00:03:36","436","210","Non quality blocked","Wrist"
"188","39","85","175","2","00:03:37","200","207","Non quality blocked","Wrist"
"221","244","85","222","2","00:03:37","472","109","Quality blocked","Default"
"63","23","22","241","2","00:03:37","75","182","Quality blocked","Wrist"
"194","16","6","123","2","00:03:38","191","53","Non quality blocked","Wrist"
"47","169","64","217","2","00:03:38","153","199","Non quality blocked","Snap"
"76","217","222","235","2","00:03:38","155","154","Non quality blocked","Default"
"23","13","19","70","2","00:03:39","207","142","Non quality blocked","Default"
"31","8","262","337","2","00:03:40","134","195","Quality blocked","Snap"
"11","207","228","217","2","00:03:41","446","254","Non quality blocked","Wrist"
"34","188","123","252","2","00:03:42","509","173","Quality blocked","Default"
"61","76","64","41","2","00:03:43","155","108","Non quality blocked","Snap"
"189","12","19","126","2","00:03:43","142","73","Non quality blocked","Default"
"236","101","222","233","2","00:03:43","132","138","Quality blocked","Default"
"129","73","64","196","2","00:03:44","480","169","Quality blocked","Default"
"125","27","28","66","2","00:03:45","421","93","Non quality blocked","Default"
"60","44","228","135","2","00:03:45","187","37","Non quality blocked","Default"
"142","116","28","152","2","00:03:45","158","244","Non quality blocked","Wrist"
"210","199","28","174","2","00:03:45","212","22","Non quality blocked","Wrist"
"34","47","228","221","2","00:03:46","143","118","Quality blocked","Wrist"
"52","32","28","49","2","00:03:47","397","18","Non quality blocked","Wrist"
"87","15","6","179","2","00:03:47","132","200","Quality blocked","Wrist"
"11","23","123","270","2","00:03:48","381","165","Non quality blocked","Wrist"
"21","74","64","63","2","00:03:49","401","260","Non quality blocked","Default"
"163","14","6","85","2","00:03:49","189","69","Non quality blocked","Slap"
"60","199","28","106","2","00:03:50","445","10","Non quality blocked","Default"
"84","149","41","332","2","00:03:50","193","63","Non quality blocked","Wrist"
"99","13","19","121","2","00:03:52","197","231","Non quality blocked","Wrist"
"12","204","155","143","2","00:03:52","478","96","Quality blocked","Default"
"87","66","64","36","2","00:03:53","475","145","Quality blocked","Default"
"76","79","28","227","2","00:03:53","145","165","Non quality blocked","Wrist"
"84","190","22","262","2","00:03:53","409","261","Non quality blocked","Wrist"
"205","157","28","141","2","00:03:54","101","102","Quality blocked","Wrist"
"47","21","123","43","2","00:03:55","513","170","Quality blocked","Default"
"44","192","193","124","2","00:03:56","381","139","Non quality blocked","Default"
"198","207","228","217","2","00:03:56","498","109","Quality blocked","Snap"
"79","50","59","253","2","00:03:57","204","207","Non quality blocked","Snap"
"8","83","85","42","2","00:03:58","389","244","Non quality blocked","Wrist"
"25","62","48","44","2","00:03:58","111","193","Quality blocked","Wrist"
"88","156","28","37","2","00:04:00","416","97","Non quality blocked","Default"
"89","51","28","67","2","00:04:00","529","21","Non quality blocked","Wrist"
"50","51","85","172","2","00:04:00","201","165","Non quality blocked","Default"
"203","72","222","200","2","00:04:00","393","57","Non quality blocked","Default"
"63","79","28","267","2","00:04:00","474","99","Quality blocked","Wrist"
"204","68","64","114","2","00:04:01","81","123","Quality blocked","Default"
"129","49","155","211","2","00:04:02","171","248","Non quality blocked","Wrist"
"129","13","6","94","2","00:04:03","438","100","Non quality blocked","Default"
"115","56","211","142","2","00:04:03","513","121","Quality blocked","Default"
"201","180","6","173","2","00:04:05","515","142","Quality blocked","Snap"
"243","275","28","337","2","00:04:05","466","135","Quality blocked","Default"
"11","56","85","263","2","00:04:07","207","50","Non quality blocked","Wrist"
"169","13","155","333","2","00:04:08","169","162","Non quality blocked","Default"
"44","68","64","150","2","00:04:09","408","234","Non quality blocked","Default"
"9","76","64","105","2","00:04:10","429","61","Non quality blocked","Default"
"167","35","155","143","2","00:04:10","411","122","Non quality blocked","Default"
"38","26","85","170","2","00:04:10","397","166","Non quality blocked","Wrist"
"58","200","211","336","2","00:04:10","96","163","Quality blocked","Default"
"188","101","222","181","2","00:04:11","201","223","Non quality blocked","Slap"
"57","2","6","69","2","00:04:12","112","74","Quality blocked","Snap"
"100","51","28","67","2","00:04:13","475","112","Quality blocked","Wrist"
"203","47","228","221","2","00:04:13","183","218","Non quality blocked","Wrist"
"11","9","155","183","2","00:04:15","390","237","Non quality blocked","Wrist"
"12","34","155","234","2","00:04:15","497","8","Non quality blocked","Default"
"47","68","85","248","2","00:04:16","415","84","Non quality blocked","Wrist"
"32","15","186","99","2","00:04:17","471","107","Quality blocked","Wrist"
"32","12","6","89","2","00:04:18","454","184","Non quality blocked","Default"
"198","62","59","176","2","00:04:18","153","68","Non quality blocked","Snap"
"47","66","134","189","2","00:04:18","386","151","Non quality blocked","Default"
"247","11","59","239","2","00:04:18","503","87","Quality blocked","Wrist"
"317","71","238","334","2","00:04:18","570","241","Non quality blocked","Default"
"26","62","222","199","2","00:04:19","115","213","Quality blocked","Wrist"
"76","79","28","267","2","00:04:20","496","77","Quality blocked","Default"
"205","71","222","260","2","00:04:21","183","189","Non quality blocked","Snap"
"42","67","64","36","2","00:04:22","525","180","Quality blocked","Default"
"1","39","28","213","2","00:04:22","187","243","Non quality blocked","Default"
"115","207","228","217","2","00:04:22","483","67","Non quality blocked","Wrist"
"44","209","64","150","2","00:04:24","413","47","Non quality blocked","Default"
"11","39","154","73","2","00:04:26","390","155","Non quality blocked","Wrist"
"196","33","155","110","2","00:04:26","213","27","Non quality blocked","Wrist"
"90","100","64","86","2","00:04:27","393","214","Non quality blocked","Default"
"60","114","59","223","2","00:04:28","471","170","Quality blocked","Default"
"62","163","28","49","2","00:04:29","390","201","Non quality blocked","Wrist"
"11","30","85","58","2","00:04:29","394","123","Non quality blocked","Slap"
"67","11","22","84","2","00:04:29","195","98","Non quality blocked","Default"
"47","203","28","146","2","00:04:29","468","230","Non quality blocked","Slap"
"44","83","28","46","2","00:04:31","127","87","Quality blocked","Default"
"51","223","59","106","2","00:04:32","208","38","Non quality blocked","Wrist"
"58","84","28","49","2","00:04:33","494","88","Quality blocked","Wrist"
"58","79","28","254","2","00:04:34","398","273","Non quality blocked","Wrist"
"183","56","211","255","2","00:04:34","117","201","Quality blocked","Snap"
"53","99","28","201","2","00:04:35","161","147","Non quality blocked","Default"
"219","44","85","222","2","00:04:35","507","150","Quality blocked","Default"
"24","51","28","247","2","00:04:37","477","18","Non quality blocked","Default"
"11","12","6","96","2","00:04:38","188","69","Non quality blocked","Default"
"11","2","6","109","2","00:04:38","403","215","Non quality blocked","Wrist"
"42","67","64","36","2","00:04:40","440","244","Non quality blocked","Default"
"108","244","211","235","2","00:04:40","439","198","Non quality blocked","Default"
"32","16","6","180","2","00:04:41","152","126","Non quality blocked","Snap"
"246","39","28","337","2","00:04:42","387","249","Non quality blocked","Snap"
"1","51","28","213","2","00:04:43","183","196","Non quality blocked","Snap"
"44","79","22","102","2","00:04:44","92","217","Quality blocked","Default"
"205","51","28","146","2","00:04:44","525","26","Non quality blocked","Snap"
"198","129","123","175","2","00:04:44","414","156","Non quality blocked","Wrist"
"63","221","59","178","2","00:04:44","405","73","Non quality blocked","Slap"
"203","52","6","259","2","00:04:44","216","111","Non quality blocked","Wrist"
"205","101","222","260","2","00:04:44","177","142","Non quality blocked","Snap"
"83","224","59","176","2","00:04:46","182","96","Non quality blocked","Wrist"
"13","23","22","38","2","00:04:47","459","194","Quality blocked","Wrist"
"76","102","123","142","2","00:04:47","93","124","Quality blocked","Default"
"72","50","64","226","2","00:04:47","405","198","Non quality blocked","Wrist"
"138","44","155","170","2","00:04:48","193","111","Non quality blocked","Wrist"
"39","223","59","176","2","00:04:48","122","202","Quality blocked","Wrist"
"63","51","28","227","2","00:04:48","123","158","Quality blocked","Wrist"
"84","74","64","166","2","00:04:49","99","67","Non quality blocked","Wrist"
"16","44","41","48","2","00:04:50","114","197","Quality blocked","Default"
"25","84","85","58","2","00:04:50","440","50","Non quality blocked","Wrist"
"2","58","222","185","2","00:04:52","178","240","Non quality blocked","Default"
"17","83","28","173","2","00:04:53","113","140","Quality blocked","Wrist"
"223","245","228","212","2","00:04:53","195","30","Non quality blocked","Default"
"53","5","113","101","2","00:04:54","62","264","Non quality blocked","Wrist"
"204","50","222","165","2","00:04:54","100","156","Quality blocked","Snap"
"253","44","211","267","2","00:04:54","213","243","Non quality blocked","Wrist"
"51","74","64","166","2","00:04:55","156","211","Non quality blocked","Slap"
"316","5","28","227","2","00:04:55","145","45","Non quality blocked","Snap"
"79","8","41","332","2","00:04:56","200","32","Non quality blocked","Wrist"
"88","84","85","172","2","00:04:57","115","97","Quality blocked","Default"
"169","57","222","132","2","00:04:58","155","201","Non quality blocked","Wrist"
"72","99","28","200","2","00:04:58","90","61","Non quality blocked","Default"
"1","225","28","337","2","00:04:59","385","82","Non quality blocked","Snap"
"198","62","222","137","2","00:05:00","141","81","Quality blocked","Snap"
"44","16","6","143","2","00:05:00","189","138","Non quality blocked","Default"
"65","188","22","169","2","00:05:00","528","167","Quality blocked","Default"
"11","53","222","181","2","00:05:01","215","12","Non quality blocked","Snap"
"30","11","22","55","2","00:05:02","529","242","Non quality blocked","Default"
"207","87","155","128","2","00:05:03","404","240","Non quality blocked","Default"
"205","44","85","232","2","00:05:03","69","87","Non quality blocked","Wrist"
"169","51","28","253","2","00:05:03","396","226","Non quality blocked","Wrist"
"58","163","28","49","2","00:05:04","423","203","Non quality blocked","Slap"
"32","1","6","180","2","00:05:04","211","225","Non quality blocked","Slap"
"42","195","22","183","2","00:05:04","210","222","Non quality blocked","Wrist"
"21","71","59","160","2","00:05:05","480","123","Quality blocked","Default"
"149","51","28","60","2","00:05:07","494","105","Quality blocked","Wrist"
"198","79","123","175","2","00:05:07","436","55","Non quality blocked","Default"
"74","50","59","122","2","00:05:11","181","227","Non quality blocked","Default"
"236","230","278","330","2","00:05:11","393","79","Non quality blocked","Default"
"65","36","155","36","2","00:05:13","69","177","Quality blocked","Default"
"2","207","64","133","2","00:05:13","165","225","Non quality blocked","Wrist"
"89","219","59","178","2","00:05:14","454","110","Non quality blocked","Snap"
"83","241","222","254","2","00:05:14","92","152","Quality blocked","Snap"
"108","39","155","71","2","00:05:15","395","287","Non quality blocked","Default"
"114","60","228","217","2","00:05:15","521","237","Non quality blocked","Wrist"
"61","257","41","332","2","00:05:15","151","137","Non quality blocked","Wrist"
"87","66","64","164","2","00:05:16","478","227","Quality blocked","Default"
"68","114","22","84","2","00:05:17","88","43","Non quality blocked","Default"
"67","9","6","105","2","00:05:17","167","215","Non quality blocked","Default"
"205","32","28","110","2","00:05:17","427","147","Non quality blocked","Wrist"
"132","217","222","336","2","00:05:17","388","228","Non quality blocked","Default"
"32","208","64","158","2","00:05:18","424","201","Non quality blocked","Default"
"75","99","85","166","2","00:05:18","398","174","Non quality blocked","Wrist"
"21","5","28","262","2","00:05:19","140","197","Quality blocked","Wrist"
"138","67","64","67","2","00:05:20","138","125","Quality blocked","Backhand"
"12","30","28","190","2","00:05:20","393","97","Non quality blocked","Wrist"
"114","1","186","99","2","00:05:21","435","244","Non quality blocked","Wrist"
"25","45","154","73","2","00:05:22","453","213","Non quality blocked","Wrist"
"44","76","134","189","2","00:05:22","444","130","Non quality blocked","Default"
"190","180","19","126","2","00:05:24","152","207","Non quality blocked","Wrist"
"138","71","59","176","2","00:05:24","174","44","Non quality blocked","Wrist"
"99","91","22","55","2","00:05:26","543","121","Quality blocked","Wrist"
"60","65","85","232","2","00:05:28","158","264","Non quality blocked","Wrist"
"25","75","64","88","2","00:05:29","111","152","Quality blocked","Wrist"
"34","84","28","110","2","00:05:29","493","161","Quality blocked","Wrist"
"63","2","6","105","2","00:05:30","113","128","Quality blocked","Default"
"183","203","28","190","2","00:05:30","473","75","Quality blocked","Default"
"271","25","123","247","2","00:05:30","202","147","Non quality blocked","Wrist"
"44","99","28","60","2","00:05:31","431","173","Non quality blocked","Wrist"
"25","1","6","109","2","00:05:31","481","122","Quality blocked","Wrist"
"24","286","222","219","2","00:05:31","397","72","Non quality blocked","Default"
"190","180","19","126","2","00:05:32","141","175","Quality blocked","Default"
"138","236","123","252","2","00:05:33","528","225","Non quality blocked","Wrist"
"71","5","19","52","2","00:05:34","141","221","Quality blocked","Default"
"128","88","222","199","2","00:05:34","74","240","Non quality blocked","Wrist"
"108","249","228","212","2","00:05:35","213","200","Non quality blocked","Default"
"74","220","59","122","2","00:05:36","169","185","Non quality blocked","Default"
"11","104","123","239","2","00:05:36","103","126","Quality blocked","Default"
"114","169","123","175","2","00:05:37","448","66","Non quality blocked","Default"
"71","23","22","84","2","00:05:38","197","205","Non quality blocked","Default"
"11","78","6","97","2","00:05:38","186","141","Non quality blocked","Default"
"36","38","222","268","2","00:05:38","550","144","Quality blocked","Default"
"25","101","222","191","2","00:05:39","432","111","Non quality blocked","Wrist"
"18","242","238","251","2","00:05:39","93","248","Non quality blocked","Default"
"31","169","22","131","2","00:05:40","167","190","Non quality blocked","Wrist"
"87","90","123","43","2","00:05:41","70","114","Quality blocked","Snap"
"125","84","85","47","2","00:05:41","47","126","Non quality blocked","Default"
"230","31","85","170","2","00:05:41","404","131","Non quality blocked","Wrist"
"11","185","6","220","2","00:05:42","508","215","Quality blocked","Wrist"
"229","50","59","125","2","00:05:44","128","117","Quality blocked","Default"
"2","35","155","68","2","00:05:45","471","89","Quality blocked","Default"
"5","44","155","139","2","00:05:45","152","76","Non quality blocked","Default"
"60","65","85","232","2","00:05:45","124","93","Quality blocked","Wrist"
"34","91","193","124","2","00:05:47","415","149","Non quality blocked","Default"
"253","192","222","264","2","00:05:47","205","180","Non quality blocked","Wrist"
"78","91","22","50","2","00:05:48","453","82","Non quality blocked","Wrist"
"66","118","22","84","2","00:05:48","113","227","Quality blocked","Default"
"195","208","64","159","2","00:05:48","468","58","Non quality blocked","Default"
"11","31","85","33","2","00:05:49","513","178","Quality blocked","Wrist"
"12","21","123","147","2","00:05:50","208","210","Non quality blocked","Slap"
"44","23","123","51","2","00:05:51","394","139","Non quality blocked","Wrist"
"52","84","85","103","2","00:05:53","437","37","Non quality blocked","Wrist"
"38","209","64","104","2","00:05:53","404","82","Non quality blocked","Wrist"
"66","5","28","267","2","00:05:53","486","36","Non quality blocked","Wrist"
"191","182","6","230","2","00:05:54","70","109","Quality blocked","Default"
"264","245","228","256","2","00:05:54","399","260","Non quality blocked","Wrist"
"192","33","155","183","2","00:05:56","513","125","Quality blocked","Snap"
"99","88","222","199","2","00:05:56","148","92","Non quality blocked","Wrist"
"65","51","28","154","2","00:05:57","495","123","Quality blocked","Tip"
"56","101","59","129","2","00:05:58","406","121","Non quality blocked","Default"
"229","31","28","146","2","00:05:58","481","240","Non quality blocked","Wrist"
"129","196","28","156","2","00:05:58","405","47","Non quality blocked","Wrist"
"203","12","6","180","2","00:05:58","193","65","Non quality blocked","Wrist"
"83","71","64","67","2","00:05:59","219","44","Non quality blocked","Wrist"
"230","52","59","135","2","00:05:59","484","249","Non quality blocked","Default"
"221","32","28","199","2","00:05:59","490","54","Non quality blocked","Wrist"
"31","230","228","243","2","00:05:59","491","200","Quality blocked","Snap"
"4","196","28","199","2","00:06:01","469","111","Quality blocked","Wrist"
"125","38","155","36","2","00:06:03","141","216","Quality blocked","Default"
"18","84","28","99","2","00:06:03","103","153","Quality blocked","Wrist"
"169","67","64","195","2","00:06:03","503","87","Quality blocked","Default"
"99","220","59","106","2","00:06:04","210","205","Non quality blocked","Wrist"
"50","15","6","246","2","00:06:04","475","166","Quality blocked","Wrist"
"21","223","59","160","2","00:06:05","411","93","Non quality blocked","Wrist"
"114","169","123","175","2","00:06:06","538","201","Non quality blocked","Default"
"68","23","22","84","2","00:06:07","126","159","Quality blocked","Default"
"67","11","22","204","2","00:06:08","412","151","Non quality blocked","Wrist"
"49","31","28","85","2","00:06:09","469","207","Quality blocked","Backhand"
"67","99","28","174","2","00:06:10","190","53","Non quality blocked","Wrist"
"11","5","6","97","2","00:06:11","190","119","Non quality blocked","Default"
"203","26","211","245","2","00:06:11","459","79","Quality blocked","Snap"
"199","180","59","231","2","00:06:12","486","117","Quality blocked","Wrist"
"42","60","228","243","2","00:06:12","510","46","Non quality blocked","Default"
"51","38","41","39","2","00:06:13","202","26","Non quality blocked","Snap"
"61","11","123","115","2","00:06:13","512","164","Quality blocked","Default"
"34","62","59","120","2","00:06:13","185","136","Non quality blocked","Wrist"
"253","1","262","337","2","00:06:13","218","244","Non quality blocked","Snap"
"11","66","211","142","2","00:06:14","398","224","Non quality blocked","Default"
"9","68","64","29","2","00:06:15","111","153","Quality blocked","Default"
"104","68","64","153","2","00:06:15","143","124","Quality blocked","Default"
"118","104","22","123","2","00:06:16","403","224","Non quality blocked","Wrist"
"72","30","28","30","2","00:06:18","194","141","Non quality blocked","Default"
"47","51","28","214","2","00:06:18","399","225","Non quality blocked","Slap"
"31","24","123","58","2","00:06:19","98","105","Quality blocked","Wrist"
"84","18","41","332","2","00:06:20","193","186","Non quality blocked","Wrist"
"50","9","6","34","2","00:06:21","443","107","Non quality blocked","Default"
"161","206","228","167","2","00:06:21","108","217","Quality blocked","Default"
"89","90","123","111","2","00:06:22","85","165","Quality blocked","Default"
"36","50","222","165","2","00:06:22","89","199","Quality blocked","Wrist"
"133","142","59","54","2","00:06:23","392","32","Non quality blocked","Snap"
"242","206","228","212","2","00:06:23","205","261","Non quality blocked","Default"
"13","44","155","143","2","00:06:24","412","233","Non quality blocked","Default"
"71","191","22","191","2","00:06:24","162","149","Non quality blocked","Default"
"56","118","186","187","2","00:06:25","486","114","Quality blocked","Default"
"10","74","64","45","2","00:06:26","430","59","Non quality blocked","Default"
"67","116","123","86","2","00:06:27","206","40","Non quality blocked","Default"
"53","90","123","115","2","00:06:27","471","58","Non quality blocked","Wrist"
"16","198","28","190","2","00:06:27","540","207","Non quality blocked","Default"
"219","68","85","222","2","00:06:27","400","146","Non quality blocked","Wrist"
"97","37","155","51","2","00:06:28","400","240","Non quality blocked","Default"
"90","316","85","241","2","00:06:28","405","230","Non quality blocked","Wrist"
"116","84","85","33","2","00:06:29","548","137","Quality blocked","Default"
"57","1","6","83","2","00:06:30","519","101","Quality blocked","Default"
"203","217","222","152","2","00:06:32","418","153","Non quality blocked","Wrist"
"259","38","238","251","2","00:06:32","119","192","Quality blocked","Default"
"78","88","59","101","2","00:06:33","397","273","Non quality blocked","Wrist"
"169","30","228","223","2","00:06:33","189","213","Non quality blocked","Default"
"87","1","6","68","2","00:06:34","196","65","Non quality blocked","Default"
"21","249","228","256","2","00:06:34","428","159","Non quality blocked","Default"
"79","229","228","258","2","00:06:34","529","153","Quality blocked","Wrist"
"5","99","28","190","2","00:06:36","496","218","Quality blocked","Wrist"
"68","246","6","255","2","00:06:36","429","99","Non quality blocked","Snap"
"68","5","6","118","2","00:06:37","83","51","Non quality blocked","Default"
"15","224","59","113","2","00:06:38","147","130","Non quality blocked","Wrist"
"35","219","59","125","2","00:06:38","133","146","Quality blocked","Default"
"67","30","228","248","2","00:06:38","117","73","Non quality blocked","Wrist"
"88","66","64","41","2","00:06:39","215","146","Non quality blocked","Slap"
"83","53","59","49","2","00:06:39","198","117","Non quality blocked","Wrist"
"31","60","59","62","2","00:06:39","510","177","Quality blocked","Snap"
"75","79","123","86","2","00:06:39","135","204","Quality blocked","Default"
"76","169","123","196","2","00:06:39","167","231","Non quality blocked","Default"
"84","97","22","131","2","00:06:40","189","140","Non quality blocked","Wrist"
"34","74","64","164","2","00:06:40","485","201","Quality blocked","Default"
"71","191","22","191","2","00:06:40","192","193","Non quality blocked","Wrist"
"40","72","64","61","2","00:06:44","116","131","Quality blocked","Default"
"75","118","123","63","2","00:06:44","51","51","Non quality blocked","Default"
"63","188","22","195","2","00:06:44","100","107","Quality blocked","Default"
"5","102","123","247","2","00:06:44","181","220","Non quality blocked","Wrist"
"83","78","6","213","2","00:06:45","409","135","Non quality blocked","Slap"
"32","23","123","58","2","00:06:46","159","118","Non quality blocked","Wrist"
"126","45","155","36","2","00:06:47","111","178","Quality blocked","Default"
"67","30","228","248","2","00:06:47","159","82","Non quality blocked","Wrist"
"255","209","59","246","2","00:06:48","182","197","Non quality blocked","Wrist"
"31","256","262","337","2","00:06:48","128","115","Quality blocked","Snap"
"58","2","6","83","2","00:06:50","447","70","Non quality blocked","Default"
"53","205","155","120","2","00:06:50","502","158","Quality blocked","Wrist"
"56","219","59","129","2","00:06:50","459","56","Non quality blocked","Default"
"32","56","211","227","2","00:06:51","490","195","Quality blocked","Wrist"
"286","229","228","212","2","00:06:52","71","261","Non quality blocked","Default"
"78","68","211","118","2","00:06:54","429","207","Non quality blocked","Default"
"32","223","222","197","2","00:06:54","168","225","Non quality blocked","Slap"
"78","42","41","48","2","00:06:55","93","116","Quality blocked","Default"
"83","15","6","182","2","00:06:55","429","155","Non quality blocked","Wrist"
"84","102","22","262","2","00:06:55","394","15","Non quality blocked","Wrist"
"185","131","155","139","2","00:06:56","147","180","Non quality blocked","Default"
"49","44","155","143","2","00:06:56","451","185","Non quality blocked","Default"
"224","9","228","135","2","00:06:57","109","195","Quality blocked","Default"
"44","13","6","148","2","00:06:57","213","226","Non quality blocked","Default"
"142","180","59","266","2","00:06:57","155","78","Non quality blocked","Wrist"
"188","213","211","100","2","00:06:58","204","163","Non quality blocked","Default"
"99","24","22","131","2","00:06:58","194","225","Non quality blocked","Wrist"
"58","201","28","137","2","00:06:58","485","224","Quality blocked","Wrist"
"253","68","211","227","2","00:07:00","486","22","Non quality blocked","Wrist"
"16","3","59","69","2","00:07:01","485","185","Quality blocked","Slap"
"53","75","64","72","2","00:07:01","430","120","Non quality blocked","Default"
"201","2","186","99","2","00:07:01","490","129","Quality blocked","Wrist"
"2","74","64","45","2","00:07:02","507","23","Non quality blocked","Default"
"36","61","59","71","2","00:07:04","154","63","Non quality blocked","Default"
"9","32","28","258","2","00:07:05","132","148","Quality blocked","Snap"
"198","56","85","263","2","00:07:07","117","110","Quality blocked","Snap"
"32","68","64","67","2","00:07:08","189","126","Non quality blocked","Wrist"
"89","24","123","196","2","00:07:08","88","150","Quality blocked","Default"
"273","8","41","332","2","00:07:08","119","43","Non quality blocked","Wrist"
"65","229","155","177","2","00:07:09","62","112","Non quality blocked","Default"
"223","210","211","140","2","00:07:10","430","140","Non quality blocked","Wrist"
"114","185","186","190","2","00:07:11","123","71","Non quality blocked","Wrist"
"52","129","59","246","2","00:07:11","136","185","Quality blocked","Default"
"47","157","28","60","2","00:07:16","397","264","Non quality blocked","Wrist"
"207","286","222","260","2","00:07:16","179","233","Non quality blocked","Wrist"
"15","79","28","337","2","00:07:16","529","115","Quality blocked","Snap"
"34","90","22","102","2","00:07:17","73","128","Quality blocked","Default"
"32","11","59","231","2","00:07:17","484","183","Quality blocked","Slap"
"79","221","222","254","2","00:07:17","133","99","Quality blocked","Wrist"
"32","23","22","262","2","00:07:17","407","165","Non quality blocked","Snap"
"89","116","85","263","2","00:07:17","135","193","Quality blocked","Wrist"
"208","21","123","203","2","00:07:18","448","126","Non quality blocked","Default"
"32","51","59","37","2","00:07:19","124","205","Quality blocked","Wrist"
"88","161","64","226","2","00:07:19","391","77","Non quality blocked","Default"
"88","74","64","108","2","00:07:20","110","204","Quality blocked","Default"
"63","99","85","116","2","00:07:20","141","213","Quality blocked","Default"
"98","188","123","149","2","00:07:20","99","60","Non quality blocked","Wrist"
"229","15","6","179","2","00:07:20","95","146","Quality blocked","Wrist"
"101","203","28","199","2","00:07:20","459","181","Quality blocked","Wrist"
"36","114","28","110","2","00:07:21","425","93","Non quality blocked","Wrist"
"196","63","64","158","2","00:07:21","363","153","Non quality blocked","Default"
"32","60","59","37","2","00:07:23","157","178","Non quality blocked","Snap"
"87","12","6","143","2","00:07:23","148","241","Non quality blocked","Default"
"273","243","41","332","2","00:07:24","136","157","Quality blocked","Wrist"
"83","1","6","42","2","00:07:25","205","168","Non quality blocked","Wrist"
"73","224","155","245","2","00:07:26","68","102","Non quality blocked","Wrist"
"75","99","28","30","2","00:07:27","143","105","Quality blocked","Default"
"15","79","22","70","2","00:07:27","502","148","Quality blocked","Default"
"55","83","28","49","2","00:07:32","445","124","Non quality blocked","Wrist"
"251","42","28","258","2","00:07:32","141","72","Non quality blocked","Snap"
"52","25","123","209","2","00:07:33","422","191","Non quality blocked","Wrist"
"52","34","155","234","2","00:07:34","453","68","Non quality blocked","Wrist"
"129","8","6","95","2","00:07:35","446","59","Non quality blocked","Default"
"40","67","64","114","2","00:07:35","183","73","Non quality blocked","Slap"
"182","31","28","337","2","00:07:36","439","131","Non quality blocked","Snap"
"11","63","48","44","2","00:07:37","137","201","Quality blocked","Wrist"
"31","2","6","180","2","00:07:37","87","238","Non quality blocked","Wrist"
"138","209","64","154","2","00:07:39","199","220","Non quality blocked","Wrist"
"161","34","155","211","2","00:07:40","165","125","Non quality blocked","Wrist"
"84","259","6","213","2","00:07:40","448","89","Non quality blocked","Snap"
"11","66","211","257","2","00:07:40","505","153","Quality blocked","Slap"
"253","76","211","267","2","00:07:41","203","190","Non quality blocked","Wrist"
"84","101","64","47","2","00:07:42","483","212","Quality blocked","Default"
"114","223","222","137","2","00:07:42","208","61","Non quality blocked","Wrist"
"32","175","6","87","2","00:07:43","197","128","Non quality blocked","Wrist"
"60","31","85","103","2","00:07:43","405","39","Non quality blocked","Wrist"
"21","101","222","233","2","00:07:43","132","111","Quality blocked","Default"
"201","74","211","116","2","00:07:44","480","140","Quality blocked","Default"
"242","157","28","254","2","00:07:44","390","137","Non quality blocked","Wrist"
"195","217","222","233","2","00:07:45","155","178","Non quality blocked","Default"
"169","203","85","175","2","00:07:49","183","123","Non quality blocked","Wrist"
"71","26","28","197","2","00:07:49","396","29","Non quality blocked","Wrist"
"53","38","155","71","2","00:07:50","542","192","Non quality blocked","Default"
"181","226","59","101","2","00:07:50","427","194","Non quality blocked","Default"
"44","49","6","148","2","00:07:51","171","267","Non quality blocked","Slap"
"25","5","28","262","2","00:07:51","122","112","Quality blocked","Wrist"
"32","5","186","99","2","00:07:52","447","260","Non quality blocked","Wrist"
"74","9","155","177","2","00:07:52","193","163","Non quality blocked","Default"
"125","84","28","66","2","00:07:53","536","74","Non quality blocked","Default"
"83","8","6","180","2","00:07:54","84","235","Non quality blocked","Wrist"
"44","51","28","146","2","00:07:55","398","44","Non quality blocked","Slap"
"138","169","123","168","2","00:07:56","513","191","Quality blocked","Wrist"
"39","99","28","60","2","00:07:57","505","35","Non quality blocked","Wrist"
"87","125","222","165","2","00:07:57","111","184","Quality blocked","Snap"
"42","24","123","186","2","00:07:57","481","165","Quality blocked","Default"
"17","209","59","246","2","00:07:57","194","137","Non quality blocked","Slap"
"200","8","186","99","2","00:07:58","398","216","Non quality blocked","Wrist"
"267","281","278","330","2","00:07:58","399","215","Non quality blocked","Default"
"63","99","28","154","2","00:07:59","565","119","Non quality blocked","Wrist"
"229","210","64","114","2","00:08:00","75","137","Quality blocked","Slap"
"205","2","6","143","2","00:08:00","87","189","Quality blocked","Default"
"192","232","211","100","2","00:08:01","80","189","Quality blocked","Default"
"203","13","186","190","2","00:08:01","219","267","Non quality blocked","Wrist"
"84","223","222","199","2","00:08:02","146","291","Non quality blocked","Backhand"
"72","99","28","176","2","00:08:03","507","141","Quality blocked","Tip"
"37","23","22","107","2","00:08:05","453","146","Non quality blocked","Wrist"
"125","32","28","67","2","00:08:06","431","213","Non quality blocked","Wrist"
"210","129","22","169","2","00:08:06","450","205","Non quality blocked","Default"
"83","2","6","180","2","00:08:06","199","29","Non quality blocked","Wrist"
"20","180","59","239","2","00:08:06","504","94","Quality blocked","Wrist"
"53","24","123","208","2","00:08:07","484","45","Non quality blocked","Default"
"78","99","28","64","2","00:08:08","72","74","Non quality blocked","Default"
"83","30","228","243","2","00:08:08","419","227","Non quality blocked","Wrist"
"98","180","19","121","2","00:08:09","123","152","Quality blocked","Wrist"
"142","200","85","172","2","00:08:09","69","203","Non quality blocked","Default"
"110","226","59","101","2","00:08:10","513","196","Quality blocked","Wrist"
"231","188","193","124","2","00:08:10","498","209","Quality blocked","Default"
"189","203","85","175","2","00:08:10","180","254","Non quality blocked","Wrist"
"56","12","186","187","2","00:08:10","432","135","Non quality blocked","Default"
"274","254","41","332","2","00:08:10","99","90","Quality blocked","Wrist"
"75","51","28","67","2","00:08:13","422","70","Non quality blocked","Wrist"
"203","17","186","99","2","00:08:13","453","168","Non quality blocked","Wrist"
"91","131","211","100","2","00:08:13","119","75","Quality blocked","Default"
"129","50","222","181","2","00:08:13","203","278","Non quality blocked","Wrist"
"183","275","28","213","2","00:08:13","174","126","Non quality blocked","Snap"
"285","78","6","228","2","00:08:14","86","75","Non quality blocked","Snap"
"100","23","22","40","2","00:08:15","139","31","Non quality blocked","Wrist"
"67","99","28","66","2","00:08:15","494","266","Non quality blocked","Default"
"253","12","262","337","2","00:08:15","204","210","Non quality blocked","Snap"
"215","100","211","336","2","00:08:16","172","279","Non quality blocked","Default"
"126","12","6","45","2","00:08:17","154","159","Non quality blocked","Default"
"63","12","6","118","2","00:08:17","63","216","Non quality blocked","Default"
"58","47","155","155","2","00:08:17","132","205","Quality blocked","Default"
"86","195","123","210","2","00:08:17","394","251","Non quality blocked","Wrist"
"116","61","48","44","2","00:08:18","177","62","Non quality blocked","Slap"
"128","1","6","105","2","00:08:18","65","36","Non quality blocked","Default"
"185","40","155","143","2","00:08:18","405","149","Non quality blocked","Default"
"10","74","70","52","2","00:08:19","455","132","Non quality blocked","Default"
"189","30","28","156","2","00:08:20","500","15","Non quality blocked","Default"
"210","24","22","159","2","00:08:20","84","113","Quality blocked","Default"
"67","31","85","47","2","00:08:23","119","81","Quality blocked","Default"
"31","5","19","121","2","00:08:23","100","80","Quality blocked","Wrist"
"157","208","64","138","2","00:08:23","134","59","Non quality blocked","Wrist"
"32","128","64","154","2","00:08:24","145","223","Non quality blocked","Wrist"
"68","195","22","169","2","00:08:24","431","179","Non quality blocked","Default"
"75","24","123","92","2","00:08:25","197","111","Non quality blocked","Default"
"198","24","123","149","2","00:08:25","91","165","Quality blocked","Wrist"
"11","99","155","211","2","00:08:25","213","15","Non quality blocked","Wrist"
"245","39","28","258","2","00:08:25","119","84","Quality blocked","Snap"
"86","51","28","227","2","00:08:26","448","177","Non quality blocked","Wrist"
"75","1","6","118","2","00:08:27","87","151","Quality blocked","Default"
"30","79","123","156","2","00:08:27","97","225","Non quality blocked","Wrist"
"76","129","22","169","2","00:08:27","472","171","Quality blocked","Default"
"79","205","155","183","2","00:08:28","405","168","Non quality blocked","Wrist"
"87","208","134","189","2","00:08:28","454","242","Non quality blocked","Default"
"76","129","22","204","2","00:08:28","537","101","Non quality blocked","Wrist"
"203","36","155","170","2","00:08:29","187","72","Non quality blocked","Wrist"
"47","25","22","117","2","00:08:31","222","234","Non quality blocked","Default"
"42","167","123","247","2","00:08:31","81","213","Non quality blocked","Snap"
"5","74","70","52","2","00:08:35","411","219","Non quality blocked","Default"
"61","38","222","264","2","00:08:35","99","181","Quality blocked","Wrist"
"167","190","22","123","2","00:08:36","453","189","Non quality blocked","Wrist"
"20","114","59","239","2","00:08:37","490","171","Quality blocked","Default"
"91","150","155","102","2","00:08:38","473","188","Quality blocked","Default"
"249","129","59","223","2","00:08:39","459","175","Quality blocked","Wrist"
"37","2","6","56","2","00:08:40","144","225","Quality blocked","Wrist"
"11","221","222","249","2","00:08:40","407","147","Non quality blocked","Default"
"246","39","28","337","2","00:08:41","393","171","Non quality blocked","Snap"
"11","89","64","159","2","00:08:42","403","175","Non quality blocked","Default"
"71","5","19","29","2","00:08:43","503","157","Quality blocked","Default"
"100","83","28","67","2","00:08:43","507","100","Quality blocked","Backhand"
"167","90","123","126","2","00:08:43","387","240","Non quality blocked","Wrist"
"47","30","28","146","2","00:08:43","481","142","Quality blocked","Wrist"
"32","47","228","214","2","00:08:43","178","215","Non quality blocked","Slap"
"198","11","123","149","2","00:08:44","132","136","Quality blocked","Wrist"
"5","32","28","87","2","00:08:45","518","177","Quality blocked","Wrist"
"167","99","28","190","2","00:08:45","382","136","Non quality blocked","Wrist"
"72","169","64","226","2","00:08:45","506","167","Quality blocked","Wrist"
"208","97","22","204","2","00:08:47","407","52","Non quality blocked","Wrist"
"78","242","222","237","2","00:08:47","475","186","Quality blocked","Default"
"75","63","211","257","2","00:08:47","405","265","Non quality blocked","Slap"
"58","138","28","152","2","00:08:48","110","101","Quality blocked","Wrist"
"185","99","28","173","2","00:08:48","158","51","Non quality blocked","Slap"
"75","68","211","257","2","00:08:48","450","224","Non quality blocked","Wrist"
"52","5","6","151","2","00:08:49","210","273","Non quality blocked","Default"
"75","2","6","133","2","00:08:50","490","243","Non quality blocked","Wrist"
"196","189","123","119","2","00:08:52","476","170","Quality blocked","Wrist"
"208","115","22","169","2","00:08:53","406","147","Non quality blocked","Default"
"208","183","6","259","2","00:08:53","104","183","Quality blocked","Wrist"
"207","223","222","260","2","00:08:54","183","245","Non quality blocked","Default"
"76","224","59","122","2","00:08:55","180","81","Non quality blocked","Default"
"244","180","64","263","2","00:08:55","543","268","Non quality blocked","Backhand"
"87","316","85","232","2","00:08:56","92","115","Quality blocked","Wrist"
"236","227","64","270","2","00:08:56","121","15","Non quality blocked","Wrist"
"15","57","59","83","2","00:08:57","189","222","Non quality blocked","Default"
"67","198","28","154","2","00:08:58","395","226","Non quality blocked","Wrist"
"23","74","64","111","2","00:08:59","459","171","Quality blocked","Default"
"98","142","59","176","2","00:09:00","213","28","Non quality blocked","Slap"
"63","208","155","261","2","00:09:02","460","142","Quality blocked","Wrist"
"25","44","85","241","2","00:09:03","423","224","Non quality blocked","Snap"
"205","79","48","243","2","00:09:04","135","33","Non quality blocked","Default"
"157","63","59","37","2","00:09:05","169","153","Non quality blocked","Wrist"
"50","47","41","53","2","00:09:05","399","249","Non quality blocked","Default"
"98","264","123","247","2","00:09:05","62","227","Non quality blocked","Wrist"
"58","246","6","237","2","00:09:07","119","231","Non quality blocked","Default"
"210","84","85","116","2","00:09:09","173","237","Non quality blocked","Default"
"79","88","222","209","2","00:09:10","249","154","Non quality blocked","Default"
"24","13","6","109","2","00:09:11","417","51","Non quality blocked","Wrist"
"79","200","85","238","2","00:09:11","201","269","Non quality blocked","Wrist"
"61","57","59","122","2","00:09:12","144","103","Quality blocked","Default"
"80","5","6","42","2","00:09:14","88","238","Non quality blocked","Wrist"
"42","264","22","262","2","00:09:14","490","53","Non quality blocked","Slap"
"12","203","28","99","2","00:09:15","177","237","Non quality blocked","Wrist"
"205","149","6","269","2","00:09:16","468","219","Quality blocked","Wrist"
"241","83","28","264","2","00:09:17","397","135","Non quality blocked","Wrist"
"161","20","22","206","2","00:09:18","179","125","Non quality blocked","Wrist"
"180","185","6","220","2","00:09:20","440","213","Non quality blocked","Wrist"
"60","149","6","151","2","00:09:21","169","149","Non quality blocked","Default"
"25","34","155","43","2","00:09:22","409","163","Non quality blocked","Wrist"
"63","60","228","248","2","00:09:22","192","165","Non quality blocked","Wrist"
"104","44","154","73","2","00:09:23","436","123","Non quality blocked","Default"
"30","47","228","141","2","00:09:23","412","37","Non quality blocked","Default"
"32","185","6","213","2","00:09:23","438","202","Non quality blocked","Snap"
"11","196","85","175","2","00:09:24","108","267","Non quality blocked","Slap"
"274","44","85","238","2","00:09:24","129","161","Quality blocked","Tip"
"25","50","64","270","2","00:09:24","225","164","Non quality blocked","Wrist"
"24","209","211","142","2","00:09:25","393","47","Non quality blocked","Default"
"185","49","155","250","2","00:09:25","185","250","Non quality blocked","Snap"
"11","84","85","55","2","00:09:26","145","69","Non quality blocked","Wrist"
"78","196","155","234","2","00:09:26","533","194","Non quality blocked","Snap"
"157","18","6","213","2","00:09:28","453","194","Non quality blocked","Snap"
"210","50","59","122","2","00:09:31","153","64","Non quality blocked","Default"
"223","195","123","244","2","00:09:31","160","151","Non quality blocked","Default"
"71","9","19","52","2","00:09:32","181","223","Non quality blocked","Default"
"168","10","6","87","2","00:09:32","69","94","Non quality blocked","Wrist"
"245","212","6","228","2","00:09:32","107","235","Non quality blocked","Wrist"
"62","12","6","69","2","00:09:33","208","54","Non quality blocked","Slap"
"5","23","22","98","2","00:09:33","213","227","Non quality blocked","Default"
"98","188","123","247","2","00:09:34","207","97","Non quality blocked","Default"
"11","66","64","88","2","00:09:35","181","57","Non quality blocked","Wrist"
"31","67","64","166","2","00:09:35","122","144","Quality blocked","Wrist"
"208","223","59","178","2","00:09:36","441","267","Non quality blocked","Default"
"30","7","6","85","2","00:09:37","144","281","Non quality blocked","Wrist"
"67","25","22","195","2","00:09:37","187","181","Non quality blocked","Default"
"34","208","64","150","2","00:09:38","441","172","Non quality blocked","Default"
"229","71","222","212","2","00:09:38","460","224","Quality blocked","Default"
"11","31","28","156","2","00:09:39","412","165","Non quality blocked","Wrist"
"205","188","22","117","2","00:09:40","181","168","Non quality blocked","Default"
"11","40","228","217","2","00:09:40","415","147","Non quality blocked","Wrist"
"104","210","211","100","2","00:09:41","123","57","Non quality blocked","Default"
"50","51","85","188","2","00:09:41","211","53","Non quality blocked","Default"
"208","114","28","154","2","00:09:42","483","91","Quality blocked","Wrist"
"99","44","155","161","2","00:09:42","513","106","Quality blocked","Wrist"
"219","25","22","233","2","00:09:42","406","265","Non quality blocked","Default"
"224","229","228","240","2","00:09:42","426","110","Non quality blocked","Wrist"
"191","251","228","256","2","00:09:42","433","195","Non quality blocked","Slap"
"25","12","6","97","2","00:09:44","150","244","Non quality blocked","Default"
"205","188","22","117","2","00:09:44","168","210","Non quality blocked","Default"
"56","26","85","138","2","00:09:44","411","58","Non quality blocked","Wrist"
"63","90","22","159","2","00:09:44","202","177","Non quality blocked","Default"
"61","47","228","189","2","00:09:44","163","200","Non quality blocked","Default"
"163","44","155","60","2","00:09:45","162","39","Non quality blocked","Wrist"
"61","72","64","72","2","00:09:45","411","117","Non quality blocked","Default"
"40","102","193","124","2","00:09:46","477","62","Non quality blocked","Default"
"196","62","222","137","2","00:09:47","194","163","Non quality blocked","Wrist"
"23","149","154","73","2","00:09:49","489","150","Quality blocked","Wrist"
"83","175","6","85","2","00:09:49","181","33","Non quality blocked","Wrist"
"87","50","59","223","2","00:09:49","439","171","Non quality blocked","Wrist"
"167","23","22","98","2","00:09:50","201","63","Non quality blocked","Default"
"63","219","59","178","2","00:09:50","473","229","Non quality blocked","Wrist"
"243","196","155","250","2","00:09:50","121","201","Quality blocked","Default"
"50","84","28","62","2","00:09:51","215","34","Non quality blocked","Snap"
"44","203","28","146","2","00:09:51","387","225","Non quality blocked","Wrist"
"116","219","222","336","2","00:09:52","501","58","Non quality blocked","Default"
"74","207","228","232","2","00:09:53","473","158","Quality blocked","Slap"
"38","86","64","150","2","00:09:54","458","125","Quality blocked","Snap"
"11","101","222","206","2","00:09:54","400","128","Non quality blocked","Default"
"87","277","28","258","2","00:09:54","153","146","Non quality blocked","Slap"
"161","167","113","101","2","00:09:55","193","223","Non quality blocked","Wrist"
"195","223","222","115","2","00:09:56","97","141","Quality blocked","Wrist"
"198","4","222","137","2","00:09:56","174","66","Non quality blocked","Wrist"
"90","39","28","247","2","00:09:57","393","199","Non quality blocked","Wrist"
"40","115","59","223","2","00:09:59","462","230","Non quality blocked","Default"
"21","5","28","247","2","00:09:59","462","165","Quality blocked","Wrist"
"313","242","238","334","2","00:09:59","445","99","Non quality blocked","Default"
"86","56","59","71","2","00:10:00","106","248","Non quality blocked","Default"
"2","74","211","118","2","00:10:00","411","200","Non quality blocked","Default"
"79","209","134","204","2","00:10:01","211","213","Non quality blocked","Wrist"
"194","230","278","330","2","00:10:01","519","139","Quality blocked","Default"
"32","24","123","58","2","00:10:02","165","166","Non quality blocked","Wrist"
"42","88","59","120","2","00:10:02","132","87","Quality blocked","Wrist"
"156","10","6","87","2","00:10:03","192","221","Non quality blocked","Wrist"
"68","47","228","248","2","00:10:05","171","206","Non quality blocked","Wrist"
"42","20","193","124","2","00:10:06","451","74","Non quality blocked","Default"
"32","100","85","238","2","00:10:07","204","145","Non quality blocked","Slap"
"67","83","85","47","2","00:10:08","163","151","Non quality blocked","Default"
"89","24","22","159","2","00:10:08","100","49","Non quality blocked","Default"
"90","39","28","247","2","00:10:08","432","175","Non quality blocked","Wrist"
"5","11","22","134","2","00:10:09","423","78","Non quality blocked","Wrist"
"44","138","28","146","2","00:10:09","498","238","Non quality blocked","Wrist"
"60","118","6","162","2","00:10:09","199","210","Non quality blocked","Wrist"
"72","5","6","171","2","00:10:10","462","236","Non quality blocked","Snap"
"83","23","22","262","2","00:10:10","411","214","Non quality blocked","Wrist"
"12","60","59","69","2","00:10:11","530","84","Non quality blocked","Snap"
"78","67","70","52","2","00:10:13","453","111","Non quality blocked","Default"
"205","63","64","114","2","00:10:13","85","162","Quality blocked","Default"
"35","56","64","164","2","00:10:14","418","202","Non quality blocked","Default"
"264","53","222","244","2","00:10:14","404","199","Non quality blocked","Default"
"203","219","222","197","2","00:10:15","214","256","Non quality blocked","Default"
"31","71","222","199","2","00:10:15","128","169","Quality blocked","Wrist"
"109","60","59","83","2","00:10:16","135","215","Quality blocked","Default"
"208","180","6","145","2","00:10:16","195","229","Non quality blocked","Default"
"76","83","85","166","2","00:10:16","488","105","Quality blocked","Wrist"
"217","316","211","235","2","00:10:17","495","129","Quality blocked","Default"
"49","74","64","105","2","00:10:18","506","132","Quality blocked","Default"
"90","52","222","208","2","00:10:19","81","171","Quality blocked","Default"
"86","167","6","56","2","00:10:21","108","99","Quality blocked","Wrist"
"125","31","28","176","2","00:10:22","483","210","Quality blocked","Wrist"
"52","13","6","171","2","00:10:23","445","202","Non quality blocked","Wrist"
"129","25","123","239","2","00:10:26","191","226","Non quality blocked","Wrist"
"63","30","28","49","2","00:10:27","447","167","Non quality blocked","Wrist"
"161","65","211","178","2","00:10:28","177","228","Non quality blocked","Snap"
"140","74","85","263","2","00:10:28","83","44","Non quality blocked","Wrist"
"53","73","64","108","2","00:10:29","158","52","Non quality blocked","Default"
"73","30","28","174","2","00:10:29","57","218","Non quality blocked","Wrist"
"87","12","6","179","2","00:10:29","119","151","Quality blocked","Wrist"
"192","84","85","168","2","00:10:30","165","150","Non quality blocked","Wrist"
"205","15","6","148","2","00:10:31","103","73","Quality blocked","Wrist"
"75","90","123","63","2","00:10:32","120","171","Quality blocked","Default"
"224","24","123","208","2","00:10:33","411","216","Non quality blocked","Default"
"7","76","70","52","2","00:10:35","420","178","Non quality blocked","Default"
"201","219","222","199","2","00:10:35","111","147","Quality blocked","Wrist"
"42","74","211","227","2","00:10:35","469","90","Quality blocked","Wrist"
"34","17","6","112","2","00:10:36","401","83","Non quality blocked","Wrist"
"223","47","282","260","2","00:10:36","509","174","Quality blocked","Backhand"
"24","63","48","44","2","00:10:37","209","105","Non quality blocked","Wrist"
"87","5","6","68","2","00:10:37","179","65","Non quality blocked","Default"
"255","88","222","237","2","00:10:37","463","141","Quality blocked","Default"
"84","257","41","332","2","00:10:37","122","216","Quality blocked","Wrist"
"20","71","64","88","2","00:10:38","70","155","Quality blocked","Wrist"
"52","5","6","171","2","00:10:38","394","151","Non quality blocked","Snap"
"68","99","85","138","2","00:10:39","425","217","Non quality blocked","Wrist"
"167","60","278","330","2","00:10:39","399","156","Non quality blocked","Default"
"138","47","228","240","2","00:10:40","452","201","Non quality blocked","Snap"
"57","132","85","334","2","00:10:40","108","27","Non quality blocked","Default"
"200","286","222","336","2","00:10:40","398","186","Non quality blocked","Default"
"67","201","28","174","2","00:10:41","191","186","Non quality blocked","Wrist"
"129","40","155","43","2","00:10:42","155","230","Non quality blocked","Wrist"
"10","91","22","50","2","00:10:42","396","34","Non quality blocked","Wrist"
"11","66","211","136","2","00:10:42","187","118","Non quality blocked","Wrist"
"98","242","222","254","2","00:10:42","68","26","Non quality blocked","Wrist"
"215","98","85","103","2","00:10:43","436","241","Non quality blocked","Wrist"
"110","194","22","134","2","00:10:43","498","124","Quality blocked","Slap"
"280","71","222","212","2","00:10:43","468","196","Quality blocked","Default"
"39","5","6","68","2","00:10:44","153","111","Non quality blocked","Default"
"87","78","6","179","2","00:10:44","145","132","Non quality blocked","Wrist"
"75","73","85","263","2","00:10:44","105","155","Quality blocked","Snap"
"263","208","155","216","2","00:10:45","150","180","Non quality blocked","Wrist"
"25","2","6","97","2","00:10:51","117","75","Quality blocked","Default"
"236","63","211","210","2","00:10:51","223","13","Non quality blocked","Wrist"
"15","13","155","234","2","00:10:53","512","152","Quality blocked","Wrist"
"56","58","222","336","2","00:10:53","418","132","Non quality blocked","Default"
"89","23","123","153","2","00:10:54","507","146","Quality blocked","Wrist"
"90","101","222","181","2","00:10:55","193","126","Non quality blocked","Snap"
"63","229","228","232","2","00:10:55","492","37","Non quality blocked","Default"
"24","175","19","126","2","00:10:56","217","260","Non quality blocked","Default"
"90","63","64","195","2","00:11:00","409","156","Non quality blocked","Default"
"245","316","85","248","2","00:11:00","460","195","Quality blocked","Default"
"36","23","123","252","2","00:11:00","526","182","Quality blocked","Wrist"
"2","157","28","64","2","00:11:02","117","51","Non quality blocked","Default"
"74","189","22","169","2","00:11:05","405","29","Non quality blocked","Default"
"129","83","48","231","2","00:11:05","177","244","Non quality blocked","Slap"
"212","203","155","234","2","00:11:05","405","155","Non quality blocked","Wrist"
"162","52","59","37","2","00:11:06","183","237","Non quality blocked","Wrist"
"63","118","6","184","2","00:11:07","499","247","Non quality blocked","Wrist"
"38","86","134","189","2","00:11:07","423","75","Non quality blocked","Default"
"207","79","48","243","2","00:11:07","182","198","Non quality blocked","Default"
"205","57","222","212","2","00:11:09","411","129","Non quality blocked","Default"
"76","161","64","263","2","00:11:10","454","87","Non quality blocked","Wrist"
"23","2","6","38","2","00:11:11","480","171","Quality blocked","Default"
"11","203","28","156","2","00:11:11","389","138","Non quality blocked","Snap"
"73","162","28","67","2","00:11:12","484","138","Quality blocked","Wrist"
"30","188","22","256","2","00:11:12","152","162","Non quality blocked","Default"
"116","12","6","180","2","00:11:14","117","134","Quality blocked","Wrist"
"31","232","262","337","2","00:11:17","68","135","Quality blocked","Snap"
"71","47","155","36","2","00:11:18","157","91","Non quality blocked","Default"
"181","75","64","133","2","00:11:19","138","231","Non quality blocked","Wrist"
"24","13","19","134","2","00:11:19","201","233","Non quality blocked","Wrist"
"125","33","228","135","2","00:11:19","111","147","Quality blocked","Default"
"214","114","28","174","2","00:11:19","200","238","Non quality blocked","Wrist"
"34","118","6","112","2","00:11:20","472","147","Quality blocked","Wrist"
"65","79","28","238","2","00:11:20","465","57","Non quality blocked","Wrist"
"24","44","85","241","2","00:11:20","412","128","Non quality blocked","Wrist"
"67","162","28","67","2","00:11:21","389","280","Non quality blocked","Wrist"
"63","17","6","105","2","00:11:21","121","166","Quality blocked","Default"
"87","97","22","183","2","00:11:21","161","255","Non quality blocked","Default"
"208","149","6","184","2","00:11:21","412","262","Non quality blocked","Slap"
"189","76","134","204","2","00:11:21","177","78","Non quality blocked","Default"
"188","74","211","142","2","00:11:23","383","221","Non quality blocked","Default"
"32","71","222","197","2","00:11:23","145","63","Non quality blocked","Wrist"
"83","7","6","85","2","00:11:25","196","230","Non quality blocked","Wrist"
"198","88","222","137","2","00:11:25","159","229","Non quality blocked","Wrist"
"42","90","123","247","2","00:11:25","67","201","Non quality blocked","Wrist"
"12","195","123","109","2","00:11:26","203","66","Non quality blocked","Wrist"
"104","219","59","144","2","00:11:27","432","182","Non quality blocked","Default"
"65","21","123","86","2","00:11:28","107","70","Non quality blocked","Default"
"24","246","6","225","2","00:11:28","433","123","Non quality blocked","Snap"
"67","224","155","245","2","00:11:28","141","157","Quality blocked","Wrist"
"212","50","59","246","2","00:11:28","158","128","Non quality blocked","Wrist"
"240","253","28","264","2","00:11:28","434","218","Non quality blocked","Wrist"
"79","162","85","58","2","00:11:29","393","32","Non quality blocked","Wrist"
"11","128","211","100","2","00:11:29","170","81","Non quality blocked","Default"
"221","11","123","207","2","00:11:29","178","228","Non quality blocked","Wrist"
"169","78","19","134","2","00:11:30","199","78","Non quality blocked","Wrist"
"71","44","155","36","2","00:11:31","108","66","Non quality blocked","Default"
"213","229","41","104","2","00:11:31","177","177","Non quality blocked","Wrist"
"36","180","6","148","2","00:11:34","127","180","Quality blocked","Slap"
"169","204","155","130","2","00:11:35","447","86","Non quality blocked","Wrist"
"11","51","28","156","2","00:11:36","434","112","Non quality blocked","Snap"
"90","206","155","124","2","00:11:44","213","91","Non quality blocked","Wrist"
"56","16","6","83","2","00:11:45","390","249","Non quality blocked","Default"
"189","39","28","119","2","00:11:45","124","153","Quality blocked","Default"
"114","67","85","263","2","00:11:45","112","35","Non quality blocked","Wrist"
"15","83","85","42","2","00:11:46","445","16","Non quality blocked","Wrist"
"71","47","155","36","2","00:11:47","185","168","Non quality blocked","Default"
"156","24","123","33","2","00:11:48","77","189","Quality blocked","Wrist"
"167","99","28","121","2","00:11:48","501","227","Quality blocked","Wrist"
"36","195","22","183","2","00:11:48","112","142","Quality blocked","Wrist"
"21","50","222","191","2","00:11:48","387","48","Non quality blocked","Wrist"
"11","26","85","175","2","00:11:49","205","147","Non quality blocked","Default"
"196","38","155","110","2","00:11:50","93","111","Quality blocked","Snap"
"5","195","123","247","2","00:11:50","203","177","Non quality blocked","Wrist"
"181","50","59","266","2","00:11:50","100","79","Quality blocked","Backhand"
"195","51","28","156","2","00:11:51","458","174","Quality blocked","Wrist"
"71","62","59","72","2","00:11:52","131","267","Non quality blocked","Default"
"188","98","28","131","2","00:11:52","396","141","Non quality blocked","Wrist"
"56","25","123","153","2","00:11:52","464","189","Quality blocked","Wrist"
"60","71","222","212","2","00:11:53","385","175","Non quality blocked","Default"
"67","44","155","36","2","00:11:55","117","158","Quality blocked","Default"
"31","71","64","67","2","00:11:55","124","196","Quality blocked","Wrist"
"25","74","64","88","2","00:11:55","87","132","Quality blocked","Wrist"
"2","115","22","96","2","00:11:55","423","46","Non quality blocked","Wrist"
"125","2","6","171","2","00:11:55","479","99","Quality blocked","Snap"
"239","24","123","244","2","00:11:55","82","28","Non quality blocked","Default"
"71","115","123","86","2","00:11:56","166","249","Non quality blocked","Default"
"230","79","22","183","2","00:11:56","206","89","Non quality blocked","Slap"
"32","50","222","201","2","00:11:57","484","64","Non quality blocked","Wrist"
"100","208","155","245","2","00:11:57","111","86","Quality blocked","Wrist"
"246","87","228","269","2","00:11:58","181","98","Non quality blocked","Wrist"
"11","208","64","196","2","00:11:59","428","174","Non quality blocked","Default"
"5","62","59","101","2","00:12:00","517","249","Non quality blocked","Wrist"
"78","98","28","213","2","00:12:01","149","210","Non quality blocked","Snap"
"236","17","6","225","2","00:12:01","395","101","Non quality blocked","Snap"
"9","246","6","228","2","00:12:01","189","233","Non quality blocked","Wrist"
"31","71","64","67","2","00:12:02","129","89","Quality blocked","Wrist"
"47","31","28","60","2","00:12:03","398","75","Non quality blocked","Snap"
"67","34","155","177","2","00:12:03","170","141","Non quality blocked","Wrist"
"40","71","222","212","2","00:12:03","554","72","Non quality blocked","Default"
"73","50","59","257","2","00:12:03","106","232","Non quality blocked","Wrist"
"169","110","6","123","2","00:12:04","195","113","Non quality blocked","Wrist"
"223","199","28","254","2","00:12:04","400","166","Non quality blocked","Snap"
"133","39","155","36","2","00:12:05","144","192","Quality blocked","Default"
"147","240","222","260","2","00:12:05","159","144","Non quality blocked","Default"
"23","71","64","88","2","00:12:08","89","113","Quality blocked","Wrist"
"12","244","211","218","2","00:12:08","418","53","Non quality blocked","Default"
"167","51","28","247","2","00:12:08","403","265","Non quality blocked","Default"
"44","100","64","164","2","00:12:09","404","111","Non quality blocked","Default"
"98","47","155","170","2","00:12:09","137","101","Quality blocked","Wrist"
"71","201","28","254","2","00:12:09","402","160","Non quality blocked","Wrist"
"109","23","22","50","2","00:12:10","429","132","Non quality blocked","Wrist"
"68","110","6","105","2","00:12:10","141","107","Quality blocked","Default"
"36","183","6","259","2","00:12:10","213","270","Non quality blocked","Slap"
"9","42","48","243","2","00:12:11","202","87","Non quality blocked","Default"
"156","78","6","85","2","00:12:12","57","123","Quality blocked","Backhand"
"11","62","59","144","2","00:12:13","395","81","Non quality blocked","Default"
"40","56","211","177","2","00:12:14","493","181","Quality blocked","Default"
"98","47","155","170","2","00:12:15","57","45","Non quality blocked","Wrist"
"100","118","22","40","2","00:12:17","51","175","Quality blocked","Wrist"
"89","104","123","153","2","00:12:17","531","97","Non quality blocked","Wrist"
"42","189","22","262","2","00:12:17","449","222","Non quality blocked","Snap"
"32","133","64","66","2","00:12:18","137","102","Quality blocked","Default"
"97","100","64","88","2","00:12:18","147","114","Non quality blocked","Wrist"
"31","79","123","33","2","00:12:19","163","27","Non quality blocked","Slap"
"12","244","211","218","2","00:12:19","448","103","Non quality blocked","Default"
"181","163","28","99","2","00:12:20","108","82","Quality blocked","Slap"
"161","39","28","199","2","00:12:21","459","156","Quality blocked","Wrist"
"182","2","155","234","2","00:12:21","457","230","Non quality blocked","Wrist"
"210","203","85","166","2","00:12:22","444","116","Non quality blocked","Wrist"
"68","17","6","105","2","00:12:23","150","177","Non quality blocked","Default"
"87","63","64","164","2","00:12:23","502","221","Quality blocked","Default"
"20","53","222","209","2","00:12:23","202","134","Non quality blocked","Default"
"223","24","123","115","2","00:12:24","504","232","Non quality blocked","Default"
"210","51","85","116","2","00:12:24","139","254","Non quality blocked","Default"
"63","44","155","150","2","00:12:24","504","63","Non quality blocked","Default"
"11","31","85","149","2","00:12:25","385","231","Non quality blocked","Wrist"
"192","78","186","147","2","00:12:26","404","51","Non quality blocked","Wrist"
"63","224","59","140","2","00:12:27","89","147","Quality blocked","Default"
"60","5","6","69","2","00:12:28","202","255","Non quality blocked","Snap"
"185","199","28","99","2","00:12:28","193","141","Non quality blocked","Wrist"
"243","21","22","230","2","00:12:28","488","101","Quality blocked","Wrist"
"206","200","85","232","2","00:12:28","102","257","Non quality blocked","Snap"
"101","280","282","260","2","00:12:28","184","156","Non quality blocked","Wrist"
"169","56","64","196","2","00:12:29","524","105","Quality blocked","Default"
"56","7","6","83","2","00:12:30","405","116","Non quality blocked","Default"
"68","35","155","36","2","00:12:31","141","153","Quality blocked","Default"
"66","183","6","118","2","00:12:31","86","241","Non quality blocked","Default"
"84","13","6","64","2","00:12:32","408","63","Non quality blocked","Default"
"115","99","85","175","2","00:12:32","85","82","Non quality blocked","Wrist"
"11","36","155","183","2","00:12:32","386","284","Non quality blocked","Wrist"
"5","83","28","87","2","00:12:33","402","44","Non quality blocked","Wrist"
"76","36","228","189","2","00:12:34","205","165","Non quality blocked","Default"
"78","275","28","337","2","00:12:34","465","50","Non quality blocked","Snap"
"11","63","64","203","2","00:12:37","201","102","Non quality blocked","Default"
"87","192","222","260","2","00:12:37","61","107","Non quality blocked","Wrist"
"23","5","28","262","2","00:12:37","138","87","Quality blocked","Wrist"
"79","66","211","100","2","00:12:38","197","86","Non quality blocked","Default"
"188","98","28","247","2","00:12:39","442","89","Non quality blocked","Wrist"
"62","26","28","199","2","00:12:40","396","30","Non quality blocked","Slap"
"209","200","85","263","2","00:12:40","42","171","Non quality blocked","Wrist"
"63","196","155","245","2","00:12:41","198","61","Non quality blocked","Slap"
"167","37","155","143","2","00:12:44","431","132","Non quality blocked","Default"
"128","73","211","227","2","00:12:45","433","216","Non quality blocked","Snap"
"185","199","28","99","2","00:12:47","195","139","Non quality blocked","Slap"
"196","18","19","121","2","00:12:47","203","155","Non quality blocked","Wrist"
"21","99","28","156","2","00:12:47","435","198","Non quality blocked","Wrist"
"185","4","222","162","2","00:12:47","426","202","Non quality blocked","Default"
"21","99","155","216","2","00:12:47","417","194","Non quality blocked","Default"
"68","17","6","105","2","00:12:48","117","110","Quality blocked","Default"
"221","51","28","254","2","00:12:48","401","77","Non quality blocked","Wrist"
"32","12","6","89","2","00:12:50","494","195","Quality blocked","Default"
"223","24","123","115","2","00:12:50","463","197","Quality blocked","Default"
"75","87","155","128","2","00:12:50","478","148","Quality blocked","Default"
"71","189","22","233","2","00:12:50","417","194","Non quality blocked","Default"
"63","169","123","111","2","00:12:51","107","142","Quality blocked","Default"
"167","230","278","330","2","00:12:51","381","165","Non quality blocked","Default"
"125","98","28","67","2","00:12:52","459","176","Quality blocked","Backhand"
"188","185","6","123","2","00:12:53","195","37","Non quality blocked","Default"
"230","167","6","148","2","00:12:53","195","50","Non quality blocked","Default"
"219","98","28","197","2","00:12:53","480","167","Quality blocked","Wrist"
"52","138","28","152","2","00:12:54","183","215","Non quality blocked","Wrist"
"89","51","85","166","2","00:12:54","468","137","Quality blocked","Wrist"
"224","23","123","209","2","00:12:56","465","153","Quality blocked","Wrist"
"74","102","123","86","2","00:12:57","180","252","Non quality blocked","Default"
"72","44","155","165","2","00:12:59","487","174","Quality blocked","Wrist"
"104","5","6","38","2","00:13:00","441","177","Non quality blocked","Wrist"
"89","44","41","61","2","00:13:00","549","51","Non quality blocked","Default"
"71","129","123","207","2","00:13:00","179","216","Non quality blocked","Default"
"68","38","155","114","2","00:13:01","498","194","Quality blocked","Wrist"
"209","42","228","189","2","00:13:01","133","118","Quality blocked","Default"
"11","104","123","239","2","00:13:01","117","157","Quality blocked","Wrist"
"18","50","59","246","2","00:13:01","71","140","Quality blocked","Tip"
"245","79","28","258","2","00:13:01","154","137","Non quality blocked","Snap"
"26","2","6","180","2","00:13:04","112","197","Quality blocked","Tip"
"199","221","222","199","2","00:13:04","140","201","Quality blocked","Wrist"
"33","167","6","148","2","00:13:05","123","89","Quality blocked","Wrist"
"16","51","28","163","2","00:13:07","159","61","Non quality blocked","Slap"
"21","78","6","98","2","00:13:08","477","82","Quality blocked","Default"
"76","208","155","261","2","00:13:08","458","70","Non quality blocked","Wrist"
"89","88","222","226","2","00:13:09","123","110","Quality blocked","Wrist"
"142","1","6","151","2","00:13:10","101","91","Quality blocked","Default"
"47","289","222","260","2","00:13:10","68","269","Non quality blocked","Default"
"236","79","28","247","2","00:13:12","534","195","Non quality blocked","Wrist"
"105","65","64","88","2","00:13:15","111","129","Quality blocked","Wrist"
"72","99","28","199","2","00:13:15","491","269","Non quality blocked","Wrist"
"50","242","222","215","2","00:13:15","422","264","Non quality blocked","Default"
"289","31","28","264","2","00:13:15","412","222","Non quality blocked","Slap"
"156","36","155","46","2","00:13:16","429","265","Non quality blocked","Default"
"47","1","19","48","2","00:13:16","436","230","Non quality blocked","Default"
"98","13","6","89","2","00:13:16","474","161","Quality blocked","Default"
"203","90","123","168","2","00:13:16","441","67","Non quality blocked","Wrist"
"11","30","85","55","2","00:13:17","145","57","Non quality blocked","Wrist"
"99","115","123","175","2","00:13:17","384","66","Non quality blocked","Wrist"
"72","97","123","86","2","00:13:19","98","57","Non quality blocked","Default"
"78","65","64","184","2","00:13:19","166","208","Non quality blocked","Wrist"
"169","79","28","253","2","00:13:19","489","74","Quality blocked","Snap"
"24","72","64","63","2","00:13:20","402","89","Non quality blocked","Default"
"58","79","28","264","2","00:13:22","397","110","Non quality blocked","Slap"
"83","38","155","110","2","00:13:23","201","171","Non quality blocked","Wrist"
"182","2","155","259","2","00:13:23","419","264","Non quality blocked","Wrist"
"67","104","123","90","2","00:13:24","393","179","Non quality blocked","Wrist"
"35","115","22","183","2","00:13:24","139","145","Quality blocked","Slap"
"12","23","22","95","2","00:13:25","153","111","Non quality blocked","Default"
"71","2","6","105","2","00:13:26","124","88","Quality blocked","Default"
"58","13","6","185","2","00:13:30","453","137","Non quality blocked","Slap"
"248","47","228","217","2","00:13:32","516","37","Non quality blocked","Wrist"
"115","83","28","156","2","00:13:34","537","93","Non quality blocked","Wrist"
"1","34","155","68","2","00:13:35","488","90","Quality blocked","Default"
"31","169","123","119","2","00:13:35","480","52","Non quality blocked","Wrist"
"83","68","64","66","2","00:13:37","202","108","Non quality blocked","Default"
"78","190","123","225","2","00:13:37","207","111","Non quality blocked","Slap"
"20","74","64","153","2","00:13:38","134","156","Quality blocked","Default"
"68","25","123","142","2","00:13:39","125","243","Non quality blocked","Default"
"11","23","123","270","2","00:13:40","378","124","Non quality blocked","Wrist"
"84","129","123","33","2","00:13:41","129","65","Non quality blocked","Wrist"
"47","76","64","61","2","00:13:41","162","221","Non quality blocked","Wrist"
"32","44","155","60","2","00:13:43","181","165","Non quality blocked","Slap"
"50","17","6","220","2","00:13:43","405","173","Non quality blocked","Snap"
"160","126","64","47","2","00:13:44","413","211","Non quality blocked","Default"
"47","5","48","243","2","00:13:44","189","65","Non quality blocked","Default"
"38","196","155","268","2","00:13:44","217","152","Non quality blocked","Default"
"44","208","155","261","2","00:13:45","392","109","Non quality blocked","Wrist"
"58","31","28","264","2","00:13:45","464","57","Non quality blocked","Default"
"52","11","22","31","2","00:13:46","209","165","Non quality blocked","Slap"
"63","84","85","138","2","00:13:46","508","108","Quality blocked","Wrist"
"208","189","123","252","2","00:13:47","423","35","Non quality blocked","Wrist"
"210","189","123","142","2","00:13:48","141","159","Quality blocked","Default"
"219","169","59","215","2","00:13:48","154","116","Non quality blocked","Default"
"242","12","6","237","2","00:13:48","203","264","Non quality blocked","Default"
"180","195","123","239","2","00:13:48","96","152","Quality blocked","Default"
"79","148","155","43","2","00:13:50","45","50","Non quality blocked","Wrist"
"57","34","155","155","2","00:13:51","187","275","Non quality blocked","Default"
"114","149","6","182","2","00:13:51","424","231","Non quality blocked","Wrist"
"24","61","28","247","2","00:13:51","419","135","Non quality blocked","Wrist"
"203","88","238","229","2","00:13:53","165","252","Non quality blocked","Snap"
"67","138","155","245","2","00:13:53","141","58","Non quality blocked","Default"
"190","89","134","204","2","00:13:54","157","69","Non quality blocked","Wrist"
"203","72","59","172","2","00:13:55","469","171","Quality blocked","Default"
"88","138","28","200","2","00:13:55","165","57","Non quality blocked","Default"
"8","62","222","185","2","00:13:56","127","93","Quality blocked","Wrist"
"13","79","123","126","2","00:13:57","480","62","Non quality blocked","Wrist"
"1","201","28","121","2","00:13:58","473","168","Quality blocked","Wrist"
"52","1","6","34","2","00:13:59","518","18","Non quality blocked","Default"
"115","74","64","111","2","00:14:00","408","224","Non quality blocked","Default"
"38","142","222","165","2","00:14:00","139","190","Quality blocked","Wrist"
"201","50","222","188","2","00:14:00","544","188","Non quality blocked","Default"
"229","114","59","242","2","00:14:00","210","126","Non quality blocked","Default"
"169","4","222","208","2","00:14:01","126","162","Quality blocked","Default"
"76","24","123","153","2","00:14:02","557","178","Non quality blocked","Wrist"
"31","44","155","170","2","00:14:02","105","208","Quality blocked","Wrist"
"34","50","59","211","2","00:14:03","387","176","Non quality blocked","Slap"
"89","36","155","114","2","00:14:04","534","146","Quality blocked","Slap"
"273","11","59","231","2","00:14:04","495","108","Quality blocked","Wrist"
"111","162","28","64","2","00:14:05","86","56","Non quality blocked","Default"
"11","7","6","96","2","00:14:05","189","140","Non quality blocked","Default"
"63","110","6","83","2","00:14:06","412","229","Non quality blocked","Default"
"97","5","6","123","2","00:14:06","204","123","Non quality blocked","Slap"
"38","79","28","264","2","00:14:06","406","69","Non quality blocked","Wrist"
"89","13","6","145","2","00:14:07","202","278","Non quality blocked","Default"
"44","109","19","48","2","00:14:08","433","159","Non quality blocked","Default"
"32","68","211","227","2","00:14:08","486","80","Quality blocked","Slap"
"73","23","22","159","2","00:14:10","108","186","Quality blocked","Default"
"169","201","85","168","2","00:14:10","216","244","Non quality blocked","Wrist"
"52","203","28","197","2","00:14:10","423","40","Non quality blocked","Wrist"
"12","157","85","42","2","00:14:14","402","65","Non quality blocked","Slap"
"7","74","70","52","2","00:14:15","439","240","Non quality blocked","Default"
"36","12","6","157","2","00:14:15","426","75","Non quality blocked","Default"
"253","221","222","254","2","00:14:15","197","160","Non quality blocked","Slap"
"32","185","19","99","2","00:14:16","426","75","Non quality blocked","Wrist"
"229","118","6","112","2","00:14:16","413","63","Non quality blocked","Wrist"
"68","23","123","90","2","00:14:17","416","78","Non quality blocked","Wrist"
"13","169","22","123","2","00:14:18","529","123","Quality blocked","Default"
"58","16","6","65","2","00:14:20","477","240","Non quality blocked","Wrist"
"56","34","155","177","2","00:14:20","170","246","Non quality blocked","Default"
"79","128","64","84","2","00:14:21","417","51","Non quality blocked","Default"
"129","17","6","97","2","00:14:21","199","254","Non quality blocked","Default"
"196","97","123","175","2","00:14:21","386","155","Non quality blocked","Slap"
"102","60","228","265","2","00:14:21","130","225","Quality blocked","Wrist"
"63","78","6","145","2","00:14:22","133","227","Quality blocked","Default"
"90","230","155","183","2","00:14:22","389","218","Non quality blocked","Default"
"185","24","22","134","2","00:14:23","513","206","Quality blocked","Wrist"
"24","99","28","156","2","00:14:23","399","88","Non quality blocked","Wrist"
"25","209","64","159","2","00:14:24","433","168","Non quality blocked","Default"
"8","39","270","332","2","00:14:24","410","48","Non quality blocked","Wrist"
"7","100","64","45","2","00:14:25","407","88","Non quality blocked","Default"
"167","73","211","118","2","00:14:25","393","225","Non quality blocked","Default"
"11","99","85","168","2","00:14:25","138","28","Non quality blocked","Wrist"
"208","50","59","266","2","00:14:25","129","150","Quality blocked","Wrist"
"30","74","64","154","2","00:14:26","73","147","Quality blocked","Snap"
"2","67","64","57","2","00:14:28","123","157","Quality blocked","Default"
"84","224","59","137","2","00:14:28","209","263","Non quality blocked","Wrist"
"198","196","222","197","2","00:14:28","147","135","Non quality blocked","Wrist"
"25","208","155","216","2","00:14:28","424","95","Non quality blocked","Wrist"
"31","76","211","227","2","00:14:30","489","161","Quality blocked","Wrist"
"229","104","22","256","2","00:14:30","186","171","Non quality blocked","Slap"
"73","57","59","122","2","00:14:31","201","128","Non quality blocked","Default"
"26","115","22","131","2","00:14:31","133","93","Quality blocked","Wrist"
"101","230","155","165","2","00:14:31","544","139","Quality blocked","Wrist"
"15","190","22","134","2","00:14:32","380","126","Non quality blocked","Wrist"
"84","100","64","158","2","00:14:32","405","39","Non quality blocked","Default"
"114","230","155","170","2","00:14:32","177","208","Non quality blocked","Wrist"
"264","206","228","265","2","00:14:33","204","22","Non quality blocked","Wrist"
"264","79","28","247","2","00:14:34","447","186","Non quality blocked","Wrist"
"20","230","155","102","2","00:14:36","490","128","Quality blocked","Default"
"25","138","155","216","2","00:14:36","424","235","Non quality blocked","Default"
"163","24","123","58","2","00:14:38","130","140","Quality blocked","Wrist"
"44","12","6","56","2","00:14:39","169","258","Non quality blocked","Wrist"
"167","102","22","123","2","00:14:39","447","42","Non quality blocked","Wrist"
"188","47","155","124","2","00:14:39","90","225","Non quality blocked","Wrist"
"232","15","6","105","2","00:14:40","114","226","Quality blocked","Default"
"188","259","6","225","2","00:14:40","489","44","Non quality blocked","Snap"
"11","44","155","51","2","00:14:41","190","114","Non quality blocked","Wrist"
"18","87","155","143","2","00:14:41","459","85","Quality blocked","Default"
"79","12","6","50","2","00:14:42","85","155","Quality blocked","Wrist"
"196","24","123","119","2","00:14:43","399","225","Non quality blocked","Wrist"
"76","87","155","164","2","00:14:44","175","213","Non quality blocked","Default"
"115","180","186","147","2","00:14:47","476","197","Quality blocked","Default"
"53","31","28","37","2","00:14:48","432","159","Non quality blocked","Wrist"
"196","74","64","138","2","00:14:49","174","55","Non quality blocked","Wrist"
"161","150","41","53","2","00:14:50","466","50","Non quality blocked","Default"
"105","89","64","92","2","00:14:50","403","196","Non quality blocked","Default"
"84","65","211","267","2","00:14:50","213","283","Non quality blocked","Wrist"
"89","150","155","36","2","00:14:51","117","265","Non quality blocked","Default"
"203","72","59","176","2","00:14:52","147","238","Non quality blocked","Slap"
"24","230","155","183","2","00:14:52","464","152","Quality blocked","Wrist"
"71","189","123","111","2","00:14:53","129","146","Quality blocked","Default"
"13","79","123","126","2","00:14:54","532","135","Quality blocked","Default"
"32","75","64","67","2","00:14:55","142","8","Non quality blocked","Wrist"
"1","219","59","101","2","00:14:55","438","253","Non quality blocked","Wrist"
"68","30","228","232","2","00:14:55","417","220","Non quality blocked","Snap"
"220","56","211","140","2","00:14:56","435","249","Non quality blocked","Wrist"
"31","24","123","149","2","00:14:56","181","129","Non quality blocked","Wrist"
"90","1","6","97","2","00:14:57","175","49","Non quality blocked","Default"
"198","12","19","163","2","00:14:57","453","78","Non quality blocked","Snap"
"142","264","123","252","2","00:14:57","541","92","Non quality blocked","Wrist"
"13","102","22","123","2","00:14:58","490","140","Quality blocked","Default"
"198","68","64","154","2","00:14:58","111","264","Non quality blocked","Wrist"
"220","11","123","160","2","00:14:58","141","153","Quality blocked","Default"
"142","31","85","172","2","00:14:58","95","218","Quality blocked","Default"
"56","23","22","31","2","00:15:00","186","219","Non quality blocked","Snap"
"196","128","64","138","2","00:15:00","87","75","Non quality blocked","Wrist"
"56","191","123","136","2","00:15:01","381","141","Non quality blocked","Wrist"
"72","232","64","108","2","00:15:02","69","95","Non quality blocked","Default"
"253","249","228","214","2","00:15:02","195","207","Non quality blocked","Wrist"
"21","1","6","97","2","00:15:03","120","212","Quality blocked","Wrist"
"161","199","85","103","2","00:15:03","411","235","Non quality blocked","Slap"
"51","192","123","149","2","00:15:03","206","69","Non quality blocked","Slap"
"16","99","155","250","2","00:15:04","95","223","Quality blocked","Default"
"58","73","64","72","2","00:15:05","471","172","Quality blocked","Default"
"195","34","155","102","2","00:15:05","489","99","Quality blocked","Default"
"289","316","211","336","2","00:15:06","179","152","Non quality blocked","Default"
"63","229","228","232","2","00:15:07","491","201","Quality blocked","Default"
"161","50","59","49","2","00:15:09","87","183","Quality blocked","Wrist"
"25","47","155","186","2","00:15:09","106","96","Quality blocked","Default"
"217","44","85","222","2","00:15:09","498","207","Quality blocked","Wrist"
"249","167","22","256","2","00:15:10","105","182","Quality blocked","Wrist"
"253","18","262","337","2","00:15:10","216","120","Non quality blocked","Snap"
"98","8","19","99","2","00:15:11","524","176","Quality blocked","Wrist"
"169","57","222","209","2","00:15:11","181","261","Non quality blocked","Default"
"189","83","28","262","2","00:15:11","81","83","Non quality blocked","Snap"
"129","286","222","215","2","00:15:14","462","137","Quality blocked","Default"
"56","150","41","53","2","00:15:15","424","56","Non quality blocked","Default"
"87","4","222","167","2","00:15:15","410","167","Non quality blocked","Default"
"159","74","64","30","2","00:15:16","469","150","Quality blocked","Default"
"68","35","155","36","2","00:15:19","103","98","Quality blocked","Default"
"129","31","28","156","2","00:15:20","427","95","Non quality blocked","Snap"
"78","84","28","173","2","00:15:20","49","189","Non quality blocked","Slap"
"13","196","28","180","2","00:15:20","531","238","Non quality blocked","Wrist"
"87","189","22","256","2","00:15:20","194","65","Non quality blocked","Default"
"118","100","64","88","2","00:15:21","133","195","Quality blocked","Wrist"
"56","47","228","248","2","00:15:21","138","103","Quality blocked","Wrist"
"198","8","186","190","2","00:15:23","158","53","Non quality blocked","Snap"
"72","99","155","268","2","00:15:24","83","142","Quality blocked","Default"
"50","87","41","39","2","00:15:25","190","268","Non quality blocked","Snap"
"67","31","28","174","2","00:15:26","158","45","Non quality blocked","Slap"
"38","180","64","226","2","00:15:28","464","59","Non quality blocked","Wrist"
"229","203","28","141","2","00:15:29","179","140","Non quality blocked","Wrist"
"162","55","59","49","2","00:15:30","141","224","Quality blocked","Wrist"
"60","13","6","69","2","00:15:31","213","235","Non quality blocked","Snap"
"24","47","155","124","2","00:15:31","212","151","Non quality blocked","Slap"
"189","87","155","130","2","00:15:31","459","51","Non quality blocked","Snap"
"76","104","123","111","2","00:15:32","121","137","Quality blocked","Default"
"56","104","22","159","2","00:15:32","193","243","Non quality blocked","Default"
"76","189","22","169","2","00:15:34","471","161","Quality blocked","Default"
"61","44","211","227","2","00:15:35","530","97","Non quality blocked","Wrist"
"87","31","28","146","2","00:15:38","387","211","Non quality blocked","Slap"
"24","47","155","124","2","00:15:39","198","140","Non quality blocked","Default"
"229","114","59","242","2","00:15:40","211","151","Non quality blocked","Default"
"81","115","123","58","2","00:15:41","165","216","Non quality blocked","Default"
"32","75","64","67","2","00:15:41","148","195","Non quality blocked","Wrist"
"207","206","155","128","2","00:15:42","397","56","Non quality blocked","Default"
"180","39","28","173","2","00:15:43","165","18","Non quality blocked","Wrist"
"12","97","22","123","2","00:15:44","495","85","Quality blocked","Wrist"
"103","163","85","33","2","00:15:45","410","33","Non quality blocked","Wrist"
"236","149","6","230","2","00:15:45","207","96","Non quality blocked","Wrist"
"61","45","41","39","2","00:15:46","129","15","Non quality blocked","Snap"
"126","40","155","36","2","00:15:47","105","53","Non quality blocked","Default"
"79","245","228","214","2","00:15:48","146","283","Non quality blocked","Wrist"
"76","2","6","145","2","00:15:49","150","142","Non quality blocked","Default"
"61","38","155","120","2","00:15:51","448","125","Non quality blocked","Wrist"
"23","76","211","210","2","00:15:51","206","112","Non quality blocked","Snap"
"17","35","270","332","2","00:15:51","494","63","Non quality blocked","Wrist"
"125","230","155","114","2","00:15:53","509","155","Quality blocked","Default"
"129","181","155","211","2","00:15:53","206","185","Non quality blocked","Wrist"
"90","227","64","270","2","00:15:53","208","18","Non quality blocked","Wrist"
"187","126","211","100","2","00:15:54","188","89","Non quality blocked","Default"
"32","185","19","99","2","00:15:55","483","99","Quality blocked","Slap"
"60","156","85","103","2","00:15:58","399","63","Non quality blocked","Wrist"
"78","44","155","143","2","00:15:58","531","112","Quality blocked","Default"
"84","208","64","154","2","00:15:59","110","203","Quality blocked","Wrist"
"51","50","59","231","2","00:16:00","501","245","Non quality blocked","Wrist"
"51","229","228","243","2","00:16:00","507","257","Non quality blocked","Wrist"
"16","223","222","171","2","00:16:01","75","202","Quality blocked","Snap"
"83","61","64","154","2","00:16:02","158","75","Non quality blocked","Wrist"
"210","67","211","261","2","00:16:02","182","114","Non quality blocked","Wrist"
"163","62","59","49","2","00:16:03","194","41","Non quality blocked","Slap"
"68","2","6","145","2","00:16:03","100","78","Quality blocked","Default"
"99","37","155","110","2","00:16:04","210","149","Non quality blocked","Default"
"217","196","28","152","2","00:16:04","80","164","Quality blocked","Wrist"
"99","220","59","137","2","00:16:05","165","215","Non quality blocked","Wrist"
"31","47","155","46","2","00:16:07","481","215","Quality blocked","Default"
"115","203","85","149","2","00:16:07","497","75","Quality blocked","Wrist"
"132","242","222","235","2","00:16:07","192","58","Non quality blocked","Default"
"74","219","59","178","2","00:16:08","494","139","Quality blocked","Snap"
"68","24","22","204","2","00:16:09","387","151","Non quality blocked","Wrist"
"32","185","19","99","2","00:16:10","421","113","Non quality blocked","Snap"
"89","15","6","133","2","00:16:11","427","101","Non quality blocked","Wrist"
"21","84","85","175","2","00:16:12","91","123","Quality blocked","Wrist"
"79","38","155","51","2","00:16:15","162","93","Non quality blocked","Slap"
"180","62","222","162","2","00:16:15","423","70","Non quality blocked","Default"
"24","223","222","233","2","00:16:17","173","156","Non quality blocked","Default"
"4","264","123","247","2","00:16:17","196","213","Non quality blocked","Wrist"
"156","72","64","30","2","00:16:20","428","98","Non quality blocked","Default"
"167","60","59","34","2","00:16:20","148","64","Non quality blocked","Default"
"52","192","22","206","2","00:16:21","130","80","Quality blocked","Wrist"
"23","62","222","207","2","00:16:21","417","184","Non quality blocked","Wrist"
"169","53","222","132","2","00:16:22","163","92","Non quality blocked","Wrist"
"31","7","6","85","2","00:16:24","87","124","Quality blocked","Wrist"
"76","83","28","66","2","00:16:25","414","170","Non quality blocked","Default"
"167","74","211","118","2","00:16:25","415","160","Non quality blocked","Default"
"13","182","6","259","2","00:16:25","126","217","Quality blocked","Wrist"
"210","44","155","150","2","00:16:26","509","211","Quality blocked","Default"
"68","201","85","166","2","00:16:26","389","162","Non quality blocked","Wrist"
"210","116","85","166","2","00:16:27","397","240","Non quality blocked","Wrist"
"72","56","59","72","2","00:16:28","104","213","Quality blocked","Default"
"11","167","123","239","2","00:16:28","138","156","Quality blocked","Wrist"
"17","11","123","147","2","00:16:29","194","237","Non quality blocked","Wrist"
"129","100","64","86","2","00:16:31","420","65","Non quality blocked","Default"
"71","5","6","185","2","00:16:31","551","81","Non quality blocked","Default"
"1","21","22","70","2","00:16:33","484","137","Quality blocked","Default"
"188","78","6","123","2","00:16:33","100","193","Quality blocked","Wrist"
"196","16","6","259","2","00:16:33","142","91","Quality blocked","Wrist"
"246","138","155","250","2","00:16:34","181","62","Non quality blocked","Snap"
"248","98","28","253","2","00:16:35","455","146","Non quality blocked","Wrist"
"181","60","59","113","2","00:16:36","93","215","Quality blocked","Wrist"
"232","97","123","136","2","00:16:37","444","67","Non quality blocked","Wrist"
"56","24","123","196","2","00:16:37","84","139","Quality blocked","Default"
"75","99","28","66","2","00:16:39","424","159","Non quality blocked","Default"
"16","60","59","151","2","00:16:39","487","69","Non quality blocked","Default"
"50","23","123","208","2","00:16:39","394","250","Non quality blocked","Default"
"79","101","59","144","2","00:16:41","393","227","Non quality blocked","Default"
"230","51","28","110","2","00:16:42","392","67","Non quality blocked","Slap"
"15","118","22","50","2","00:16:43","489","226","Quality blocked","Snap"
"47","74","64","61","2","00:16:43","112","185","Quality blocked","Default"
"67","25","123","86","2","00:16:43","213","159","Non quality blocked","Default"
"57","129","59","215","2","00:16:45","72","106","Quality blocked","Default"
"129","207","228","217","2","00:16:45","452","129","Non quality blocked","Wrist"
"203","223","238","229","2","00:16:45","155","199","Non quality blocked","Snap"
"51","188","123","247","2","00:16:45","183","40","Non quality blocked","Wrist"
"50","38","155","71","2","00:16:46","452","259","Non quality blocked","Default"
"63","15","6","255","2","00:16:46","407","137","Non quality blocked","Snap"
"72","61","28","264","2","00:16:47","441","87","Non quality blocked","Wrist"
"45","167","6","56","2","00:16:50","126","216","Quality blocked","Wrist"
"34","133","64","36","2","00:16:51","428","39","Non quality blocked","Default"
"115","51","85","55","2","00:16:51","64","114","Quality blocked","Wrist"
"71","5","6","185","2","00:16:52","430","68","Non quality blocked","Slap"
"84","26","211","224","2","00:16:52","219","32","Non quality blocked","Slap"
"97","223","222","209","2","00:16:53","149","57","Non quality blocked","Default"
"61","167","6","65","2","00:16:54","541","98","Non quality blocked","Wrist"
"63","57","222","222","2","00:16:54","179","159","Non quality blocked","Wrist"
"62","217","238","229","2","00:16:54","164","140","Non quality blocked","Slap"
"16","133","64","29","2","00:16:56","141","234","Non quality blocked","Default"
"90","86","155","43","2","00:16:56","416","145","Non quality blocked","Wrist"
"45","162","28","60","2","00:16:56","469","110","Quality blocked","Wrist"
"24","220","222","233","2","00:16:58","193","159","Non quality blocked","Default"
"38","71","64","61","2","00:16:59","111","111","Quality blocked","Wrist"
"31","223","222","188","2","00:16:59","447","177","Non quality blocked","Default"
"101","2","19","52","2","00:17:01","113","111","Quality blocked","Default"
"84","76","211","224","2","00:17:01","178","137","Non quality blocked","Wrist"
"73","23","123","92","2","00:17:02","192","92","Non quality blocked","Default"
"87","264","123","265","2","00:17:02","420","135","Non quality blocked","Wrist"
"253","12","262","337","2","00:17:02","198","27","Non quality blocked","Snap"
"24","13","19","70","2","00:17:05","188","210","Non quality blocked","Default"
"13","31","28","87","2","00:17:05","496","167","Quality blocked","Wrist"
"15","129","22","96","2","00:17:05","429","191","Non quality blocked","Wrist"
"50","110","6","65","2","00:17:06","541","184","Quality blocked","Wrist"
"133","98","28","66","2","00:17:06","459","93","Quality blocked","Default"
"71","231","228","135","2","00:17:06","164","80","Non quality blocked","Default"
"71","194","123","100","2","00:17:07","464","128","Quality blocked","Default"
"24","74","64","111","2","00:17:10","443","94","Non quality blocked","Default"
"76","21","22","159","2","00:17:10","147","175","Non quality blocked","Default"
"11","99","85","55","2","00:17:11","139","123","Quality blocked","Wrist"
"11","15","19","134","2","00:17:11","216","111","Non quality blocked","Slap"
"198","23","123","156","2","00:17:12","135","101","Quality blocked","Wrist"
"15","71","222","171","2","00:17:12","137","70","Non quality blocked","Wrist"
"42","99","85","170","2","00:17:13","491","117","Quality blocked","Wrist"
"223","201","28","254","2","00:17:13","412","209","Non quality blocked","Wrist"
"58","44","155","165","2","00:17:16","543","161","Quality blocked","Wrist"
"31","182","262","337","2","00:17:16","121","67","Non quality blocked","Snap"
"60","115","222","260","2","00:17:17","137","195","Quality blocked","Wrist"
"56","203","28","174","2","00:17:18","190","27","Non quality blocked","Wrist"
"280","73","85","232","2","00:17:18","100","147","Quality blocked","Wrist"
"161","131","64","66","2","00:17:19","109","124","Quality blocked","Default"
"142","207","228","221","2","00:17:19","135","144","Quality blocked","Wrist"
"208","195","22","204","2","00:17:20","390","210","Non quality blocked","Wrist"
"32","11","59","231","2","00:17:22","447","289","Non quality blocked","Wrist"
"198","38","155","110","2","00:17:24","110","11","Non quality blocked","Wrist"
"188","203","85","175","2","00:17:24","206","273","Non quality blocked","Slap"
"62","15","6","259","2","00:17:24","201","87","Non quality blocked","Wrist"
"71","23","22","206","2","00:17:25","171","185","Non quality blocked","Wrist"
"167","221","222","219","2","00:17:25","390","249","Non quality blocked","Default"
"181","67","211","261","2","00:17:25","90","214","Quality blocked","Wrist"
"230","23","22","117","2","00:17:26","218","130","Non quality blocked","Wrist"
"313","108","222","235","2","00:17:26","121","70","Non quality blocked","Default"
"158","119","123","58","2","00:17:27","167","54","Non quality blocked","Wrist"
"161","149","155","120","2","00:17:27","422","200","Non quality blocked","Slap"
"189","118","19","126","2","00:17:27","123","198","Quality blocked","Wrist"
"230","20","22","183","2","00:17:27","179","111","Non quality blocked","Default"
"25","84","85","33","2","00:17:28","505","129","Quality blocked","Default"
"223","13","6","185","2","00:17:28","465","121","Quality blocked","Default"
"71","11","123","86","2","00:17:29","172","80","Non quality blocked","Default"
"65","118","123","90","2","00:17:29","454","68","Non quality blocked","Wrist"
"49","75","59","211","2","00:17:30","525","204","Non quality blocked","Wrist"
"118","157","85","33","2","00:17:31","410","88","Non quality blocked","Wrist"
"79","87","155","107","2","00:17:31","86","109","Quality blocked","Default"
"220","2","6","127","2","00:17:31","115","142","Quality blocked","Default"
"67","34","155","177","2","00:17:31","148","85","Non quality blocked","Default"
"62","15","6","259","2","00:17:31","165","131","Non quality blocked","Wrist"
"203","180","59","211","2","00:17:32","425","128","Non quality blocked","Wrist"
"57","167","123","244","2","00:17:32","130","254","Non quality blocked","Default"
"226","110","186","101","2","00:17:34","176","221","Non quality blocked","Wrist"
"114","118","6","173","2","00:17:34","403","208","Non quality blocked","Wrist"
"16","242","238","251","2","00:17:34","169","126","Non quality blocked","Default"
"71","315","85","334","2","00:17:35","199","117","Non quality blocked","Default"
"12","72","59","151","2","00:17:37","384","159","Non quality blocked","Default"
"246","203","155","234","2","00:17:37","442","81","Non quality blocked","Wrist"
"224","195","123","207","2","00:17:38","170","66","Non quality blocked","Default"
"50","230","155","155","2","00:17:39","129","51","Non quality blocked","Default"
"71","89","211","178","2","00:17:39","188","144","Non quality blocked","Wrist"
"167","149","6","225","2","00:17:40","453","115","Non quality blocked","Snap"
"180","192","123","109","2","00:17:43","140","24","Non quality blocked","Wrist"
"73","62","59","129","2","00:17:43","489","206","Quality blocked","Default"
"104","50","222","207","2","00:17:45","434","220","Non quality blocked","Wrist"
"15","118","22","97","2","00:17:46","507","192","Quality blocked","Wrist"
"81","133","64","30","2","00:17:47","487","103","Quality blocked","Default"
"241","31","28","264","2","00:17:48","465","107","Quality blocked","Wrist"
"31","62","222","197","2","00:17:49","118","195","Quality blocked","Wrist"
"167","149","6","225","2","00:17:52","463","153","Quality blocked","Snap"
"10","142","59","83","2","00:17:53","206","262","Non quality blocked","Default"
"44","196","28","141","2","00:17:53","145","95","Non quality blocked","Wrist"
"89","131","228","242","2","00:17:53","477","53","Non quality blocked","Default"
"73","251","228","248","2","00:17:53","159","151","Non quality blocked","Wrist"
"221","86","211","336","2","00:17:54","135","132","Quality blocked","Default"
"160","12","6","42","2","00:17:55","41","232","Non quality blocked","Wrist"
"2","26","28","87","2","00:17:55","410","78","Non quality blocked","Slap"
"58","230","155","155","2","00:17:55","107","129","Quality blocked","Default"
"53","79","123","44","2","00:17:56","486","58","Non quality blocked","Wrist"
"169","149","186","147","2","00:17:56","472","61","Non quality blocked","Default"
"169","62","222","208","2","00:17:56","149","184","Non quality blocked","Snap"
"99","149","155","60","2","00:17:57","158","210","Non quality blocked","Wrist"
"12","23","22","96","2","00:17:57","402","39","Non quality blocked","Wrist"
"100","149","6","218","2","00:17:57","176","71","Non quality blocked","Wrist"
"45","253","28","258","2","00:17:58","120","133","Quality blocked","Snap"
"142","89","59","266","2","00:17:59","59","133","Quality blocked","Default"
"51","11","22","31","2","00:18:00","153","43","Non quality blocked","Snap"
"35","195","22","107","2","00:18:02","437","56","Non quality blocked","Wrist"
"63","71","59","122","2","00:18:02","135","186","Quality blocked","Default"
"75","203","85","138","2","00:18:02","489","287","Non quality blocked","Backhand"
"86","230","155","150","2","00:18:02","460","136","Quality blocked","Default"
"17","99","28","173","2","00:18:02","71","61","Non quality blocked","Wrist"
"71","84","28","67","2","00:18:04","435","38","Non quality blocked","Default"
"167","74","64","45","2","00:18:05","396","191","Non quality blocked","Default"
"13","24","22","50","2","00:18:05","468","70","Non quality blocked","Snap"
"69","105","123","92","2","00:18:05","172","222","Non quality blocked","Default"
"167","253","28","262","2","00:18:05","222","177","Non quality blocked","Wrist"
"196","44","228","146","2","00:18:06","112","90","Quality blocked","Wrist"
"203","180","19","121","2","00:18:07","177","223","Non quality blocked","Wrist"
"37","191","193","124","2","00:18:07","487","177","Quality blocked","Default"
"5","23","22","50","2","00:18:10","388","283","Non quality blocked","Default"
"104","71","64","111","2","00:18:10","474","135","Quality blocked","Default"
"229","44","59","125","2","00:18:11","190","83","Non quality blocked","Snap"
"75","79","123","86","2","00:18:12","102","156","Quality blocked","Default"
"195","149","186","147","2","00:18:12","481","57","Non quality blocked","Default"
"15","62","222","185","2","00:18:12","107","189","Quality blocked","Default"
"83","76","64","174","2","00:18:13","396","247","Non quality blocked","Wrist"
"25","65","134","204","2","00:18:13","210","159","Non quality blocked","Wrist"
"50","99","155","211","2","00:18:13","216","51","Non quality blocked","Wrist"
"34","50","59","53","2","00:18:14","149","230","Non quality blocked","Default"
"169","149","186","147","2","00:18:14","477","46","Non quality blocked","Default"
"44","196","28","141","2","00:18:15","89","108","Quality blocked","Wrist"
"24","9","155","183","2","00:18:15","395","213","Non quality blocked","Default"
"21","128","64","63","2","00:18:17","432","106","Non quality blocked","Default"
"39","52","222","103","2","00:18:21","164","98","Non quality blocked","Wrist"
"230","38","222","165","2","00:18:21","87","154","Quality blocked","Default"
"32","167","22","262","2","00:18:21","561","235","Non quality blocked","Wrist"
"180","57","222","185","2","00:18:22","147","63","Non quality blocked","Wrist"
"42","18","6","56","2","00:18:24","81","42","Non quality blocked","Wrist"
"111","84","28","85","2","00:18:24","558","234","Non quality blocked","Wrist"
"58","99","28","197","2","00:18:25","490","220","Quality blocked","Wrist"
"78","226","59","101","2","00:18:26","427","87","Non quality blocked","Wrist"
"24","65","64","63","2","00:18:27","411","237","Non quality blocked","Default"
"11","131","211","100","2","00:18:27","175","47","Non quality blocked","Default"
"75","12","6","118","2","00:18:28","136","207","Quality blocked","Default"
"37","79","123","51","2","00:18:29","417","163","Non quality blocked","Wrist"
"11","30","85","168","2","00:18:29","216","123","Non quality blocked","Slap"
"231","78","6","143","2","00:18:30","135","171","Quality blocked","Default"
"289","315","211","336","2","00:18:30","206","55","Non quality blocked","Default"
"247","60","278","330","2","00:18:31","457","195","Quality blocked","Default"
"129","35","155","183","2","00:18:32","403","20","Non quality blocked","Wrist"
"32","169","123","156","2","00:18:33","149","193","Non quality blocked","Wrist"
"201","67","211","267","2","00:18:33","88","122","Quality blocked","Wrist"
"58","23","123","44","2","00:18:34","465","137","Quality blocked","Wrist"
"21","205","228","256","2","00:18:34","470","128","Quality blocked","Snap"
"73","47","155","114","2","00:18:35","453","202","Non quality blocked","Slap"
"36","11","59","211","2","00:18:35","501","141","Quality blocked","Snap"
"167","40","228","148","2","00:18:37","477","89","Quality blocked","Default"
"84","62","222","199","2","00:18:38","124","209","Quality blocked","Wrist"
"4","21","123","208","2","00:18:39","399","186","Non quality blocked","Default"
"44","47","228","248","2","00:18:39","187","155","Non quality blocked","Wrist"
"246","34","155","250","2","00:18:40","143","108","Quality blocked","Default"
"23","52","222","181","2","00:18:42","171","143","Non quality blocked","Default"
"23","51","28","247","2","00:18:43","479","218","Quality blocked","Wrist"
"114","67","64","166","2","00:18:44","111","105","Quality blocked","Wrist"
"317","78","6","255","2","00:18:44","405","237","Non quality blocked","Snap"
"78","203","28","173","2","00:18:45","68","103","Non quality blocked","Wrist"
"163","88","222","103","2","00:18:47","193","77","Non quality blocked","Wrist"
"79","26","85","58","2","00:18:48","471","49","Non quality blocked","Wrist"
"53","47","155","165","2","00:18:48","532","89","Non quality blocked","Default"
"20","99","85","168","2","00:18:48","39","214","Non quality blocked","Default"
"21","129","64","270","2","00:18:48","79","27","Non quality blocked","Wrist"
"167","47","228","148","2","00:18:49","489","192","Quality blocked","Wrist"
"89","20","123","239","2","00:18:49","129","110","Quality blocked","Default"
"210","20","123","142","2","00:18:50","103","165","Quality blocked","Default"
"204","50","59","155","2","00:18:50","501","80","Quality blocked","Default"
"37","84","28","60","2","00:18:51","478","191","Quality blocked","Wrist"
"231","219","59","120","2","00:18:52","141","198","Quality blocked","Default"
"47","194","193","124","2","00:18:52","422","214","Non quality blocked","Default"
"223","167","22","233","2","00:18:52","438","126","Non quality blocked","Snap"
"2","83","85","42","2","00:18:55","454","125","Non quality blocked","Wrist"
"15","20","22","95","2","00:18:55","116","166","Quality blocked","Default"
"25","83","28","119","2","00:18:55","195","253","Non quality blocked","Slap"
"167","116","85","163","2","00:18:55","189","108","Non quality blocked","Wrist"
"84","180","59","231","2","00:18:55","472","184","Quality blocked","Wrist"
"129","47","154","73","2","00:18:56","486","195","Quality blocked","Wrist"
"34","2","6","157","2","00:18:56","504","103","Quality blocked","Default"
"196","169","123","156","2","00:18:57","92","180","Quality blocked","Wrist"
"157","205","155","161","2","00:18:57","483","165","Quality blocked","Wrist"
"185","66","64","184","2","00:18:57","202","78","Non quality blocked","Wrist"
"20","68","64","84","2","00:18:58","472","92","Quality blocked","Default"
"66","78","6","105","2","00:18:58","102","183","Quality blocked","Default"
"34","56","59","120","2","00:18:58","141","159","Quality blocked","Wrist"
"149","90","123","43","2","00:19:00","417","230","Non quality blocked","Wrist"
"25","180","186","147","2","00:19:00","466","171","Quality blocked","Default"
"23","74","134","204","2","00:19:00","198","213","Non quality blocked","Wrist"
"52","249","228","228","2","00:19:00","432","156","Non quality blocked","Wrist"
"52","99","155","259","2","00:19:00","396","66","Non quality blocked","Wrist"
"167","97","22","50","2","00:19:01","393","213","Non quality blocked","Wrist"
"75","12","19","52","2","00:19:02","93","180","Quality blocked","Default"
"23","83","85","33","2","00:19:03","540","150","Quality blocked","Wrist"
"23","203","85","175","2","00:19:04","66","179","Quality blocked","Wrist"
"20","27","85","33","2","00:19:05","531","117","Quality blocked","Backhand"
"208","219","59","178","2","00:19:05","515","165","Quality blocked","Wrist"
"67","31","28","154","2","00:19:06","477","193","Quality blocked","Wrist"
"74","83","28","66","2","00:19:07","443","137","Non quality blocked","Default"
"24","44","211","210","2","00:19:07","202","187","Non quality blocked","Wrist"
"65","79","28","238","2","00:19:07","534","67","Non quality blocked","Backhand"
"51","2","186","190","2","00:19:08","205","57","Non quality blocked","Wrist"
"198","219","222","201","2","00:19:08","484","178","Quality blocked","Wrist"
"13","115","22","70","2","00:19:10","477","167","Quality blocked","Default"
"180","25","123","109","2","00:19:10","120","63","Non quality blocked","Wrist"
"196","25","22","216","2","00:19:10","189","87","Non quality blocked","Wrist"
"90","99","85","55","2","00:19:11","81","97","Quality blocked","Wrist"
"209","79","123","142","2","00:19:11","93","159","Quality blocked","Default"
"83","190","123","156","2","00:19:11","167","86","Non quality blocked","Wrist"
"246","101","222","237","2","00:19:11","387","268","Non quality blocked","Default"
"34","115","193","124","2","00:19:12","485","99","Quality blocked","Snap"
"32","74","64","67","2","00:19:14","123","16","Non quality blocked","Wrist"
"206","99","85","170","2","00:19:14","499","94","Quality blocked","Wrist"
"76","5","19","52","2","00:19:15","143","84","Quality blocked","Default"
"161","241","222","249","2","00:19:15","463","105","Quality blocked","Default"
"23","74","64","111","2","00:19:18","515","102","Quality blocked","Default"
"115","68","64","159","2","00:19:19","448","134","Non quality blocked","Default"
"1","5","28","213","2","00:19:20","122","193","Quality blocked","Snap"
"83","220","59","137","2","00:19:21","195","249","Non quality blocked","Wrist"
"13","21","22","70","2","00:19:22","434","210","Non quality blocked","Default"
"21","38","154","73","2","00:19:23","535","201","Non quality blocked","Wrist"
"56","67","64","108","2","00:19:23","183","87","Non quality blocked","Default"
"223","191","123","132","2","00:19:24","479","95","Quality blocked","Wrist"
"125","98","28","200","2","00:19:24","187","259","Non quality blocked","Wrist"
"66","129","59","257","2","00:19:25","86","254","Non quality blocked","Wrist"
"224","52","6","259","2","00:19:25","195","116","Non quality blocked","Wrist"
"11","30","85","149","2","00:19:26","435","271","Non quality blocked","Wrist"
"224","11","59","211","2","00:19:26","413","183","Non quality blocked","Wrist"
"72","26","85","222","2","00:19:26","441","82","Non quality blocked","Default"
"53","44","155","71","2","00:19:27","522","249","Non quality blocked","Default"
"229","51","28","146","2","00:19:27","392","79","Non quality blocked","Wrist"
"63","203","28","174","2","00:19:27","93","202","Quality blocked","Wrist"
"7","20","22","70","2","00:19:28","396","235","Non quality blocked","Default"
"65","189","123","142","2","00:19:28","80","171","Quality blocked","Default"
"20","198","85","175","2","00:19:28","153","79","Non quality blocked","Wrist"
"56","30","228","248","2","00:19:28","97","68","Non quality blocked","Wrist"
"68","11","64","263","2","00:19:30","399","261","Non quality blocked","Wrist"
"83","75","64","30","2","00:19:31","398","153","Non quality blocked","Default"
"125","129","123","63","2","00:19:33","147","246","Non quality blocked","Default"
"118","11","123","147","2","00:19:33","152","82","Non quality blocked","Default"
"17","221","238","251","2","00:19:33","111","251","Non quality blocked","Default"
"78","26","28","173","2","00:19:34","97","212","Quality blocked","Slap"
"207","253","28","214","2","00:19:34","399","28","Non quality blocked","Wrist"
"157","167","19","121","2","00:19:35","107","217","Quality blocked","Wrist"
"220","74","85","222","2","00:19:35","500","121","Quality blocked","Wrist"
"18","208","155","234","2","00:19:35","426","224","Non quality blocked","Wrist"
"7","102","22","95","2","00:19:36","112","224","Quality blocked","Default"
"25","66","211","100","2","00:19:36","159","152","Non quality blocked","Default"
"167","50","59","239","2","00:19:36","507","177","Quality blocked","Wrist"
"232","206","155","128","2","00:19:37","419","91","Non quality blocked","Default"
"83","217","222","264","2","00:19:38","151","131","Non quality blocked","Wrist"
"20","230","155","186","2","00:19:39","178","193","Non quality blocked","Default"
"25","79","28","247","2","00:19:40","478","195","Quality blocked","Wrist"
"196","12","6","259","2","00:19:40","61","127","Quality blocked","Default"
"78","83","28","87","2","00:19:41","427","39","Non quality blocked","Slap"
"52","17","6","185","2","00:19:41","423","151","Non quality blocked","Default"
"35","126","64","36","2","00:19:42","420","83","Non quality blocked","Default"
"36","90","123","51","2","00:19:42","531","116","Quality blocked","Wrist"
"83","61","64","154","2","00:19:42","198","65","Non quality blocked","Snap"
"223","114","28","199","2","00:19:42","425","139","Non quality blocked","Wrist"
"223","34","228","167","2","00:19:44","189","230","Non quality blocked","Wrist"
"44","30","28","46","2","00:19:46","121","237","Non quality blocked","Default"
"11","63","59","59","2","00:19:47","404","203","Non quality blocked","Slap"
"63","12","6","65","2","00:19:47","428","69","Non quality blocked","Wrist"
"11","201","85","168","2","00:19:47","179","69","Non quality blocked","Default"
"39","24","22","131","2","00:19:48","97","142","Quality blocked","Tip"
"196","23","123","175","2","00:19:48","402","159","Non quality blocked","Wrist"
"23","71","222","207","2","00:19:48","471","260","Non quality blocked","Wrist"
"229","26","28","161","2","00:19:50","149","144","Non quality blocked","Slap"
"83","101","222","264","2","00:19:50","191","152","Non quality blocked","Wrist"
"67","231","155","114","2","00:19:51","519","171","Quality blocked","Slap"
"50","99","28","176","2","00:19:51","445","47","Non quality blocked","Wrist"
"40","98","28","214","2","00:19:51","417","165","Non quality blocked","Wrist"
"221","129","59","215","2","00:19:51","84","142","Quality blocked","Default"
"129","69","64","84","2","00:19:52","444","41","Non quality blocked","Default"
"169","34","41","117","2","00:19:52","379","141","Non quality blocked","Wrist"
"30","38","228","141","2","00:19:52","564","120","Non quality blocked","Wrist"
"229","89","64","217","2","00:19:52","184","213","Non quality blocked","Wrist"
"23","230","155","186","2","00:19:53","101","194","Quality blocked","Wrist"
"98","5","186","190","2","00:19:53","82","45","Non quality blocked","Wrist"
"11","39","48","231","2","00:19:53","144","124","Non quality blocked","Default"
"223","89","64","249","2","00:19:53","143","154","Quality blocked","Default"
"196","76","211","261","2","00:19:53","191","196","Non quality blocked","Wrist"
"181","115","59","333","2","00:19:53","492","148","Quality blocked","Default"
"100","84","28","30","2","00:19:54","101","143","Quality blocked","Default"
"76","36","155","36","2","00:19:54","141","260","Non quality blocked","Default"
"21","12","6","50","2","00:19:54","141","144","Quality blocked","Wrist"
"68","118","123","63","2","00:19:54","196","95","Non quality blocked","Default"
"188","100","211","210","2","00:19:54","211","236","Non quality blocked","Wrist"
"32","13","19","99","2","00:19:55","456","42","Non quality blocked","Wrist"
"220","208","211","178","2","00:19:55","198","110","Non quality blocked","Snap"
"63","84","28","49","2","00:19:56","464","222","Quality blocked","Wrist"
"11","32","85","55","2","00:19:57","165","141","Non quality blocked","Wrist"
"196","68","64","138","2","00:19:57","187","51","Non quality blocked","Snap"
"203","63","64","174","2","00:19:57","394","37","Non quality blocked","Wrist"
"62","203","28","197","2","00:19:57","404","170","Non quality blocked","Wrist"
"223","203","28","199","2","00:19:57","506","162","Quality blocked","Wrist"
"11","223","222","226","2","00:19:57","139","207","Quality blocked","Wrist"
"230","23","22","256","2","00:19:57","213","172","Non quality blocked","Slap"
"62","67","64","72","2","00:19:58","513","78","Non quality blocked","Default"
"44","128","28","227","2","00:19:58","145","284","Non quality blocked","Wrist"
"196","74","64","138","2","00:19:59","57","79","Non quality blocked","Wrist"
"129","4","59","144","2","00:19:59","387","117","Non quality blocked","Default"
"24","65","64","153","2","00:19:59","209","261","Non quality blocked","Default"
"74","23","22","195","2","00:19:59","127","251","Non quality blocked","Default"
"182","208","155","234","2","00:19:59","518","165","Quality blocked","Snap"
"192","196","28","119","2","00:20:00","50","123","Non quality blocked","Default"
"26","4","222","152","2","00:20:00","481","171","Quality blocked","Wrist"
"242","208","155","268","2","00:20:00","205","27","Non quality blocked","Default"
"47","192","22","117","3","00:00:06","207","169","Non quality blocked","Wrist"
"11","62","59","59","3","00:00:08","539","255","Non quality blocked","Default"
"75","203","85","138","3","00:00:10","483","140","Quality blocked","Wrist"
"104","76","64","203","3","00:00:17","141","44","Non quality blocked","Default"
"42","50","222","167","3","00:00:21","519","260","Non quality blocked","Default"
"12","71","64","29","3","00:00:23","127","220","Quality blocked","Default"
"76","90","22","241","3","00:00:23","105","165","Quality blocked","Snap"
"71","50","64","226","3","00:00:24","400","87","Non quality blocked","Default"
"63","51","28","154","3","00:00:25","476","81","Quality blocked","Wrist"
"5","44","228","157","3","00:00:25","148","225","Non quality blocked","Wrist"
"40","67","64","164","3","00:00:27","478","201","Quality blocked","Default"
"76","196","155","245","3","00:00:27","119","103","Quality blocked","Wrist"
"89","129","123","63","3","00:00:28","150","249","Non quality blocked","Default"
"58","196","28","137","3","00:00:28","509","147","Quality blocked","Wrist"
"196","47","228","221","3","00:00:28","170","70","Non quality blocked","Snap"
"20","71","222","233","3","00:00:28","45","188","Non quality blocked","Default"
"203","255","6","250","3","00:00:28","467","77","Quality blocked","Default"
"220","44","228","135","3","00:00:29","123","243","Non quality blocked","Default"
"76","78","6","145","3","00:00:32","115","129","Quality blocked","Default"
"12","88","59","34","3","00:00:35","182","51","Non quality blocked","Default"
"205","169","64","217","3","00:00:35","118","132","Quality blocked","Snap"
"73","83","28","66","3","00:00:37","511","140","Quality blocked","Tip"
"72","68","211","235","3","00:00:38","512","231","Non quality blocked","Wrist"
"51","207","211","116","3","00:00:40","498","211","Quality blocked","Default"
"63","84","28","154","3","00:00:40","471","133","Quality blocked","Wrist"
"18","108","59","65","3","00:00:41","93","69","Non quality blocked","Snap"
"198","53","59","176","3","00:00:41","66","155","Quality blocked","Backhand"
"207","51","85","116","3","00:00:43","121","69","Non quality blocked","Default"
"167","220","222","171","3","00:00:44","201","234","Non quality blocked","Snap"
"34","242","238","229","3","00:00:44","141","110","Quality blocked","Wrist"
"246","247","22","230","3","00:00:44","383","215","Non quality blocked","Wrist"
"62","68","64","108","3","00:00:47","59","260","Non quality blocked","Default"
"205","169","123","186","3","00:00:49","516","184","Quality blocked","Default"
"31","219","222","254","3","00:00:49","198","179","Non quality blocked","Slap"
"83","221","59","176","3","00:00:50","203","105","Non quality blocked","Wrist"
"256","56","211","255","3","00:00:52","108","213","Quality blocked","Snap"
"76","11","22","40","3","00:00:53","486","270","Non quality blocked","Wrist"
"52","11","59","220","3","00:00:54","159","235","Non quality blocked","Wrist"
"78","30","28","190","3","00:00:55","441","123","Non quality blocked","Slap"
"35","188","22","262","3","00:00:55","506","225","Non quality blocked","Wrist"
"13","230","228","148","3","00:00:56","456","45","Non quality blocked","Wrist"
"50","87","228","242","3","00:00:56","515","170","Quality blocked","Default"
"1","62","59","34","3","00:00:57","114","105","Quality blocked","Default"
"25","75","64","86","3","00:00:58","407","90","Non quality blocked","Default"
"13","230","228","221","3","00:00:58","126","231","Non quality blocked","Wrist"
"66","84","28","67","3","00:00:59","477","192","Quality blocked","Default"
"42","67","64","150","3","00:01:00","66","239","Non quality blocked","Snap"
"84","73","64","30","3","00:01:02","412","47","Non quality blocked","Default"
"23","7","6","96","3","00:01:03","155","227","Non quality blocked","Wrist"
"229","74","64","104","3","00:01:03","418","206","Non quality blocked","Wrist"
"40","196","28","110","3","00:01:03","470","270","Non quality blocked","Wrist"
"104","99","28","131","3","00:01:03","428","195","Non quality blocked","Wrist"
"60","74","211","140","3","00:01:04","412","119","Non quality blocked","Wrist"
"129","65","211","142","3","00:01:05","393","98","Non quality blocked","Default"
"253","189","22","262","3","00:01:06","404","39","Non quality blocked","Slap"
"21","84","85","58","3","00:01:07","398","120","Non quality blocked","Wrist"
"7","36","155","68","3","00:01:07","409","274","Non quality blocked","Default"
"12","31","28","213","3","00:01:07","195","220","Non quality blocked","Default"
"74","24","22","159","3","00:01:08","102","258","Non quality blocked","Default"
"180","189","22","134","3","00:01:09","422","237","Non quality blocked","Wrist"
"242","203","155","268","3","00:01:09","200","251","Non quality blocked","Default"
"36","118","123","43","3","00:01:11","66","151","Quality blocked","Tip"
"196","224","59","106","3","00:01:11","213","26","Non quality blocked","Wrist"
"205","129","22","183","3","00:01:12","148","81","Non quality blocked","Wrist"
"23","68","64","63","3","00:01:13","400","116","Non quality blocked","Default"
"5","103","22","96","3","00:01:13","498","105","Quality blocked","Default"
"2","67","64","145","3","00:01:13","392","22","Non quality blocked","Default"
"212","189","22","159","3","00:01:13","145","45","Non quality blocked","Default"
"215","213","85","334","3","00:01:13","207","247","Non quality blocked","Default"
"83","68","85","238","3","00:01:14","201","207","Non quality blocked","Wrist"
"79","201","28","131","3","00:01:16","414","148","Non quality blocked","Wrist"
"205","44","85","232","3","00:01:16","189","98","Non quality blocked","Snap"
"109","99","28","85","3","00:01:17","416","195","Non quality blocked","Wrist"
"246","210","155","234","3","00:01:17","401","256","Non quality blocked","Wrist"
"52","49","155","259","3","00:01:17","443","46","Non quality blocked","Wrist"
"89","90","22","84","3","00:01:18","147","39","Non quality blocked","Default"
"5","189","22","134","3","00:01:18","408","78","Non quality blocked","Wrist"
"44","209","134","189","3","00:01:19","506","161","Quality blocked","Default"
"5","23","22","97","3","00:01:20","463","187","Quality blocked","Wrist"
"208","118","59","211","3","00:01:20","397","45","Non quality blocked","Wrist"
"100","5","28","224","3","00:01:20","507","213","Quality blocked","Wrist"
"286","90","123","244","3","00:01:20","129","117","Quality blocked","Default"
"52","156","28","37","3","00:01:21","407","94","Non quality blocked","Wrist"
"65","203","28","154","3","00:01:21","474","207","Quality blocked","Wrist"
"99","13","6","180","3","00:01:21","120","32","Non quality blocked","Wrist"
"181","99","28","190","3","00:01:21","375","192","Non quality blocked","Wrist"
"245","79","28","214","3","00:01:21","501","227","Non quality blocked","Wrist"
"67","142","48","41","3","00:01:22","385","169","Non quality blocked","Slap"
"35","5","6","56","3","00:01:23","177","58","Non quality blocked","Wrist"
"20","73","211","241","3","00:01:25","495","118","Quality blocked","Wrist"
"74","5","28","227","3","00:01:26","279","245","Non quality blocked","Default"
"1","91","22","134","3","00:01:27","395","174","Non quality blocked","Wrist"
"251","246","6","269","3","00:01:27","431","82","Non quality blocked","Wrist"
"57","230","228","212","3","00:01:28","127","161","Quality blocked","Default"
"35","74","64","36","3","00:01:29","401","249","Non quality blocked","Default"
"31","110","6","87","3","00:01:29","165","176","Non quality blocked","Snap"
"205","62","222","165","3","00:01:29","93","123","Quality blocked","Snap"
"210","39","28","174","3","00:01:29","165","111","Non quality blocked","Wrist"
"51","2","6","180","3","00:01:29","144","20","Non quality blocked","Wrist"
"84","74","64","158","3","00:01:30","486","265","Non quality blocked","Default"
"227","24","123","130","3","00:01:31","51","176","Quality blocked","Backhand"
"38","5","6","139","3","00:01:31","422","67","Non quality blocked","Default"
"11","86","211","142","3","00:01:32","402","213","Non quality blocked","Default"
"25","88","48","44","3","00:01:34","165","259","Non quality blocked","Wrist"
"16","71","64","45","3","00:01:34","464","225","Quality blocked","Default"
"241","79","28","254","3","00:01:34","399","242","Non quality blocked","Wrist"
"97","196","155","250","3","00:01:35","77","206","Non quality blocked","Wrist"
"142","162","28","49","3","00:01:36","415","146","Non quality blocked","Wrist"
"2","195","123","147","3","00:01:36","201","267","Non quality blocked","Default"
"280","83","28","214","3","00:01:36","492","211","Quality blocked","Wrist"
"205","26","85","232","3","00:01:36","167","138","Non quality blocked","Wrist"
"149","244","211","218","3","00:01:38","447","201","Non quality blocked","Default"
"253","73","85","238","3","00:01:38","122","153","Quality blocked","Wrist"
"80","136","59","37","3","00:01:39","165","159","Non quality blocked","Wrist"
"205","24","22","117","3","00:01:39","124","215","Quality blocked","Wrist"
"245","44","85","232","3","00:01:39","69","171","Quality blocked","Wrist"
"200","61","28","267","3","00:01:39","503","279","Non quality blocked","Wrist"
"49","104","22","97","3","00:01:40","442","137","Non quality blocked","Default"
"12","83","28","213","3","00:01:40","83","122","Quality blocked","Default"
"60","229","228","135","3","00:01:42","100","129","Quality blocked","Default"
"99","25","22","216","3","00:01:42","203","235","Non quality blocked","Wrist"
"162","74","211","210","3","00:01:43","157","225","Non quality blocked","Wrist"
"21","203","28","156","3","00:01:44","409","135","Non quality blocked","Wrist"
"220","76","211","122","3","00:01:45","402","196","Non quality blocked","Wrist"
"128","223","222","264","3","00:01:45","124","129","Quality blocked","Wrist"
"65","84","28","30","3","00:01:46","125","238","Non quality blocked","Default"
"62","5","6","185","3","00:01:46","405","239","Non quality blocked","Wrist"
"86","4","59","108","3","00:01:47","439","117","Non quality blocked","Default"
"205","21","22","117","3","00:01:47","92","201","Quality blocked","Wrist"
"219","86","211","178","3","00:01:47","148","155","Non quality blocked","Wrist"
"52","115","22","191","3","00:01:47","191","73","Non quality blocked","Wrist"
"227","246","6","220","3","00:01:48","473","133","Quality blocked","Wrist"
"72","98","28","254","3","00:01:49","417","214","Non quality blocked","Wrist"
"89","12","19","52","3","00:01:50","123","225","Quality blocked","Default"
"50","150","155","71","3","00:01:50","200","65","Non quality blocked","Default"
"142","99","85","172","3","00:01:50","136","117","Quality blocked","Default"
"149","67","211","218","3","00:01:51","476","163","Quality blocked","Default"
"47","103","123","51","3","00:01:53","393","57","Non quality blocked","Slap"
"5","245","228","243","3","00:01:53","501","213","Quality blocked","Snap"
"156","118","123","58","3","00:01:54","122","145","Quality blocked","Wrist"
"185","224","155","234","3","00:01:54","411","80","Non quality blocked","Wrist"
"7","24","22","38","3","00:01:56","481","182","Quality blocked","Default"
"189","203","85","149","3","00:01:57","473","214","Quality blocked","Wrist"
"198","38","155","110","3","00:01:58","195","265","Non quality blocked","Wrist"
"88","89","211","140","3","00:01:58","506","101","Quality blocked","Default"
"196","67","64","158","3","00:02:00","487","185","Quality blocked","Default"
"232","240","238","251","3","00:02:00","201","200","Non quality blocked","Default"
"71","60","59","72","3","00:02:01","183","207","Non quality blocked","Default"
"217","169","123","208","3","00:02:01","483","190","Quality blocked","Wrist"
"235","213","211","336","3","00:02:01","127","195","Quality blocked","Default"
"39","62","59","137","3","00:02:02","96","162","Quality blocked","Wrist"
"108","9","6","69","3","00:02:03","205","222","Non quality blocked","Snap"
"72","202","166","103","3","00:02:03","422","207","Non quality blocked","Wrist"
"231","221","59","125","3","00:02:03","102","140","Quality blocked","Snap"
"102","2","186","147","3","00:02:03","454","236","Non quality blocked","Wrist"
"71","39","28","137","3","00:02:04","423","20","Non quality blocked","Wrist"
"35","196","28","161","3","00:02:04","57","186","Non quality blocked","Wrist"
"203","65","64","138","3","00:02:05","207","153","Non quality blocked","Wrist"
"98","195","123","168","3","00:02:05","452","249","Non quality blocked","Default"
"5","83","28","180","3","00:02:06","500","85","Quality blocked","Wrist"
"245","90","123","331","3","00:02:06","79","100","Quality blocked","Wrist"
"73","78","6","45","3","00:02:07","106","174","Quality blocked","Default"
"2","67","64","105","3","00:02:07","424","84","Non quality blocked","Default"
"185","26","28","121","3","00:02:07","429","242","Non quality blocked","Slap"
"65","224","155","261","3","00:02:07","399","182","Non quality blocked","Wrist"
"253","97","262","337","3","00:02:07","199","264","Non quality blocked","Wrist"
"51","1","6","87","3","00:02:08","193","87","Non quality blocked","Slap"
"110","118","22","96","3","00:02:08","457","76","Quality blocked","Default"
"67","62","59","54","3","00:02:09","417","136","Non quality blocked","Snap"
"195","229","155","107","3","00:02:09","75","208","Non quality blocked","Wrist"
"162","44","211","210","3","00:02:09","206","65","Non quality blocked","Default"
"58","87","228","212","3","00:02:10","111","40","Non quality blocked","Default"
"30","2","6","85","3","00:02:11","46","193","Non quality blocked","Wrist"
"169","99","28","156","3","00:02:12","462","261","Non quality blocked","Wrist"
"32","67","64","174","3","00:02:12","460","225","Quality blocked","Slap"
"71","183","6","237","3","00:02:12","151","245","Non quality blocked","Default"
"68","83","28","30","3","00:02:13","172","175","Non quality blocked","Default"
"32","40","228","243","3","00:02:13","474","119","Quality blocked","Wrist"
"198","97","6","246","3","00:02:13","459","143","Quality blocked","Slap"
"167","192","22","134","3","00:02:14","381","169","Non quality blocked","Default"
"11","58","222","209","3","00:02:15","170","101","Non quality blocked","Default"
"236","245","228","256","3","00:02:15","413","142","Non quality blocked","Default"
"87","9","28","258","3","00:02:16","128","172","Quality blocked","Snap"
"56","87","155","128","3","00:02:17","457","73","Non quality blocked","Wrist"
"56","98","28","238","3","00:02:18","399","24","Non quality blocked","Wrist"
"196","190","123","252","3","00:02:19","449","247","Non quality blocked","Default"
"198","44","85","263","3","00:02:20","213","78","Non quality blocked","Snap"
"159","129","123","33","3","00:02:21","168","232","Non quality blocked","Wrist"
"34","79","123","51","3","00:02:22","474","93","Quality blocked","Wrist"
"79","220","222","132","3","00:02:22","167","150","Non quality blocked","Wrist"
"13","4","59","113","3","00:02:23","127","123","Quality blocked","Wrist"
"12","98","28","173","3","00:02:23","207","222","Non quality blocked","Wrist"
"205","187","121","102","3","00:02:24","86","107","Quality blocked","Default"
"98","169","123","119","3","00:02:24","499","204","Quality blocked","Default"
"87","183","6","143","3","00:02:24","161","177","Non quality blocked","Default"
"129","240","222","249","3","00:02:24","426","37","Non quality blocked","Default"
"68","53","48","41","3","00:02:25","398","77","Non quality blocked","Slap"
"87","131","64","104","3","00:02:25","400","250","Non quality blocked","Slap"
"34","223","222","165","3","00:02:25","117","269","Non quality blocked","Wrist"
"205","88","222","212","3","00:02:25","419","135","Non quality blocked","Default"
"87","62","59","125","3","00:02:26","102","205","Quality blocked","Slap"
"208","5","28","236","3","00:02:26","189","261","Non quality blocked","Slap"
"138","169","22","131","3","00:02:27","154","193","Non quality blocked","Wrist"
"83","76","64","138","3","00:02:27","165","96","Non quality blocked","Wrist"
"12","26","211","218","3","00:02:27","411","38","Non quality blocked","Default"
"203","256","6","259","3","00:02:27","200","225","Non quality blocked","Wrist"
"26","208","64","166","3","00:02:28","156","164","Non quality blocked","Wrist"
"157","61","59","49","3","00:02:29","201","114","Non quality blocked","Wrist"
"84","118","6","180","3","00:02:31","135","78","Quality blocked","Wrist"
"44","116","123","51","3","00:02:32","399","249","Non quality blocked","Wrist"
"9","214","64","105","3","00:02:32","400","75","Non quality blocked","Default"
"62","39","85","172","3","00:02:32","188","242","Non quality blocked","Default"
"21","73","211","136","3","00:02:33","212","79","Non quality blocked","Slap"
"72","39","28","199","3","00:02:33","404","134","Non quality blocked","Wrist"
"169","67","64","159","3","00:02:34","423","231","Non quality blocked","Default"
"67","99","28","66","3","00:02:36","499","198","Quality blocked","Default"
"157","118","6","180","3","00:02:36","121","34","Non quality blocked","Wrist"
"76","152","155","36","3","00:02:37","163","76","Non quality blocked","Default"
"31","68","64","174","3","00:02:37","489","94","Quality blocked","Wrist"
"4","118","22","38","3","00:02:39","433","260","Non quality blocked","Wrist"
"38","16","6","56","3","00:02:40","141","75","Quality blocked","Wrist"
"169","86","64","153","3","00:02:40","85","97","Quality blocked","Wrist"
"230","224","59","155","3","00:02:40","442","236","Non quality blocked","Default"
"142","12","6","69","3","00:02:43","152","56","Non quality blocked","Snap"
"142","79","123","132","3","00:02:44","501","86","Quality blocked","Wrist"
"49","61","28","236","3","00:02:44","196","236","Non quality blocked","Slap"
"49","223","59","151","3","00:02:45","489","79","Quality blocked","Default"
"68","138","28","67","3","00:02:47","456","99","Quality blocked","Wrist"
"229","89","59","242","3","00:02:48","173","222","Non quality blocked","Wrist"
"58","24","123","207","3","00:02:49","206","258","Non quality blocked","Slap"
"125","129","22","84","3","00:02:50","119","174","Quality blocked","Default"
"142","51","28","176","3","00:02:50","487","117","Quality blocked","Tip"
"83","62","59","49","3","00:02:53","207","68","Non quality blocked","Wrist"
"101","51","28","176","3","00:02:53","545","123","Quality blocked","Wrist"
"56","99","28","37","3","00:02:54","489","197","Quality blocked","Wrist"
"31","26","211","224","3","00:02:54","148","82","Non quality blocked","Wrist"
"236","245","278","330","3","00:02:54","450","217","Non quality blocked","Default"
"100","78","19","29","3","00:02:55","402","145","Non quality blocked","Default"
"91","83","85","55","3","00:02:55","111","200","Quality blocked","Default"
"11","101","64","63","3","00:02:55","417","126","Non quality blocked","Default"
"78","163","28","87","3","00:02:55","476","123","Quality blocked","Snap"
"199","74","64","174","3","00:02:55","486","209","Quality blocked","Wrist"
"21","101","64","63","3","00:02:56","420","172","Non quality blocked","Default"
"84","205","155","110","3","00:02:57","200","282","Non quality blocked","Wrist"
"149","91","123","43","3","00:02:58","423","67","Non quality blocked","Default"
"86","87","228","189","3","00:02:58","161","94","Non quality blocked","Default"
"12","31","28","121","3","00:02:59","409","78","Non quality blocked","Slap"
"189","196","28","131","3","00:02:59","466","243","Non quality blocked","Wrist"
"313","246","6","255","3","00:02:59","483","69","Non quality blocked","Default"
"10","148","41","48","3","00:03:00","207","251","Non quality blocked","Default"
"62","25","123","207","3","00:03:00","197","103","Non quality blocked","Default"
"76","51","28","267","3","00:03:01","491","177","Quality blocked","Snap"
"23","230","228","256","3","00:03:02","501","69","Non quality blocked","Default"
"99","149","41","35","3","00:03:04","129","63","Non quality blocked","Wrist"
"8","79","22","38","3","00:03:05","489","131","Quality blocked","Wrist"
"83","55","59","49","3","00:03:05","199","209","Non quality blocked","Wrist"
"89","39","41","61","3","00:03:05","468","112","Quality blocked","Wrist"
"51","4","59","106","3","00:03:05","157","104","Non quality blocked","Wrist"
"20","86","64","153","3","00:03:06","159","89","Non quality blocked","Default"
"185","33","228","179","3","00:03:06","395","21","Non quality blocked","Wrist"
"12","272","28","213","3","00:03:06","153","57","Non quality blocked","Default"
"169","83","28","253","3","00:03:06","468","84","Quality blocked","Wrist"
"12","232","64","105","3","00:03:07","401","99","Non quality blocked","Default"
"313","39","28","227","3","00:03:07","206","47","Non quality blocked","Wrist"
"73","87","155","36","3","00:03:08","81","193","Quality blocked","Default"
"58","114","28","176","3","00:03:09","493","143","Quality blocked","Wrist"
"169","210","64","169","3","00:03:10","207","203","Non quality blocked","Default"
"63","5","28","267","3","00:03:12","545","240","Non quality blocked","Wrist"
"11","58","59","59","3","00:03:13","462","108","Quality blocked","Default"
"68","75","59","257","3","00:03:13","187","246","Non quality blocked","Slap"
"11","30","85","55","3","00:03:14","159","105","Non quality blocked","Default"
"24","60","222","191","3","00:03:14","524","112","Quality blocked","Wrist"
"8","50","222","127","3","00:03:15","465","129","Quality blocked","Default"
"2","21","22","96","3","00:03:17","396","249","Non quality blocked","Default"
"90","53","222","181","3","00:03:17","185","57","Non quality blocked","Wrist"
"169","66","211","142","3","00:03:20","424","250","Non quality blocked","Default"
"161","196","85","172","3","00:03:21","106","147","Quality blocked","Default"
"90","83","85","33","3","00:03:22","501","116","Quality blocked","Wrist"
"84","101","64","66","3","00:03:22","184","244","Non quality blocked","Default"
"76","50","59","72","3","00:03:24","142","116","Quality blocked","Default"
"188","40","228","256","3","00:03:24","481","153","Quality blocked","Slap"
"9","264","123","331","3","00:03:24","77","150","Quality blocked","Wrist"
"114","190","123","168","3","00:03:25","455","117","Non quality blocked","Default"
"16","51","28","89","3","00:03:28","137","120","Quality blocked","Default"
"25","87","155","107","3","00:03:29","77","118","Quality blocked","Wrist"
"83","23","123","58","3","00:03:31","209","20","Non quality blocked","Wrist"
"61","97","123","203","3","00:03:31","479","63","Non quality blocked","Default"
"204","11","64","217","3","00:03:31","93","142","Quality blocked","Snap"
"71","23","22","219","3","00:03:31","210","85","Non quality blocked","Default"
"136","12","6","65","3","00:03:32","504","92","Quality blocked","Wrist"
"74","31","28","267","3","00:03:33","398","90","Non quality blocked","Wrist"
"87","191","193","124","3","00:03:35","390","277","Non quality blocked","Default"
"79","220","59","144","3","00:03:35","411","145","Non quality blocked","Default"
"182","56","211","218","3","00:03:35","458","242","Non quality blocked","Default"
"56","199","28","174","3","00:03:36","206","42","Non quality blocked","Wrist"
"53","47","155","155","3","00:03:37","189","158","Non quality blocked","Default"
"31","12","186","190","3","00:03:38","139","234","Non quality blocked","Wrist"
"67","157","28","224","3","00:03:38","436","255","Non quality blocked","Snap"
"181","129","123","109","3","00:03:40","193","146","Non quality blocked","Wrist"
"79","5","6","123","3","00:03:40","456","243","Non quality blocked","Wrist"
"51","1","6","64","3","00:03:41","524","126","Quality blocked","Default"
"99","283","228","221","3","00:03:41","105","173","Quality blocked","Wrist"
"34","44","211","245","3","00:03:43","437","219","Non quality blocked","Slap"
"138","86","211","116","3","00:03:44","438","63","Non quality blocked","Default"
"198","23","123","119","3","00:03:47","448","75","Non quality blocked","Default"
"167","32","28","89","3","00:03:48","145","139","Non quality blocked","Default"
"196","67","64","138","3","00:03:49","190","225","Non quality blocked","Wrist"
"188","31","85","149","3","00:03:49","401","69","Non quality blocked","Wrist"
"167","32","28","89","3","00:03:51","192","183","Non quality blocked","Default"
"11","89","64","159","3","00:03:51","411","124","Non quality blocked","Default"
"20","83","85","168","3","00:03:51","101","207","Quality blocked","Wrist"
"175","84","28","87","3","00:03:53","493","51","Non quality blocked","Wrist"
"21","114","85","168","3","00:03:53","188","197","Non quality blocked","Wrist"
"12","36","228","148","3","00:03:54","452","34","Non quality blocked","Default"
"9","163","85","42","3","00:03:55","410","104","Non quality blocked","Wrist"
"60","35","41","53","3","00:03:55","465","232","Non quality blocked","Default"
"168","52","59","49","3","00:03:56","164","74","Non quality blocked","Wrist"
"71","40","155","155","3","00:03:57","184","243","Non quality blocked","Default"
"316","79","28","238","3","00:03:57","421","151","Non quality blocked","Snap"
"244","229","228","248","3","00:03:57","171","233","Non quality blocked","Wrist"
"57","129","123","44","3","00:03:58","459","173","Quality blocked","Wrist"
"210","230","228","221","3","00:03:58","145","228","Non quality blocked","Slap"
"198","67","211","116","3","00:04:01","469","130","Quality blocked","Default"
"38","12","6","148","3","00:04:01","127","201","Quality blocked","Default"
"42","219","59","120","3","00:04:02","68","186","Quality blocked","Wrist"
"169","87","155","183","3","00:04:02","480","153","Quality blocked","Snap"
"63","51","28","224","3","00:04:02","457","97","Quality blocked","Wrist"
"9","100","85","232","3","00:04:03","135","34","Non quality blocked","Snap"
"230","51","28","258","3","00:04:03","141","120","Quality blocked","Snap"
"117","30","85","42","3","00:04:04","398","267","Non quality blocked","Wrist"
"34","44","211","245","3","00:04:04","523","219","Non quality blocked","Default"
"13","66","211","261","3","00:04:04","150","146","Non quality blocked","Snap"
"32","65","211","267","3","00:04:04","159","17","Non quality blocked","Slap"
"33","62","59","39","3","00:04:05","476","147","Quality blocked","Snap"
"220","203","28","106","3","00:04:05","483","99","Quality blocked","Wrist"
"11","209","64","159","3","00:04:06","533","123","Quality blocked","Default"
"83","52","59","49","3","00:04:07","210","273","Non quality blocked","Wrist"
"180","236","123","239","3","00:04:07","87","144","Quality blocked","Wrist"
"24","57","222","132","3","00:04:09","153","160","Non quality blocked","Wrist"
"67","49","6","145","3","00:04:09","236","139","Non quality blocked","Default"
"63","84","28","154","3","00:04:09","531","91","Non quality blocked","Wrist"
"271","24","123","247","3","00:04:10","52","181","Non quality blocked","Wrist"
"125","90","123","86","3","00:04:11","106","155","Quality blocked","Default"
"15","71","211","118","3","00:04:11","514","206","Quality blocked","Default"
"39","24","22","131","3","00:04:12","123","113","Quality blocked","Wrist"
"56","27","28","62","3","00:04:14","207","75","Non quality blocked","Snap"
"30","180","6","173","3","00:04:14","543","149","Quality blocked","Wrist"
"214","114","28","174","3","00:04:14","168","69","Non quality blocked","Wrist"
"13","84","28","85","3","00:04:16","419","137","Non quality blocked","Wrist"
"129","214","211","142","3","00:04:16","422","38","Non quality blocked","Default"
"183","220","59","151","3","00:04:17","515","177","Quality blocked","Default"
"4","317","211","227","3","00:04:17","463","157","Quality blocked","Backhand"
"65","12","6","255","3","00:04:17","495","95","Quality blocked","Default"
"264","63","211","241","3","00:04:18","440","222","Non quality blocked","Wrist"
"149","208","155","259","3","00:04:18","497","133","Quality blocked","Wrist"
"87","190","123","331","3","00:04:19","112","128","Quality blocked","Wrist"
"63","206","228","232","3","00:04:21","530","130","Quality blocked","Snap"
"32","44","211","267","3","00:04:22","159","279","Non quality blocked","Snap"
"15","99","155","234","3","00:04:23","457","239","Non quality blocked","Slap"
"207","227","41","104","3","00:04:29","140","131","Quality blocked","Wrist"
"23","74","64","159","3","00:04:29","436","255","Non quality blocked","Default"
"102","82","28","156","3","00:04:30","482","242","Non quality blocked","Wrist"
"264","65","211","241","3","00:04:30","420","207","Non quality blocked","Snap"
"259","196","155","250","3","00:04:30","152","153","Non quality blocked","Snap"
"65","2","19","52","3","00:04:32","88","241","Non quality blocked","Default"
"219","116","211","336","3","00:04:32","208","40","Non quality blocked","Default"
"25","47","155","186","3","00:04:33","130","145","Quality blocked","Wrist"
"229","189","22","117","3","00:04:34","197","167","Non quality blocked","Wrist"
"131","203","28","141","3","00:04:35","193","165","Non quality blocked","Wrist"
"285","223","222","212","3","00:04:35","550","183","Non quality blocked","Default"
"74","5","6","118","3","00:04:36","117","61","Non quality blocked","Default"
"56","47","41","53","3","00:04:38","414","159","Non quality blocked","Default"
"10","3","59","34","3","00:04:39","158","110","Non quality blocked","Default"
"83","209","211","116","3","00:04:39","419","103","Non quality blocked","Default"
"58","169","123","181","3","00:04:39","465","81","Quality blocked","Wrist"
"191","65","211","136","3","00:04:40","138","78","Quality blocked","Wrist"
"1","91","155","234","3","00:04:40","505","193","Quality blocked","Wrist"
"221","78","6","185","3","00:04:42","501","205","Quality blocked","Wrist"
"68","245","228","248","3","00:04:42","174","108","Non quality blocked","Slap"
"11","236","123","270","3","00:04:42","485","170","Quality blocked","Snap"
"88","42","155","71","3","00:04:45","85","245","Non quality blocked","Default"
"104","180","19","126","3","00:04:45","99","123","Quality blocked","Snap"
"68","230","155","128","3","00:04:45","509","96","Quality blocked","Default"
"51","23","123","58","3","00:04:46","195","76","Non quality blocked","Wrist"
"75","24","123","88","3","00:04:47","507","148","Quality blocked","Wrist"
"192","167","123","239","3","00:04:48","65","195","Non quality blocked","Wrist"
"183","56","64","184","3","00:04:49","212","271","Non quality blocked","Slap"
"83","7","6","42","3","00:04:50","216","165","Non quality blocked","Wrist"
"240","246","6","251","3","00:04:50","525","215","Non quality blocked","Default"
"246","229","228","269","3","00:04:51","123","211","Quality blocked","Wrist"
"89","149","186","187","3","00:04:52","437","89","Non quality blocked","Default"
"2","26","211","245","3","00:04:52","459","223","Quality blocked","Slap"
"199","169","123","156","3","00:04:54","86","191","Quality blocked","Wrist"
"66","195","123","111","3","00:04:55","156","77","Non quality blocked","Default"
"60","274","28","214","3","00:04:55","389","244","Non quality blocked","Wrist"
"56","191","22","204","3","00:04:56","409","80","Non quality blocked","Wrist"
"63","196","28","154","3","00:04:57","501","87","Quality blocked","Wrist"
"114","24","123","156","3","00:04:57","131","160","Quality blocked","Wrist"
"209","44","155","177","3","00:04:57","129","101","Quality blocked","Wrist"
"223","50","59","215","3","00:04:57","188","215","Non quality blocked","Default"
"203","24","22","216","3","00:04:57","146","158","Non quality blocked","Wrist"
"15","188","22","230","3","00:04:57","486","140","Quality blocked","Wrist"
"157","142","59","37","3","00:04:58","110","187","Quality blocked","Wrist"
"129","161","222","132","3","00:04:58","166","232","Non quality blocked","Wrist"
"12","229","228","269","3","00:04:59","197","129","Non quality blocked","Slap"
"63","24","123","28","3","00:05:00","483","206","Quality blocked","Default"
"24","44","154","73","3","00:05:00","412","93","Non quality blocked","Wrist"
"60","207","64","108","3","00:05:00","178","70","Non quality blocked","Default"
"79","67","211","227","3","00:05:00","410","39","Non quality blocked","Wrist"
"31","2","6","85","3","00:05:02","165","90","Non quality blocked","Wrist"
"98","317","211","227","3","00:05:02","424","113","Non quality blocked","Slap"
"9","76","85","248","3","00:05:02","444","225","Non quality blocked","Wrist"
"73","21","123","142","3","00:05:03","63","159","Quality blocked","Default"
"224","118","6","185","3","00:05:03","471","239","Non quality blocked","Default"
"217","4","123","160","3","00:05:04","471","81","Quality blocked","Wrist"
"138","232","64","138","3","00:05:07","114","202","Quality blocked","Wrist"
"232","26","28","154","3","00:05:07","409","58","Non quality blocked","Wrist"
"2","221","222","162","3","00:05:10","416","213","Non quality blocked","Default"
"58","217","123","209","3","00:05:10","489","31","Non quality blocked","Default"
"196","11","59","211","3","00:05:10","401","262","Non quality blocked","Wrist"
"68","116","123","63","3","00:05:12","211","56","Non quality blocked","Default"
"87","149","6","143","3","00:05:14","164","153","Non quality blocked","Default"
"161","169","123","144","3","00:05:14","45","145","Quality blocked","Default"
"78","71","64","29","3","00:05:15","197","172","Non quality blocked","Default"
"84","210","64","138","3","00:05:15","191","244","Non quality blocked","Wrist"
"71","81","28","66","3","00:05:16","417","73","Non quality blocked","Default"
"66","60","59","72","3","00:05:16","134","249","Non quality blocked","Default"
"200","56","222","103","3","00:05:16","192","244","Non quality blocked","Wrist"
"190","38","155","107","3","00:05:17","121","132","Quality blocked","Wrist"
"313","15","6","255","3","00:05:17","431","207","Non quality blocked","Default"
"167","277","228","265","3","00:05:18","67","140","Quality blocked","Wrist"
"167","183","6","225","3","00:05:19","405","192","Non quality blocked","Wrist"
"11","12","6","97","3","00:05:21","173","137","Non quality blocked","Wrist"
"61","133","64","54","3","00:05:22","198","57","Non quality blocked","Default"
"12","24","123","109","3","00:05:23","207","105","Non quality blocked","Wrist"
"114","44","155","170","3","00:05:23","129","217","Quality blocked","Wrist"
"98","72","222","103","3","00:05:25","176","193","Non quality blocked","Wrist"
"230","221","59","120","3","00:05:25","199","34","Non quality blocked","Wrist"
"208","4","59","140","3","00:05:25","172","213","Non quality blocked","Slap"
"44","100","64","150","3","00:05:25","179","183","Non quality blocked","Snap"
"189","87","155","183","3","00:05:25","471","112","Quality blocked","Snap"
"196","180","6","173","3","00:05:26","455","231","Non quality blocked","Wrist"
"63","230","155","177","3","00:05:26","121","160","Quality blocked","Default"
"40","57","59","39","3","00:05:27","414","129","Non quality blocked","Snap"
"169","40","228","117","3","00:05:28","419","45","Non quality blocked","Wrist"
"181","56","59","113","3","00:05:29","110","105","Quality blocked","Wrist"
"61","44","211","227","3","00:05:29","445","94","Non quality blocked","Wrist"
"53","5","6","83","3","00:05:31","393","53","Non quality blocked","Default"
"24","149","155","107","3","00:05:31","106","45","Non quality blocked","Wrist"
"68","138","28","158","3","00:05:31","275","148","Non quality blocked","Default"
"23","71","222","181","3","00:05:32","62","150","Quality blocked","Snap"
"101","161","28","66","3","00:05:34","404","223","Non quality blocked","Default"
"78","11","22","97","3","00:05:34","458","227","Non quality blocked","Default"
"24","13","19","126","3","00:05:34","180","235","Non quality blocked","Wrist"
"25","66","64","169","3","00:05:34","190","142","Non quality blocked","Default"
"68","2","19","52","3","00:05:35","180","96","Non quality blocked","Default"
"71","8","6","162","3","00:05:36","165","98","Non quality blocked","Default"
"79","125","222","132","3","00:05:37","177","100","Non quality blocked","Wrist"
"210","203","85","166","3","00:05:37","487","99","Quality blocked","Wrist"
"71","105","22","40","3","00:05:38","402","57","Non quality blocked","Wrist"
"34","4","222","167","3","00:05:38","517","255","Non quality blocked","Default"
"61","242","222","254","3","00:05:38","71","121","Quality blocked","Wrist"
"63","230","155","177","3","00:05:39","113","178","Quality blocked","Wrist"
"24","50","48","44","3","00:05:41","145","80","Non quality blocked","Wrist"
"86","24","22","195","3","00:05:41","154","41","Non quality blocked","Default"
"198","50","59","176","3","00:05:42","154","249","Non quality blocked","Wrist"
"142","200","211","245","3","00:05:42","527","123","Quality blocked","Wrist"
"66","24","123","100","3","00:05:44","448","212","Non quality blocked","Default"
"99","74","64","67","3","00:05:45","213","282","Non quality blocked","Wrist"
"92","7","6","95","3","00:05:45","415","222","Non quality blocked","Default"
"32","2","6","85","3","00:05:46","42","177","Non quality blocked","Wrist"
"87","99","28","146","3","00:05:46","507","111","Quality blocked","Wrist"
"210","30","85","166","3","00:05:46","549","73","Non quality blocked","Wrist"
"90","75","64","111","3","00:05:47","446","188","Non quality blocked","Default"
"129","219","59","144","3","00:05:47","414","236","Non quality blocked","Default"
"21","67","64","159","3","00:05:50","448","53","Non quality blocked","Default"
"32","105","123","33","3","00:05:51","183","115","Non quality blocked","Wrist"
"125","40","155","155","3","00:05:51","129","159","Quality blocked","Default"
"35","12","6","32","3","00:05:52","465","187","Quality blocked","Default"
"191","47","155","186","3","00:05:52","56","213","Non quality blocked","Default"
"15","60","59","83","3","00:05:53","124","111","Quality blocked","Default"
"169","62","222","207","3","00:05:53","491","204","Quality blocked","Wrist"
"73","32","28","227","3","00:05:53","83","114","Quality blocked","Default"
"56","220","59","122","3","00:05:54","159","206","Non quality blocked","Default"
"36","67","64","150","3","00:05:54","97","195","Quality blocked","Snap"
"11","203","134","335","3","00:05:56","149","81","Non quality blocked","Wrist"
"114","24","22","131","3","00:05:57","99","99","Quality blocked","Wrist"
"66","125","59","140","3","00:05:57","127","222","Quality blocked","Default"
"189","67","64","153","3","00:05:57","112","156","Quality blocked","Wrist"
"115","83","28","253","3","00:05:57","473","51","Non quality blocked","Wrist"
"34","52","6","259","3","00:05:58","90","123","Quality blocked","Wrist"
"57","74","64","72","3","00:06:00","508","223","Non quality blocked","Default"
"83","2","19","121","3","00:06:00","209","284","Non quality blocked","Wrist"
"2","35","228","179","3","00:06:00","513","87","Quality blocked","Wrist"
"71","163","28","66","3","00:06:01","432","258","Non quality blocked","Default"
"51","223","222","188","3","00:06:01","429","230","Non quality blocked","Default"
"189","60","278","330","3","00:06:02","457","147","Quality blocked","Default"
"44","223","222","167","3","00:06:03","430","135","Non quality blocked","Default"
"2","201","48","99","3","00:06:05","148","73","Non quality blocked","Wrist"
"84","50","59","37","3","00:06:06","201","245","Non quality blocked","Wrist"
"52","156","166","103","3","00:06:06","432","75","Non quality blocked","Wrist"
"198","42","155","161","3","00:06:06","542","142","Quality blocked","Wrist"
"87","26","28","60","3","00:06:07","404","225","Non quality blocked","Wrist"
"180","20","22","134","3","00:06:07","464","243","Non quality blocked","Wrist"
"246","2","155","259","3","00:06:07","468","185","Quality blocked","Default"
"125","67","211","140","3","00:06:08","478","183","Quality blocked","Default"
"57","79","28","254","3","00:06:09","488","132","Quality blocked","Wrist"
"83","67","211","116","3","00:06:10","430","201","Non quality blocked","Wrist"
"56","2","6","133","3","00:06:10","507","105","Quality blocked","Wrist"
"142","11","123","181","3","00:06:10","470","154","Quality blocked","Slap"
"264","52","6","225","3","00:06:11","462","220","Quality blocked","Snap"
"102","84","85","55","3","00:06:12","82","227","Non quality blocked","Backhand"
"83","26","85","238","3","00:06:12","209","145","Non quality blocked","Wrist"
"195","180","59","239","3","00:06:12","484","160","Quality blocked","Wrist"
"25","44","154","73","3","00:06:13","479","89","Quality blocked","Slap"
"52","26","166","103","3","00:06:13","423","117","Non quality blocked","Wrist"
"183","229","228","148","3","00:06:13","465","108","Quality blocked","Wrist"
"74","26","28","66","3","00:06:14","399","141","Non quality blocked","Default"
"11","60","48","44","3","00:06:15","184","153","Non quality blocked","Default"
"114","185","6","173","3","00:06:15","463","189","Quality blocked","Slap"
"203","223","222","197","3","00:06:16","207","273","Non quality blocked","Wrist"
"11","158","85","55","3","00:06:17","206","88","Non quality blocked","Wrist"
"114","68","64","174","3","00:06:17","473","143","Quality blocked","Wrist"
"13","25","123","252","3","00:06:18","405","117","Non quality blocked","Wrist"
"78","31","28","182","3","00:06:19","166","184","Non quality blocked","Wrist"
"42","20","22","262","3","00:06:19","545","172","Quality blocked","Snap"
"12","276","48","337","3","00:06:20","392","61","Non quality blocked","Wrist"
"167","44","228","148","3","00:06:21","414","57","Non quality blocked","Wrist"
"74","18","19","45","3","00:06:22","201","51","Non quality blocked","Default"
"30","57","59","49","3","00:06:22","80","177","Quality blocked","Wrist"
"14","62","59","69","3","00:06:22","513","74","Non quality blocked","Snap"
"39","68","211","227","3","00:06:22","537","166","Quality blocked","Wrist"
"84","1","19","99","3","00:06:23","393","103","Non quality blocked","Wrist"
"89","71","59","178","3","00:06:23","477","150","Quality blocked","Wrist"
"181","191","22","216","3","00:06:23","117","114","Quality blocked","Wrist"
"133","44","155","36","3","00:06:24","191","245","Non quality blocked","Default"
"83","210","64","158","3","00:06:24","394","166","Non quality blocked","Default"
"44","79","28","267","3","00:06:24","395","46","Non quality blocked","Snap"
"90","131","64","92","3","00:06:26","399","216","Non quality blocked","Default"
"102","99","85","149","3","00:06:27","510","199","Quality blocked","Wrist"
"101","246","6","251","3","00:06:27","504","49","Non quality blocked","Default"
"104","83","28","156","3","00:06:28","491","248","Non quality blocked","Wrist"
"68","20","22","159","3","00:06:28","190","140","Non quality blocked","Default"
"161","196","28","176","3","00:06:28","537","182","Quality blocked","Backhand"
"75","26","211","257","3","00:06:28","521","140","Quality blocked","Wrist"
"79","38","155","130","3","00:06:30","465","205","Quality blocked","Wrist"
"44","50","59","155","3","00:06:30","520","160","Quality blocked","Default"
"224","196","28","176","3","00:06:30","447","217","Non quality blocked","Wrist"
"83","61","59","49","3","00:06:31","78","267","Non quality blocked","Wrist"
"67","98","85","138","3","00:06:31","400","244","Non quality blocked","Wrist"
"61","11","22","169","3","00:06:31","467","118","Quality blocked","Default"
"44","57","59","155","3","00:06:32","528","159","Quality blocked","Default"
"188","227","155","124","3","00:06:33","87","155","Quality blocked","Backhand"
"83","66","64","158","3","00:06:33","472","156","Quality blocked","Default"
"200","192","22","131","3","00:06:34","206","149","Non quality blocked","Wrist"
"84","229","228","243","3","00:06:34","443","207","Non quality blocked","Wrist"
"203","72","222","197","3","00:06:35","165","231","Non quality blocked","Snap"
"108","100","211","235","3","00:06:35","405","110","Non quality blocked","Default"
"131","152","154","61","3","00:06:36","465","187","Quality blocked","Default"
"91","60","222","132","3","00:06:37","91","146","Quality blocked","Default"
"32","37","228","146","3","00:06:38","201","196","Non quality blocked","Wrist"
"210","285","228","221","3","00:06:41","153","166","Non quality blocked","Wrist"
"26","253","28","227","3","00:06:42","207","108","Non quality blocked","Wrist"
"285","74","85","232","3","00:06:42","111","176","Quality blocked","Default"
"83","118","123","58","3","00:06:43","193","59","Non quality blocked","Wrist"
"99","67","64","174","3","00:06:44","525","94","Non quality blocked","Wrist"
"196","68","211","261","3","00:06:44","183","252","Non quality blocked","Slap"
"185","86","211","218","3","00:06:45","421","84","Non quality blocked","Wrist"
"285","68","85","232","3","00:06:45","216","111","Non quality blocked","Backhand"
"23","126","64","40","3","00:06:46","93","167","Quality blocked","Wrist"
"32","40","228","258","3","00:06:46","525","146","Quality blocked","Snap"
"5","63","211","267","3","00:06:46","213","206","Non quality blocked","Wrist"
"219","20","22","233","3","00:06:47","497","159","Quality blocked","Default"
"31","132","85","238","3","00:06:47","128","93","Quality blocked","Wrist"
"110","30","85","42","3","00:06:48","479","286","Non quality blocked","Wrist"
"75","9","19","52","3","00:06:48","135","176","Quality blocked","Default"
"67","118","123","63","3","00:06:49","182","63","Non quality blocked","Default"
"205","57","59","135","3","00:06:50","428","209","Non quality blocked","Default"
"25","51","59","31","3","00:06:51","458","61","Non quality blocked","Snap"
"62","75","64","129","3","00:06:51","188","271","Non quality blocked","Default"
"98","20","123","33","3","00:06:52","193","129","Non quality blocked","Snap"
"32","67","211","116","3","00:06:52","495","46","Non quality blocked","Default"
"12","86","64","145","3","00:06:52","403","63","Non quality blocked","Wrist"
"102","114","85","175","3","00:06:52","153","156","Non quality blocked","Wrist"
"167","52","222","127","3","00:06:53","427","120","Non quality blocked","Default"
"138","232","64","158","3","00:06:54","433","83","Non quality blocked","Default"
"196","230","228","221","3","00:06:54","109","132","Quality blocked","Wrist"
"196","44","155","161","3","00:06:55","471","188","Quality blocked","Wrist"
"56","44","155","177","3","00:06:55","195","111","Non quality blocked","Wrist"
"220","185","6","251","3","00:06:55","494","261","Non quality blocked","Default"
"88","209","211","140","3","00:06:56","441","129","Non quality blocked","Slap"
"36","223","59","155","3","00:06:56","484","165","Quality blocked","Default"
"38","60","222","167","3","00:06:56","519","71","Non quality blocked","Wrist"
"188","157","85","168","3","00:06:56","193","83","Non quality blocked","Wrist"
"76","195","22","204","3","00:06:56","435","85","Non quality blocked","Wrist"
"2","72","59","101","3","00:06:58","409","23","Non quality blocked","Slap"
"169","204","155","124","3","00:06:58","197","241","Non quality blocked","Wrist"
"129","30","85","175","3","00:06:58","160","270","Non quality blocked","Wrist"
"13","60","228","221","3","00:06:58","66","172","Quality blocked","Wrist"
"89","5","19","52","3","00:06:59","138","234","Non quality blocked","Default"
"32","67","211","116","3","00:06:59","488","63","Non quality blocked","Default"
"99","88","59","106","3","00:07:00","211","156","Non quality blocked","Wrist"
"102","83","85","175","3","00:07:01","163","108","Non quality blocked","Wrist"
"115","223","59","160","3","00:07:02","513","207","Quality blocked","Default"
"99","232","64","158","3","00:07:03","486","89","Quality blocked","Default"
"47","52","59","39","3","00:07:04","503","16","Non quality blocked","Snap"
"185","26","28","121","3","00:07:04","471","236","Non quality blocked","Wrist"
"190","75","211","136","3","00:07:04","153","60","Non quality blocked","Snap"
"205","44","85","232","3","00:07:04","167","77","Non quality blocked","Snap"
"196","183","41","234","3","00:07:04","183","67","Non quality blocked","Wrist"
"209","11","22","204","3","00:07:08","508","87","Quality blocked","Wrist"
"11","191","123","239","3","00:07:08","123","236","Non quality blocked","Wrist"
"89","31","28","253","3","00:07:08","479","219","Quality blocked","Wrist"
"138","185","6","259","3","00:07:08","131","82","Quality blocked","Snap"
"99","13","6","180","3","00:07:09","174","250","Non quality blocked","Wrist"
"16","47","228","148","3","00:07:10","421","179","Non quality blocked","Default"
"11","259","6","246","3","00:07:10","459","220","Quality blocked","Wrist"
"286","4","28","254","3","00:07:10","469","179","Quality blocked","Snap"
"210","129","123","100","3","00:07:11","500","143","Quality blocked","Default"
"44","11","64","263","3","00:07:11","556","93","Non quality blocked","Wrist"
"161","74","64","30","3","00:07:12","477","162","Quality blocked","Default"
"56","37","155","71","3","00:07:12","469","255","Non quality blocked","Default"
"11","1","6","109","3","00:07:12","434","225","Non quality blocked","Wrist"
"78","87","228","228","3","00:07:12","438","88","Non quality blocked","Snap"
"196","50","59","266","3","00:07:13","65","117","Quality blocked","Wrist"
"11","83","85","33","3","00:07:14","398","57","Non quality blocked","Wrist"
"100","34","155","36","3","00:07:14","115","92","Quality blocked","Default"
"8","82","28","190","3","00:07:14","405","232","Non quality blocked","Wrist"
"62","149","6","151","3","00:07:16","203","57","Non quality blocked","Default"
"10","125","64","45","3","00:07:20","477","33","Non quality blocked","Default"
"210","68","211","245","3","00:07:20","542","103","Non quality blocked","Wrist"
"24","156","85","149","3","00:07:21","387","55","Non quality blocked","Snap"
"230","86","134","189","3","00:07:21","392","129","Non quality blocked","Default"
"35","208","64","150","3","00:07:23","110","91","Quality blocked","Snap"
"24","114","85","168","3","00:07:23","193","249","Non quality blocked","Wrist"
"20","205","155","183","3","00:07:23","448","135","Non quality blocked","Wrist"
"11","47","154","73","3","00:07:24","467","228","Non quality blocked","Wrist"
"12","161","59","113","3","00:07:24","178","196","Non quality blocked","Wrist"
"67","90","22","195","3","00:07:24","103","184","Quality blocked","Default"
"11","78","6","246","3","00:07:24","486","232","Non quality blocked","Wrist"
"205","203","28","146","3","00:07:25","463","59","Non quality blocked","Snap"
"271","8","262","337","3","00:07:26","197","75","Non quality blocked","Slap"
"129","138","85","175","3","00:07:27","114","219","Quality blocked","Default"
"206","74","64","114","3","00:07:28","64","122","Quality blocked","Wrist"
"11","78","6","246","3","00:07:28","539","184","Quality blocked","Wrist"
"183","51","28","180","3","00:07:31","449","105","Non quality blocked","Wrist"
"40","5","48","243","3","00:07:32","134","218","Quality blocked","Default"
"201","242","222","254","3","00:07:32","142","237","Non quality blocked","Snap"
"10","133","64","45","3","00:07:33","519","55","Non quality blocked","Default"
"12","98","28","182","3","00:07:33","192","146","Non quality blocked","Snap"
"280","180","64","217","3","00:07:34","170","218","Non quality blocked","Default"
"5","61","59","34","3","00:07:35","205","65","Non quality blocked","Default"
"67","181","6","105","3","00:07:35","189","107","Non quality blocked","Default"
"13","4","59","113","3","00:07:35","99","169","Quality blocked","Slap"
"220","24","123","115","3","00:07:35","489","178","Quality blocked","Wrist"
"169","272","48","231","3","00:07:35","113","163","Quality blocked","Wrist"
"20","62","222","191","3","00:07:37","489","171","Quality blocked","Wrist"
"232","9","228","228","3","00:07:37","415","154","Non quality blocked","Wrist"
"84","44","85","238","3","00:07:38","201","59","Non quality blocked","Slap"
"50","30","28","176","3","00:07:40","397","140","Non quality blocked","Wrist"
"62","220","123","160","3","00:07:41","514","106","Quality blocked","Wrist"
"62","24","22","206","3","00:07:41","214","153","Non quality blocked","Wrist"
"38","285","228","212","3","00:07:41","210","275","Non quality blocked","Default"
"118","99","155","268","3","00:07:42","199","219","Non quality blocked","Default"
"189","75","64","270","3","00:07:42","113","178","Quality blocked","Wrist"
"50","87","155","165","3","00:07:43","536","155","Quality blocked","Default"
"91","39","154","73","3","00:07:44","479","164","Quality blocked","Wrist"
"183","83","28","173","3","00:07:44","157","255","Non quality blocked","Wrist"
"65","198","85","166","3","00:07:45","508","87","Quality blocked","Backhand"
"31","167","123","247","3","00:07:45","171","239","Non quality blocked","Wrist"
"76","83","85","166","3","00:07:46","521","96","Quality blocked","Wrist"
"68","10","19","45","3","00:07:47","155","124","Non quality blocked","Default"
"79","162","85","55","3","00:07:47","215","146","Non quality blocked","Default"
"220","129","123","209","3","00:07:47","498","47","Non quality blocked","Default"
"32","209","64","158","3","00:07:48","465","50","Non quality blocked","Default"
"24","198","28","119","3","00:07:49","181","84","Non quality blocked","Wrist"
"229","188","22","256","3","00:07:49","180","168","Non quality blocked","Wrist"
"236","44","211","241","3","00:07:50","426","59","Non quality blocked","Wrist"
"20","67","64","159","3","00:07:51","483","66","Non quality blocked","Default"
"180","285","228","242","3","00:07:51","402","170","Non quality blocked","Default"
"68","180","6","133","3","00:07:52","465","225","Quality blocked","Wrist"
"9","23","22","256","3","00:07:52","195","163","Non quality blocked","Default"
"47","101","64","61","3","00:07:54","208","72","Non quality blocked","Default"
"32","190","123","247","3","00:07:54","90","170","Quality blocked","Snap"
"83","221","222","254","3","00:07:55","186","96","Non quality blocked","Wrist"
"56","133","64","72","3","00:07:56","468","51","Non quality blocked","Default"
"68","125","59","122","3","00:07:56","192","57","Non quality blocked","Default"
"210","203","28","174","3","00:07:56","52","237","Non quality blocked","Wrist"
"229","86","211","177","3","00:07:56","443","158","Non quality blocked","Wrist"
"89","62","59","178","3","00:07:56","407","78","Non quality blocked","Snap"
"58","167","123","244","3","00:07:57","108","79","Quality blocked","Default"
"25","101","64","90","3","00:07:58","111","261","Non quality blocked","Default"
"83","88","222","254","3","00:07:58","153","75","Non quality blocked","Wrist"
"21","49","6","98","3","00:07:59","436","217","Non quality blocked","Default"
"76","205","155","128","3","00:08:00","412","142","Non quality blocked","Wrist"
"71","269","22","233","3","00:08:01","459","19","Non quality blocked","Default"
"16","21","22","70","3","00:08:02","511","174","Quality blocked","Default"
"99","63","64","154","3","00:08:02","189","240","Non quality blocked","Snap"
"236","44","211","241","3","00:08:05","426","87","Non quality blocked","Wrist"
"105","148","155","43","3","00:08:06","124","83","Quality blocked","Wrist"
"99","76","64","66","3","00:08:06","199","203","Non quality blocked","Snap"
"90","61","59","31","3","00:08:07","407","242","Non quality blocked","Snap"
"67","142","59","108","3","00:08:07","483","190","Quality blocked","Default"
"84","23","123","58","3","00:08:08","117","279","Non quality blocked","Wrist"
"90","44","211","210","3","00:08:12","100","70","Non quality blocked","Snap"
"230","97","123","186","3","00:08:13","494","246","Non quality blocked","Default"
"157","52","222","200","3","00:08:13","531","128","Quality blocked","Default"
"97","76","134","204","3","00:08:13","132","235","Non quality blocked","Wrist"
"90","36","228","117","3","00:08:16","410","211","Non quality blocked","Wrist"
"241","86","211","336","3","00:08:17","131","245","Non quality blocked","Default"
"7","23","22","50","3","00:08:18","423","148","Non quality blocked","Wrist"
"194","60","278","330","3","00:08:18","461","63","Non quality blocked","Default"
"202","244","211","224","3","00:08:19","206","105","Non quality blocked","Wrist"
"36","255","41","234","3","00:08:19","81","148","Quality blocked","Tip"
"25","207","134","100","3","00:08:20","161","98","Non quality blocked","Default"
"204","183","6","179","3","00:08:20","128","162","Quality blocked","Wrist"
"24","71","222","207","3","00:08:20","532","147","Quality blocked","Wrist"
"89","99","85","166","3","00:08:21","422","219","Non quality blocked","Wrist"
"83","149","6","180","3","00:08:22","211","58","Non quality blocked","Slap"
"56","205","228","189","3","00:08:22","199","259","Non quality blocked","Default"
"56","101","222","235","3","00:08:22","79","247","Non quality blocked","Wrist"
"18","163","85","42","3","00:08:23","554","84","Non quality blocked","Wrist"
"90","210","64","111","3","00:08:23","429","254","Non quality blocked","Default"
"5","30","28","173","3","00:08:23","207","38","Non quality blocked","Wrist"
"40","244","85","248","3","00:08:23","443","162","Non quality blocked","Wrist"
"40","169","22","117","3","00:08:24","140","204","Quality blocked","Wrist"
"274","232","6","213","3","00:08:24","484","153","Quality blocked","Snap"
"129","200","85","263","3","00:08:24","191","261","Non quality blocked","Snap"
"180","21","123","147","3","00:08:25","165","45","Non quality blocked","Default"
"53","99","28","176","3","00:08:25","443","228","Non quality blocked","Wrist"
"86","88","222","235","3","00:08:25","80","219","Non quality blocked","Default"
"189","51","85","149","3","00:08:27","427","171","Non quality blocked","Wrist"
"83","190","123","175","3","00:08:27","398","219","Non quality blocked","Slap"
"161","99","28","176","3","00:08:27","500","192","Quality blocked","Wrist"
"67","192","123","142","3","00:08:29","204","160","Non quality blocked","Default"
"76","253","28","227","3","00:08:31","128","116","Quality blocked","Wrist"
"31","23","22","262","3","00:08:34","469","128","Quality blocked","Snap"
"27","52","59","49","3","00:08:36","124","142","Quality blocked","Wrist"
"84","60","222","103","3","00:08:36","208","171","Non quality blocked","Wrist"
"203","36","155","110","3","00:08:36","208","93","Non quality blocked","Wrist"
"36","283","228","221","3","00:08:36","135","79","Quality blocked","Wrist"
"13","79","123","94","3","00:08:38","123","195","Quality blocked","Default"
"73","180","6","118","3","00:08:39","194","207","Non quality blocked","Default"
"5","32","28","121","3","00:08:39","387","19","Non quality blocked","Wrist"
"20","162","85","58","3","00:08:40","495","102","Quality blocked","Wrist"
"129","100","64","40","3","00:08:41","155","199","Non quality blocked","Default"
"317","60","228","248","3","00:08:42","117","161","Quality blocked","Wrist"
"128","227","155","128","3","00:08:44","544","109","Non quality blocked","Default"
"223","90","123","209","3","00:08:44","399","137","Non quality blocked","Default"
"86","84","28","60","3","00:08:45","545","127","Quality blocked","Wrist"
"100","156","28","66","3","00:08:45","536","140","Quality blocked","Default"
"181","242","222","268","3","00:08:46","391","92","Non quality blocked","Default"
"249","44","85","232","3","00:08:47","124","66","Non quality blocked","Snap"
"181","23","22","123","3","00:08:48","523","156","Quality blocked","Default"
"63","138","28","174","3","00:08:49","130","106","Quality blocked","Wrist"
"66","79","123","63","3","00:08:50","111","239","Non quality blocked","Default"
"200","5","19","121","3","00:08:50","126","13","Non quality blocked","Wrist"
"83","71","211","116","3","00:08:51","450","118","Non quality blocked","Default"
"56","25","123","115","3","00:08:52","455","154","Non quality blocked","Wrist"
"84","192","123","156","3","00:08:52","213","187","Non quality blocked","Slap"
"223","30","228","212","3","00:08:52","165","135","Non quality blocked","Default"
"32","44","155","170","3","00:08:53","165","225","Non quality blocked","Wrist"
"208","99","28","154","3","00:08:54","527","5","Non quality blocked","Wrist"
"12","100","64","184","3","00:08:54","169","226","Non quality blocked","Wrist"
"57","214","64","129","3","00:08:55","125","269","Non quality blocked","Default"
"163","131","64","47","3","00:08:56","501","151","Quality blocked","Default"
"221","24","123","209","3","00:08:56","430","140","Non quality blocked","Default"
"203","42","155","161","3","00:08:57","474","161","Quality blocked","Wrist"
"205","73","211","177","3","00:08:57","519","68","Non quality blocked","Default"
"223","315","85","222","3","00:08:57","454","219","Non quality blocked","Snap"
"11","62","59","31","3","00:09:00","433","250","Non quality blocked","Slap"
"138","78","41","234","3","00:09:00","201","104","Non quality blocked","Wrist"
"128","227","155","128","3","00:09:01","535","96","Non quality blocked","Default"
"63","90","22","159","3","00:09:01","188","161","Non quality blocked","Default"
"36","60","222","167","3","00:09:01","546","109","Non quality blocked","Wrist"
"84","72","222","254","3","00:09:01","204","169","Non quality blocked","Wrist"
"72","79","123","63","3","00:09:02","124","196","Quality blocked","Default"
"83","71","211","116","3","00:09:03","469","153","Quality blocked","Default"
"169","67","64","169","3","00:09:04","177","253","Non quality blocked","Default"
"263","4","28","247","3","00:09:04","393","70","Non quality blocked","Wrist"
"253","206","228","243","3","00:09:05","463","93","Quality blocked","Snap"
"104","79","28","262","3","00:09:05","116","242","Non quality blocked","Wrist"
"68","118","22","84","3","00:09:06","196","141","Non quality blocked","Default"
"44","67","211","177","3","00:09:07","472","24","Non quality blocked","Wrist"
"259","196","155","259","3","00:09:09","448","90","Non quality blocked","Default"
"61","38","155","71","3","00:09:12","69","250","Non quality blocked","Default"
"11","13","6","96","3","00:09:13","187","147","Non quality blocked","Wrist"
"56","53","59","178","3","00:09:13","412","128","Non quality blocked","Wrist"
"196","75","64","138","3","00:09:14","153","50","Non quality blocked","Wrist"
"57","200","85","334","3","00:09:14","134","107","Quality blocked","Default"
"47","61","59","53","3","00:09:15","170","51","Non quality blocked","Default"
"13","223","238","229","3","00:09:16","105","123","Quality blocked","Wrist"
"56","230","155","128","3","00:09:17","467","46","Non quality blocked","Default"
"5","23","22","50","3","00:09:18","410","156","Non quality blocked","Wrist"
"203","189","123","119","3","00:09:18","382","78","Non quality blocked","Wrist"
"205","220","59","155","3","00:09:19","413","227","Non quality blocked","Default"
"57","201","85","188","3","00:09:19","65","193","Non quality blocked","Default"
"74","13","6","118","3","00:09:20","171","186","Non quality blocked","Default"
"44","101","59","135","3","00:09:20","414","143","Non quality blocked","Default"
"159","61","59","37","3","00:09:22","188","51","Non quality blocked","Snap"
"25","71","64","86","3","00:09:25","453","169","Non quality blocked","Default"
"191","38","155","102","3","00:09:25","450","229","Non quality blocked","Default"
"209","60","59","178","3","00:09:25","471","139","Quality blocked","Slap"
"181","44","211","261","3","00:09:25","137","147","Quality blocked","Wrist"
"185","230","155","143","3","00:09:26","460","118","Quality blocked","Default"
"115","75","64","86","3","00:09:27","453","228","Non quality blocked","Default"
"188","181","19","126","3","00:09:27","129","112","Quality blocked","Wrist"
"224","87","228","240","3","00:09:28","171","145","Non quality blocked","Wrist"
"25","99","85","33","3","00:09:29","471","63","Non quality blocked","Slap"
"11","99","155","211","3","00:09:29","117","196","Quality blocked","Wrist"
"98","74","211","116","3","00:09:30","440","147","Non quality blocked","Default"
"100","11","22","159","3","00:09:31","141","210","Quality blocked","Default"
"31","58","222","254","3","00:09:31","163","127","Non quality blocked","Wrist"
"205","223","59","135","3","00:09:32","447","231","Non quality blocked","Default"
"192","232","211","136","3","00:09:32","53","63","Non quality blocked","Wrist"
"185","76","211","255","3","00:09:32","185","251","Non quality blocked","Slap"
"12","51","59","34","3","00:09:33","208","114","Non quality blocked","Default"
"169","34","155","107","3","00:09:33","140","153","Quality blocked","Wrist"
"57","5","6","65","3","00:09:35","433","284","Non quality blocked","Wrist"
"63","79","28","238","3","00:09:35","511","225","Non quality blocked","Wrist"
"280","167","22","256","3","00:09:35","99","109","Quality blocked","Wrist"
"53","87","155","71","3","00:09:36","54","249","Non quality blocked","Default"
"30","87","155","60","3","00:09:37","114","94","Quality blocked","Wrist"
"167","118","22","96","3","00:09:37","409","263","Non quality blocked","Default"
"72","209","64","249","3","00:09:37","97","119","Quality blocked","Default"
"12","40","155","143","3","00:09:42","428","154","Non quality blocked","Default"
"180","40","228","179","3","00:09:42","451","266","Non quality blocked","Snap"
"63","11","22","159","3","00:09:43","191","39","Non quality blocked","Default"
"99","224","222","103","3","00:09:44","123","285","Non quality blocked","Wrist"
"31","74","211","116","3","00:09:44","478","178","Quality blocked","Default"
"9","68","64","29","3","00:09:45","104","220","Quality blocked","Default"
"71","98","28","67","3","00:09:46","477","45","Non quality blocked","Wrist"
"30","79","22","131","3","00:09:48","94","276","Non quality blocked","Wrist"
"36","224","59","155","3","00:09:48","484","87","Quality blocked","Default"
"12","51","59","34","3","00:09:50","198","125","Non quality blocked","Default"
"23","57","222","209","3","00:09:50","92","170","Quality blocked","Wrist"
"245","229","6","228","3","00:09:50","201","121","Non quality blocked","Wrist"
"71","24","123","100","3","00:09:51","418","182","Non quality blocked","Default"
"208","23","123","142","3","00:09:52","204","245","Non quality blocked","Default"
"50","74","64","108","3","00:09:53","118","110","Quality blocked","Default"
"87","32","28","146","3","00:09:56","477","148","Quality blocked","Wrist"
"21","196","85","168","3","00:09:57","78","188","Quality blocked","Wrist"
"118","23","123","147","3","00:09:59","120","190","Quality blocked","Default"
"49","12","6","259","3","00:09:59","75","160","Quality blocked","Default"
"61","206","155","120","3","00:10:00","432","152","Non quality blocked","Wrist"
"15","24","22","230","3","00:10:00","472","172","Quality blocked","Wrist"
"49","246","6","259","3","00:10:00","66","153","Quality blocked","Default"
"210","169","59","211","3","00:10:02","401","206","Non quality blocked","Wrist"
"57","230","155","120","3","00:10:05","515","68","Non quality blocked","Wrist"
"66","129","123","203","3","00:10:05","426","161","Non quality blocked","Default"
"42","83","28","146","3","00:10:06","503","127","Quality blocked","Backhand"
"83","190","22","131","3","00:10:07","153","96","Non quality blocked","Wrist"
"58","167","6","162","3","00:10:07","57","179","Quality blocked","Default"
"2","17","6","259","3","00:10:07","195","141","Non quality blocked","Default"
"78","203","28","121","3","00:10:09","447","87","Non quality blocked","Wrist"
"199","89","64","174","3","00:10:09","557","205","Non quality blocked","Wrist"
"5","26","28","85","3","00:10:10","414","75","Non quality blocked","Wrist"
"99","12","6","259","3","00:10:10","87","253","Non quality blocked","Wrist"
"2","67","64","29","3","00:10:11","123","95","Quality blocked","Default"
"200","33","155","110","3","00:10:12","217","157","Non quality blocked","Snap"
"38","74","85","222","3","00:10:12","499","165","Quality blocked","Wrist"
"61","79","22","204","3","00:10:13","474","194","Quality blocked","Wrist"
"11","133","64","86","3","00:10:15","478","134","Quality blocked","Default"
"38","248","59","215","3","00:10:15","165","173","Non quality blocked","Default"
"56","51","28","227","3","00:10:17","174","200","Non quality blocked","Wrist"
"11","223","222","132","3","00:10:18","195","60","Non quality blocked","Wrist"
"21","87","155","183","3","00:10:19","458","207","Quality blocked","Wrist"
"210","50","59","211","3","00:10:19","442","93","Non quality blocked","Wrist"
"276","16","262","337","3","00:10:19","142","35","Non quality blocked","Default"
"78","56","59","65","3","00:10:23","174","159","Non quality blocked","Default"
"84","88","59","49","3","00:10:24","92","92","Quality blocked","Wrist"
"63","49","6","105","3","00:10:24","87","155","Quality blocked","Default"
"192","161","222","207","3","00:10:24","535","188","Quality blocked","Default"
"76","79","28","267","3","00:10:24","519","261","Non quality blocked","Wrist"
"32","71","64","67","3","00:10:26","162","109","Non quality blocked","Wrist"
"207","15","6","228","3","00:10:27","184","266","Non quality blocked","Snap"
"208","256","41","234","3","00:10:27","124","293","Non quality blocked","Wrist"
"68","190","22","204","3","00:10:28","498","194","Quality blocked","Wrist"
"44","68","64","164","3","00:10:29","445","152","Non quality blocked","Default"
"76","83","28","224","3","00:10:29","526","201","Non quality blocked","Wrist"
"63","35","28","267","3","00:10:29","407","37","Non quality blocked","Wrist"
"201","242","222","264","3","00:10:30","130","218","Quality blocked","Wrist"
"196","221","59","106","3","00:10:31","168","89","Non quality blocked","Snap"
"223","12","6","151","3","00:10:31","105","228","Non quality blocked","Default"
"183","2","155","259","3","00:10:32","397","88","Non quality blocked","Default"
"44","17","6","148","3","00:10:34","175","156","Non quality blocked","Default"
"7","35","41","48","3","00:10:35","201","144","Non quality blocked","Default"
"44","88","59","71","3","00:10:35","461","214","Quality blocked","Default"
"98","36","228","141","3","00:10:35","412","109","Non quality blocked","Default"
"128","67","64","166","3","00:10:36","121","198","Quality blocked","Wrist"
"31","229","228","214","3","00:10:36","144","75","Non quality blocked","Slap"
"32","68","64","30","3","00:10:39","444","187","Non quality blocked","Default"
"90","26","85","168","3","00:10:39","143","61","Non quality blocked","Wrist"
"90","89","64","203","3","00:10:39","213","56","Non quality blocked","Default"
"44","83","28","224","3","00:10:39","396","221","Non quality blocked","Slap"
"98","255","41","332","3","00:10:40","177","128","Non quality blocked","Wrist"
"34","198","85","170","3","00:10:42","425","183","Non quality blocked","Wrist"
"229","183","6","112","3","00:10:44","423","97","Non quality blocked","Wrist"
"56","101","64","41","3","00:10:45","141","88","Quality blocked","Wrist"
"33","97","121","102","3","00:10:47","187","150","Non quality blocked","Default"
"39","24","22","131","3","00:10:47","71","81","Non quality blocked","Wrist"
"84","76","64","67","3","00:10:48","155","115","Non quality blocked","Wrist"
"89","79","123","100","3","00:10:48","442","130","Non quality blocked","Default"
"142","90","123","181","3","00:10:48","476","95","Quality blocked","Wrist"
"196","206","228","240","3","00:10:48","211","185","Non quality blocked","Snap"
"67","2","6","57","3","00:10:50","443","224","Non quality blocked","Default"
"206","90","123","186","3","00:10:50","480","187","Quality blocked","Default"
"5","191","123","247","3","00:10:50","191","227","Non quality blocked","Wrist"
"118","44","228","179","3","00:10:51","518","191","Quality blocked","Wrist"
"38","78","6","237","3","00:10:51","157","235","Non quality blocked","Default"
"36","98","85","170","3","00:10:52","431","98","Non quality blocked","Wrist"
"245","180","59","223","3","00:10:52","501","187","Quality blocked","Wrist"
"11","7","6","98","3","00:10:53","497","209","Quality blocked","Default"
"181","38","238","229","3","00:10:53","207","141","Non quality blocked","Wrist"
"84","198","59","231","3","00:10:53","495","259","Non quality blocked","Wrist"
"13","99","28","121","3","00:10:54","549","257","Non quality blocked","Wrist"
"56","230","155","128","3","00:10:54","453","65","Non quality blocked","Wrist"
"78","203","85","163","3","00:10:55","129","193","Quality blocked","Wrist"
"83","62","222","200","3","00:10:55","417","225","Non quality blocked","Wrist"
"190","62","222","207","3","00:10:55","512","155","Quality blocked","Wrist"
"71","24","123","208","3","00:10:55","455","99","Non quality blocked","Wrist"
"207","65","85","232","3","00:10:55","144","177","Quality blocked","Wrist"
"83","76","64","67","3","00:10:56","155","238","Non quality blocked","Wrist"
"244","17","6","218","3","00:10:56","182","186","Non quality blocked","Default"
"12","67","211","255","3","00:10:56","167","261","Non quality blocked","Snap"
"16","62","222","171","3","00:10:57","107","161","Quality blocked","Wrist"
"61","11","123","196","3","00:10:59","157","211","Non quality blocked","Default"
"24","66","64","40","3","00:11:00","141","196","Quality blocked","Default"
"229","62","59","155","3","00:11:00","432","236","Non quality blocked","Default"
"185","79","28","213","3","00:11:00","122","177","Quality blocked","Default"
"32","79","123","119","3","00:11:01","548","215","Non quality blocked","Wrist"
"34","198","85","170","3","00:11:01","507","249","Non quality blocked","Wrist"
"13","60","59","65","3","00:11:02","69","93","Non quality blocked","Wrist"
"125","51","28","199","3","00:11:02","499","81","Quality blocked","Wrist"
"129","180","19","134","3","00:11:04","201","254","Non quality blocked","Wrist"
"82","210","64","158","3","00:11:05","64","163","Quality blocked","Default"
"210","182","6","259","3","00:11:05","130","155","Quality blocked","Default"
"115","81","85","33","3","00:11:06","543","129","Quality blocked","Snap"
"196","24","22","131","3","00:11:06","204","165","Non quality blocked","Wrist"
"60","83","28","214","3","00:11:08","390","105","Non quality blocked","Slap"
"129","240","222","249","3","00:11:08","401","153","Non quality blocked","Default"
"104","47","155","43","3","00:11:09","433","117","Non quality blocked","Default"
"52","16","6","185","3","00:11:09","411","54","Non quality blocked","Wrist"
"56","23","22","241","3","00:11:09","171","219","Non quality blocked","Wrist"
"185","210","64","133","3","00:11:10","195","87","Non quality blocked","Wrist"
"60","156","28","37","3","00:11:11","399","225","Non quality blocked","Wrist"
"65","196","28","174","3","00:11:11","112","118","Quality blocked","Tip"
"221","129","123","207","3","00:11:13","174","208","Non quality blocked","Wrist"
"84","25","22","55","3","00:11:15","405","96","Non quality blocked","Wrist"
"5","23","123","247","3","00:11:15","207","271","Non quality blocked","Wrist"
"168","71","64","47","3","00:11:16","480","92","Quality blocked","Default"
"47","26","28","60","3","00:11:16","401","21","Non quality blocked","Wrist"
"11","73","64","196","3","00:11:16","391","241","Non quality blocked","Default"
"17","244","211","218","3","00:11:16","425","141","Non quality blocked","Wrist"
"44","108","290","336","3","00:11:16","519","237","Non quality blocked","Default"
"185","30","228","228","3","00:11:17","398","21","Non quality blocked","Wrist"
"190","47","155","124","3","00:11:18","126","49","Non quality blocked","Wrist"
"89","205","228","189","3","00:11:18","113","219","Quality blocked","Default"
"98","5","6","180","3","00:11:22","137","231","Non quality blocked","Wrist"
"181","203","28","190","3","00:11:26","449","227","Non quality blocked","Snap"
"67","129","22","169","3","00:11:27","477","178","Quality blocked","Default"
"24","99","28","119","3","00:11:28","183","221","Non quality blocked","Wrist"
"116","81","85","33","3","00:11:29","525","161","Quality blocked","Tip"
"31","189","22","262","3","00:11:32","474","129","Quality blocked","Snap"
"83","61","59","49","3","00:11:33","199","128","Non quality blocked","Slap"
"68","129","64","263","3","00:11:35","400","169","Non quality blocked","Default"
"32","11","123","149","3","00:11:37","181","254","Non quality blocked","Wrist"
"63","221","290","336","3","00:11:37","424","113","Non quality blocked","Default"
"181","220","59","101","3","00:11:38","501","186","Quality blocked","Wrist"
"87","99","85","170","3","00:11:39","499","225","Quality blocked","Wrist"
"188","116","28","131","3","00:11:40","453","93","Non quality blocked","Wrist"
"34","12","6","179","3","00:11:40","74","110","Quality blocked","Wrist"
"7","104","22","50","3","00:11:41","141","201","Quality blocked","Default"
"88","83","28","137","3","00:11:41","473","128","Quality blocked","Wrist"
"198","62","222","197","3","00:11:41","124","153","Quality blocked","Snap"
"219","227","64","226","3","00:11:42","387","82","Non quality blocked","Wrist"
"208","23","22","204","3","00:11:44","403","165","Non quality blocked","Wrist"
"66","101","216","334","3","00:11:45","500","26","Non quality blocked","Default"
"60","74","64","54","3","00:11:46","203","250","Non quality blocked","Snap"
"245","212","6","228","3","00:11:47","168","63","Non quality blocked","Wrist"
"31","1","6","85","3","00:11:48","94","171","Quality blocked","Wrist"
"24","13","6","98","3","00:11:48","393","144","Non quality blocked","Default"
"78","87","228","148","3","00:11:48","463","26","Non quality blocked","Default"
"259","5","28","213","3","00:11:48","155","177","Non quality blocked","Wrist"
"44","30","85","170","3","00:11:49","408","230","Non quality blocked","Wrist"
"196","190","22","216","3","00:11:49","206","175","Non quality blocked","Wrist"
"205","62","59","125","3","00:11:50","57","102","Non quality blocked","Wrist"
"60","83","28","214","3","00:11:52","384","160","Non quality blocked","Wrist"
"8","99","85","163","3","00:11:53","165","77","Non quality blocked","Wrist"
"24","84","28","262","3","00:11:53","210","269","Non quality blocked","Wrist"
"229","99","28","110","3","00:11:54","403","283","Non quality blocked","Wrist"
"13","51","59","83","3","00:11:55","121","213","Quality blocked","Default"
"32","2","6","180","3","00:11:55","126","199","Quality blocked","Wrist"
"203","97","41","234","3","00:11:55","141","241","Non quality blocked","Wrist"
"51","5","6","87","3","00:11:56","199","5","Non quality blocked","Wrist"
"11","83","85","149","3","00:11:56","520","240","Non quality blocked","Wrist"
"188","219","222","233","3","00:11:56","190","241","Non quality blocked","Default"
"230","99","28","161","3","00:11:57","146","110","Non quality blocked","Wrist"
"30","12","6","87","3","00:11:58","114","106","Quality blocked","Wrist"
"49","203","28","121","3","00:11:58","464","243","Non quality blocked","Wrist"
"13","118","22","97","3","00:11:59","529","68","Non quality blocked","Default"
"2","223","222","185","3","00:11:59","68","169","Quality blocked","Default"
"71","149","6","237","3","00:11:59","200","214","Non quality blocked","Default"
"24","101","64","84","3","00:12:00","403","35","Non quality blocked","Default"
"63","99","28","174","3","00:12:00","125","160","Quality blocked","Wrist"
"195","198","59","239","3","00:12:00","473","139","Quality blocked","Snap"
"50","51","28","62","3","00:12:02","162","71","Non quality blocked","Snap"
"83","2","19","99","3","00:12:02","420","250","Non quality blocked","Wrist"
"209","169","22","195","3","00:12:02","110","84","Quality blocked","Default"
"90","99","28","119","3","00:12:04","188","99","Non quality blocked","Default"
"61","2","6","145","3","00:12:04","107","153","Quality blocked","Default"
"75","50","59","122","3","00:12:06","77","167","Quality blocked","Default"
"180","204","228","148","3","00:12:06","450","241","Non quality blocked","Default"
"31","208","64","166","3","00:12:06","171","170","Non quality blocked","Wrist"
"58","67","64","72","3","00:12:07","429","189","Non quality blocked","Default"
"53","60","228","212","3","00:12:07","118","271","Non quality blocked","Default"
"189","34","155","183","3","00:12:08","449","160","Non quality blocked","Wrist"
"196","149","41","234","3","00:12:08","158","82","Non quality blocked","Wrist"
"118","163","85","33","3","00:12:09","403","67","Non quality blocked","Slap"
"205","189","123","265","3","00:12:10","391","161","Non quality blocked","Wrist"
"83","205","228","258","3","00:12:11","512","194","Quality blocked","Snap"
"44","84","28","224","3","00:12:13","396","263","Non quality blocked","Slap"
"209","50","59","108","3","00:12:14","525","115","Quality blocked","Default"
"63","79","28","224","3","00:12:15","507","105","Quality blocked","Wrist"
"12","25","22","230","3","00:12:15","393","78","Non quality blocked","Slap"
"115","207","228","242","3","00:12:15","457","242","Non quality blocked","Default"
"75","229","155","114","3","00:12:18","488","155","Quality blocked","Snap"
"13","53","222","171","3","00:12:18","199","84","Non quality blocked","Slap"
"42","169","123","130","3","00:12:21","138","237","Non quality blocked","Wrist"
"142","1","6","259","3","00:12:21","168","133","Non quality blocked","Wrist"
"65","101","222","222","3","00:12:22","126","134","Quality blocked","Default"
"191","5","19","126","3","00:12:23","72","81","Non quality blocked","Wrist"
"79","183","19","126","3","00:12:25","165","167","Non quality blocked","Default"
"98","169","123","175","3","00:12:27","522","201","Quality blocked","Snap"
"68","285","228","232","3","00:12:27","399","129","Non quality blocked","Snap"
"12","98","85","42","3","00:12:28","417","102","Non quality blocked","Wrist"
"225","185","41","332","3","00:12:28","122","243","Non quality blocked","Wrist"
"203","21","123","149","3","00:12:31","202","276","Non quality blocked","Wrist"
"45","50","59","223","3","00:12:33","434","130","Non quality blocked","Wrist"
"58","87","155","71","3","00:12:34","141","258","Non quality blocked","Default"
"23","180","64","270","3","00:12:34","119","206","Quality blocked","Wrist"
"11","9","155","183","3","00:12:35","416","224","Non quality blocked","Snap"
"76","21","22","195","3","00:12:36","165","114","Non quality blocked","Default"
"182","20","22","230","3","00:12:36","393","266","Non quality blocked","Wrist"
"84","68","85","238","3","00:12:36","84","144","Quality blocked","Wrist"
"33","162","28","35","3","00:12:37","123","216","Quality blocked","Wrist"
"223","132","211","235","3","00:12:37","462","90","Quality blocked","Wrist"
"38","207","64","104","3","00:12:38","472","146","Quality blocked","Wrist"
"227","61","64","128","3","00:12:38","467","31","Non quality blocked","Default"
"89","32","85","138","3","00:12:38","398","69","Non quality blocked","Wrist"
"89","79","123","88","3","00:12:39","496","128","Quality blocked","Wrist"
"47","316","85","248","3","00:12:39","377","137","Non quality blocked","Wrist"
"114","118","6","173","3","00:12:43","493","258","Non quality blocked","Wrist"
"245","188","22","256","3","00:12:43","159","135","Non quality blocked","Snap"
"259","229","228","269","3","00:12:43","116","176","Quality blocked","Wrist"
"227","51","28","110","3","00:12:44","460","225","Quality blocked","Wrist"
"44","191","123","210","3","00:12:44","383","128","Non quality blocked","Slap"
"78","99","28","85","3","00:12:45","458","221","Quality blocked","Wrist"
"89","129","123","92","3","00:12:45","101","222","Quality blocked","Default"
"73","72","59","122","3","00:12:46","173","222","Non quality blocked","Wrist"
"149","98","28","60","3","00:12:47","413","47","Non quality blocked","Snap"
"125","162","28","66","3","00:12:49","453","121","Non quality blocked","Default"
"11","16","6","97","3","00:12:49","144","179","Non quality blocked","Wrist"
"5","75","211","118","3","00:12:49","437","240","Non quality blocked","Default"
"180","76","64","133","3","00:12:49","197","99","Non quality blocked","Wrist"
"117","25","22","70","3","00:12:50","507","107","Quality blocked","Default"
"56","39","28","174","3","00:12:50","188","69","Non quality blocked","Wrist"
"58","2","6","65","3","00:12:51","447","212","Non quality blocked","Wrist"
"103","87","154","73","3","00:12:51","471","131","Quality blocked","Wrist"
"272","63","211","227","3","00:12:51","440","58","Non quality blocked","Wrist"
"15","47","228","269","3","00:12:51","106","177","Quality blocked","Wrist"
"73","1","6","105","3","00:12:52","75","205","Non quality blocked","Default"
"11","149","155","107","3","00:12:52","124","139","Quality blocked","Wrist"
"204","90","22","117","3","00:12:52","110","212","Quality blocked","Wrist"
"49","68","70","52","3","00:12:53","507","172","Quality blocked","Default"
"68","229","228","232","3","00:12:54","472","264","Non quality blocked","Snap"
"11","181","6","109","3","00:12:55","389","192","Non quality blocked","Wrist"
"52","30","28","152","3","00:12:55","151","225","Non quality blocked","Wrist"
"203","75","64","166","3","00:12:55","208","272","Non quality blocked","Wrist"
"53","90","22","31","3","00:12:56","156","138","Non quality blocked","Snap"
"30","7","6","42","3","00:12:56","140","146","Quality blocked","Tip"
"210","223","59","140","3","00:12:56","129","130","Quality blocked","Default"
"203","205","155","110","3","00:12:57","176","258","Non quality blocked","Wrist"
"102","68","64","40","3","00:13:00","77","81","Non quality blocked","Default"
"253","285","228","258","3","00:13:01","500","116","Quality blocked","Snap"
"67","220","59","122","3","00:13:02","200","81","Non quality blocked","Wrist"
"56","219","59","129","3","00:13:02","401","69","Non quality blocked","Default"
"32","150","155","46","3","00:13:03","480","76","Quality blocked","Default"
"169","220","222","181","3","00:13:03","189","263","Non quality blocked","Wrist"
"219","52","6","237","3","00:13:03","184","278","Non quality blocked","Default"
"167","68","70","52","3","00:13:04","419","225","Non quality blocked","Default"
"63","31","28","37","3","00:13:05","501","112","Quality blocked","Wrist"
"56","189","22","241","3","00:13:05","190","233","Non quality blocked","Wrist"
"118","83","28","264","3","00:13:05","439","41","Non quality blocked","Wrist"
"157","11","59","253","3","00:13:06","194","178","Non quality blocked","Wrist"
"52","36","155","234","3","00:13:07","425","22","Non quality blocked","Default"
"200","79","28","238","3","00:13:08","415","293","Non quality blocked","Wrist"
"199","167","22","262","3","00:13:09","522","115","Quality blocked","Wrist"
"100","129","64","263","3","00:13:09","523","124","Quality blocked","Backhand"
"79","73","211","142","3","00:13:10","382","160","Non quality blocked","Default"
"62","23","123","44","3","00:13:11","399","110","Non quality blocked","Wrist"
"71","227","155","114","3","00:13:11","448","131","Non quality blocked","Slap"
"31","12","186","190","3","00:13:12","113","203","Quality blocked","Wrist"
"72","78","186","101","3","00:13:15","66","224","Non quality blocked","Wrist"
"63","87","41","104","3","00:13:15","87","132","Quality blocked","Wrist"
"205","12","6","179","3","00:13:15","143","85","Quality blocked","Wrist"
"32","36","155","60","3","00:13:17","197","118","Non quality blocked","Slap"
"169","57","222","208","3","00:13:17","146","226","Non quality blocked","Default"
"56","189","22","241","3","00:13:18","159","178","Non quality blocked","Wrist"
"78","89","59","220","3","00:13:19","167","130","Non quality blocked","Wrist"
"219","132","211","235","3","00:13:19","455","102","Non quality blocked","Wrist"
"223","208","211","178","3","00:13:21","195","266","Non quality blocked","Slap"
"36","90","22","183","3","00:13:21","114","157","Quality blocked","Wrist"
"98","87","228","243","3","00:13:22","459","202","Quality blocked","Default"
"200","208","155","261","3","00:13:23","438","224","Non quality blocked","Wrist"
"161","51","28","106","3","00:13:24","478","219","Quality blocked","Wrist"
"157","163","41","35","3","00:13:25","501","243","Non quality blocked","Wrist"
"183","57","222","185","3","00:13:25","69","218","Non quality blocked","Wrist"
"50","196","28","199","3","00:13:25","399","256","Non quality blocked","Wrist"
"198","1","19","121","3","00:13:26","179","183","Non quality blocked","Wrist"
"84","232","6","213","3","00:13:26","462","245","Non quality blocked","Slap"
"50","129","22","31","3","00:13:27","126","142","Quality blocked","Backhand"
"42","203","85","170","3","00:13:27","456","86","Quality blocked","Wrist"
"246","89","59","220","3","00:13:28","111","244","Non quality blocked","Wrist"
"161","129","123","132","3","00:13:29","468","169","Quality blocked","Wrist"
"83","224","59","176","3","00:13:29","96","138","Quality blocked","Wrist"
"79","220","222","208","3","00:13:32","132","259","Non quality blocked","Default"
"137","7","6","34","3","00:13:33","485","165","Quality blocked","Default"
"91","81","85","58","3","00:13:33","407","181","Non quality blocked","Wrist"
"68","50","59","72","3","00:13:34","208","225","Non quality blocked","Default"
"198","34","155","161","3","00:13:34","483","133","Quality blocked","Wrist"
"196","71","222","201","3","00:13:35","423","46","Non quality blocked","Default"
"89","219","222","215","3","00:13:35","503","126","Quality blocked","Default"
"63","190","22","241","3","00:13:35","177","102","Non quality blocked","Wrist"
"90","142","222","115","3","00:13:36","150","73","Non quality blocked","Wrist"
"60","169","123","181","3","00:13:36","495","210","Quality blocked","Wrist"
"201","2","19","121","3","00:13:37","129","180","Quality blocked","Snap"
"44","65","134","189","3","00:13:37","401","150","Non quality blocked","Default"
"71","24","22","191","3","00:13:37","213","63","Non quality blocked","Wrist"
"21","56","64","159","3","00:13:38","521","231","Non quality blocked","Default"
"167","52","222","185","3","00:13:38","165","235","Non quality blocked","Wrist"
"56","131","64","41","3","00:13:39","195","254","Non quality blocked","Snap"
"246","114","59","220","3","00:13:39","198","178","Non quality blocked","Wrist"
"203","71","238","229","3","00:13:39","207","165","Non quality blocked","Wrist"
"68","189","22","241","3","00:13:39","169","94","Non quality blocked","Wrist"
"23","9","6","38","3","00:13:40","51","30","Non quality blocked","Wrist"
"87","27","6","157","3","00:13:41","414","210","Non quality blocked","Default"
"71","31","28","264","3","00:13:42","405","96","Non quality blocked","Wrist"
"11","247","123","270","3","00:13:42","466","183","Quality blocked","Wrist"
"68","90","123","203","3","00:13:43","396","261","Non quality blocked","Default"
"118","69","64","40","3","00:13:45","170","195","Non quality blocked","Wrist"
"74","203","28","154","3","00:13:45","410","213","Non quality blocked","Wrist"
"58","311","211","336","3","00:13:45","87","241","Non quality blocked","Default"
"11","199","28","156","3","00:13:47","399","171","Non quality blocked","Slap"
"88","203","28","200","3","00:13:47","159","170","Non quality blocked","Wrist"
"53","169","123","209","3","00:13:47","453","227","Non quality blocked","Default"
"11","60","228","242","3","00:13:49","391","160","Non quality blocked","Default"
"242","191","22","219","3","00:13:50","156","228","Non quality blocked","Default"
"87","189","123","130","3","00:13:51","151","39","Non quality blocked","Wrist"
"90","36","154","73","3","00:13:52","426","129","Non quality blocked","Slap"
"223","42","228","167","3","00:13:52","183","93","Non quality blocked","Wrist"
"88","183","6","113","3","00:13:54","426","113","Non quality blocked","Wrist"
"192","38","222","226","3","00:13:54","75","110","Quality blocked","Wrist"
"57","99","28","176","3","00:13:55","410","240","Non quality blocked","Wrist"
"34","53","59","120","3","00:13:56","87","140","Quality blocked","Wrist"
"52","199","28","137","3","00:13:56","410","262","Non quality blocked","Wrist"
"129","67","64","90","3","00:13:57","61","249","Non quality blocked","Wrist"
"78","44","228","179","3","00:13:58","508","149","Quality blocked","Wrist"
"15","79","48","337","3","00:13:58","458","159","Quality blocked","Snap"
"204","214","64","128","3","00:13:59","201","219","Non quality blocked","Wrist"
"115","125","222","132","3","00:14:00","151","100","Non quality blocked","Wrist"
"4","66","211","140","3","00:14:00","468","134","Quality blocked","Default"
"45","129","64","217","3","00:14:00","150","136","Non quality blocked","Slap"
"128","46","154","61","3","00:14:01","513","147","Quality blocked","Default"
"63","242","222","222","3","00:14:01","95","193","Quality blocked","Wrist"
"242","200","85","334","3","00:14:02","77","209","Non quality blocked","Default"
"192","224","222","132","3","00:14:04","128","104","Quality blocked","Wrist"
"74","200","28","174","3","00:14:05","185","267","Non quality blocked","Wrist"
"13","129","22","134","3","00:14:06","503","65","Non quality blocked","Wrist"
"37","111","6","32","3","00:14:07","427","95","Non quality blocked","Default"
"231","196","28","110","3","00:14:07","520","188","Quality blocked","Wrist"
"62","99","28","137","3","00:14:07","450","51","Non quality blocked","Wrist"
"32","67","64","154","3","00:14:07","162","54","Non quality blocked","Wrist"
"209","283","228","217","3","00:14:07","507","131","Quality blocked","Snap"
"212","79","123","100","3","00:14:08","525","182","Quality blocked","Default"
"15","157","48","337","3","00:14:08","466","189","Quality blocked","Snap"
"158","90","123","33","3","00:14:09","75","196","Quality blocked","Wrist"
"31","62","59","172","3","00:14:09","501","90","Quality blocked","Default"
"52","189","123","209","3","00:14:10","398","243","Non quality blocked","Default"
"220","65","211","178","3","00:14:11","121","227","Quality blocked","Snap"
"83","183","19","121","3","00:14:12","210","188","Non quality blocked","Wrist"
"71","65","211","140","3","00:14:12","511","152","Quality blocked","Default"
"100","62","59","72","3","00:14:13","62","207","Non quality blocked","Default"
"47","78","6","112","3","00:14:15","424","209","Non quality blocked","Wrist"
"11","67","134","204","3","00:14:17","211","75","Non quality blocked","Wrist"
"204","269","22","330","3","00:14:17","177","75","Non quality blocked","Default"
"100","99","85","47","3","00:14:18","143","9","Non quality blocked","Default"
"104","50","222","207","3","00:14:19","482","56","Non quality blocked","Wrist"
"67","32","28","67","3","00:14:21","400","225","Non quality blocked","Wrist"
"2","86","64","145","3","00:14:21","412","29","Non quality blocked","Default"
"196","104","123","168","3","00:14:21","473","81","Quality blocked","Slap"
"167","97","123","147","3","00:14:22","209","41","Non quality blocked","Wrist"
"242","199","28","264","3","00:14:22","403","141","Non quality blocked","Wrist"
"89","11","22","159","3","00:14:23","161","246","Non quality blocked","Default"
"205","183","6","228","3","00:14:24","144","75","Quality blocked","Wrist"
"20","87","155","183","3","00:14:25","465","210","Quality blocked","Wrist"
"208","285","228","221","3","00:14:26","214","284","Non quality blocked","Wrist"
"10","58","59","69","3","00:14:29","388","115","Non quality blocked","Slap"
"169","86","211","136","3","00:14:30","195","145","Non quality blocked","Wrist"
"167","196","155","216","3","00:14:30","435","201","Non quality blocked","Wrist"
"21","7","6","97","3","00:14:31","152","110","Non quality blocked","Slap"
"108","16","186","101","3","00:14:31","206","267","Non quality blocked","Wrist"
"196","50","222","200","3","00:14:32","477","69","Non quality blocked","Default"
"11","133","64","63","3","00:14:33","409","219","Non quality blocked","Default"
"131","24","123","92","3","00:14:34","125","53","Non quality blocked","Default"
"150","23","22","73","3","00:14:35","219","46","Non quality blocked","Wrist"
"24","51","28","247","3","00:14:35","405","40","Non quality blocked","Wrist"
"116","35","155","43","3","00:14:36","183","82","Non quality blocked","Wrist"
"25","67","64","86","3","00:14:36","434","69","Non quality blocked","Default"
"31","149","41","35","3","00:14:37","491","165","Quality blocked","Backhand"
"44","2","6","68","3","00:14:38","197","44","Non quality blocked","Default"
"21","42","155","186","3","00:14:39","100","141","Quality blocked","Wrist"
"253","249","228","243","3","00:14:39","415","48","Non quality blocked","Wrist"
"78","116","22","95","3","00:14:40","136","207","Quality blocked","Default"
"75","88","59","108","3","00:14:40","498","137","Quality blocked","Default"
"56","183","6","145","3","00:14:40","204","128","Non quality blocked","Default"
"60","68","211","178","3","00:14:40","93","163","Quality blocked","Default"
"7","126","64","45","3","00:14:41","391","219","Non quality blocked","Default"
"32","71","64","66","3","00:14:41","89","89","Quality blocked","Default"
"57","311","85","334","3","00:14:41","147","184","Non quality blocked","Default"
"84","50","59","176","3","00:14:42","209","259","Non quality blocked","Wrist"
"24","98","28","119","3","00:14:44","170","264","Non quality blocked","Wrist"
"68","60","228","248","3","00:14:45","157","74","Non quality blocked","Wrist"
"11","67","64","86","3","00:14:46","435","114","Non quality blocked","Default"
"23","209","64","111","3","00:14:46","426","117","Non quality blocked","Default"
"21","47","155","43","3","00:14:49","452","178","Non quality blocked","Default"
"58","99","28","62","3","00:14:51","208","174","Non quality blocked","Snap"
"52","84","28","201","3","00:14:51","146","94","Non quality blocked","Default"
"17","2","155","259","3","00:14:51","456","171","Non quality blocked","Backhand"
"203","76","211","261","3","00:14:51","196","250","Non quality blocked","Wrist"
"31","11","22","131","3","00:14:53","154","220","Non quality blocked","Wrist"
"83","87","41","35","3","00:14:54","423","187","Non quality blocked","Wrist"
"200","53","59","176","3","00:14:54","204","117","Non quality blocked","Slap"
"17","90","123","94","3","00:14:55","132","184","Quality blocked","Default"
"65","138","155","245","3","00:14:55","96","216","Quality blocked","Wrist"
"89","115","22","84","3","00:14:57","164","161","Non quality blocked","Default"
"142","8","186","101","3","00:14:57","211","144","Non quality blocked","Wrist"
"21","36","155","186","3","00:14:57","84","185","Quality blocked","Wrist"
"253","63","85","238","3","00:14:57","204","123","Non quality blocked","Slap"
"118","50","48","44","3","00:14:58","38","135","Non quality blocked","Default"
"36","67","64","114","3","00:14:58","69","108","Quality blocked","Slap"
"21","100","211","142","3","00:14:58","423","207","Non quality blocked","Default"
"236","210","155","216","3","00:15:00","413","141","Non quality blocked","Wrist"
"104","44","155","130","3","00:15:02","504","82","Quality blocked","Wrist"
"83","67","211","267","3","00:15:03","213","49","Non quality blocked","Snap"
"12","99","85","42","3","00:15:05","378","80","Non quality blocked","Wrist"
"15","168","28","85","3","00:15:05","401","31","Non quality blocked","Slap"
"31","65","64","166","3","00:15:06","63","157","Quality blocked","Wrist"
"11","72","59","144","3","00:15:07","411","157","Non quality blocked","Default"
"102","203","85","149","3","00:15:07","493","95","Quality blocked","Wrist"
"90","138","85","58","3","00:15:08","394","261","Non quality blocked","Wrist"
"16","62","59","113","3","00:15:08","80","225","Non quality blocked","Wrist"
"205","118","64","217","3","00:15:09","143","151","Quality blocked","Snap"
"76","90","22","159","3","00:15:10","135","141","Quality blocked","Default"
"56","38","155","164","3","00:15:10","173","213","Non quality blocked","Default"
"203","11","123","168","3","00:15:10","381","95","Non quality blocked","Wrist"
"32","206","155","170","3","00:15:11","166","85","Non quality blocked","Wrist"
"286","200","85","334","3","00:15:11","139","41","Non quality blocked","Default"
"24","180","6","123","3","00:15:12","166","244","Non quality blocked","Wrist"
"58","78","6","151","3","00:15:13","159","231","Non quality blocked","Default"
"71","97","6","251","3","00:15:14","412","245","Non quality blocked","Default"
"49","223","222","185","3","00:15:15","142","58","Non quality blocked","Wrist"
"32","24","123","156","3","00:15:16","93","195","Quality blocked","Snap"
"91","230","228","117","3","00:15:17","449","240","Non quality blocked","Slap"
"32","52","59","37","3","00:15:19","152","164","Non quality blocked","Wrist"
"74","38","154","61","3","00:15:19","387","122","Non quality blocked","Slap"
"189","116","85","175","3","00:15:19","136","88","Quality blocked","Wrist"
"34","50","59","211","3","00:15:19","477","104","Quality blocked","Snap"
"227","51","28","146","3","00:15:20","531","198","Non quality blocked","Wrist"
"199","9","228","243","3","00:15:21","490","98","Quality blocked","Wrist"
"164","87","41","35","3","00:15:22","504","158","Quality blocked","Wrist"
"104","67","64","86","3","00:15:22","499","154","Quality blocked","Default"
"53","167","6","151","3","00:15:22","117","86","Quality blocked","Default"
"71","89","64","249","3","00:15:22","106","117","Quality blocked","Default"
"286","316","85","334","3","00:15:22","169","251","Non quality blocked","Default"
"44","75","64","128","3","00:15:23","193","64","Non quality blocked","Default"
"188","98","28","131","3","00:15:23","403","83","Non quality blocked","Slap"
"42","79","123","186","3","00:15:23","527","206","Non quality blocked","Default"
"47","83","28","161","3","00:15:25","105","170","Quality blocked","Slap"
"73","53","59","72","3","00:15:26","147","183","Non quality blocked","Default"
"180","212","6","220","3","00:15:26","401","207","Non quality blocked","Snap"
"11","219","59","144","3","00:15:27","393","158","Non quality blocked","Default"
"30","219","222","103","3","00:15:28","112","215","Quality blocked","Wrist"
"13","24","22","50","3","00:15:29","435","234","Non quality blocked","Wrist"
"87","25","123","186","3","00:15:29","471","116","Quality blocked","Default"
"285","149","6","228","3","00:15:29","173","127","Non quality blocked","Snap"
"210","12","186","187","3","00:15:31","471","222","Quality blocked","Default"
"56","241","222","222","3","00:15:31","185","245","Non quality blocked","Wrist"
"44","140","64","263","3","00:15:31","452","12","Non quality blocked","Wrist"
"87","71","64","114","3","00:15:33","81","139","Quality blocked","Default"
"273","232","41","332","3","00:15:34","171","63","Non quality blocked","Wrist"
"34","99","28","110","3","00:15:35","544","191","Non quality blocked","Wrist"
"110","230","155","139","3","00:15:35","115","243","Non quality blocked","Default"
"71","50","59","215","3","00:15:35","192","79","Non quality blocked","Default"
"18","209","59","246","3","00:15:37","171","210","Non quality blocked","Wrist"
"38","32","28","60","3","00:15:40","549","155","Quality blocked","Wrist"
"32","30","228","258","3","00:15:40","539","166","Quality blocked","Tip"
"100","56","59","72","3","00:15:41","237","160","Non quality blocked","Default"
"49","11","123","109","3","00:15:41","165","159","Non quality blocked","Wrist"
"26","180","19","121","3","00:15:42","209","93","Non quality blocked","Wrist"
"21","60","222","181","3","00:15:42","156","69","Non quality blocked","Snap"
"35","55","59","71","3","00:15:43","387","141","Non quality blocked","Default"
"83","90","123","168","3","00:15:44","480","213","Quality blocked","Snap"
"52","167","22","230","3","00:15:44","421","70","Non quality blocked","Default"
"203","50","59","266","3","00:15:45","141","189","Quality blocked","Wrist"
"198","24","123","239","3","00:15:46","100","128","Quality blocked","Wrist"
"12","23","22","50","3","00:15:47","482","159","Quality blocked","Wrist"
"89","180","6","145","3","00:15:47","116","201","Quality blocked","Default"
"12","71","222","127","3","00:15:48","451","168","Non quality blocked","Default"
"98","169","22","131","3","00:15:48","43","80","Non quality blocked","Wrist"
"138","230","228","146","3","00:15:48","94","209","Quality blocked","Wrist"
"169","220","222","208","3","00:15:51","201","257","Non quality blocked","Default"
"198","223","222","249","3","00:15:51","513","152","Quality blocked","Default"
"87","212","64","164","3","00:15:52","414","251","Non quality blocked","Default"
"53","44","211","235","3","00:15:52","424","227","Non quality blocked","Wrist"
"87","25","22","256","3","00:15:52","194","267","Non quality blocked","Slap"
"185","30","28","173","3","00:15:53","197","33","Non quality blocked","Snap"
"31","16","186","190","3","00:15:53","146","209","Non quality blocked","Wrist"
"78","118","22","96","3","00:15:54","453","244","Non quality blocked","Default"
"71","74","211","140","3","00:15:54","429","194","Non quality blocked","Wrist"
"63","24","123","210","3","00:15:54","432","56","Non quality blocked","Wrist"
"68","195","22","241","3","00:15:55","201","122","Non quality blocked","Wrist"
"11","40","228","242","3","00:15:55","405","152","Non quality blocked","Default"
"87","221","59","125","3","00:15:56","70","99","Non quality blocked","Wrist"
"79","224","59","144","3","00:15:57","393","175","Non quality blocked","Default"
"25","5","28","262","3","00:15:57","171","195","Non quality blocked","Wrist"
"20","196","85","149","3","00:15:58","483","163","Quality blocked","Wrist"
"4","192","123","209","3","00:15:58","466","147","Quality blocked","Default"
"13","50","59","266","3","00:15:58","84","128","Quality blocked","Wrist"
"203","17","6","250","3","00:15:59","414","69","Non quality blocked","Snap"
"30","62","222","197","3","00:16:01","117","221","Quality blocked","Wrist"
"245","188","22","256","3","00:16:01","213","139","Non quality blocked","Wrist"
"115","2","6","97","3","00:16:03","125","215","Quality blocked","Wrist"
"68","203","85","138","3","00:16:04","411","264","Non quality blocked","Wrist"
"274","229","228","214","3","00:16:04","327","146","Non quality blocked","Wrist"
"49","99","28","49","3","00:16:05","423","261","Non quality blocked","Wrist"
"161","67","211","178","3","00:16:05","109","78","Quality blocked","Slap"
"58","203","28","137","3","00:16:06","459","248","Non quality blocked","Wrist"
"183","207","64","133","3","00:16:07","148","98","Non quality blocked","Wrist"
"47","84","28","60","3","00:16:08","409","70","Non quality blocked","Slap"
"56","247","22","241","3","00:16:08","183","241","Non quality blocked","Wrist"
"89","180","6","145","3","00:16:09","170","153","Non quality blocked","Default"
"58","229","155","155","3","00:16:09","118","245","Non quality blocked","Default"
"84","244","85","238","3","00:16:10","209","284","Non quality blocked","Default"
"84","189","123","175","3","00:16:14","459","132","Quality blocked","Wrist"
"161","67","211","178","3","00:16:14","114","147","Quality blocked","Wrist"
"138","131","64","67","3","00:16:15","165","184","Non quality blocked","Wrist"
"204","71","64","114","3","00:16:15","133","46","Non quality blocked","Default"
"49","99","28","37","3","00:16:19","445","213","Non quality blocked","Wrist"
"30","167","6","87","3","00:16:19","59","209","Non quality blocked","Wrist"
"67","104","123","196","3","00:16:19","203","123","Non quality blocked","Default"
"32","169","59","253","3","00:16:19","53","124","Quality blocked","Backhand"
"163","66","64","67","3","00:16:20","225","161","Non quality blocked","Wrist"
"242","191","22","233","3","00:16:21","427","36","Non quality blocked","Default"
"47","316","85","248","3","00:16:21","390","182","Non quality blocked","Wrist"
"66","115","123","86","3","00:16:23","130","121","Quality blocked","Default"
"183","203","28","190","3","00:16:27","473","149","Quality blocked","Wrist"
"227","230","228","217","3","00:16:27","475","171","Quality blocked","Wrist"
"11","42","48","231","3","00:16:30","186","37","Non quality blocked","Wrist"
"88","51","166","103","3","00:16:31","463","218","Quality blocked","Wrist"
"163","129","22","55","3","00:16:32","512","148","Quality blocked","Wrist"
"56","20","22","241","3","00:16:34","198","78","Non quality blocked","Wrist"
"247","79","28","247","3","00:16:34","469","135","Quality blocked","Wrist"
"80","5","6","42","3","00:16:36","81","109","Quality blocked","Wrist"
"88","200","211","336","3","00:16:36","200","240","Non quality blocked","Default"
"11","131","64","84","3","00:16:37","393","152","Non quality blocked","Default"
"189","227","155","183","3","00:16:37","445","99","Non quality blocked","Wrist"
"230","63","64","164","3","00:16:38","394","119","Non quality blocked","Default"
"32","1","6","64","3","00:16:40","469","102","Quality blocked","Default"
"230","61","64","150","3","00:16:40","174","93","Non quality blocked","Snap"
"32","53","59","172","3","00:16:40","458","193","Quality blocked","Default"
"58","38","228","125","3","00:16:41","501","170","Quality blocked","Default"
"11","36","134","335","3","00:16:41","99","177","Quality blocked","Wrist"
"12","21","22","70","3","00:16:43","412","177","Non quality blocked","Default"
"49","34","155","68","3","00:16:44","507","131","Quality blocked","Default"
"125","67","64","129","3","00:16:45","107","268","Non quality blocked","Default"
"223","30","28","199","3","00:16:45","513","14","Non quality blocked","Wrist"
"242","100","85","222","3","00:16:45","479","93","Quality blocked","Wrist"
"180","74","64","105","3","00:16:46","470","228","Non quality blocked","Default"
"18","83","28","173","3","00:16:46","127","149","Quality blocked","Snap"
"207","317","85","248","3","00:16:46","439","91","Non quality blocked","Wrist"
"68","149","6","255","3","00:16:46","402","187","Non quality blocked","Snap"
"285","98","28","258","3","00:16:46","67","167","Quality blocked","Snap"
"23","131","64","84","3","00:16:48","545","196","Non quality blocked","Default"
"15","207","64","133","3","00:16:48","216","135","Non quality blocked","Slap"
"76","20","22","195","3","00:16:51","74","206","Non quality blocked","Default"
"56","13","6","83","3","00:16:52","393","81","Non quality blocked","Default"
"88","56","211","122","3","00:16:52","456","81","Quality blocked","Default"
"63","180","6","105","3","00:16:53","127","144","Quality blocked","Default"
"256","89","59","246","3","00:16:53","61","217","Non quality blocked","Backhand"
"30","44","85","248","3","00:16:53","472","243","Non quality blocked","Default"
"129","27","85","55","3","00:16:54","194","93","Non quality blocked","Wrist"
"67","31","85","166","3","00:16:54","408","249","Non quality blocked","Wrist"
"138","47","155","170","3","00:16:54","191","144","Non quality blocked","Wrist"
"12","11","22","50","3","00:16:55","483","170","Quality blocked","Wrist"
"42","73","64","128","3","00:16:55","177","203","Non quality blocked","Default"
"40","129","123","186","3","00:16:55","443","101","Non quality blocked","Default"
"53","12","6","113","3","00:16:56","523","234","Non quality blocked","Wrist"
"65","31","28","227","3","00:16:56","202","178","Non quality blocked","Wrist"
"58","32","28","62","3","00:16:57","180","105","Non quality blocked","Snap"
"191","221","222","208","3","00:16:57","170","91","Non quality blocked","Default"
"99","35","155","110","3","00:16:58","197","211","Non quality blocked","Wrist"
"167","114","28","121","3","00:16:58","399","238","Non quality blocked","Wrist"
"129","61","59","59","3","00:16:59","431","278","Non quality blocked","Default"
"192","205","228","117","3","00:16:59","402","95","Non quality blocked","Wrist"
"26","84","28","224","3","00:16:59","443","100","Non quality blocked","Snap"
"16","39","155","56","3","00:17:00","453","226","Non quality blocked","Wrist"
"169","38","222","215","3","00:17:00","412","155","Non quality blocked","Default"
"142","84","28","37","3","00:17:01","470","175","Quality blocked","Wrist"
"5","11","22","70","3","00:17:03","390","76","Non quality blocked","Default"
"2","201","28","121","3","00:17:04","388","75","Non quality blocked","Wrist"
"76","129","123","153","3","00:17:05","465","150","Quality blocked","Default"
"167","104","22","134","3","00:17:07","387","275","Non quality blocked","Default"
"60","61","28","214","3","00:17:08","381","34","Non quality blocked","Backhand"
"89","87","228","242","3","00:17:08","465","82","Quality blocked","Default"
"65","162","28","66","3","00:17:09","486","99","Quality blocked","Default"
"40","11","123","51","3","00:17:10","497","119","Quality blocked","Wrist"
"147","67","64","61","3","00:17:10","67","198","Non quality blocked","Wrist"
"169","50","222","115","3","00:17:10","253","249","Non quality blocked","Wrist"
"242","277","228","212","3","00:17:11","183","153","Non quality blocked","Default"
"63","11","22","169","3","00:17:12","440","267","Non quality blocked","Default"
"11","189","123","239","3","00:17:13","131","170","Quality blocked","Default"
"16","118","123","94","3","00:17:15","146","205","Non quality blocked","Default"
"188","149","155","124","3","00:17:15","215","105","Non quality blocked","Slap"
"210","60","228","221","3","00:17:15","142","195","Quality blocked","Wrist"
"12","195","123","225","3","00:17:15","94","187","Quality blocked","Snap"
"44","83","28","60","3","00:17:16","442","174","Non quality blocked","Wrist"
"24","75","64","63","3","00:17:16","476","245","Non quality blocked","Default"
"196","246","41","234","3","00:17:16","204","55","Non quality blocked","Wrist"
"210","129","59","266","3","00:17:16","131","186","Quality blocked","Wrist"
"73","84","85","166","3","00:17:17","461","231","Non quality blocked","Wrist"
"129","74","134","204","3","00:17:17","159","228","Non quality blocked","Wrist"
"69","99","28","30","3","00:17:19","155","209","Non quality blocked","Default"
"167","84","28","121","3","00:17:19","534","230","Non quality blocked","Wrist"
"68","198","85","138","3","00:17:21","421","179","Non quality blocked","Wrist"
"84","104","123","156","3","00:17:22","205","240","Non quality blocked","Wrist"
"12","138","28","85","3","00:17:23","399","159","Non quality blocked","Wrist"
"7","138","28","87","3","00:17:23","404","225","Non quality blocked","Wrist"
"56","205","228","189","3","00:17:23","191","247","Non quality blocked","Default"
"188","114","59","239","3","00:17:24","399","168","Non quality blocked","Wrist"
"75","68","85","263","3","00:17:24","111","192","Quality blocked","Wrist"
"281","266","22","330","3","00:17:24","57","106","Non quality blocked","Wrist"
"196","227","155","110","3","00:17:26","113","216","Quality blocked","Wrist"
"223","26","28","197","3","00:17:26","406","70","Non quality blocked","Snap"
"13","205","228","221","3","00:17:27","123","228","Quality blocked","Default"
"110","62","222","171","3","00:17:28","118","121","Quality blocked","Wrist"
"169","73","64","196","3","00:17:28","468","114","Quality blocked","Default"
"198","24","123","270","3","00:17:28","513","251","Non quality blocked","Wrist"
"198","192","123","156","3","00:17:29","177","227","Non quality blocked","Wrist"
"63","11","22","169","3","00:17:29","464","237","Non quality blocked","Default"
"51","244","211","227","3","00:17:30","386","275","Non quality blocked","Wrist"
"57","207","228","212","3","00:17:31","45","245","Non quality blocked","Default"
"12","196","155","259","3","00:17:31","488","52","Non quality blocked","Default"
"17","98","28","85","3","00:17:33","499","81","Quality blocked","Wrist"
"138","7","6","87","3","00:17:34","191","242","Non quality blocked","Slap"
"31","12","19","99","3","00:17:36","424","232","Non quality blocked","Slap"
"169","32","28","119","3","00:17:36","160","264","Non quality blocked","Wrist"
"203","76","211","245","3","00:17:36","418","55","Non quality blocked","Default"
"60","30","166","103","3","00:17:37","418","115","Non quality blocked","Wrist"
"84","34","155","161","3","00:17:37","501","140","Quality blocked","Slap"
"84","13","6","64","3","00:17:38","438","45","Non quality blocked","Default"
"78","71","238","251","3","00:17:38","114","243","Non quality blocked","Default"
"56","39","85","172","3","00:17:39","124","232","Non quality blocked","Default"
"100","52","6","218","3","00:17:39","153","88","Non quality blocked","Wrist"
"189","51","28","247","3","00:17:39","504","207","Quality blocked","Snap"
"246","275","48","337","3","00:17:40","403","46","Non quality blocked","Snap"
"84","34","155","161","3","00:17:42","498","173","Quality blocked","Wrist"
"210","47","228","221","3","00:17:44","92","216","Quality blocked","Wrist"
"104","56","59","31","3","00:17:45","473","202","Quality blocked","Snap"
"83","206","155","170","3","00:17:45","147","237","Non quality blocked","Wrist"
"44","1","6","68","3","00:17:47","105","88","Quality blocked","Default"
"83","67","64","67","3","00:17:49","209","83","Non quality blocked","Wrist"
"116","195","123","168","3","00:17:50","393","88","Non quality blocked","Wrist"
"1","50","59","220","3","00:17:50","89","172","Quality blocked","Snap"
"185","52","222","127","3","00:17:51","495","220","Quality blocked","Default"
"84","24","123","149","3","00:17:52","201","98","Non quality blocked","Wrist"
"198","99","155","211","3","00:17:52","201","177","Non quality blocked","Default"
"71","230","228","135","3","00:17:53","98","249","Non quality blocked","Default"
"73","83","28","224","3","00:17:53","528","78","Non quality blocked","Wrist"
"38","84","28","60","3","00:17:55","476","69","Non quality blocked","Wrist"
"83","208","64","154","3","00:17:55","104","48","Non quality blocked","Wrist"
"79","30","85","58","3","00:17:56","417","105","Non quality blocked","Wrist"
"11","12","186","147","3","00:17:56","417","195","Non quality blocked","Default"
"13","317","211","261","3","00:17:57","124","79","Quality blocked","Wrist"
"11","38","222","215","3","00:17:59","507","126","Quality blocked","Default"
"229","97","123","130","3","00:18:00","172","163","Non quality blocked","Slap"
"63","253","28","224","3","00:18:01","401","278","Non quality blocked","Slap"
"11","98","48","231","3","00:18:01","207","127","Non quality blocked","Wrist"
"208","58","222","268","3","00:18:01","386","36","Non quality blocked","Default"
"245","90","123","265","3","00:18:02","411","125","Non quality blocked","Wrist"
"2","71","222","185","3","00:18:04","192","220","Non quality blocked","Default"
"12","223","238","251","3","00:18:06","117","211","Quality blocked","Default"
"32","75","64","30","3","00:18:07","533","213","Non quality blocked","Default"
"56","31","28","106","3","00:18:07","390","48","Non quality blocked","Wrist"
"75","11","123","111","3","00:18:08","94","259","Non quality blocked","Default"
"203","24","123","149","3","00:18:10","204","165","Non quality blocked","Wrist"
"229","269","123","265","3","00:18:10","398","260","Non quality blocked","Wrist"
"313","83","28","224","3","00:18:11","530","63","Non quality blocked","Wrist"
"20","68","64","84","3","00:18:12","471","163","Quality blocked","Default"
"169","58","222","215","3","00:18:12","379","108","Non quality blocked","Default"
"87","76","64","61","3","00:18:13","174","79","Non quality blocked","Default"
"30","76","64","174","3","00:18:13","458","167","Quality blocked","Wrist"
"57","73","85","222","3","00:18:13","516","187","Quality blocked","Wrist"
"215","167","186","101","3","00:18:14","141","177","Quality blocked","Wrist"
"227","128","211","177","3","00:18:14","400","113","Non quality blocked","Default"
"44","246","6","255","3","00:18:14","462","230","Non quality blocked","Slap"
"52","83","28","37","3","00:18:15","388","59","Non quality blocked","Wrist"
"83","97","6","213","3","00:18:15","453","84","Non quality blocked","Snap"
"99","12","6","64","3","00:18:17","442","134","Non quality blocked","Default"
"34","24","22","117","3","00:18:17","147","63","Non quality blocked","Wrist"
"63","162","28","49","3","00:18:19","482","151","Quality blocked","Default"
"68","61","28","224","3","00:18:19","476","59","Non quality blocked","Wrist"
"72","208","155","268","3","00:18:19","197","212","Non quality blocked","Default"
"89","90","123","270","3","00:18:19","450","111","Non quality blocked","Wrist"
"4","196","28","137","3","00:18:20","470","25","Non quality blocked","Wrist"
"35","52","59","155","3","00:18:20","494","135","Quality blocked","Default"
"223","2","19","171","3","00:18:20","530","137","Quality blocked","Wrist"
"285","269","123","265","3","00:18:20","421","140","Non quality blocked","Wrist"
"58","84","28","49","3","00:18:21","509","167","Quality blocked","Backhand"
"71","11","193","100","3","00:18:21","378","152","Non quality blocked","Default"
"73","83","85","116","3","00:18:21","177","171","Non quality blocked","Wrist"
"230","219","59","125","3","00:18:22","67","88","Non quality blocked","Default"
"253","247","123","247","3","00:18:22","189","252","Non quality blocked","Snap"
"180","71","211","118","3","00:18:26","453","80","Non quality blocked","Default"
"76","31","85","138","3","00:18:26","463","124","Quality blocked","Tip"
"62","63","211","178","3","00:18:26","529","191","Quality blocked","Wrist"
"24","12","186","147","3","00:18:29","399","132","Non quality blocked","Default"
"169","286","222","249","3","00:18:31","398","176","Non quality blocked","Default"
"62","12","6","34","3","00:18:32","405","199","Non quality blocked","Default"
"32","23","123","149","3","00:18:32","177","245","Non quality blocked","Wrist"
"11","116","85","168","3","00:18:32","198","94","Non quality blocked","Wrist"
"60","34","155","71","3","00:18:33","449","38","Non quality blocked","Default"
"35","189","123","130","3","00:18:33","135","182","Quality blocked","Wrist"
"67","90","123","86","3","00:18:34","185","125","Non quality blocked","Default"
"79","98","28","119","3","00:18:34","161","104","Non quality blocked","Wrist"
"83","280","228","243","3","00:18:34","445","156","Non quality blocked","Slap"
"224","12","6","250","3","00:18:34","493","96","Quality blocked","Slap"
"63","99","155","261","3","00:18:34","516","245","Non quality blocked","Snap"
"21","230","228","331","3","00:18:34","424","237","Non quality blocked","Default"
"87","168","28","60","3","00:18:35","395","263","Non quality blocked","Wrist"
"230","56","64","128","3","00:18:36","195","188","Non quality blocked","Default"
"205","12","6","228","3","00:18:36","165","112","Non quality blocked","Wrist"
"35","20","123","43","3","00:18:39","192","178","Non quality blocked","Wrist"
"35","118","6","148","3","00:18:39","184","49","Non quality blocked","Wrist"
"25","74","64","195","3","00:18:40","510","201","Quality blocked","Default"
"44","49","155","245","3","00:18:41","177","249","Non quality blocked","Default"
"181","255","6","259","3","00:18:41","117","205","Quality blocked","Default"
"72","79","28","264","3","00:18:41","496","76","Quality blocked","Wrist"
"167","73","64","145","3","00:18:43","420","201","Non quality blocked","Default"
"68","195","22","169","3","00:18:43","446","81","Non quality blocked","Default"
"67","83","28","174","3","00:18:43","193","112","Non quality blocked","Wrist"
"90","147","228","256","3","00:18:44","427","221","Non quality blocked","Wrist"
"32","229","228","258","3","00:18:45","395","263","Non quality blocked","Snap"
"40","83","28","214","3","00:18:47","537","124","Quality blocked","Wrist"
"65","60","59","140","3","00:18:48","420","40","Non quality blocked","Default"
"11","205","155","107","3","00:18:49","160","71","Non quality blocked","Wrist"
"118","223","59","151","3","00:18:49","424","27","Non quality blocked","Default"
"89","61","48","231","3","00:18:49","181","261","Non quality blocked","Wrist"
"246","88","238","251","3","00:18:49","125","94","Quality blocked","Default"
"98","68","64","67","3","00:18:50","112","141","Quality blocked","Wrist"
"24","66","211","210","3","00:18:50","198","257","Non quality blocked","Wrist"
"203","52","6","250","3","00:18:50","470","183","Quality blocked","Default"
"12","57","59","83","3","00:18:51","179","221","Non quality blocked","Default"
"11","110","19","70","3","00:18:52","173","96","Non quality blocked","Default"
"161","196","85","172","3","00:18:52","105","240","Non quality blocked","Default"
"60","138","28","176","3","00:18:52","417","248","Non quality blocked","Wrist"
"60","183","6","228","3","00:18:52","141","237","Non quality blocked","Wrist"
"243","4","270","332","3","00:18:52","495","26","Non quality blocked","Wrist"
"34","24","123","43","3","00:18:53","189","105","Non quality blocked","Wrist"
"71","230","228","212","3","00:18:53","214","93","Non quality blocked","Default"
"86","100","64","61","3","00:18:55","108","128","Quality blocked","Wrist"
"114","224","59","106","3","00:18:55","121","127","Quality blocked","Snap"
"7","30","28","85","3","00:18:56","395","180","Non quality blocked","Snap"
"229","90","121","102","3","00:18:56","155","182","Non quality blocked","Default"
"220","169","123","209","3","00:18:56","466","95","Quality blocked","Default"
"313","183","6","218","3","00:18:56","140","219","Quality blocked","Wrist"
"68","2","19","45","3","00:18:57","197","225","Non quality blocked","Default"
"26","167","6","89","3","00:18:57","474","134","Quality blocked","Default"
"36","223","59","120","3","00:18:57","62","126","Quality blocked","Wrist"
"189","83","28","156","3","00:18:57","477","142","Quality blocked","Wrist"
"203","38","238","229","3","00:18:58","83","204","Quality blocked","Wrist"
"149","181","155","259","3","00:18:58","472","167","Quality blocked","Default"
"105","62","48","44","3","00:19:01","146","132","Non quality blocked","Default"
"21","74","64","195","3","00:19:02","450","246","Non quality blocked","Default"
"63","30","228","248","3","00:19:02","124","232","Non quality blocked","Default"
"35","30","28","141","3","00:19:03","198","153","Non quality blocked","Slap"
"249","79","28","214","3","00:19:03","406","33","Non quality blocked","Wrist"
"104","1","6","97","3","00:19:04","62","197","Non quality blocked","Backhand"
"35","18","6","148","3","00:19:04","200","278","Non quality blocked","Default"
"82","58","222","188","3","00:19:04","394","108","Non quality blocked","Default"
"185","24","123","126","3","00:19:05","423","208","Non quality blocked","Slap"
"68","205","155","114","3","00:19:06","453","208","Non quality blocked","Default"
"99","60","59","137","3","00:19:06","78","235","Non quality blocked","Wrist"
"161","32","28","199","3","00:19:06","457","104","Quality blocked","Wrist"
"115","71","64","90","3","00:19:07","128","231","Non quality blocked","Slap"
"203","65","64","166","3","00:19:07","193","230","Non quality blocked","Wrist"
"31","1","6","87","3","00:19:08","177","212","Non quality blocked","Wrist"
"25","205","155","107","3","00:19:09","134","184","Quality blocked","Wrist"
"255","35","48","337","3","00:19:10","392","207","Non quality blocked","Snap"
"11","5","19","70","3","00:19:12","146","177","Non quality blocked","Default"
"44","73","64","164","3","00:19:12","453","271","Non quality blocked","Default"
"205","84","28","214","3","00:19:12","531","30","Non quality blocked","Slap"
"161","13","6","113","3","00:19:14","447","75","Non quality blocked","Slap"
"13","101","222","185","3","00:19:14","170","254","Non quality blocked","Wrist"
"88","169","64","226","3","00:19:14","439","90","Non quality blocked","Wrist"
"67","30","228","248","3","00:19:14","170","120","Non quality blocked","Wrist"
"26","229","228","141","3","00:19:15","513","196","Quality blocked","Wrist"
"5","227","155","143","3","00:19:16","403","73","Non quality blocked","Default"
"25","71","64","40","3","00:19:17","113","186","Quality blocked","Wrist"
"89","138","28","158","3","00:19:17","141","236","Non quality blocked","Default"
"161","196","28","199","3","00:19:17","531","235","Non quality blocked","Wrist"
"32","205","228","243","3","00:19:17","503","89","Quality blocked","Snap"
"24","89","64","195","3","00:19:18","408","142","Non quality blocked","Default"
"11","26","85","33","3","00:19:19","424","75","Non quality blocked","Wrist"
"67","24","123","92","3","00:19:19","158","105","Non quality blocked","Default"
"229","42","28","214","3","00:19:19","382","179","Non quality blocked","Slap"
"87","39","28","258","3","00:19:19","109","158","Quality blocked","Snap"
"9","71","64","45","3","00:19:20","471","139","Quality blocked","Default"
"24","161","222","207","3","00:19:20","393","143","Non quality blocked","Default"
"58","138","155","268","3","00:19:21","179","99","Non quality blocked","Default"
"24","67","64","40","3","00:19:22","163","35","Non quality blocked","Slap"
"60","199","166","103","3","00:19:23","397","249","Non quality blocked","Wrist"
"63","15","6","255","3","00:19:23","429","71","Non quality blocked","Snap"
"11","78","6","94","3","00:19:25","441","189","Non quality blocked","Default"
"62","181","6","113","3","00:19:26","453","137","Non quality blocked","Wrist"
"58","30","228","212","3","00:19:26","205","163","Non quality blocked","Default"
"16","181","155","259","3","00:19:26","501","190","Quality blocked","Default"
"149","62","155","234","3","00:19:27","258","114","Non quality blocked","Wrist"
"44","108","222","235","3","00:19:27","151","182","Non quality blocked","Wrist"
"11","31","85","33","3","00:19:28","413","132","Non quality blocked","Slap"
"169","74","64","195","3","00:19:28","447","111","Non quality blocked","Default"
"44","149","6","255","3","00:19:29","419","249","Non quality blocked","Default"
"63","163","28","37","3","00:19:30","413","142","Non quality blocked","Wrist"
"160","50","59","49","3","00:19:30","34","180","Non quality blocked","Default"
"224","198","28","106","3","00:19:30","492","233","Non quality blocked","Snap"
"114","223","222","197","3","00:19:30","217","24","Non quality blocked","Wrist"
"84","73","85","238","3","00:19:30","208","282","Non quality blocked","Snap"
"16","219","238","251","3","00:19:30","163","205","Non quality blocked","Default"
"129","53","222","115","3","00:19:31","190","262","Non quality blocked","Wrist"
"38","189","22","183","3","00:19:32","201","80","Non quality blocked","Wrist"
"60","17","6","228","3","00:19:33","208","236","Non quality blocked","Wrist"
"83","5","6","87","3","00:19:34","198","243","Non quality blocked","Wrist"
"230","12","6","148","3","00:19:34","152","54","Non quality blocked","Default"
"25","223","222","207","3","00:19:34","490","70","Non quality blocked","Wrist"
"246","253","48","337","3","00:19:34","458","273","Non quality blocked","Snap"
"210","78","6","250","3","00:19:35","437","213","Non quality blocked","Snap"
"229","205","222","260","3","00:19:35","147","185","Non quality blocked","Wrist"
"12","191","22","134","3","00:19:37","387","63","Non quality blocked","Wrist"
"42","195","22","183","3","00:19:37","78","140","Quality blocked","Default"
"34","3","59","71","3","00:19:38","119","31","Non quality blocked","Default"
"42","195","22","183","3","00:19:38","105","155","Quality blocked","Wrist"
"44","50","59","39","3","00:19:39","495","124","Quality blocked","Snap"
"78","196","28","121","3","00:19:39","476","107","Quality blocked","Wrist"
"242","209","59","215","3","00:19:39","213","167","Non quality blocked","Default"
"189","79","28","262","3","00:19:39","147","39","Non quality blocked","Wrist"
"97","74","64","84","3","00:19:40","495","139","Quality blocked","Default"
"201","25","123","119","3","00:19:40","477","237","Non quality blocked","Default"
"58","32","28","254","3","00:19:40","421","237","Non quality blocked","Slap"
"167","192","123","126","3","00:19:41","387","245","Non quality blocked","Slap"
"207","195","22","183","3","00:19:41","151","197","Non quality blocked","Default"
"63","23","123","203","3","00:19:41","471","244","Non quality blocked","Default"
"11","89","64","86","3","00:19:42","398","237","Non quality blocked","Default"
"65","223","59","140","3","00:19:42","157","89","Non quality blocked","Wrist"
"161","1","6","113","3","00:19:43","501","200","Quality blocked","Wrist"
"83","24","123","175","3","00:19:43","410","145","Non quality blocked","Wrist"
"247","224","155","216","3","00:19:43","464","112","Quality blocked","Wrist"
"185","84","28","121","3","00:19:44","453","101","Non quality blocked","Wrist"
"104","50","48","44","3","00:19:45","194","105","Non quality blocked","Default"
"42","2","6","68","3","00:19:45","171","247","Non quality blocked","Default"
"181","52","6","250","3","00:19:45","536","197","Non quality blocked","Default"
"44","57","59","125","3","00:19:46","141","144","Quality blocked","Default"
"32","44","155","170","3","00:19:46","159","246","Non quality blocked","Wrist"
"152","115","22","73","3","00:19:47","126","182","Quality blocked","Wrist"
"32","15","6","85","3","00:19:47","160","136","Non quality blocked","Wrist"
"196","67","64","166","3","00:19:47","208","190","Non quality blocked","Wrist"
"169","285","228","217","3","00:19:47","443","51","Non quality blocked","Wrist"
"58","5","6","34","3","00:19:48","477","98","Quality blocked","Default"
"13","23","123","109","3","00:19:50","177","175","Non quality blocked","Slap"
"44","31","28","141","3","00:19:50","180","63","Non quality blocked","Default"
"11","81","85","33","3","00:19:51","399","146","Non quality blocked","Slap"
"63","230","228","189","3","00:19:51","151","33","Non quality blocked","Default"
"98","38","222","264","3","00:19:51","122","225","Quality blocked","Tip"
"79","10","6","50","3","00:19:52","168","219","Non quality blocked","Slap"
"11","81","85","33","3","00:19:53","402","267","Non quality blocked","Wrist"
"205","61","64","128","3","00:19:54","158","207","Non quality blocked","Default"
"67","23","123","203","3","00:19:54","392","142","Non quality blocked","Default"
"42","229","228","258","3","00:19:54","513","151","Quality blocked","Snap"
"25","31","85","33","3","00:19:55","393","237","Non quality blocked","Wrist"
"78","67","70","52","3","00:19:55","495","129","Quality blocked","Default"
"84","220","222","103","3","00:19:55","168","252","Non quality blocked","Wrist"
"169","76","64","153","3","00:19:55","135","189","Quality blocked","Wrist"
"31","50","222","197","3","00:19:55","111","17","Non quality blocked","Wrist"
"21","11","59","239","3","00:19:56","506","159","Quality blocked","Slap"
"196","183","6","259","3","00:19:56","180","182","Non quality blocked","Default"
"209","33","155","128","3","00:19:57","144","45","Non quality blocked","Default"
"34","89","211","177","3","00:19:57","445","105","Non quality blocked","Default"
"288","73","211","336","3","00:19:57","195","87","Non quality blocked","Default"
"83","78","19","163","3","00:19:58","436","172","Non quality blocked","Wrist"
"196","183","6","259","3","00:19:58","179","165","Non quality blocked","Default"
"20","57","222","132","3","00:19:59","168","260","Non quality blocked","Wrist"
"36","31","28","141","3","00:19:59","207","143","Non quality blocked","Slap"
"25","84","28","156","3","00:19:59","422","249","Non quality blocked","Slap"
"158","1","6","42","3","00:20:00","62","185","Quality blocked","Wrist"
"195","227","155","107","3","00:20:00","91","143","Quality blocked","Default"
"247","224","155","216","3","00:20:00","471","69","Non quality blocked","Wrist"
"58","227","64","226","3","00:20:00","550","179","Non quality blocked","Wrist"
"87","247","22","330","3","00:20:00","133","75","Quality blocked","Default"
"31","78","6","180","OT1","00:00:14","94","177","Quality blocked","Backhand"
"65","21","123","142","OT1","00:00:15","70","189","Quality blocked","Default"
"34","73","64","36","OT1","00:00:20","495","114","Quality blocked","Default"
"32","189","123","156","OT1","00:00:25","153","79","Non quality blocked","Slap"
"31","24","123","247","OT1","00:00:31","138","147","Quality blocked","Snap"
"24","65","134","204","OT1","00:00:42","192","206","Non quality blocked","Wrist"
"7","98","28","87","OT1","00:00:51","405","223","Non quality blocked","Wrist"
"24","75","64","90","OT1","00:00:53","215","273","Non quality blocked","Wrist"
"78","84","28","85","OT1","00:00:56","502","121","Quality blocked","Wrist"
"39","183","186","190","OT1","00:00:58","107","93","Quality blocked","Wrist"
"21","88","48","44","OT1","00:00:59","142","188","Quality blocked","Slap"
"78","62","59","65","OT1","00:00:59","130","230","Non quality blocked","Wrist"
"32","76","64","138","OT1","00:01:08","141","113","Quality blocked","Slap"
"30","115","123","156","OT1","00:01:08","113","188","Quality blocked","Snap"
"50","20","123","208","OT1","00:01:10","396","182","Non quality blocked","Default"
"44","13","155","245","OT1","00:01:11","126","89","Quality blocked","Slap"
"31","191","123","247","OT1","00:01:13","141","118","Quality blocked","Wrist"
"65","24","123","90","OT1","00:01:15","471","268","Non quality blocked","Default"
"57","316","211","235","OT1","00:01:17","461","111","Quality blocked","Wrist"
"11","231","155","130","OT1","00:01:24","464","109","Quality blocked","Slap"
"25","68","211","142","OT1","00:01:26","519","180","Quality blocked","Default"
"192","50","222","208","OT1","00:01:28","147","262","Non quality blocked","Wrist"
"289","65","85","334","OT1","00:01:29","145","84","Non quality blocked","Default"
"42","46","41","332","OT1","00:01:48","133","89","Quality blocked","Wrist"
"72","79","22","206","OT1","00:01:56","98","56","Non quality blocked","Wrist"
"25","65","64","159","OT1","00:01:59","431","203","Non quality blocked","Default"
"84","180","6","180","OT1","00:02:06","190","114","Non quality blocked","Wrist"
"13","30","28","85","OT1","00:02:17","406","82","Non quality blocked","Wrist"
"57","24","123","44","OT1","00:02:20","539","241","Non quality blocked","Default"
"32","90","22","55","OT1","00:02:20","463","197","Quality blocked","Default"
"52","83","28","199","OT1","00:02:20","404","160","Non quality blocked","Wrist"
"24","221","222","206","OT1","00:02:24","440","164","Non quality blocked","Wrist"
"25","12","6","97","OT1","00:02:30","88","224","Non quality blocked","Default"
"189","125","222","208","OT1","00:02:49","136","48","Non quality blocked","Slap"
"32","12","6","180","OT1","00:02:56","192","99","Non quality blocked","Wrist"
"51","109","6","87","OT1","00:02:58","117","79","Quality blocked","Wrist"
"53","13","6","69","OT1","00:02:59","169","74","Non quality blocked","Snap"
"24","44","155","130","OT1","00:03:01","489","87","Quality blocked","Wrist"
"191","50","222","208","OT1","00:03:05","101","101","Quality blocked","Backhand"
"196","317","211","245","OT1","00:03:05","490","207","Quality blocked","Wrist"
"189","274","28","247","OT1","00:03:08","435","162","Non quality blocked","Slap"
"181","115","123","126","OT1","00:03:12","465","120","Quality blocked","Wrist"
"224","114","28","106","OT1","00:03:13","413","180","Non quality blocked","Wrist"
"73","196","85","138","OT1","00:03:15","466","97","Quality blocked","Wrist"
"142","18","6","259","OT1","00:03:20","42","128","Non quality blocked","Wrist"
"142","63","211","245","OT1","00:03:21","413","208","Non quality blocked","Wrist"
"196","78","6","259","OT1","00:03:22","177","244","Non quality blocked","Default"
"11","73","64","90","OT1","00:03:34","160","63","Non quality blocked","Wrist"
"32","12","6","173","OT1","00:03:36","501","199","Quality blocked","Wrist"
"169","32","28","156","OT1","00:03:38","392","93","Non quality blocked","Wrist"
"83","90","22","55","OT1","00:03:40","476","39","Non quality blocked","Default"
"203","185","186","190","OT1","00:03:40","116","87","Quality blocked","Wrist"
"31","167","6","87","OT1","00:03:45","129","198","Quality blocked","Wrist"
"56","30","85","138","OT1","00:03:46","456","88","Non quality blocked","Wrist"
"36","71","64","36","OT1","00:03:48","473","99","Quality blocked","Default"
"53","24","123","208","OT1","00:03:48","453","218","Non quality blocked","Default"
"61","56","211","227","OT1","00:03:50","496","148","Quality blocked","Wrist"
"32","8","19","163","OT1","00:03:59","437","101","Non quality blocked","Snap"
"63","21","123","44","OT1","00:04:00","495","183","Quality blocked","Default"
"15","79","22","97","OT1","00:04:06","500","94","Quality blocked","Wrist"
"286","15","6","251","OT1","00:04:14","489","206","Quality blocked","Default"
"31","68","211","227","OT1","00:04:18","477","145","Quality blocked","Snap"
"31","74","211","227","OT1","00:04:25","474","160","Quality blocked","Slap"
"58","78","6","251","OT1","00:04:25","465","104","Quality blocked","Default"
"75","44","228","189","OT1","00:04:28","129","147","Quality blocked","Default"
"42","73","211","227","OT1","00:04:29","555","116","Non quality blocked","Wrist"
"32","13","6","85","OT1","00:04:31","149","229","Non quality blocked","Snap"
"169","100","134","204","OT1","00:04:33","173","163","Non quality blocked","Wrist"
"31","78","6","180","OT1","00:04:39","171","99","Non quality blocked","Wrist"
"84","21","22","55","OT1","00:04:52","452","57","Non quality blocked","Snap"
"167","98","28","173","OT1","00:04:54","165","80","Non quality blocked","Default"
"78","31","28","173","OT1","00:04:59","153","72","Non quality blocked","Wrist"
"12","168","28","85","OT1","00:05:00","485","201","Quality blocked","Wrist"
"72","192","123","208","OT1","00:05:16","465","70","Non quality blocked","Default"
"52","190","123","208","OT1","00:05:29","407","147","Non quality blocked","Wrist"
"71","11","123","208","OT1","00:05:41","391","115","Non quality blocked","Default"
"7","138","28","85","OT1","00:05:48","403","49","Non quality blocked","Wrist"
"223","51","28","199","OT1","00:05:49","433","243","Non quality blocked","Slap"
"167","30","28","87","OT1","00:05:51","449","280","Non quality blocked","Wrist"
"57","115","123","207","OT1","00:05:57","198","165","Non quality blocked","Wrist"
"5","31","28","87","OT1","00:06:17","421","59","Non quality blocked","Wrist"
"223","201","28","199","OT1","00:06:20","404","128","Non quality blocked","Wrist"
"25","57","222","207","OT1","00:06:42","469","75","Quality blocked","Wrist"
"31","5","6","87","OT1","00:06:43","159","69","Non quality blocked","Slap"
"57","51","28","199","OT1","00:06:48","417","231","Non quality blocked","Wrist"
"52","23","123","209","OT1","00:06:50","417","204","Non quality blocked","Wrist"
"58","24","123","208","OT1","00:06:55","483","81","Quality blocked","Default"
"69","103","123","90","OT1","00:07:11","462","63","Non quality blocked","Wrist"
"129","73","134","204","OT1","00:07:30","110","190","Quality blocked","Wrist"
"129","100","134","204","OT1","00:07:44","163","60","Non quality blocked","Wrist"
"72","79","123","207","OT1","00:07:44","137","27","Non quality blocked","Default"
"58","83","28","199","OT1","00:07:48","556","118","Non quality blocked","Wrist"
"224","189","123","209","OT1","00:08:00","430","188","Non quality blocked","Wrist"
"75","79","123","90","OT1","00:08:06","507","176","Quality blocked","Default"
"13","118","22","97","OT1","00:08:11","404","155","Non quality blocked","Wrist"
"15","98","28","85","OT1","00:08:13","463","159","Quality blocked","Wrist"
"71","79","123","209","OT1","00:08:13","527","97","Non quality blocked","Snap"
"51","13","6","87","OT1","00:08:32","192","128","Non quality blocked","Slap"
"83","5","6","87","OT1","00:10:05","192","188","Non quality blocked","Slap"
"7","168","28","85","OT1","00:10:16","391","272","Non quality blocked","Wrist"
"72","11","123","208","OT1","00:10:16","465","261","Non quality blocked","Default"
"32","13","6","87","OT1","00:10:18","129","201","Quality blocked","Slap"
"169","4","222","208","OT1","00:10:57","146","231","Non quality blocked","Wrist"
"99","1","6","87","OT1","00:11:34","206","248","Non quality blocked","Snap"
"32","223","222","199","OT1","00:11:40","121","195","Quality blocked","Wrist"
"31","1","6","85","OT1","00:12:11","134","136","Quality blocked","Wrist"
"118","75","64","90","OT1","00:12:22","193","226","Non quality blocked","Default"
"62","21","123","208","OT1","00:12:42","401","41","Non quality blocked","Default"
"24","17","6","97","OT1","00:12:43","209","239","Non quality blocked","Default"
"4","83","28","199","OT1","00:12:47","452","105","Non quality blocked","Wrist"
"62","83","28","199","OT1","00:13:00","387","87","Non quality blocked","Wrist"
"168","2","6","85","OT1","00:13:05","191","233","Non quality blocked","Snap"
"169","58","222","208","OT1","00:13:10","121","218","Quality blocked","Wrist"
"168","2","6","85","OT1","00:13:35","195","200","Non quality blocked","Wrist"
"104","8","6","97","OT1","00:14:26","149","103","Non quality blocked","Default"
"98","5","6","87","OT1","00:14:47","68","78","Non quality blocked","Wrist"
"13","24","22","97","OT1","00:15:32","487","201","Quality blocked","Slap"
"32","50","222","199","OT1","00:15:33","108","226","Quality blocked","Slap"
"24","89","64","90","OT1","00:17:34","206","213","Non quality blocked","Wrist"
"24","53","222","208","OT1","00:17:37","159","95","Non quality blocked","Wrist"
"84","50","222","199","OT1","00:18:12","207","246","Non quality blocked","Wrist"
"67","114","123","90","OT1","00:18:38","399","153","Non quality blocked","Wrist"
"115","71","222","208","OT1","00:18:44","56","66","Non quality blocked","Wrist"
"83","13","6","87","OT1","00:19:11","81","222","Non quality blocked","Slap"
"83","13","6","87","OT1","00:19:18","146","254","Non quality blocked","Slap"
"84","13","6","87","OT1","00:19:28","189","222","Non quality blocked","Wrist"
"220","83","28","199","OT1","00:19:46","534","35","Non quality blocked","Wrist"
"189","50","222","208","OT1","00:19:48","153","71","Non quality blocked","Wrist"
"223","114","28","199","OT1","00:19:54","420","163","Non quality blocked","Wrist"
"104","5","6","97","OT2","00:00:32","118","167","Quality blocked","Wrist"
"20","12","6","97","OT2","00:01:18","213","89","Non quality blocked","Wrist"
"167","83","28","87","OT2","00:01:34","405","189","Non quality blocked","Wrist"
"7","30","28","87","OT2","00:02:10","387","94","Non quality blocked","Slap"
"131","11","123","90","OT2","00:02:49","390","257","Non quality blocked","Wrist"
"223","196","28","199","OT2","00:02:50","423","75","Non quality blocked","Wrist"
"167","31","28","87","OT2","00:02:58","403","220","Non quality blocked","Wrist"
"32","5","6","87","OT2","00:03:24","180","93","Non quality blocked","Wrist"
"50","39","28","199","OT2","00:03:41","406","126","Non quality blocked","Wrist"
"31","223","222","199","OT2","00:04:12","105","181","Quality blocked","Backhand"
"31","52","222","199","OT2","00:04:26","119","88","Quality blocked","Wrist"
"58","83","28","199","OT2","00:04:54","514","166","Quality blocked","Wrist"
"161","199","28","199","OT2","00:05:00","513","153","Quality blocked","Wrist"
"25","57","222","208","OT2","00:05:15","111","52","Non quality blocked","Default"
"32","2","6","87","OT2","00:05:38","110","114","Quality blocked","Snap"
"129","224","222","208","OT2","00:06:23","196","223","Non quality blocked","Default"
"62","32","28","199","OT2","00:07:46","407","159","Non quality blocked","Wrist"
"88","83","28","199","OT2","00:08:12","452","220","Non quality blocked","Wrist"
"31","5","6","87","OT2","00:10:28","156","223","Non quality blocked","Wrist"
"7","168","28","87","OT2","00:11:03","420","245","Non quality blocked","Wrist"
"51","5","6","87","OT2","00:11:51","194","112","Non quality blocked","Slap"
"10","156","28","87","OT2","00:12:43","400","33","Non quality blocked","Wrist"
"203","62","222","199","OT2","00:12:44","195","279","Non quality blocked","Wrist"
"8","24","22","97","OT2","00:13:01","446","185","Non quality blocked","Default"
"31","7","6","87","OT2","00:13:07","164","252","Non quality blocked","Wrist"
"223","196","28","199","OT2","00:13:11","457","60","Non quality blocked","Wrist"
"4","84","28","199","OT2","00:14:00","425","260","Non quality blocked","Wrist"
"17","24","22","97","OT2","00:14:10","462","231","Non quality blocked","Default"
"78","83","28","87","OT2","00:14:16","509","97","Quality blocked","Wrist"
"52","99","28","199","OT2","00:14:25","432","231","Non quality blocked","Wrist"
"57","84","28","199","OT2","00:14:54","497","247","Non quality blocked","Wrist"
"79","219","222","208","OT2","00:14:55","218","258","Non quality blocked","Default"
"220","90","123","208","OT2","00:15:17","478","157","Quality blocked","Default"
"53","90","123","208","OT2","00:15:35","441","243","Non quality blocked","Default"
"161","129","123","208","OT2","00:16:19","556","215","Non quality blocked","Default"
"32","5","6","87","OT2","00:16:43","96","216","Quality blocked","Wrist"
"84","72","222","199","OT2","00:17:40","207","254","Non quality blocked","Wrist"
"20","220","222","208","OT2","00:17:54","156","75","Non quality blocked","Default"
"99","2","6","87","OT2","00:19:05","193","175","Non quality blocked","Wrist"
"109","83","28","87","OT2","00:19:20","457","96","Quality blocked","Wrist"
"50","84","28","199","OT2","00:19:35","408","36","Non quality blocked","Wrist"
"196","52","222","199","OT3","00:01:42","189","39","Non quality blocked","Slap"
"83","53","222","199","OT3","00:02:11","211","73","Non quality blocked","Wrist"
"25","219","222","208","OT3","00:03:02","159","235","Non quality blocked","Wrist"
"83","7","6","87","OT3","00:03:10","187","58","Non quality blocked","Wrist"
"11","161","222","208","OT3","00:03:11","152","69","Non quality blocked","Default"
"169","52","222","208","OT3","00:04:51","136","173","Quality blocked","Wrist"
"169","217","222","208","OT3","00:04:55","144","152","Quality blocked","Default"
"138","2","6","87","OT3","00:05:40","70","115","Quality blocked","Backhand"
"99","13","6","87","OT3","00:05:48","105","199","Quality blocked","Wrist"
"11","50","222","208","OT3","00:06:12","123","198","Quality blocked","Wrist"
"223","39","28","199","OT3","00:06:37","434","239","Non quality blocked","Wrist"
"84","17","6","87","OT3","00:06:45","189","226","Non quality blocked","Wrist"
"32","2","6","87","OT3","00:07:03","128","231","Non quality blocked","Wrist"
"50","157","28","199","OT3","00:09:56","393","220","Non quality blocked","Slap"
"83","101","222","199","OT3","00:10:09","186","159","Non quality blocked","Wrist"
"78","138","28","87","OT3","00:10:21","511","180","Quality blocked","Wrist"
"15","51","28","87","OT3","00:10:41","442","105","Non quality blocked","Wrist"
"219","99","28","199","OT3","00:10:50","398","22","Non quality blocked","Wrist"
"167","83","28","87","OT3","00:11:02","420","239","Non quality blocked","Wrist"
"128","62","222","199","OT3","00:12:25","133","69","Non quality blocked","Default"
"219","99","28","199","OT3","00:12:38","440","39","Non quality blocked","Wrist"
"98","71","222","199","OT3","00:12:46","117","86","Quality blocked","Wrist"
"51","62","222","199","OT3","00:15:16","196","192","Non quality blocked","Wrist"
"51","88","222","199","OT3","00:15:25","101","15","Non quality blocked","Slap"
"31","4","222","199","OT3","00:16:10","139","119","Quality blocked","Wrist"
"84","52","222","199","OT3","00:16:56","87","206","Quality blocked","Wrist"
"88","203","28","199","OT3","00:18:24","457","139","Quality blocked","Slap"
"220","196","28","199","OT4","00:00:48","450","93","Non quality blocked","Wrist"
"196","101","222","199","OT4","00:03:44","205","43","Non quality blocked","Wrist"
"4","84","28","199","OT4","00:04:09","514","86","Non quality blocked","Wrist"
"50","30","28","199","OT4","00:06:08","422","161","Non quality blocked","Wrist"
"223","26","28","199","OT4","00:07:21","380","142","Non quality blocked","Wrist"
"219","114","28","199","OT4","00:08:45","411","86","Non quality blocked","Wrist"
"223","98","28","199","OT4","00:11:42","409","115","Non quality blocked","Wrist"
"50","198","28","199","OT4","00:12:01","439","243","Non quality blocked","Wrist"
"198","50","222","199","OT4","00:13:50","102","207","Quality blocked","Wrist"
"32","220","222","199","OT4","00:13:57","177","93","Non quality blocked","Wrist"
"32","71","222","199","OT4","00:14:22","192","142","Non quality blocked","Wrist"
