"penalty_id","taken_by_id","served_by_id","team_id","game_id","description","period","time","length","is_powerplay","is_bench"
"1","106","106","1","74","Hooking","1","00:05:58","2","1","0"
"2","132","132","6","74","Tripping","2","00:04:16","2","1","0"
"3","106","106","1","74","Slashing","2","00:08:38","2","1","0"
"4","4","4","1","74","Boarding","2","00:09:08","2","1","0"
"5","73","73","6","74","Tripping","2","00:11:39","2","1","0"
"6","73","73","6","74","Tripping","2","00:16:02","2","1","0"
"7","68","68","6","74","Slashing","3","00:01:06","2","1","0"
"8","75","75","6","74","Delay of Game","3","00:02:44","2","1","0"
"9","14","14","1","74","Hooking","3","00:11:02","2","1","0"
"11","138","138","5","75","Hooking","1","00:00:41","2","1","0"
"12","55","55","5","75","Tripping","1","00:04:22","2","1","0"
"13","138","138","5","75","Tripping","1","00:09:55","2","1","0"
"14","23","23","2","75","Boarding","1","00:16:14","2","0","0"
"15","60","60","5","75","Slashing","2","00:14:44","2","0","0"
"16","24","24","2","75","Interference","3","00:18:58","2","0","0"
"17","30","30","3","76","Ob-Tripping","1","00:01:34","2","1","0"
"18","99","99","3","76","Slashing","1","00:06:40","2","1","0"
"19","82","82","3","76","High Sticking","2","00:00:51","2","1","0"
"20","161","161","3","76","Boarding","3","00:16:44","2","1","0"
"21","104","104","2","77","Body Checking","1","00:08:29","2","1","0"
"22","69","69","6","77","Slashing","1","00:16:44","2","1","0"
"23","114","114","2","77","Too Many Players","2","00:03:24","2","1","0"
"24","71","71","6","77","Interference","2","00:05:07","2","1","0"
"25","76","76","6","77","Interference","2","00:17:11","2","1","0"
"26","71","71","6","77","Slashing","2","00:17:11","2","1","0"
"27","130","130","6","77","Boarding","3","00:02:02","2","1","0"
"28","24","24","2","77","Tripping","3","00:06:32","2","1","0"
"29","75","75","6","77","Tripping","3","00:11:17","2","1","0"
"30","114","114","2","77","Hooking","4","00:03:14","2","1","0"
"31","3","3","1","78","Hooking","1","00:04:45","2","1","0"
"32","13","13","1","78","Tripping","2","00:05:16","2","1","0"
"33","82","82","3","78","Hooking","2","00:11:49","2","1","0"
"34","108","108","1","78","Roughing","2","00:11:49","2","1","0"
"35","158","158","3","78","Boarding","2","00:19:45","2","1","0"
"36","9","9","1","78","Hooking","3","00:09:48","2","1","0"
"37","3","3","1","78","Slashing","3","00:13:02","2","1","0"
"38","17","17","1","78","Roughing","3","00:14:40","2","1","0"
"39","5","5","1","78","Slashing","4","00:00:34","2","1","0"
"40","88","88","5","79","Hooking","1","00:05:50","2","1","0"
"41","149","149","4","79","Tripping","1","00:18:15","2","1","0"
"42","147","147","4","79","Kneeing","1","00:14:31","2","1","0"
"43","137","137","5","79","Tripping","2","00:02:51","2","1","0"
"44","149","149","4","79","Tripping","2","00:04:59","2","1","0"
"45","63","63","5","79","Body Checking","2","00:08:49","2","1","0"
"46","140","140","5","79","Slashing","3","00:15:10","2","1","0"
"47","150","150","4","79","Tripping","3","00:17:57","2","1","0"
"48","30","30","3","80","Delay of Game","1","00:11:48","2","0","0"
"49","80","80","3","80","Hooking","1","00:03:15","2","0","0"
"50","24","24","2","80","Interference","1","00:02:31","2","1","0"
"51","164","164","3","80","Interference","2","00:08:28","2","0","0"
"52","79","79","2","80","Tripping","2","00:12:12","2","0","0"
"53","23","23","2","80","Tripping","2","00:13:47","2","0","0"
"54","116","116","2","80","Hooking","3","00:06:43","2","0","0"
"55","153","153","4","81","Slashing","1","00:01:43","2","1","0"
"56","66","66","6","81","Delay of Game","2","00:02:58","2","1","0"
"57","149","149","4","81","Tripping","2","00:10:30","2","1","0"
"58","45","45","4","81","Hooking","2","00:17:28","2","1","0"
"59","71","71","6","81","Tripping","2","00:17:41","2","1","0"
"60","71","71","6","81","Holding","3","00:00:09","2","1","0"
"61","131","131","6","81","Tripping","3","00:05:58","2","1","0"
"62","35","35","4","81","Hooking","3","00:06:31","2","1","0"
"63","140","140","5","82","Kneeing","1","00:12:49","2","1","0"
"64","2","2","1","82","Tripping","1","00:14:40","2","1","0"
"65","145","137","5","82","Interference","1","00:19:45","2","1","0"
"66","16","16","1","82","Hooking","2","00:04:07","2","1","0"
"67","136","136","5","82","Holding","2","00:04:07","2","1","0"
"68","13","13","1","82","Tripping","2","00:07:54","2","1","0"
"69","8","8","1","82","Too Many Players","2","00:09:24","2","1","0"
"70","61","61","5","82","Holding","2","00:14:38","2","1","0"
"71","61","61","5","82","Interference","3","00:07:58","2","1","0"
"72","18","18","1","82","Tripping","4","00:02:20","2","1","0"
"73","72","72","6","2","Slashing","1","00:13:23","2","1","0"
"74","37","37","4","2","Hooking","1","00:15:21","2","1","0"
"75","36","36","4","2","Hooking","1","00:19:59","2","1","0"
"76","101","101","6","2","Interference","3","00:08:49","2","1","0"
"77","36","36","4","2","Hooking","3","00:11:54","2","1","0"
"78","149","149","4","2","Hooking","3","00:12:39","2","1","0"
"79","31","31","3","3","Holding","1","00:03:22","2","1","0"
"80","161","161","3","3","Tripping","1","00:10:20","2","1","0"
"81","83","83","3","3","Roughing","1","00:08:37","2","1","0"
"82","159","159","3","3","Delay of Game","2","00:15:23","2","1","0"
"84","82","82","3","3","Tripping","2","00:07:28","2","1","0"
"85","161","161","3","3","Boarding","3","00:00:54","2","1","0"
"86","63","63","5","3","Too Many Players","3","00:12:10","2","1","0"
"87","58","58","5","3","Tripping","2","00:07:50","2","1","0"
"88","24","24","2","4","Hooking","1","00:15:21","2","1","0"
"89","5","5","1","4","Delay of Game","2","00:02:17","2","1","0"
"90","97","97","2","4","Interference","3","00:04:38","2","1","0"
"91","24","24","2","4","Hooking","3","00:11:10","2","1","0"
"92","24","24","2","4","Tripping","3","00:17:01","2","1","0"
"93","40","40","4","5","Slashing","1","00:17:42","2","1","0"
"94","87","87","4","5","Cross Checking","1","00:18:58","2","1","0"
"95","37","37","4","5","Slashing","2","00:09:52","2","1","0"
"96","131","131","6","5","Interference","2","00:12:56","2","1","0"
"98","44","44","4","5","Cross Checking","3","00:05:45","2","0","0"
"99","131","131","6","5","Cross Checking","3","00:05:45","2","0","0"
"100","74","74","6","5","Roughing","3","00:05:45","2","1","0"
"101","76","76","6","5","Delay of Game","3","00:15:58","2","1","0"
"102","117","117","2","6","Hooking","2","00:03:08","2","1","0"
"103","115","115","2","6","Cross Checking","2","00:10:24","2","1","0"
"104","103","103","2","6","Hooking","2","00:15:52","2","1","0"
"105","156","156","3","6","Slashing","3","00:01:58","2","1","0"
"106","158","158","3","6","Hooking","3","00:06:09","2","1","0"
"107","159","159","3","6","Roughing","3","00:11:20","2","1","0"
"108","30","30","3","6","Holding","3","00:12:50","2","1","0"
"109","150","150","4","9","Interference","1","00:13:06","2","1","0"
"110","149","149","4","9","Boarding","1","00:14:48","2","1","0"
"111","81","81","3","9","Hooking","2","00:05:05","2","1","0"
"112","24","24","2","8","Slashing","1","00:04:39","2","1","0"
"113","86","86","4","9","Delay of Game","2","00:09:06","2","1","0"
"114","25","25","2","8","Cross Checking","1","00:09:09","2","1","0"
"115","163","163","3","9","Interference","2","00:14:55","2","1","0"
"116","84","84","3","9","Slashing","2","00:19:17","2","1","0"
"117","98","98","3","9","Tripping","3","00:10:35","2","1","0"
"118","42","42","4","9","Tripping","3","00:11:31","2","1","0"
"119","21","21","2","8","Roughing","2","00:14:59","2","0","0"
"120","75","75","6","8","Roughing","2","00:14:59","2","0","0"
"121","65","65","6","8","Hooking","2","00:16:37","2","1","0"
"122","76","76","6","8","Roughing","3","00:13:46","2","1","0"
"123","65","65","6","10","Holding Opp. Stick","1","00:08:29","2","1","0"
"124","76","76","6","10","Roughing","1","00:08:47","2","1","0"
"125","53","53","5","10","Tripping","1","00:12:59","2","1","0"
"126","49","49","5","10","Slashing","2","00:08:42","2","1","0"
"127","82","82","3","11","Holding","1","00:07:29","2","1","0"
"128","82","82","3","11","Hooking","1","00:10:49","2","1","0"
"129","2","2","1","11","Roughing","2","00:03:20","2","1","0"
"130","110","110","1","11","Slashing","2","00:10:35","2","1","0"
"131","163","163","3","11","Hooking","3","00:12:56","2","1","0"
"132","12","12","1","11","Hooking","3","00:16:38","2","1","0"
"133","44","44","4","12","Hooking","1","00:03:57","2","1","0"
"134","42","42","4","12","Cross Checking","1","00:04:06","2","1","0"
"135","117","117","2","12","Tripping","2","00:13:28","2","1","0"
"136","38","38","4","12","Interference","3","00:08:01","2","1","0"
"137","91","91","2","12","Tripping","3","00:10:36","2","1","0"
"138","38","38","4","12","Holding","4","00:03:20","2","0","0"
"139","46","46","4","13","Tripping","1","00:04:42","2","1","0"
"140","31","31","3","13","Cross Checking","2","00:06:11","2","0","0"
"141","42","42","4","13","Roughing","2","00:06:11","2","0","0"
"142","161","161","3","13","Inter. on Goaltender","2","00:07:19","2","1","0"
"143","84","84","3","13","Roughing","2","00:15:56","2","1","0"
"144","150","150","4","13","Holding","3","00:03:06","2","1","0"
"145","42","42","4","13","Roughing","3","00:04:43","2","1","0"
"146","163","163","3","13","Elbowing","3","00:17:37","2","1","0"
"147","86","86","4","13","Inter. on Goaltender","3","00:18:55","2","1","0"
"148","12","12","1","14","Hooking","1","00:03:05","2","1","0"
"149","1","1","1","14","Tripping","1","00:06:26","2","1","0"
"150","116","116","2","15","Hooking","1","00:10:06","2","1","0"
"151","142","142","5","15","Slashing","1","00:12:18","2","1","0"
"152","117","117","2","15","Hooking","1","00:17:29","2","1","0"
"153","13","13","1","14","Elbowing","2","00:01:03","2","1","0"
"154","67","67","6","14","Roughing","2","00:02:59","2","1","0"
"155","53","53","5","15","Boarding","2","00:01:41","2","1","0"
"156","7","7","1","14","Interference","2","00:06:31","2","1","0"
"157","78","78","2","15","Tripping","2","00:10:32","2","1","0"
"158","24","24","2","15","Interference","2","00:16:30","2","1","0"
"159","14","14","1","14","Hooking","3","00:02:52","2","1","0"
"160","20","20","2","15","Holding","3","00:09:40","2","1","0"
"161","69","69","6","14","Roughing","3","00:12:48","2","1","0"
"162","62","62","5","15","Inter. on Goaltender","3","00:16:33","2","1","0"
"163","46","46","4","16","Interference","1","00:11:54","2","1","0"
"164","35","35","4","16","Tripping","2","00:08:50","2","1","0"
"165","74","74","6","17","Interference","1","00:05:54","2","1","0"
"166","99","99","3","17","Delay of Game","1","00:13:30","2","1","0"
"167","31","31","3","17","Slashing","1","00:15:19","2","0","0"
"168","73","73","6","17","Holding","1","00:15:19","2","0","0"
"169","75","75","6","17","Cross Checking","2","00:16:57","2","1","0"
"170","72","72","6","17","Roughing","3","00:12:38","2","1","0"
"171","76","76","6","17","Slashing","4","00:01:21","2","1","0"
"172","76","76","6","18","Tripping","1","00:06:32","2","1","0"
"173","57","57","5","18","Tripping","2","00:10:18","2","1","0"
"174","137","137","5","18","Boarding","2","00:16:44","2","1","0"
"175","62","62","5","18","Hooking","3","00:05:55","2","1","0"
"176","128","128","6","18","Tripping","3","00:11:06","2","1","0"
"177","53","53","5","18","Slashing","3","00:17:44","2","1","0"
"178","88","88","5","19","Roughing","1","00:08:24","2","1","0"
"179","111","111","1","19","Roughing","3","00:02:28","2","1","0"
"180","82","82","3","20","Hooking","2","00:02:07","2","1","0"
"181","57","57","5","19","Roughing","3","00:07:20","2","0","0"
"182","10","10","1","19","Roughing","3","00:07:20","2","0","0"
"183","80","80","3","20","Tripping","2","00:08:59","2","1","0"
"184","118","118","2","20","Holding","2","00:13:44","2","1","0"
"185","81","81","3","20","Hooking","3","00:03:25","2","1","0"
"186","21","21","2","20","Tripping","3","00:03:54","2","1","0"
"187","161","161","3","20","Tripping","3","00:11:24","2","1","0"
"188","83","83","3","20","Body Checking","3","00:14:20","2","1","0"
"189","66","66","6","21","Interference","1","00:02:01","2","1","0"
"190","35","35","4","21","Tripping","1","00:12:34","2","1","0"
"191","73","73","6","21","Boarding","1","00:15:31","2","1","0"
"192","75","75","6","21","Hooking","2","00:14:10","2","1","0"
"193","39","39","4","21","Tripping","2","00:16:44","2","1","0"
"194","72","72","6","21","Hooking","2","00:17:37","2","1","0"
"195","42","42","4","21","Body Checking","3","00:11:14","2","1","0"
"196","51","51","5","22","Boarding","1","00:16:39","2","1","0"
"197","157","157","3","22","Tripping","1","00:17:16","2","1","0"
"198","157","157","3","22","Boarding","1","00:19:37","2","1","0"
"199","114","114","2","23","Hooking","1","00:09:26","2","1","0"
"200","60","60","5","22","Tripping","2","00:00:29","2","0","0"
"201","7","7","1","23","Hooking","2","00:02:10","2","1","0"
"202","118","118","2","23","Hooking","2","00:09:05","2","1","0"
"203","84","84","3","22","Hooking","3","00:05:35","2","1","0"
"204","81","81","3","22","Tripping","3","00:06:54","2","1","0"
"205","57","57","5","22","Holding","3","00:10:49","2","1","0"
"207","7","7","1","23","Interference","3","00:10:51","2","1","0"
"208","79","79","2","24","Hooking","1","00:17:15","2","1","0"
"209","104","104","2","24","Boarding","2","00:07:23","2","1","0"
"210","24","24","2","24","Interference","2","00:17:09","2","1","0"
"211","35","35","4","24","Roughing","2","00:19:11","2","0","0"
"212","79","79","2","24","Roughing","2","00:19:11","2","0","0"
"213","23","23","2","24","Tripping","2","00:19:33","2","1","0"
"214","97","97","2","24","Hooking","3","00:08:10","2","1","0"
"215","35","35","4","24","Roughing","3","00:13:52","2","0","0"
"216","104","104","2","24","Inter. on Goaltender","3","00:13:52","2","0","0"
"217","68","68","6","25","Delay of Game","1","00:14:20","2","1","0"
"218","79","79","2","25","Tripping","1","00:18:06","2","1","0"
"219","74","74","6","25","Body Checking","2","00:01:20","2","1","0"
"220","103","103","2","25","2-Minute-Hit to the ","2","00:18:39","2","1","0"
"221","104","104","2","25","Hooking","3","00:03:54","2","1","0"
"222","67","67","6","25","Interference","3","00:16:02","2","1","0"
"223","87","87","4","26","Body Checking","1","00:17:31","2","1","0"
"224","55","55","5","26","Slashing","2","00:12:47","2","1","0"
"225","38","38","4","26","Holding","2","00:16:23","2","1","0"
"226","38","38","4","26","Interference","2","00:18:39","2","1","0"
"227","44","44","4","26","Boarding","3","00:07:31","2","1","0"
"228","49","49","5","26","Boarding","3","00:16:06","2","1","0"
"229","1","1","1","27","Hooking","1","00:09:27","2","1","0"
"230","27","27","3","27","Slashing","2","00:05:39","2","1","0"
"231","5","5","1","27","Roughing","2","00:11:53","2","1","0"
"232","162","162","3","27","Tripping","2","00:14:24","2","1","0"
"233","65","65","6","29","Tripping","1","00:00:48","2","1","0"
"234","16","16","1","29","High Sticking","1","00:05:21","2","1","0"
"235","125","125","6","29","Hooking","1","00:16:06","2","1","0"
"236","15","15","1","29","Body Checking","2","00:04:42","2","1","0"
"237","65","65","6","29","Interference","2","00:06:24","2","1","0"
"238","12","12","1","29","Interference","2","00:10:17","2","1","0"
"239","74","74","6","29","Boarding","2","00:14:54","2","1","0"
"240","52","52","5","28","Cross Checking","2","00:01:58","2","1","0"
"241","16","16","1","29","Tripping","3","00:07:49","2","1","0"
"242","69","69","6","29","Hooking","3","00:13:56","2","1","0"
"243","102","102","2","28","Hooking","3","00:08:50","2","1","0"
"244","84","84","3","30","Slashing","1","00:03:48","2","1","0"
"245","73","73","6","30","Tripping","1","00:06:30","2","1","0"
"246","67","67","6","30","Hooking","1","00:07:30","2","1","0"
"247","89","89","6","30","Interference","1","00:13:16","2","1","0"
"248","126","126","6","30","Elbowing","2","00:18:24","2","1","0"
"249","161","161","3","30","Tripping","2","00:18:37","2","1","0"
"250","158","158","3","30","Hooking","3","00:02:44","2","1","0"
"251","66","66","6","30","Hooking","3","00:06:14","2","1","0"
"252","67","67","6","30","Cross Checking","3","00:08:44","2","1","0"
"253","88","88","5","31","Boarding","1","00:07:35","2","1","0"
"254","79","79","2","31","Interference","2","00:01:09","2","1","0"
"255","88","88","5","31","Tripping","3","00:03:45","2","1","0"
"256","45","45","4","32","Hooking","1","00:08:31","2","1","0"
"257","7","7","1","32","Holding","2","00:00:24","2","1","0"
"258","35","35","4","32","Tripping","2","00:06:46","2","1","0"
"259","8","8","1","32","Roughing","2","00:12:13","2","0","0"
"260","42","42","4","32","Roughing","2","00:12:13","2","0","0"
"261","9","9","1","32","High Sticking","3","00:12:23","2","1","0"
"262","118","118","2","33","Tripping","1","00:01:56","2","1","0"
"263","99","99","3","33","Holding Opp. Stick","2","00:06:06","2","1","0"
"264","11","11","2","33","Hooking","2","00:11:48","2","1","0"
"265","159","159","3","33","Delay of Game","3","00:07:11","2","1","0"
"266","84","84","3","33","Hooking","3","00:09:10","2","1","0"
"271","98","98","3","35","Cross Checking","1","00:01:32","2","1","0"
"272","57","57","5","34","Ob-Interference","1","00:03:48","2","1","0"
"273","36","36","4","35","Ob-Tripping","1","00:05:05","2","1","0"
"274","109","109","1","34","Hooking","1","00:09:47","2","1","0"
"275","10","10","1","34","Boarding","1","00:12:47","2","1","0"
"276","86","86","4","35","Boarding","1","00:17:25","2","1","0"
"277","35","35","4","35","Kneeing","2","00:01:11","2","1","0"
"278","110","110","1","34","Elbowing","2","00:04:36","2","1","0"
"279","158","158","3","35","2-Minute-Hit to the ","2","00:07:40","2","1","0"
"280","47","47","4","35","Roughing","2","00:15:12","2","1","0"
"281","7","7","1","34","Roughing","2","00:17:39","2","1","0"
"282","60","60","5","34","Slashing","2","00:18:37","2","1","0"
"283","150","150","4","35","Interference","3","00:05:32","2","1","0"
"284","56","56","5","34","Cross Checking","3","00:09:23","2","1","0"
"285","81","81","3","35","Holding","3","00:15:42","2","1","0"
"286","10","10","1","34","Roughing","3","00:18:08","2","0","0"
"287","141","141","5","34","Unsportsmanlike Cnd.","3","00:18:08","2","0","0"
"288","42","42","4","36","Roughing","1","00:03:51","2","1","0"
"289","69","69","6","36","Body Checking","1","00:17:08","2","1","0"
"290","73","73","6","36","Delay of Game - Face","2","00:03:57","2","1","0"
"291","44","44","4","36","Interference","2","00:04:57","2","1","0"
"292","45","45","4","36","Slashing","2","00:10:30","2","1","0"
"293","75","75","6","36","Hooking","2","00:19:12","2","1","0"
"294","73","73","6","36","Body Checking","3","00:15:35","2","1","0"
"295","75","75","6","36","Hooking","4","00:03:18","2","1","0"
"296","136","136","5","37","Inter. on Goaltender","1","00:07:51","2","1","0"
"297","62","62","5","37","Tripping","2","00:06:28","2","1","0"
"298","156","156","3","37","High Sticking","2","00:13:45","2","1","0"
"300","163","163","3","37","Tripping","3","00:11:58","2","1","0"
"301","99","99","3","37","Hooking","3","00:12:02","2","1","0"
"302","99","99","3","37","Slashing","3","00:18:23","2","1","0"
"303","167","167","1","38","Cross Checking","1","00:07:31","2","1","0"
"304","22","115","2","38","Tripping","1","00:15:48","2","1","0"
"305","78","78","1","38","Interference","2","00:11:38","2","1","0"
"306","20","20","2","38","Roughing","3","00:00:44","2","0","0"
"307","2","2","1","38","Cross Checking","3","00:00:44","2","0","0"
"308","15","15","1","38","Cross Checking","3","00:03:35","2","1","0"
"309","2","2","1","38","Delay of Game","3","00:06:57","2","1","0"
"310","24","24","2","40","Hooking","2","00:00:42","2","1","0"
"311","105","105","2","40","Hooking","2","00:11:41","2","1","0"
"312","72","72","6","40","Hooking","2","00:17:36","2","1","0"
"313","57","57","5","39","Boarding","1","00:19:17","2","1","0"
"314","88","88","5","39","2-Minute-Hit to the ","2","00:02:14","2","1","0"
"315","60","60","5","39","Tripping","2","00:09:08","2","1","0"
"316","42","42","4","39","Game Misconduct","2","00:12:53","10","0","0"
"317","42","152","4","39","Major-Check/behind","2","00:12:43","5","1","0"
"318","60","60","5","39","Interference","3","00:08:30","2","1","0"
"319","137","137","5","41","Interference","1","00:11:37","2","1","0"
"320","163","163","3","42","Tripping","1","00:19:28","2","1","0"
"321","117","117","1","42","Interference","2","00:06:50","2","1","0"
"322","60","60","5","41","Holding","3","00:01:03","2","1","0"
"323","16","16","1","42","Roughing","3","00:04:34","2","1","0"
"324","78","78","1","42","Holding","3","00:15:38","2","1","0"
"325","5","5","1","42","2-Minute-Hit to the ","3","00:18:13","2","1","0"
"326","148","148","4","43","Holding","2","00:03:07","2","1","0"
"327","103","103","2","43","Tripping","2","00:05:17","2","1","0"
"328","79","79","2","43","Roughing","2","00:19:13","2","1","0"
"329","35","36","4","43","Cross Checking","3","00:09:43","2","1","0"
"330","105","105","2","44","Hooking","1","00:12:07","2","1","0"
"331","21","21","2","44","Slashing","1","00:18:06","2","1","0"
"332","114","114","2","44","2-Minute-Hit to the ","2","00:00:21","2","1","0"
"333","79","79","2","44","Tripping","2","00:02:12","2","1","0"
"334","53","53","5","44","Hooking","3","00:04:24","2","1","0"
"335","62","62","5","44","Boarding","3","00:19:26","2","1","0"
"336","161","161","3","46","Boarding","1","00:01:09","2","1","0"
"338","38","38","4","46","Interference","1","00:06:30","2","1","0"
"339","161","161","3","46","Body Checking","1","00:16:12","2","1","0"
"340","38","38","4","46","Cross Checking","1","00:17:36","2","1","0"
"341","36","36","4","46","Tripping","2","00:01:10","2","1","0"
"342","47","47","4","46","Holding","2","00:04:15","2","1","0"
"343","47","47","4","46","Holding","2","00:08:16","2","1","0"
"344","76","76","6","45","2-Minute-Hit to the ","2","00:14:04","2","1","0"
"345","81","81","3","46","Holding","2","00:13:01","2","1","0"
"346","44","44","4","46","Slashing","2","00:14:40","2","1","0"
"347","163","163","3","46","Hooking","2","00:19:10","2","1","0"
"348","30","30","3","46","Slashing","3","00:07:12","2","1","0"
"349","74","74","6","45","Roughing","3","00:17:03","2","0","0"
"350","16","16","1","45","Roughing","3","00:17:03","2","0","0"
"351","10","10","1","45","Hooking","3","00:17:03","2","1","0"
"352","12","12","1","45","Interference","3","00:17:57","2","1","0"
"353","89","89","6","45","Boarding","3","00:19:47","2","1","0"
"354","31","31","3","47","Tripping","1","00:17:44","2","1","0"
"355","72","72","6","47","Roughing","2","00:08:06","2","0","0"
"356","101","101","6","47","Roughing","2","00:08:06","2","0","0"
"357","69","69","6","47","Roughing","2","00:08:06","2","0","0"
"358","161","161","3","47","Hooking","2","00:09:56","2","1","0"
"359","157","157","3","47","Roughing","2","00:08:06","2","0","0"
"360","158","158","3","47","Roughing","2","00:08:06","2","0","0"
"361","81","81","3","47","Roughing","2","00:08:06","2","0","0"
"362","75","75","6","47","Tripping","2","00:18:17","2","1","0"
"363","71","71","6","47","Tripping","3","00:18:43","2","1","0"
"364","110","110","1","48","Boarding","1","00:06:52","2","1","0"
"365","148","148","4","48","Tripping","1","00:09:23","2","1","0"
"367","87","87","4","48","Tripping","2","00:06:27","2","1","0"
"368","13","13","1","48","Body Checking","2","00:10:03","2","1","0"
"369","13","13","1","48","Roughing","2","00:12:17","2","0","0"
"370","35","35","4","48","Roughing","2","00:12:17","2","0","0"
"371","2","2","1","48","Tripping","2","00:12:46","2","1","0"
"372","81","81","3","49","Interference","1","00:18:16","2","1","0"
"373","99","99","3","49","Hooking","2","00:04:16","2","1","0"
"374","88","88","5","49","Hooking","2","00:05:27","2","1","0"
"375","158","158","3","49","Interference","2","00:08:50","2","1","0"
"376","28","157","3","49","Delay of Game","2","00:10:06","2","1","0"
"377","60","60","5","49","Hooking","2","00:13:59","2","1","0"
"378","63","63","5","49","Slashing","2","00:17:10","2","1","0"
"379","56","56","5","49","Holding","3","00:02:53","2","1","0"
"380","57","57","5","49","Tripping","3","00:10:09","2","1","0"
"381","30","30","3","49","Cross Checking","3","00:13:02","2","1","0"
"382","11","11","2","50","Tripping","1","00:09:39","2","1","0"
"383","78","78","1","50","Holding","2","00:19:25","2","1","0"
"384","5","5","1","50","Kneeing","3","00:13:56","2","1","0"
"385","39","39","4","51","Slashing","1","00:16:27","2","1","0"
"386","24","24","2","51","Holding","1","00:16:56","2","1","0"
"387","20","20","2","51","Delay of Game","2","00:05:23","2","1","0"
"388","37","37","4","51","High Sticking","2","00:14:20","2","1","0"
"389","116","116","2","51","Tripping","2","00:17:53","2","1","0"
"390","33","33","4","51","Roughing","3","00:03:38","2","1","0"
"391","7","7","1","65","Slashing","1","00:13:51","2","1","0"
"392","57","57","5","65","Tripping","1","00:19:17","2","1","0"
"393","50","50","5","65","Interference","2","00:17:31","2","1","0"
"394","7","7","1","65","High Sticking","2","00:19:35","2","1","0"
"395","63","63","5","65","Delay of Game","4","00:04:49","2","1","0"
"396","81","81","3","66","High Sticking","1","00:18:47","2","1","0"
"397","126","126","6","66","Tripping","2","00:03:57","2","1","0"
"398","76","76","6","66","Boarding","3","00:17:40","2","1","0"
"399","47","47","4","53","Interference","1","00:03:45","2","1","0"
"400","57","57","5","53","Hooking","1","00:05:45","2","1","0"
"401","87","87","4","53","Boarding","1","00:07:23","2","1","0"
"402","71","71","6","52","Interference","1","00:09:27","2","1","0"
"403","75","75","6","52","Tripping","1","00:10:06","2","1","0"
"404","73","73","6","52","Slashing","1","00:16:26","2","1","0"
"405","88","88","5","53","Tripping","2","00:00:54","2","1","0"
"406","86","86","4","53","Tripping","2","00:02:33","2","1","0"
"407","9","9","1","52","High Sticking","2","00:17:39","2","1","0"
"408","7","7","1","52","Interference","2","00:18:04","2","1","0"
"409","61","61","5","53","Roughing","2","00:19:38","2","1","0"
"410","49","49","1","52","Tripping","3","00:01:28","2","1","0"
"411","18","18","1","52","2-Minute-Hit to the ","3","00:06:33","2","1","0"
"412","149","149","4","53","Roughing","3","00:07:18","2","0","0"
"413","161","107","5","53","Major-Boarding","3","00:07:18","5","1","0"
"414","60","60","5","53","Interference","3","00:09:15","2","1","0"
"415","161","161","5","53","Game Misconduct","3","00:07:18","10","0","0"
"416","141","141","5","54","Hooking","1","00:05:30","2","1","0"
"417","133","133","6","54","Interference","1","00:07:16","2","1","0"
"418","63","63","5","54","Inter. on Goaltender","1","00:09:56","2","1","0"
"419","142","142","5","54","Hooking","1","00:15:15","2","1","0"
"420","76","76","6","54","Roughing","1","00:15:38","2","1","0"
"421","73","73","6","54","Body Checking","2","00:11:22","2","1","0"
"422","57","57","5","54","Tripping","2","00:17:42","2","1","0"
"423","67","67","6","54","Roughing","2","00:19:14","2","1","0"
"424","30","30","3","55","Tripping","1","00:08:11","2","1","0"
"425","91","91","2","55","Kneeing","1","00:14:34","2","1","0"
"426","162","162","3","55","Tripping","1","00:16:02","2","1","0"
"427","92","92","2","55","Hooking","2","00:02:26","2","1","0"
"428","109","109","1","56","Hooking","1","00:07:18","2","1","0"
"429","12","12","1","56","Hooking","2","00:00:37","2","1","0"
"430","110","110","1","56","Slashing","2","00:04:25","2","1","0"
"431","15","15","1","56","Cross Checking","2","00:11:50","2","1","0"
"433","109","109","1","56","Cross Checking","3","00:05:17","2","1","0"
"434","42","42","4","56","Cross Checking","3","00:14:45","2","1","0"
"435","105","105","2","58","Delay of Game","1","00:06:23","2","1","0"
"436","74","74","6","57","Tripping","1","00:11:32","2","1","0"
"437","115","115","2","58","Slashing","1","00:16:19","2","1","0"
"438","138","138","3","58","Hooking","2","00:01:36","2","1","0"
"439","67","67","6","57","Interference","2","00:05:08","2","1","0"
"440","138","138","3","58","Tripping","2","00:04:01","2","1","0"
"441","118","118","2","58","Interference","2","00:05:16","2","1","0"
"442","110","110","1","57","Boarding","3","00:17:15","2","1","0"
"443","79","79","2","58","Holding","3","00:18:19","2","1","0"
"444","110","110","1","57","Roughing","3","00:20:00","2","1","0"
"445","89","89","6","67","Slashing","1","00:10:21","2","1","0"
"446","100","100","6","67","Body Checking","1","00:11:48","2","1","0"
"447","84","84","3","67","Holding Opp. Stick","1","00:15:23","2","1","0"
"448","69","69","6","67","Tripping","2","00:01:34","2","1","0"
"449","31","31","3","67","Tripping","2","00:07:25","2","1","0"
"450","66","66","6","67","Hooking","2","00:18:28","2","1","0"
"451","32","32","3","67","Tripping","3","00:00:23","2","1","0"
"452","131","131","6","67","Cross Checking","3","00:03:18","2","1","0"
"453","81","81","3","67","Tripping","3","00:13:50","2","1","0"
"454","71","71","6","67","Tripping","3","00:17:05","2","1","0"
"455","87","87","4","68","Hooking","3","00:05:41","2","1","0"
"456","53","53","5","59","Tripping","1","00:07:46","2","1","0"
"457","25","25","2","59","Slashing","1","00:12:21","2","1","0"
"458","161","161","5","59","Body Checking","2","00:08:51","2","1","0"
"459","58","58","5","59","Hooking","2","00:14:26","2","1","0"
"460","161","161","5","59","Interference","3","00:01:12","2","0","0"
"461","4","4","5","59","Hooking","3","00:02:48","2","0","0"
"463","157","157","3","60","High Sticking","1","00:07:04","2","1","0"
"464","7","7","1","69","Holding","1","00:07:21","2","1","0"
"465","168","168","3","60","Roughing","1","00:13:27","2","1","0"
"466","142","142","5","69","High Sticking","1","00:16:23","2","1","0"
"467","84","84","3","60","Hooking","1","00:18:05","2","1","0"
"468","18","18","1","69","Tripping","2","00:02:21","2","1","0"
"469","146","146","4","60","Interference","2","00:02:51","2","1","0"
"470","60","60","5","69","Tripping","2","00:05:28","2","1","0"
"471","7","7","1","69","Hooking","2","00:07:27","2","1","0"
"472","146","146","4","60","Tripping","2","00:08:04","2","1","0"
"473","157","157","3","60","Roughing","2","00:10:07","2","1","0"
"474","47","47","4","60","Hooking","2","00:14:38","2","1","0"
"475","99","99","3","60","Cross Checking","3","00:04:27","2","1","0"
"476","147","147","4","60","Boarding","3","00:14:28","2","1","0"
"477","136","136","5","62","Tripping","1","00:05:35","2","1","0"
"478","157","157","3","62","Interference","1","00:08:17","2","1","0"
"479","57","57","5","62","Hooking","1","00:14:21","2","1","0"
"480","56","56","5","62","Tripping","1","00:17:41","2","1","0"
"481","7","7","1","70","Body Checking","1","00:04:18","2","1","0"
"482","31","31","3","62","Tripping","3","00:10:19","2","0","0"
"483","7","7","1","70","Hooking","2","00:01:42","2","1","0"
"484","104","104","2","70","Tripping","3","00:00:55","2","1","0"
"485","118","118","2","70","Roughing","3","00:08:28","2","1","0"
"486","18","18","1","70","High Sticking","3","00:16:19","2","1","0"
"487","149","149","4","61","Tripping","1","00:11:33","2","1","0"
"488","152","152","4","61","Holding","1","00:14:26","2","1","0"
"489","87","87","4","61","Interference","2","00:00:46","2","1","0"
"490","100","100","6","61","Slashing","2","00:10:20","2","1","0"
"491","74","74","6","61","Roughing","2","00:14:33","2","1","0"
"492","35","35","4","61","Roughing","3","00:02:49","2","1","0"
"493","72","72","6","61","Hooking","3","00:12:14","2","1","0"
"494","126","126","6","61","Hooking","3","00:17:14","2","1","0"
"495","44","44","4","71","Tripping","1","00:09:11","2","1","0"
"496","38","38","4","71","Slashing","3","00:13:07","2","0","0"
"497","88","88","5","71","Cross Checking","3","00:13:07","2","0","0"
"498","56","56","5","71","Boarding","3","00:19:14","2","1","0"
"499","116","116","2","63","High Sticking","1","00:08:48","2","1","0"
"500","67","67","6","63","Cross Checking","1","00:18:42","2","1","0"
"501","73","73","6","63","Hooking","1","00:20:00","2","1","0"
"502","89","89","6","63","Boarding","2","00:02:47","2","1","0"
"503","97","97","2","63","Hooking","2","00:10:33","2","1","0"
"504","91","91","2","63","Hooking","2","00:19:02","2","1","0"
"505","97","97","2","73","Hooking","2","00:03:00","2","1","0"
"506","36","36","4","73","Tripping","2","00:03:59","2","1","0"
"507","21","21","2","73","Hooking","2","00:07:30","2","1","0"
"508","105","105","2","73","Hooking","3","00:01:26","2","1","0"
"509","149","149","4","73","Tripping","3","00:05:42","2","1","0"
"510","38","38","4","73","Body Checking","3","00:06:39","2","1","0"
"512","40","40","4","73","Interference","3","00:14:27","2","1","0"
"514","168","168","3","64","Roughing","2","00:02:50","2","0","0"
"515","31","31","3","64","Cross Checking","2","00:07:22","2","1","0"
"516","2","2","1","64","Roughing","2","00:02:50","2","0","0"
"517","175","175","1","64","Roughing","3","00:03:23","2","1","0"
"518","7","7","1","64","Roughing","3","00:09:57","2","1","0"
"519","65","126","6","72","Major-Check/behind","1","00:12:36","5","1","0"
"520","65","65","6","72","Game Misconduct","1","00:12:36","10","0","0"
"521","161","161","5","72","Interference","2","00:12:16","2","1","0"
"522","133","133","6","72","Delay of Game","3","00:01:39","2","1","0"
"523","4","4","5","72","Hooking","3","00:04:05","2","1","0"
"524","142","142","5","72","Tripping","3","00:13:13","2","1","0"
"525","104","104","2","84","Interference","2","00:04:13","2","1","0"
"526","131","131","6","84","Hooking","2","00:06:53","2","1","0"
"527","114","114","2","84","Tripping","3","00:07:47","2","1","0"
"528","12","12","1","85","Interference","1","00:05:06","2","1","0"
"529","1","1","1","85","Hooking","1","00:19:16","2","1","0"
"530","157","157","3","85","Roughing","2","00:04:24","2","1","0"
"531","13","13","1","85","Interference","2","00:09:49","2","1","0"
"532","98","98","3","85","Slashing","3","00:03:50","2","1","0"
"533","175","175","1","85","Inter. on Goaltender","3","00:04:17","2","1","0"
"534","12","12","1","85","Slashing","4","00:11:00","2","1","0"
"535","74","74","6","86","Tripping","1","00:09:54","2","1","0"
"536","11","11","2","86","Tripping","1","00:11:20","2","1","0"
"537","101","101","6","86","Slashing","1","00:14:10","2","1","0"
"538","24","24","2","86","Boarding","1","00:17:33","2","1","0"
"539","129","129","2","86","Tripping","2","00:16:34","2","1","0"
"540","71","71","6","86","Roughing","3","00:09:37","2","1","0"
"541","74","74","6","86","Tripping","3","00:13:08","2","1","0"
"542","51","51","3","87","Interference","1","00:13:57","2","1","0"
"543","12","12","1","87","Roughing","2","00:00:37","2","1","0"
"544","49","49","1","87","Tripping","2","00:20:00","2","1","0"
"545","49","175","1","87","Match-Attempt/Injure","4","00:06:20","5","1","0"
"546","12","12","1","87","Delay of Game","4","00:16:24","2","1","0"
"547","168","168","3","87","Roughing","4","00:20:00","2","1","0"
"548","75","75","6","88","Tripping","1","00:11:28","2","1","0"
"549","68","68","6","88","Tripping","1","00:14:34","2","1","0"
"550","67","67","6","88","Hooking","2","00:11:03","2","1","0"
"551","115","115","2","88","Slashing","3","00:04:04","2","1","0"
"552","67","67","6","88","Hooking","3","00:09:55","2","1","0"
"553","103","103","2","88","Tripping","3","00:15:04","2","1","0"
"554","7","7","1","89","Hooking","2","00:04:00","2","1","0"
"555","30","30","3","89","Holding","2","00:08:25","2","1","0"
"556","10","10","1","89","Hooking","2","00:12:19","2","1","0"
"557","99","99","3","89","Hooking","3","00:03:34","2","1","0"
"558","15","15","1","89","Boarding","3","00:15:38","2","1","0"
"559","74","74","6","90","Tripping","2","00:03:22","2","1","0"
"560","104","104","2","90","Tripping","2","00:04:18","2","1","0"
"561","73","73","6","90","Interference","2","00:07:50","2","1","0"
"562","97","97","2","90","Tripping","2","00:13:37","2","1","0"
"563","65","65","6","90","Interference","3","00:06:57","2","1","0"
"564","104","104","2","92","Tripping","1","00:05:14","2","1","0"
"565","75","75","6","92","Tripping","2","00:06:42","2","1","0"
"566","71","71","6","92","Tripping","2","00:11:41","2","1","0"
"567","71","71","6","92","Hooking","3","00:06:58","2","1","0"
"568","12","12","1","94","Interference","1","00:00:10","2","1","0"
"570","7","7","1","94","Tripping","3","00:11:22","2","1","0"
"571","78","78","1","95","Tripping","1","00:16:55","2","1","0"
"572","90","90","2","95","Interference","2","00:14:20","2","1","0"
"573","118","118","2","95","Hooking","2","00:18:23","2","1","0"
"574","105","105","2","95","Tripping","3","00:06:32","2","1","0"
"575","5","5","1","95","Charging","3","00:09:53","2","1","0"
"576","116","116","2","95","Tripping","3","00:15:04","2","1","0"
"577","118","118","2","96","Interference","1","00:07:41","2","1","0"
"578","7","7","1","96","Body Checking","3","00:07:17","2","1","0"
"579","102","102","2","96","Tripping","3","00:15:37","2","1","0"
"580","21","21","2","97","Roughing","1","00:11:26","2","0","0"
"581","175","175","1","97","Roughing","1","00:11:26","2","0","0"
"582","16","16","1","97","Tripping","2","00:04:50","2","1","0"
"583","7","7","1","97","Body Checking","2","00:08:59","2","1","0"
"584","115","115","2","97","Tripping","2","00:18:27","2","1","0"
"585","16","16","1","97","Tripping","3","00:08:49","2","1","0"
"586","1","1","1","97","Interference","3","00:13:11","2","1","0"
"587","116","116","2","97","Tripping","4","00:15:48","2","1","0"
"588","118","118","2","97","Tripping","5","00:12:31","2","1","0"
"589","111","111","1","98","Roughing","1","00:12:40","2","0","0"
"590","79","79","2","98","Roughing","1","00:12:40","2","0","0"
"591","7","7","1","98","Tripping","3","00:08:42","2","1","0"
"592","128","128","6","100","Tripping","1","00:01:33","2","1","0"
"593","39","39","3","99","Tripping","1","00:10:10","2","1","0"
"594","188","188","2","100","Holding","1","00:10:58","2","1","0"
"595","199","199","3","99","Tripping","1","00:15:09","2","1","0"
"596","2","2","1","99","Interference","2","00:03:34","2","1","0"
"597","67","67","6","100","High Sticking","2","00:09:47","2","1","0"
"598","202","202","3","99","Slashing","2","00:11:05","2","1","0"
"599","1","1","1","99","Tripping","2","00:15:27","2","1","0"
"600","63","63","6","100","Interference","3","00:03:02","2","1","0"
"601","32","32","3","99","Roughing","3","00:04:08","2","1","0"
"602","12","12","1","99","Delay of Game","3","00:13:16","2","1","0"
"603","72","72","5","101","Interference","1","00:04:48","2","1","0"
"604","142","142","5","101","Hooking","1","00:09:41","2","1","0"
"605","215","215","5","101","Cross Checking","1","00:16:22","2","1","0"
"606","224","224","5","101","Roughing","1","00:18:43","2","1","0"
"608","38","38","4","102","Interference","1","00:09:42","2","1","0"
"609","38","38","4","102","Tripping","1","00:15:36","2","1","0"
"610","110","110","1","101","Tripping","2","00:08:31","2","1","0"
"611","53","53","5","101","Tripping","2","00:18:09","2","1","0"
"612","148","148","4","102","Boarding","2","00:12:14","2","1","0"
"613","215","215","5","101","Hooking","3","00:09:53","2","1","0"
"614","224","224","5","101","Roughing","3","00:16:52","2","0","0"
"615","9","9","1","101","Roughing","3","00:16:52","2","0","0"
"616","79","79","2","102","Body Checking","3","00:09:37","2","1","0"
"617","97","97","2","102","Slashing","3","00:14:35","2","1","0"
"618","44","44","4","102","Tripping","4","00:01:32","2","1","0"
"619","30","30","3","103","Interference","1","00:12:40","2","1","0"
"620","150","150","4","104","Body Checking","1","00:07:42","2","1","0"
"621","205","205","4","104","Tripping","1","00:12:47","2","1","0"
"622","217","217","5","103","Boarding","2","00:09:08","2","1","0"
"623","125","125","6","104","Delay of Game","2","00:01:15","2","1","0"
"624","226","226","5","103","Tripping","3","00:06:36","2","1","0"
"625","212","212","6","104","Tripping","2","00:05:02","2","1","0"
"626","206","206","4","104","Roughing","2","00:15:09","2","1","0"
"627","232","232","6","104","Slashing","2","00:19:25","2","1","0"
"628","209","209","6","104","Tripping","2","00:17:13","2","1","0"
"629","76","76","6","104","Cross Checking","3","00:01:14","2","1","0"
"630","42","42","4","104","Roughing","3","00:02:49","2","1","0"
"631","227","227","4","104","Cross Checking","3","00:15:23","2","1","0"
"632","66","66","6","105","Tripping","1","00:02:35","2","1","0"
"633","209","209","6","105","Tripping","1","00:11:39","2","1","0"
"634","5","5","1","105","Tripping","2","00:04:59","2","1","0"
"635","74","74","6","105","Roughing","2","00:10:21","2","0","0"
"636","9","9","1","105","Roughing","2","00:10:21","2","0","0"
"637","9","18","1","105","Boarding","2","00:10:21","2","1","0"
"638","12","12","1","105","Interference","2","00:11:23","2","1","0"
"639","13","13","1","105","Boarding","3","00:17:56","2","1","0"
"640","61","61","5","106","Tripping","1","00:14:15","2","1","0"
"641","224","224","5","106","Interference","1","00:18:02","2","1","0"
"642","31","31","3","106","Body Checking","1","00:19:51","2","1","0"
"643","88","88","5","106","Boarding","2","00:10:44","2","1","0"
"644","72","72","5","106","Holding","2","00:13:24","2","1","0"
"645","39","39","3","106","Slashing","2","00:16:19","2","1","0"
"646","4","4","5","106","Tripping","3","00:04:43","2","1","0"
"647","161","161","5","106","Boarding","3","00:10:16","2","1","0"
"648","114","114","3","106","Holding","3","00:13:15","2","1","0"
"649","61","61","5","106","Holding","3","00:13:53","2","1","0"
"650","38","38","4","107","Hooking","1","00:09:08","2","1","0"
"651","79","79","2","107","Cross Checking","2","00:09:15","2","1","0"
"652","204","204","4","107","Check to the Head (A","3","00:08:31","2","1","0"
"653","223","223","5","108","Tripping","1","00:12:27","2","1","0"
"654","224","224","5","108","Interference","1","00:18:59","2","1","0"
"655","125","125","6","108","Tripping","2","00:09:12","2","1","0"
"656","65","65","6","108","Holding","3","00:04:46","2","1","0"
"657","223","223","5","108","Boarding","3","00:19:55","2","1","0"
"658","30","30","3","110","Tripping","1","00:03:57","2","1","0"
"659","185","185","1","109","Tripping","1","00:01:20","2","1","0"
"660","26","26","3","110","Hooking","1","00:08:36","2","1","0"
"661","5","5","1","109","Interference","1","00:11:57","2","1","0"
"662","2","2","1","109","Delay of Game","1","00:19:55","2","1","0"
"663","205","205","4","110","Cross Checking","2","00:07:27","2","1","0"
"664","79","79","2","109","Check to the Head (A","2","00:17:59","2","1","0"
"665","37","37","4","110","Delay of Game","3","00:04:48","2","1","0"
"666","200","200","3","110","Tripping","3","00:10:18","2","1","0"
"667","87","87","4","110","Tripping","3","00:17:00","2","1","0"
"668","83","83","3","110","Kneeing","3","00:19:32","2","1","0"
"669","223","223","5","172","Slashing","1","00:05:37","2","1","0"
"670","88","88","5","172","Too Many Players","2","00:01:10","2","1","0"
"671","51","51","3","172","Roughing","2","00:04:04","2","1","0"
"672","199","199","3","172","High Sticking","2","00:06:12","2","1","0"
"673","57","57","5","172","Cross Checking","2","00:09:19","2","1","0"
"674","220","220","5","172","Cross Checking","3","00:10:35","2","1","0"
"675","188","188","2","111","Tripping","2","00:00:57","2","1","0"
"676","209","209","6","111","Tripping","2","00:03:47","2","1","0"
"677","232","232","6","111","Slashing","2","00:07:14","2","1","0"
"678","9","9","1","112","Hooking","1","00:09:45","2","1","0"
"681","78","78","1","112","Roughing","2","00:02:45","2","1","0"
"682","110","110","1","112","Interference","2","00:06:06","2","1","0"
"683","37","37","4","112","Slashing","2","00:18:50","2","1","0"
"684","38","38","4","112","Body Checking","1","00:18:19","2","1","0"
"685","231","231","4","112","Tripping","1","00:17:34","2","1","0"
"686","180","180","1","112","Interference","3","00:05:40","2","1","0"
"687","110","110","1","112","Hooking","3","00:08:40","2","1","0"
"688","12","12","1","112","Tripping","3","00:13:25","2","1","0"
"689","16","16","1","113","Roughing","2","00:12:31","2","1","0"
"691","180","180","1","113","Boarding","3","00:12:43","2","1","0"
"692","86","86","6","114","Slashing","2","00:08:02","2","1","0"
"693","73","73","6","114","Interference","2","00:16:52","2","1","0"
"694","76","76","6","114","Tripping","2","00:17:24","2","1","0"
"695","40","40","4","114","Holding","3","00:03:27","2","0","0"
"696","67","67","6","114","Roughing","3","00:03:27","2","0","0"
"698","47","47","4","114","Roughing","3","00:11:04","2","0","0"
"699","207","207","6","114","Roughing","3","00:11:04","2","0","0"
"700","232","232","6","114","Roughing","3","00:14:23","2","1","0"
"701","223","223","5","115","Cross Checking","2","00:01:19","2","1","0"
"702","102","102","2","115","Too Many Players","2","00:14:36","2","1","0"
"703","161","161","5","115","Hooking","2","00:16:56","2","1","0"
"704","189","189","2","115","Boarding","3","00:08:44","2","1","0"
"705","220","220","5","115","Illegal Body Checkin","3","00:10:18","2","1","0"
"706","75","75","6","114","Ob-Tripping","3","00:04:11","2","1","0"
"707","198","198","3","116","Boarding","1","00:03:40","2","1","0"
"708","63","63","6","116","Interference","1","00:07:58","2","1","0"
"709","76","76","6","116","Hooking","1","00:13:24","2","1","0"
"710","30","30","3","116","Boarding","2","00:11:06","2","1","0"
"711","73","73","6","116","Tripping","3","00:03:59","2","1","0"
"712","232","213","6","116","Major - Check to the","3","00:05:18","5","1","0"
"713","232","232","6","116","Game Misconduct","3","00:05:18","10","0","0"
"714","36","36","4","117","Kneeing","2","00:00:36","2","1","0"
"715","35","35","4","117","Hooking","2","00:12:32","2","1","0"
"716","47","47","4","117","High Sticking","2","00:18:28","2","1","0"
"717","189","189","2","117","Interference","3","00:00:10","2","1","0"
"718","104","104","2","117","Roughing","3","00:02:51","2","1","0"
"719","167","167","1","118","Delay of Game","1","00:07:27","2","1","0"
"720","12","12","1","118","Tripping","1","00:11:22","2","1","0"
"721","118","118","1","118","Interference","1","00:13:12","2","1","0"
"722","67","67","6","118","Hooking","1","00:17:36","2","1","0"
"723","63","63","6","118","Holding","2","00:04:01","2","1","0"
"724","67","67","6","118","Interference","2","00:15:18","2","1","0"
"725","63","63","6","118","Roughing","3","00:17:32","2","1","0"
"726","188","188","2","119","Delay of Game","1","00:01:18","2","1","0"
"727","102","102","2","119","Too Many Players","1","00:05:31","2","1","0"
"728","169","169","2","119","Cross Checking","2","00:15:40","2","1","0"
"729","84","84","3","119","Roughing","2","00:17:58","2","1","0"
"730","223","223","5","120","Holding","1","00:08:58","2","1","0"
"731","57","57","5","120","Tripping","1","00:14:52","2","1","0"
"732","88","88","5","120","Interference","2","00:00:53","2","1","0"
"733","87","87","4","120","Slashing","2","00:12:21","2","1","0"
"734","227","227","4","120","Delay of Game","2","00:15:28","2","1","0"
"735","161","161","5","120","Tripping","2","00:17:27","2","1","0"
"736","47","47","4","120","Tripping","3","00:10:32","2","1","0"
"737","114","114","3","121","Tripping","1","00:04:55","2","1","0"
"738","18","18","1","121","Cross Checking","1","00:07:33","2","1","0"
"739","18","18","1","121","Boarding","1","00:09:43","2","1","0"
"740","181","181","1","121","Cross Checking","2","00:04:38","2","1","0"
"741","157","157","3","121","Hooking","2","00:16:42","2","1","0"
"742","157","157","3","121","Game Misconduct","2","00:20:00","10","0","0"
"743","157","199","3","121","Major - Check to the","2","00:20:00","5","1","0"
"744","98","98","3","121","Slashing","3","00:09:57","2","1","0"
"745","16","16","1","121","Roughing","3","00:12:23","2","1","0"
"746","84","84","3","121","Cross Checking","3","00:17:27","2","1","0"
"747","68","68","6","122","Delay of Game","2","00:01:42","2","1","0"
"748","61","61","6","122","Holding","2","00:14:46","2","1","0"
"750","62","62","5","122","Interference","3","00:08:06","2","1","0"
"751","161","161","5","122","Game Misconduct","3","00:11:51","10","0","0"
"752","161","221","5","122","Major-Boarding","3","00:11:51","5","1","0"
"753","180","180","1","123","Tripping","1","00:03:50","2","1","0"
"754","189","189","2","123","Roughing","1","00:09:01","2","1","0"
"755","1","1","1","123","Roughing","2","00:02:00","2","1","0"
"756","118","118","1","123","Interference","2","00:06:18","2","1","0"
"757","175","175","1","123","Cross Checking","2","00:11:23","2","1","0"
"758","189","189","2","123","Tripping","2","00:16:43","2","1","0"
"759","18","18","1","123","Hooking","3","00:09:27","2","1","0"
"760","24","24","2","123","Roughing","3","00:15:59","2","1","0"
"761","20","20","2","124","Hooking","1","00:16:05","2","1","0"
"762","191","191","2","124","Tripping","2","00:05:47","2","1","0"
"763","169","169","2","124","Slashing","2","00:18:37","2","1","0"
"764","231","231","4","124","Slashing","3","00:05:04","2","1","0"
"765","231","231","4","124","Tripping","3","00:10:01","2","1","0"
"766","35","35","4","124","Interference","3","00:15:26","2","1","0"
"767","2","2","1","173","Tripping","1","00:05:39","2","1","0"
"768","30","30","3","173","Slashing","1","00:12:47","2","1","0"
"769","98","98","3","173","Interference","2","00:07:24","2","1","0"
"771","203","203","3","173","Hooking","2","00:12:02","2","1","0"
"772","181","181","1","173","Tripping","2","00:13:00","2","1","0"
"773","78","78","1","173","Interference","3","00:03:18","2","1","0"
"774","98","98","3","173","Tripping","3","00:10:35","2","1","0"
"775","31","31","3","173","Boarding","3","00:19:47","2","1","0"
"776","58","58","5","125","Interference","2","00:04:52","2","1","0"
"777","52","52","5","125","Hooking","2","00:11:28","2","1","0"
"778","52","52","5","125","Slashing","2","00:16:00","2","1","0"
"779","57","57","5","125","Tripping","3","00:00:21","2","1","0"
"780","15","15","1","126","Boarding","1","00:15:30","2","1","0"
"781","12","12","1","126","Hooking","2","00:04:36","2","1","0"
"782","12","12","1","126","Hooking","2","00:11:41","2","1","0"
"783","199","199","3","174","Tripping","1","00:09:42","2","1","0"
"784","65","65","6","174","Tripping","1","00:17:14","2","1","0"
"785","99","99","3","174","Tripping","2","00:08:06","2","1","0"
"786","214","214","6","174","Tripping","2","00:11:29","2","1","0"
"787","1","1","1","127","Slashing","1","00:04:48","2","1","0"
"788","217","217","5","127","Tripping","1","00:08:14","2","1","0"
"789","142","142","5","127","Illegal Body Checkin","1","00:18:22","2","1","0"
"790","108","108","5","127","Interference","3","00:07:01","2","1","0"
"791","53","53","5","127","Slashing","3","00:16:03","2","1","0"
"792","210","210","6","128","Tripping","1","00:09:58","2","1","0"
"793","67","67","6","128","Cross Checking","1","00:12:30","2","1","0"
"794","232","232","6","128","Slashing","2","00:07:57","2","1","0"
"795","204","204","4","128","Hooking","2","00:12:30","2","1","0"
"796","44","44","4","128","Interference","3","00:02:51","2","1","0"
"799","115","115","2","175","Hooking","2","00:04:15","2","1","0"
"800","138","138","3","175","Tripping","2","00:07:34","2","1","0"
"801","102","102","2","175","Slashing","2","00:13:44","2","1","0"
"802","104","104","2","175","Boarding","2","00:19:32","2","1","0"
"803","157","157","3","175","Hooking","1","00:04:57","2","1","0"
"804","32","32","3","175","High Sticking","1","00:16:19","2","1","0"
"805","104","104","2","175","Tripping","1","00:19:58","2","1","0"
"806","52","52","5","129","Boarding","1","00:02:01","2","1","0"
"807","232","232","6","129","Slashing","1","00:04:32","2","1","0"
"808","4","4","5","129","Hooking","1","00:10:38","2","1","0"
"809","57","57","5","129","Hooking","1","00:15:20","2","1","0"
"810","161","161","5","129","Interference","2","00:04:22","2","1","0"
"812","36","36","4","130","Tripping","2","00:05:44","2","1","0"
"813","38","38","4","130","Interference","2","00:11:40","2","1","0"
"814","47","47","4","130","Cross Checking","2","00:13:53","2","1","0"
"815","79","79","2","130","Boarding","3","00:16:39","2","1","0"
"816","196","196","3","131","Tripping","1","00:04:57","2","1","0"
"817","31","31","3","131","Illegal Body Checkin","1","00:15:48","2","1","0"
"818","23","23","2","131","Boarding","2","00:04:14","2","1","0"
"819","79","79","2","131","Delay of Game","2","00:05:08","2","1","0"
"820","188","188","2","131","Interference","2","00:12:01","2","1","0"
"821","157","157","3","131","Tripping","3","00:02:54","2","1","0"
"822","191","191","2","131","Kneeing","3","00:08:33","2","1","0"
"824","11","11","2","131","Hooking","3","00:16:58","2","1","0"
"825","28","201","3","176","Interference","1","00:10:57","2","1","0"
"826","101","101","5","176","Slashing","2","00:03:10","2","1","0"
"827","224","224","5","176","Holding","2","00:18:02","2","1","0"
"828","98","98","3","176","Hooking","3","00:06:29","2","1","0"
"829","219","219","5","176","Interference","3","00:13:12","2","1","0"
"830","23","23","2","132","Hooking","1","00:11:56","2","1","0"
"831","62","62","5","132","Tripping","1","00:15:17","2","1","0"
"832","53","53","5","132","Hooking","2","00:03:59","2","1","0"
"833","115","115","2","132","Roughing","3","00:16:37","2","1","0"
"834","185","185","1","133","Holding","2","00:06:41","2","1","0"
"835","76","76","6","133","Cross Checking","2","00:10:11","2","1","0"
"836","149","149","1","133","Roughing","2","00:12:38","2","1","0"
"837","67","67","6","133","Roughing","2","00:12:38","2","1","0"
"838","17","17","1","133","Tripping","2","00:15:14","2","1","0"
"839","110","110","1","133","Delay of Game","3","00:04:15","2","1","0"
"840","35","35","4","177","Interference","1","00:06:25","2","1","0"
"841","75","75","6","177","Cross Checking","1","00:11:30","2","1","0"
"842","230","230","4","177","Delay of Game","1","00:15:37","2","1","0"
"843","208","208","6","177","Cross Checking","2","00:09:09","2","1","0"
"844","76","76","6","177","Tripping","3","00:04:05","2","1","0"
"846","87","87","4","177","Tripping","3","00:13:56","2","1","0"
"847","189","189","2","134","Elbowing","2","00:12:58","2","1","0"
"848","78","78","1","134","Interference","2","00:15:20","2","1","0"
"849","79","79","2","134","Interference","3","00:07:02","2","1","0"
"850","52","52","5","135","Cross Checking","1","00:10:42","2","1","0"
"851","205","205","4","135","Boarding","1","00:14:46","2","1","0"
"852","101","101","5","135","Tripping","2","00:11:20","2","1","0"
"853","60","60","5","135","Cross Checking","2","00:14:26","2","0","0"
"854","36","36","4","135","Holding","2","00:14:26","2","0","0"
"855","161","161","5","135","Major-Boarding","3","00:06:07","5","1","0"
"856","57","57","5","135","Boarding","3","00:10:21","2","1","0"
"857","35","35","4","135","Tripping","3","00:17:44","2","1","0"
"858","67","67","6","136","Boarding","1","00:02:45","2","1","0"
"859","91","91","2","136","Too Many Players","1","00:12:44","2","1","0"
"860","232","232","6","136","Hooking","1","00:15:50","2","1","0"
"861","23","23","2","136","Hooking","2","00:06:12","2","1","0"
"862","63","63","6","136","Hooking","2","00:07:25","2","1","0"
"863","75","75","6","136","Ob-Tripping","3","00:01:53","2","1","0"
"864","23","23","2","136","Hooking","3","00:03:32","2","1","0"
"865","24","24","2","136","Tripping","3","00:11:01","2","1","0"
"866","208","208","6","136","Illegal Body Checkin","3","00:13:31","2","1","0"
"867","200","200","3","137","Interference","1","00:15:03","2","1","0"
"868","53","53","5","137","Tripping","1","00:19:29","2","1","0"
"869","219","219","5","137","Cross Checking","2","00:09:03","2","1","0"
"870","71","71","5","137","Holding","2","00:11:06","2","1","0"
"871","74","74","6","138","Tripping","1","00:08:34","2","1","0"
"872","157","157","3","138","Interference","1","00:09:36","2","1","0"
"873","203","203","3","138","Tripping","2","00:03:52","2","1","0"
"874","30","30","3","138","Delay of Game","2","00:12:25","2","1","0"
"875","214","214","6","138","Boarding","2","00:15:03","2","1","0"
"876","32","32","3","138","High Sticking","2","00:16:05","2","1","0"
"877","74","74","6","138","Cross Checking","3","00:02:15","2","1","0"
"878","30","30","3","138","Holding","3","00:12:17","2","1","0"
"879","210","210","6","138","Hooking","3","00:18:52","2","1","0"
"880","1","1","1","139","Boarding","1","00:19:04","2","1","0"
"881","18","18","1","139","Hooking","2","00:02:21","2","1","0"
"882","35","35","4","139","Spearing","2","00:04:34","2","1","0"
"883","35","35","4","139","Spearing","2","00:06:34","2","1","0"
"884","13","13","1","139","Cross Checking","2","00:06:06","2","0","0"
"885","40","40","4","139","Roughing","2","00:06:06","2","0","0"
"886","110","110","1","139","Too Many Players","2","00:07:19","2","1","0"
"887","36","36","4","139","Illegal Body Checkin","2","00:14:12","2","1","0"
"888","183","183","1","139","Illegal Body Checkin","2","00:17:55","2","1","0"
"889","33","33","4","139","Interference","3","00:06:42","2","1","0"
"890","181","181","1","139","Cross Checking","3","00:07:45","2","0","0"
"891","205","205","4","139","Hooking","3","00:10:44","2","1","0"
"892","205","205","4","139","Roughing","3","00:07:45","2","0","0"
"893","78","78","1","139","Holding","3","00:12:50","2","1","0"
"894","42","42","4","139","Unsportsmanlike Cnd.","3","00:14:24","2","1","0"
"895","67","67","6","140","Roughing","1","00:09:44","2","1","0"
"896","58","58","5","140","Interference","1","00:09:58","2","1","0"
"897","68","68","6","140","Tripping","1","00:13:50","2","1","0"
"898","71","71","5","140","Inter. on Goaltender","1","00:17:55","2","1","0"
"899","60","60","5","140","Illegal Body Checkin","2","00:16:01","2","1","0"
"900","67","67","6","140","Holding Opp. Stick","3","00:00:46","2","1","0"
"901","73","73","6","140","Illegal Body Checkin","3","00:14:23","2","1","0"
"902","230","230","4","141","Boarding","1","00:15:02","2","1","0"
"903","205","205","4","141","Roughing","2","00:05:54","2","0","0"
"904","114","114","3","141","Cross Checking","2","00:05:54","2","0","0"
"905","201","201","3","141","Roughing","2","00:11:36","2","1","0"
"906","31","31","3","141","Major-Charging","2","00:13:48","5","1","0"
"907","201","201","3","141","Holding","3","00:15:26","2","1","0"
"908","190","190","2","142","Interference","1","00:06:12","2","1","0"
"909","192","192","2","142","Hooking","1","00:14:26","2","1","0"
"910","209","209","6","142","Hooking","2","00:00:45","2","1","0"
"911","24","24","2","142","Delay of Game","2","00:12:57","2","1","0"
"912","66","66","6","142","Delay of Game","3","00:04:17","2","1","0"
"914","12","12","1","143","Hooking","2","00:00:22","2","1","0"
"915","87","87","4","143","Tripping","2","00:12:22","2","1","0"
"916","2","2","1","143","Cross Checking","2","00:18:04","2","1","0"
"917","2","2","1","143","Tripping","3","00:00:42","2","1","0"
"918","15","15","1","143","Hooking","3","00:04:21","2","1","0"
"919","35","35","4","143","Boarding","1","00:08:05","2","1","0"
"920","219","219","5","144","Illegal Body Checkin","1","00:06:08","2","1","0"
"921","62","62","5","144","Illegal Body Checkin","2","00:05:31","2","1","0"
"922","71","71","5","144","Roughing","2","00:07:34","2","0","0"
"923","189","189","2","144","Roughing","2","00:07:34","2","0","0"
"924","21","21","2","144","High Sticking","2","00:17:29","2","1","0"
"925","21","21","2","144","Illegal Body Checkin","3","00:09:06","2","1","0"
"926","71","71","5","144","Interference","3","00:14:00","2","1","0"
"927","183","183","1","145","Tripping","1","00:02:02","2","1","0"
"928","73","73","6","145","Cross Checking","1","00:17:29","2","1","0"
"929","89","89","6","145","Roughing","2","00:07:46","2","0","0"
"930","180","180","1","145","Roughing","2","00:07:46","2","0","0"
"931","65","65","6","145","Roughing","3","00:12:04","2","0","0"
"932","18","18","1","145","Roughing","3","00:12:04","2","0","0"
"933","18","18","1","145","Tripping","3","00:16:10","2","1","0"
"934","99","99","3","146","Delay of Game","2","00:02:48","2","1","0"
"935","199","199","3","146","Boarding","2","00:03:53","2","1","0"
"936","31","31","3","146","Roughing","2","00:07:52","2","1","0"
"937","206","206","4","146","Holding","2","00:12:33","2","1","0"
"938","30","30","3","146","Hooking","2","00:13:58","2","1","0"
"939","36","36","4","146","Roughing","3","00:01:08","2","1","0"
"940","47","47","4","146","Delay of Game","3","00:02:38","2","1","0"
"941","16","16","1","147","Roughing","1","00:13:38","2","0","0"
"942","91","91","2","147","Roughing","1","00:13:38","2","0","0"
"943","91","91","2","147","Holding","1","00:13:38","2","1","0"
"944","167","167","1","147","Tripping","2","00:06:56","2","1","0"
"945","2","2","1","147","Holding","2","00:17:16","2","1","0"
"946","65","65","6","178","Slashing","1","00:02:48","2","1","0"
"947","67","67","6","178","Tripping","1","00:17:57","2","1","0"
"948","71","71","5","178","Hooking","2","00:04:36","2","1","0"
"949","71","71","5","178","Hooking","2","00:14:44","2","1","0"
"950","67","67","6","178","Hooking","2","00:17:05","2","1","0"
"951","62","62","5","178","Hooking","2","00:19:08","2","1","0"
"952","66","66","6","178","Hooking","3","00:02:59","2","1","0"
"953","86","86","6","178","Roughing","3","00:05:13","2","0","0"
"954","223","223","5","178","Roughing","3","00:05:13","2","0","0"
"955","86","210","6","178","Cross Checking","3","00:05:13","2","1","0"
"956","58","58","5","178","Tripping","3","00:07:21","2","1","0"
"957","232","232","6","178","Cross Checking","3","00:15:01","2","1","0"
"958","4","4","5","178","Cross Checking","3","00:16:34","2","1","0"
"959","227","227","4","148","Hooking","1","00:10:44","2","1","0"
"960","229","229","4","148","Interference","1","00:14:24","2","1","0"
"961","18","110","1","148","Major - Check to the","2","00:00:50","5","1","0"
"962","18","18","1","148","Game Misconduct","2","00:00:50","10","0","0"
"963","1","1","1","148","Boarding","2","00:09:49","2","1","0"
"964","2","2","1","148","Cross Checking","2","00:09:49","2","1","0"
"965","87","87","4","148","Cross Checking","2","00:16:19","2","1","0"
"966","87","87","4","148","Tripping","3","00:13:50","2","1","0"
"967","20","20","2","149","Hooking","1","00:04:48","2","1","0"
"968","199","199","3","149","Elbowing","1","00:11:07","2","1","0"
"969","23","23","2","149","Illegal Body Checkin","1","00:12:18","2","1","0"
"970","84","84","3","149","Hooking","2","00:02:01","2","1","0"
"971","114","114","3","149","Hooking","2","00:15:16","2","1","0"
"972","79","79","2","149","Boarding","3","00:10:09","2","1","0"
"973","138","138","3","149","10-Minute Misconduct","3","00:20:00","10","0","0"
"974","44","44","4","150","Interference","2","00:12:35","2","1","0"
"975","87","87","4","150","Cross Checking","2","00:16:04","2","1","0"
"976","73","73","6","150","Tripping","3","00:05:16","2","1","0"
"977","35","35","4","150","Hooking","3","00:08:04","2","1","0"
"978","227","227","4","150","High Sticking","3","00:10:58","2","1","0"
"979","212","212","6","150","Hooking","3","00:12:49","2","1","0"
"980","67","67","6","150","Cross Checking","3","00:16:50","2","1","0"
"981","205","205","4","150","Slashing","3","00:17:43","2","1","0"
"982","76","76","6","150","Slashing","3","00:18:06","2","1","0"
"983","185","185","1","151","Holding","1","00:11:47","2","1","0"
"984","13","13","1","151","Tripping","1","00:16:03","2","1","0"
"985","53","53","5","151","Tripping","2","00:04:58","2","1","0"
"986","60","60","5","151","Holding","2","00:17:08","2","1","0"
"987","183","183","1","151","Hooking","2","00:19:22","2","1","0"
"988","161","161","5","151","Roughing","3","00:11:18","2","0","0"
"989","149","149","1","151","Roughing","3","00:11:18","2","0","0"
"990","161","161","5","151","Roughing","3","00:13:18","2","0","0"
"991","149","149","1","151","Roughing","3","00:11:18","2","0","0"
"992","5","5","1","151","Holding","3","00:14:27","2","1","0"
"993","57","57","5","151","Boarding","3","00:16:37","2","1","0"
"994","199","199","3","152","Boarding","1","00:12:54","2","1","0"
"995","57","57","5","152","Slashing","2","00:06:48","2","1","0"
"996","99","99","3","152","Hooking","3","00:07:02","2","1","0"
"997","223","223","5","152","Boarding","3","00:16:35","2","1","0"
"998","190","190","2","153","Boarding","1","00:02:45","2","1","0"
"999","76","76","6","153","Slashing","1","00:04:33","2","1","0"
"1000","100","100","6","153","Hooking","2","00:02:00","2","1","0"
"1001","192","192","2","153","Game Misconduct","2","00:07:49","10","1","0"
"1002","192","90","2","153","Major - Check to the","2","00:07:49","5","1","0"
"1003","38","38","4","179","Interference","1","00:06:54","2","1","0"
"1004","110","110","1","179","Interference","1","00:07:54","2","1","0"
"1005","36","36","4","179","Too Many Players","2","00:09:49","2","1","0"
"1006","44","44","4","179","Cross Checking","2","00:18:33","2","1","0"
"1007","180","180","1","179","Cross Checking","2","00:19:52","2","1","0"
"1008","78","78","1","179","Ob-Tripping","3","00:03:27","2","1","0"
"1009","206","206","4","179","Cross Checking","3","00:15:02","2","1","0"
"1010","196","196","3","154","Delay of Game","2","00:00:46","2","1","0"
"1011","83","83","3","154","Tripping","2","00:19:44","2","1","0"
"1012","67","67","6","154","Boarding","3","00:14:52","2","1","0"
"1013","101","101","5","155","Interference","1","00:14:47","2","1","0"
"1014","36","36","4","155","Delay of Game","2","00:07:28","2","1","0"
"1015","230","230","4","155","Tripping","3","00:03:03","2","1","0"
"1016","223","223","5","155","Roughing","3","00:07:22","2","1","0"
"1017","221","221","5","155","Slashing","3","00:09:14","2","1","0"
"1018","53","53","5","155","Cross Checking","3","00:11:56","2","1","0"
"1019","230","230","4","155","Tripping","3","00:14:10","2","1","0"
"1020","30","30","3","180","High Sticking","1","00:09:31","2","1","0"
"1021","31","31","3","180","Illegal Body Checkin","1","00:17:08","2","1","0"
"1022","98","98","3","180","Delay of Game","1","00:18:42","2","1","0"
"1023","49","49","1","180","Holding","2","00:03:57","2","1","0"
"1024","114","114","3","180","Closing Hand on Puck","2","00:15:08","2","1","0"
"1025","5","5","1","180","Hooking","3","00:05:04","2","1","0"
"1026","180","180","1","180","Illegal Body Checkin","3","00:09:53","2","1","0"
"1027","201","201","3","156","Playing w/broken st.","1","00:16:34","2","1","0"
"1028","84","84","3","156","Tripping","2","00:10:07","2","1","0"
"1029","31","31","3","156","Hooking","2","00:11:27","2","1","0"
"1030","30","30","3","156","Cross Checking","2","00:15:38","2","1","0"
"1031","102","102","2","156","Hooking","2","00:18:19","2","1","0"
"1032","114","114","3","156","Boarding","4","00:02:02","2","1","0"
"1033","40","40","4","157","Cross Checking","2","00:00:31","2","1","0"
"1034","18","18","1","157","Delay of Game","2","00:09:45","2","1","0"
"1035","1","1","1","157","High Sticking","2","00:13:50","2","1","0"
"1036","138","138","3","158","Boarding","1","00:05:39","2","1","0"
"1037","196","196","3","158","Boarding","1","00:10:29","2","1","0"
"1038","67","67","6","158","Tripping","1","00:12:46","2","1","0"
"1039","61","61","6","158","Interference","1","00:16:31","2","1","0"
"1040","28","157","3","158","Tripping","2","00:14:40","2","1","0"
"1041","31","31","3","158","Delay of Game","2","00:15:49","2","1","0"
"1042","65","65","6","158","Roughing","2","00:19:58","2","1","0"
"1043","76","76","6","158","Roughing","2","00:19:58","2","0","0"
"1044","28","199","3","158","Roughing","2","00:19:58","2","0","0"
"1045","61","61","6","158","Slashing","3","00:01:46","2","1","0"
"1046","68","68","6","158","Hooking","3","00:07:34","2","1","0"
"1047","89","89","6","158","Slashing","3","00:11:37","2","1","0"
"1048","116","116","3","158","Holding","3","00:17:19","2","1","0"
"1049","161","161","5","181","Tripping","1","00:08:18","2","1","0"
"1050","189","189","2","181","High Sticking","2","00:01:38","2","1","0"
"1051","11","11","2","181","Tripping","2","00:08:38","2","1","0"
"1052","191","191","2","181","Boarding","2","00:15:19","2","1","0"
"1053","192","192","2","181","Interference","3","00:15:11","2","1","0"
"1054","17","17","1","182","Holding","1","00:09:21","2","1","0"
"1055","30","30","3","182","Slashing","2","00:01:36","2","1","0"
"1056","13","13","1","182","Boarding","2","00:06:31","2","1","0"
"1057","138","138","3","182","Tripping","3","00:05:52","2","1","0"
"1058","210","210","6","159","Tripping","1","00:19:16","2","1","0"
"1059","208","208","6","159","Interference","2","00:05:49","2","1","0"
"1060","11","11","2","159","Interference","2","00:08:52","2","1","0"
"1061","189","189","2","159","Elbowing","2","00:12:06","2","1","0"
"1062","73","73","6","159","Hooking","3","00:03:06","2","1","0"
"1063","63","63","6","159","Illegal Body Checkin","3","00:06:42","2","1","0"
"1064","189","189","2","159","Holding","3","00:07:50","2","1","0"
"1065","63","63","6","159","Tripping","3","00:12:16","2","1","0"
"1066","169","169","2","160","Interference","1","00:15:46","2","1","0"
"1067","60","60","5","160","Interference","2","00:04:09","2","1","0"
"1068","90","90","2","160","Slashing","2","00:16:53","2","1","0"
"1069","23","23","2","160","Tripping","3","00:00:32","2","1","0"
"1070","224","224","5","160","Hooking","3","00:04:54","2","1","0"
"1071","4","4","5","160","Tripping","3","00:14:12","2","1","0"
"1072","199","199","3","161","High Sticking","1","00:19:25","2","1","0"
"1073","230","230","4","161","Roughing","2","00:07:27","2","1","0"
"1074","36","36","4","161","Roughing","2","00:18:20","2","0","0"
"1075","99","99","3","161","Roughing","2","00:18:20","2","0","0"
"1076","205","205","4","161","Game Misconduct","3","00:05:10","10","0","0"
"1077","205","36","4","161","Major - Check to the","3","00:05:10","5","1","0"
"1078","196","196","3","161","Interference","3","00:13:40","2","1","0"
"1079","36","36","4","161","Holding","3","00:18:42","2","0","0"
"1080","99","99","3","161","Roughing","3","00:18:42","2","0","0"
"1081","30","30","3","161","Slashing","4","00:01:10","2","1","0"
"1082","175","175","1","162","Interference","1","00:02:48","2","1","0"
"1083","49","49","1","162","Hooking","1","00:11:30","2","1","0"
"1085","161","161","5","162","Tripping","2","00:07:26","2","1","0"
"1086","219","219","5","162","Tripping","3","00:07:26","2","1","0"
"1087","206","206","4","183","Holding","1","00:06:03","2","1","0"
"1088","169","169","2","183","Tripping","1","00:10:16","2","1","0"
"1089","11","11","2","183","Hooking","1","00:19:55","2","1","0"
"1090","115","115","2","183","Interference","3","00:00:44","2","1","0"
"1091","9","9","4","183","Hooking","3","00:03:00","2","1","0"
"1092","35","35","4","183","Holding","3","00:03:43","2","1","0"
"1093","99","99","3","163","Interference","1","00:04:58","2","1","0"
"1095","51","51","3","163","Hooking","1","00:12:18","2","1","0"
"1096","157","157","3","163","Tripping","1","00:18:40","2","1","0"
"1097","1","1","1","163","Tripping","2","00:01:41","2","1","0"
"1098","167","167","1","163","Interference","2","00:15:30","2","1","0"
"1099","1","1","1","163","Inter. on Goaltender","3","00:08:10","2","1","0"
"1100","2","2","1","163","Roughing","3","00:18:56","2","0","0"
"1101","30","30","3","163","Slashing","3","00:18:56","2","0","0"
"1102","67","67","6","164","Illegal Body Checkin","1","00:12:41","2","1","0"
"1103","86","86","6","164","Holding","1","00:16:45","2","1","0"
"1105","56","56","6","164","Interference","2","00:03:58","2","1","0"
"1106","73","73","6","164","Delay of Game","3","00:09:23","2","1","0"
"1107","205","205","4","164","Slashing","3","00:10:49","2","1","0"
"1110","204","204","4","165","Tripping","1","00:08:25","2","1","0"
"1111","62","62","5","165","Cross Checking","1","00:12:14","2","1","0"
"1112","205","205","4","165","Hooking","1","00:13:38","2","1","0"
"1113","72","72","5","165","Interference","2","00:01:38","2","1","0"
"1114","125","125","5","165","Hooking","2","00:05:25","2","1","0"
"1115","62","62","5","165","Hooking","2","00:09:10","2","1","0"
"1116","47","47","4","165","Kneeing","3","00:05:03","2","1","0"
"1117","60","60","5","165","Interference","3","00:16:33","2","1","0"
"1118","52","52","5","165","Delay of Game","3","00:18:38","2","1","0"
"1119","208","208","6","166","Tripping","1","00:08:29","2","1","0"
"1120","30","30","3","166","Hooking","1","00:15:35","2","1","0"
"1122","75","75","6","166","Tripping","2","00:08:55","2","1","0"
"1123","86","86","6","166","Tripping","3","00:03:23","2","1","0"
"1124","76","76","6","166","Cross Checking","3","00:14:22","2","1","0"
"1125","42","42","4","167","Slashing","1","00:03:05","2","1","0"
"1126","62","62","5","167","Hooking","1","00:07:36","2","1","0"
"1127","9","9","4","167","Hooking","1","00:16:48","2","1","0"
"1128","9","9","4","167","Holding","2","00:01:50","2","1","0"
"1129","62","62","5","167","Interference","3","00:04:05","2","1","0"
"1130","224","224","5","167","Interference","3","00:05:44","2","1","0"
"1131","161","161","5","167","Holding","3","00:08:17","2","1","0"
"1132","205","205","4","167","Slashing","3","00:15:08","2","1","0"
"1133","224","224","5","167","Roughing","3","00:19:02","2","1","0"
"1134","167","167","1","184","Hooking","1","00:04:42","2","1","0"
"1135","76","76","6","184","Interference","1","00:15:34","2","1","0"
"1136","74","74","6","184","Boarding","1","00:17:31","2","1","0"
"1137","17","17","1","184","Holding","1","00:18:57","2","1","0"
"1138","67","67","6","184","Hooking","2","00:12:14","2","1","0"
"1139","192","192","2","168","Interference","1","00:13:48","2","1","0"
"1140","5","5","1","184","Roughing","3","00:15:51","2","1","0"
"1141","12","12","1","184","Holding","3","00:15:51","2","1","0"
"1142","203","203","3","168","Interference","2","00:16:31","2","1","0"
"1143","175","2","1","184","Match-Attempt/Injure","3","00:19:57","5","1","0"
"1144","192","192","2","168","Interference","3","00:13:06","2","1","0"
"1145","104","104","2","168","Delay of Game","3","00:14:23","2","1","0"
"1146","60","60","5","185","Holding","1","00:05:45","2","1","0"
"1147","62","62","5","185","Tripping","1","00:09:45","2","1","0"
"1148","60","60","5","185","Tripping","1","00:16:51","2","1","0"
"1149","118","118","1","185","Holding","3","00:01:48","2","1","0"
"1150","125","125","5","185","Tripping","3","00:12:57","2","1","0"
"1151","8","8","1","185","Delay of Game - Coac","3","00:16:26","2","1","0"
"1152","58","58","5","185","Holding","3","00:18:25","2","1","0"
"1153","189","189","2","169","Roughing","1","00:09:23","2","1","0"
"1154","67","67","6","169","Tripping","1","00:14:49","2","1","0"
"1155","195","195","2","169","Slashing","2","00:06:12","2","1","0"
"1156","115","115","2","169","Tripping","3","00:16:56","2","1","0"
"1157","84","199","3","170","Major - Check to the","1","00:14:45","5","1","0"
"1158","84","84","3","170","Game Misconduct","1","00:14:45","10","0","0"
"1159","116","116","3","170","Tripping","3","00:01:04","2","1","0"
"1160","99","99","3","170","Roughing","3","00:08:26","2","0","0"
"1161","205","205","4","170","Roughing","3","00:08:26","2","0","0"
"1162","196","196","3","170","Holding","3","00:10:18","2","1","0"
"1163","42","42","4","170","Holding","3","00:11:16","2","1","0"
"1164","230","230","4","170","Holding","3","00:18:43","2","1","0"
"1165","180","180","1","171","Interference","1","00:00:31","2","1","0"
"1166","15","15","1","171","Boarding","3","00:05:48","2","1","0"
"1167","221","221","5","171","Tripping","3","00:06:11","2","1","0"
"1168","15","15","1","171","Roughing","3","00:08:55","2","0","0"
"1169","52","219","5","171","Major - Check to the","3","00:08:55","5","1","0"
"1170","52","52","5","171","Game Misconduct","3","00:08:55","10","0","0"
"1171","223","223","5","171","Holding","3","00:18:37","2","1","0"
"1172","219","219","5","188","Roughing","1","00:09:52","2","0","0"
"1173","32","32","3","188","Roughing","1","00:09:52","2","0","0"
"1174","221","221","5","188","Interference","2","00:11:58","2","1","0"
"1175","224","224","5","188","Delay of Game - Face","2","00:11:58","2","1","0"
"1176","86","86","6","187","Slashing","1","00:07:15","2","1","0"
"1177","203","203","3","188","Illegal Body Checkin","3","00:12:21","2","1","0"
"1178","4","4","5","188","Slashing","3","00:18:21","2","1","0"
"1179","8","8","1","187","Hooking","1","00:16:37","2","1","0"
"1181","209","209","6","187","Hooking","2","00:09:47","2","1","0"
"1182","67","67","6","187","Illegal Body Checkin","2","00:18:12","2","1","0"
"1183","13","13","1","187","Roughing","3","00:03:56","2","1","0"
"1184","89","89","6","187","Interference","3","00:11:07","2","1","0"
"1185","49","49","1","187","Roughing","3","00:13:57","2","1","0"
"1186","44","44","4","186","Interference","1","00:07:22","2","1","0"
"1187","104","104","2","186","Roughing","1","00:18:37","2","0","0"
"1188","47","47","4","186","Roughing","1","00:18:37","2","0","0"
"1189","35","37","4","186","Major-Check/behind","2","00:02:49","5","1","0"
"1190","35","35","4","186","Game Misconduct","2","00:02:49","10","0","0"
"1191","11","11","2","186","Interference","3","00:02:00","2","1","0"
"1192","21","21","2","186","Hooking","3","00:18:22","2","1","0"
"1193","118","118","1","190","Illegal Body Checkin","1","00:07:26","2","1","0"
"1194","201","201","3","190","Interference","1","00:08:10","2","1","0"
"1195","185","185","1","190","Tripping","2","00:01:40","2","1","0"
"1196","138","138","3","190","Tripping","2","00:04:39","2","1","0"
"1197","82","82","3","190","Tripping","2","00:08:35","2","1","0"
"1198","12","12","1","190","Illegal Body Checkin","2","00:15:09","2","1","0"
"1199","183","183","1","190","Hooking","3","00:03:21","2","1","0"
"1200","157","157","3","190","Tripping","3","00:09:49","2","1","0"
"1201","16","16","1","190","High Sticking","3","00:12:35","2","1","0"
"1202","167","167","1","190","Illegal Body Checkin","3","00:15:27","2","1","0"
"1203","89","89","6","189","Tripping","1","00:13:51","2","1","0"
"1204","40","40","4","189","Cross Checking","2","00:17:07","2","1","0"
"1205","67","67","6","189","Roughing","3","00:04:14","2","1","0"
"1206","38","38","4","189","Interference","3","00:10:20","2","1","0"
"1207","40","40","4","189","Slashing","3","00:15:30","2","1","0"
"1208","47","47","4","189","Cross Checking","3","00:18:51","2","1","0"
"1209","189","189","2","191","Tripping","1","00:10:01","2","1","0"
"1210","224","224","5","191","Tripping","1","00:16:20","2","1","0"
"1211","192","192","2","191","Slashing","1","00:18:14","2","1","0"
"1212","101","101","5","191","Interference","2","00:14:34","2","1","0"
"1213","189","189","2","191","Slashing","2","00:15:32","2","1","0"
"1214","4","4","5","191","Inter. on Goaltender","2","00:16:08","2","1","0"
"1215","220","220","5","191","Roughing","3","00:09:17","2","1","0"
"1240","25","25","2","195","Boarding","1","00:13:47","2","1","0"
"1241","63","63","6","195","Slashing","2","00:04:07","2","1","0"
"1242","192","192","2","195","High Sticking","2","00:09:16","2","1","0"
"1243","74","74","6","195","Interference","2","00:13:35","2","1","0"
"1244","189","189","2","195","Game Misconduct","2","00:14:37","10","0","0"
"1245","189","191","2","195","Major - Check to the","2","00:14:37","5","1","0"
"1246","84","84","3","197","Delay of Game","1","00:04:20","2","1","0"
"1247","217","217","5","197","Illegal Body Checkin","1","00:10:43","2","1","0"
"1249","72","72","5","197","Holding","2","00:05:57","2","1","0"
"1250","99","99","3","197","Cross Checking","1","00:15:20","2","1","0"
"1251","99","99","3","197","Cross Checking","2","00:19:08","2","1","0"
"1252","208","208","6","196","Tripping","1","00:11:19","2","1","0"
"1253","232","232","6","196","Illegal Body Checkin","2","00:11:59","2","1","0"
"1254","21","21","2","196","Elbowing","2","00:15:10","2","1","0"
"1255","100","100","6","196","Too Many Players","3","00:17:16","2","1","0"
"1256","224","224","5","199","Interference","1","00:05:36","2","1","0"
"1259","98","98","3","199","Slashing","4","00:07:19","2","1","0"
"1260","223","223","5","199","Delay of Game","4","00:14:00","2","1","0"
"1261","52","52","5","199","Tripping","4","00:14:26","2","1","0"
"1262","79","79","2","203","Interference","1","00:17:32","2","1","0"
"1263","208","208","6","203","Illegal Body Checkin","2","00:02:55","2","1","0"
"1264","208","208","6","203","Illegal Body Checkin","2","00:07:25","2","1","0"
"1265","79","79","2","203","Interference","2","00:15:06","2","1","0"
"1266","67","67","6","203","Boarding","3","00:00:58","2","1","0"
"1267","76","76","6","203","Hooking","3","00:09:07","2","1","0"
"1268","31","31","3","200","Roughing","1","00:18:51","2","1","0"
"1269","84","84","3","200","Cross Checking","2","00:14:15","2","1","0"
"1270","52","52","5","200","Cross Checking","3","00:01:54","2","1","0"
"1271","57","57","5","200","Roughing","3","00:09:42","2","0","0"
"1272","32","32","3","200","Illegal Body Checkin","3","00:09:42","2","0","0"
"1273","58","58","5","200","Hooking","3","00:11:29","2","1","0"
"1274","30","30","3","201","Tripping","2","00:04:05","2","1","0"
"1275","53","53","5","201","Tripping","2","00:14:34","2","1","0"
"1277","219","219","5","206","Slashing","1","00:07:45","2","1","0"
"1278","115","115","2","206","Hooking","1","00:13:23","2","1","0"
"1279","161","161","5","206","Illegal Body Checkin","2","00:09:23","2","1","0"
"1280","195","195","2","206","Hooking","2","00:18:24","2","1","0"
"1281","23","23","2","206","Holding","3","00:13:52","2","0","0"
"1282","72","72","5","206","Cross Checking","3","00:13:52","2","0","0"
"1283","161","161","5","207","Holding","1","00:04:32","2","1","0"
"1284","223","223","5","207","Illegal Body Checkin","2","00:09:09","2","1","0"
"1285","115","115","2","207","Tripping","2","00:11:16","2","1","0"
"1286","217","217","5","207","Tripping","2","00:14:22","2","1","0"
"1287","169","169","2","207","Interference","3","00:01:42","2","1","0"
"1288","161","161","5","207","Hooking","3","00:06:34","2","1","0"
"1289","161","161","5","207","Tripping","3","00:19:23","2","1","0"
"1290","58","58","5","208","Holding Opp. Stick","1","00:14:49","2","1","0"
"1291","25","25","2","208","Roughing","2","00:08:06","2","1","0"
"1292","24","24","2","208","Holding","3","00:03:56","2","1","0"
"1293","71","71","5","208","Roughing","3","00:06:32","2","1","0"
"1294","97","97","2","208","Cross Checking","3","00:09:17","2","1","0"
"1295","72","72","5","208","Hooking","5","00:08:37","2","1","0"
"1296","169","169","2","208","Cross Checking","6","00:06:51","2","1","0"
"1297","195","195","2","209","Tripping","1","00:12:05","2","1","0"
"1298","223","223","5","209","Cross Checking","1","00:19:42","2","1","0"
"1299","90","90","2","209","Roughing","4","00:08:01","2","0","0"
"1300","57","57","5","209","Roughing","4","00:08:01","2","0","0"
"1301","285","285","4","330","Cross Checking","2","00:03:04","2","1","0"
"1302","147","147","4","330","Interference","3","00:08:10","2","1","0"
"1303","245","245","4","330","Illegal Body Checkin","3","00:09:36","2","1","0"
"1305","9","9","4","331","Elbowing","1","00:18:54","2","1","0"
"1306","229","229","4","331","Hooking","2","00:02:03","2","1","0"
"1307","24","24","2","331","Hooking","2","00:19:15","2","1","0"
"1309","21","21","2","331","High Sticking","2","00:20:00","2","1","0"
"1310","40","40","4","331","Roughing","3","00:18:24","2","1","0"
"1311","257","257","1","332","Delay of Game","1","00:08:19","2","1","0"
"1312","46","46","1","332","Illegal Body Checkin","1","00:19:00","2","1","0"
"1313","97","97","1","332","Delay of Game","2","00:07:26","2","1","0"
"1315","79","79","3","332","Tripping","2","00:19:22","2","1","0"
"1317","62","62","8","333","Elbowing","1","00:06:13","2","1","0"
"1319","62","62","8","333","Elbowing","2","00:03:54","2","1","0"
"1320","75","75","9","333","Holding","3","00:04:58","2","1","0"
"1321","114","114","9","333","Holding","3","00:09:41","2","1","0"
"1323","57","57","5","334","Tripping","1","00:09:37","2","1","0"
"1324","116","116","6","334","Hooking","2","00:10:22","2","1","0"
"1325","242","242","5","334","Tripping","2","00:11:26","2","1","0"
"1326","71","71","5","334","Hooking","2","00:13:32","2","1","0"
"1327","244","244","6","334","Inter. on Goaltender","2","00:16:38","2","1","0"
"1328","67","67","6","334","Illegal Body Checkin","3","00:02:29","2","1","0"
"1330","203","203","8","335","Tripping","2","00:06:47","2","1","0"
"1331","99","99","8","335","Delay of Game","2","00:17:43","2","1","0"
"1332","138","138","8","335","Cross Checking","3","00:17:12","2","1","0"
"1333","132","132","6","336","Illegal Body Checkin","1","00:06:01","2","1","0"
"1334","101","101","5","336","Illegal Body Checkin","1","00:08:14","2","1","0"
"1335","219","219","5","336","Interference","1","00:17:20","2","1","0"
"1336","35","35","3","337","Interference","1","00:06:19","2","1","0"
"1337","26","26","6","336","Hooking","2","00:16:10","2","1","0"
"1338","16","16","1","337","Delay of Game","1","00:11:09","2","1","0"
"1339","86","86","6","336","Tripping","3","00:06:05","2","1","0"
"1340","217","217","5","336","Tripping","3","00:10:26","2","1","0"
"1341","73","73","6","336","Tripping","3","00:14:34","2","1","0"
"1342","42","42","3","337","Illegal Body Checkin","2","00:11:42","2","1","0"
"1343","12","12","1","337","Interference","2","00:14:46","2","1","0"
"1344","1","1","1","337","Check to the Head (A","2","00:15:55","2","1","0"
"1345","78","78","1","337","Delay of Game","2","00:19:58","2","1","0"
"1346","232","232","1","337","Hooking","3","00:02:08","2","1","0"
"1347","243","243","1","337","High Sticking","3","00:06:28","2","1","0"
"1349","63","63","6","210","Hooking","1","00:15:49","2","0","0"
"1350","191","191","2","210","Hooking","2","00:03:30","2","1","0"
"1351","73","73","6","210","Tripping","2","00:11:01","2","1","0"
"1352","76","76","6","210","Slashing","3","00:03:03","2","1","0"
"1353","263","263","2","210","Tripping","3","00:11:15","2","1","0"
"1354","23","23","2","210","Tripping","3","00:15:48","2","1","0"
"1355","203","203","8","211","Hooking","1","00:01:24","2","1","0"
"1357","2","2","8","211","Interference","2","00:09:48","2","1","0"
"1358","192","192","9","211","Interference","3","00:09:35","2","1","0"
"1359","245","245","4","212","Boarding","1","00:09:44","2","1","0"
"1361","57","57","5","212","Illegal Body Checkin","1","00:11:17","2","0","0"
"1362","47","147","4","212","Major-Cross Checking","1","00:11:17","5","1","0"
"1363","285","285","4","212","Holding","2","00:12:51","2","1","0"
"1364","30","30","4","212","Tripping","3","00:00:11","2","1","0"
"1365","230","230","4","212","Hooking","3","00:19:20","2","1","0"
"1366","272","272","3","213","Too Many Players","2","00:02:55","2","1","0"
"1367","31","31","3","213","Hooking","2","00:16:50","2","1","0"
"1368","31","31","3","213","Tripping","2","00:16:50","2","1","0"
"1369","149","149","1","213","Roughing","3","00:01:24","2","0","0"
"1370","32","32","3","213","Roughing","3","00:01:24","2","0","0"
"1371","31","31","3","213","Illegal Body Checkin","3","00:01:24","2","1","0"
"1372","51","51","3","213","Tripping","3","00:02:26","2","1","0"
"1373","51","51","3","213","Interference","3","00:05:17","2","1","0"
"1374","47","47","4","212","Game Misconduct","1","00:11:17","10","1","0"
"1375","45","45","4","214","Holding","1","00:03:08","2","1","0"
"1376","61","61","3","214","Cross Checking","1","00:12:40","2","1","0"
"1377","40","40","4","214","Tripping","1","00:18:56","2","1","0"
"1378","87","87","4","214","Kneeing","2","00:07:26","2","1","0"
"1379","230","230","4","214","Boarding","2","00:10:07","2","1","0"
"1380","5","5","3","214","Cross Checking","2","00:19:57","2","1","0"
"1381","5","5","3","214","Illegal Body Checkin","3","00:09:58","2","1","0"
"1382","118","118","9","215","Game Misconduct","1","00:02:11","10","0","0"
"1384","221","221","5","215","Cross Checking","1","00:18:02","2","1","0"
"1385","239","239","5","215","Tripping","2","00:06:55","2","1","0"
"1386","286","286","5","215","Tripping","3","00:06:18","2","1","0"
"1387","221","221","5","215","Hooking","3","00:16:47","2","1","0"
"1389","49","49","8","216","Interference","2","00:07:46","2","1","0"
"1390","224","224","8","216","Tripping","2","00:12:45","2","1","0"
"1391","21","21","2","216","Interference","3","00:03:53","2","1","0"
"1392","25","25","2","216","Tripping","3","00:10:44","2","1","0"
"1393","210","210","8","216","Hooking","3","00:12:00","2","1","0"
"1394","208","208","8","216","Roughing","3","00:15:53","2","0","0"
"1395","189","189","2","216","Roughing","3","00:15:53","2","0","0"
"1396","169","169","9","217","Interference","1","00:13:07","2","1","0"
"1397","40","40","4","217","Interference","2","00:09:35","2","1","0"
"1398","212","212","1","218","Delay of Game","1","00:00:15","2","1","0"
"1399","245","245","4","217","Cross Checking","3","00:15:50","2","1","0"
"1400","26","26","6","218","High Sticking","1","00:04:45","2","1","0"
"1401","149","149","1","218","Boarding","1","00:07:08","2","1","0"
"1402","244","244","6","218","Inter. on Goaltender","1","00:12:45","2","1","0"
"1403","100","100","6","218","Hooking","2","00:18:06","2","1","0"
"1405","195","195","2","219","Hooking","1","00:09:29","2","1","0"
"1406","242","242","5","219","Holding","1","00:19:06","2","1","0"
"1407","286","286","5","219","Tripping","2","00:05:41","2","1","0"
"1408","167","167","2","219","Slashing","2","00:14:35","2","1","0"
"1409","25","25","2","219","Tripping","3","00:05:31","2","1","0"
"1410","89","89","9","220","Holding","1","00:09:01","2","1","0"
"1411","192","192","9","220","Tripping","1","00:18:28","2","1","0"
"1412","2","2","8","221","Interference","1","00:00:19","2","1","0"
"1413","249","249","4","221","Interference","1","00:07:05","2","1","0"
"1414","138","138","8","221","Illegal Body Checkin","1","00:16:42","2","1","0"
"1415","206","206","4","221","Delay of Game","1","00:19:40","2","1","0"
"1416","36","36","8","221","Slashing","2","00:04:33","2","1","0"
"1417","2","2","8","221","Holding","2","00:17:26","2","1","0"
"1418","181","181","8","221","Illegal Body Checkin","3","00:05:23","2","0","0"
"1419","47","47","4","221","Roughing","3","00:05:23","2","0","0"
"1420","206","206","4","221","Cross Checking","3","00:05:53","2","1","0"
"1421","245","245","4","221","Game Misconduct","3","00:16:01","10","0","0"
"1422","245","147","4","221","Major-Check/behind","3","00:16:01","5","1","0"
"1423","241","241","5","222","Interference","1","00:04:36","2","1","0"
"1424","286","286","5","222","Charging","1","00:09:56","2","1","0"
"1425","71","71","5","222","Hooking","1","00:17:06","2","1","0"
"1426","71","71","5","222","Ob-Tripping","2","00:00:34","2","1","0"
"1427","71","71","5","222","Delay of Game","2","00:08:30","2","1","0"
"1428","53","53","5","222","Holding","2","00:16:25","2","1","0"
"1429","65","65","6","222","Ob-Tripping","2","00:18:07","2","1","0"
"1430","285","285","4","223","Tripping","1","00:08:51","2","1","0"
"1432","161","161","9","223","Interference","2","00:02:15","2","1","0"
"1433","204","204","4","223","Hooking","2","00:04:53","2","1","0"
"1434","248","248","9","223","Delay of Game","2","00:14:03","2","1","0"
"1435","47","47","4","223","High Sticking","3","00:04:38","2","1","0"
"1436","118","118","9","223","Interference","3","00:10:01","2","1","0"
"1438","61","61","3","224","Interference","1","00:09:00","2","1","0"
"1439","313","313","6","224","Tripping","2","00:01:56","2","1","0"
"1440","44","44","6","224","Interference","2","00:02:21","2","1","0"
"1441","56","56","6","224","Holding","3","00:05:08","2","1","0"
"1442","157","157","3","224","Holding","3","00:08:20","2","1","0"
"1443","84","84","3","224","Delay of Game","3","00:09:13","2","1","0"
"1444","32","32","3","224","Roughing","3","00:09:50","2","1","0"
"1445","18","18","1","225","Tripping","1","00:06:44","2","1","0"
"1446","195","195","2","225","Tripping","2","00:03:40","2","1","0"
"1447","185","185","1","225","Tripping","2","00:10:38","2","1","0"
"1448","1","1","1","225","Tripping","2","00:16:47","2","1","0"
"1449","263","263","2","225","Holding","3","00:02:20","2","1","0"
"1450","212","212","1","225","Game Misconduct","3","00:19:49","10","0","0"
"1451","212","212","1","225","Major-Cross Checking","3","00:19:49","5","1","0"
"1452","189","189","2","225","Roughing","3","00:19:49","2","0","0"
"1453","222","239","5","226","Tripping","3","00:06:12","2","1","0"
"1454","206","206","4","228","Ob-Tripping","1","00:08:25","2","1","0"
"1455","73","73","6","227","Slashing","1","00:19:27","2","1","0"
"1456","149","149","1","228","Holding Opp. Stick","1","00:14:41","2","1","0"
"1457","230","230","4","228","Roughing","2","00:01:18","2","0","0"
"1458","243","243","1","228","Roughing","2","00:01:18","2","0","0"
"1459","116","116","6","227","Boarding","2","00:10:27","2","1","0"
"1460","73","73","6","227","Hooking","2","00:13:52","2","1","0"
"1461","244","244","6","227","Interference","2","00:17:01","2","1","0"
"1462","230","230","4","228","Roughing","2","00:13:20","2","0","0"
"1463","16","16","1","228","Roughing","2","00:13:20","2","0","0"
"1464","18","18","1","228","Boarding","3","00:03:40","2","1","0"
"1465","255","255","1","228","Delay of Game","3","00:13:38","2","1","0"
"1466","67","67","6","227","Interference","4","00:02:27","2","1","0"
"1467","203","203","8","229","Boarding","1","00:03:21","2","1","0"
"1468","62","62","8","229","Cross Checking","1","00:10:29","2","1","0"
"1469","242","242","5","229","Hooking","1","00:19:27","2","1","0"
"1470","220","220","5","229","Tripping","2","00:05:34","2","1","0"
"1471","88","88","5","229","Cross Checking","2","00:14:58","2","1","0"
"1472","13","13","8","229","Interference","3","00:00:54","2","1","0"
"1473","71","71","5","229","Roughing","3","00:01:17","2","1","0"
"1474","196","196","8","229","Holding","3","00:07:05","2","1","0"
"1475","189","189","2","230","Boarding","1","00:01:27","2","1","0"
"1476","263","263","2","230","Tripping","1","00:14:37","2","1","0"
"1477","195","195","2","230","Slashing","2","00:18:24","2","0","0"
"1478","52","52","1","230","Roughing","2","00:18:24","2","0","0"
"1479","273","273","3","231","Tripping","2","00:08:44","2","1","0"
"1480","209","209","9","231","Tripping","2","00:17:08","2","1","0"
"1481","244","244","6","232","Hooking","1","00:05:16","2","1","0"
"1482","60","60","4","232","Tripping","1","00:19:26","2","1","0"
"1483","73","73","6","232","Interference","2","00:05:45","2","1","0"
"1484","44","44","6","232","Cross Checking","2","00:16:15","2","1","0"
"1485","204","204","4","232","Too Many Players","2","00:17:42","2","1","0"
"1486","244","244","6","232","Roughing","2","00:19:45","2","1","0"
"1487","56","56","6","232","Interference","3","00:06:55","2","1","0"
"1488","195","195","2","233","Hooking","1","00:07:40","2","1","0"
"1489","220","220","5","233","Hooking","1","00:15:17","2","1","0"
"1490","220","220","5","233","Elbowing","2","00:02:55","2","1","0"
"1491","58","58","5","233","Interference","2","00:05:53","2","1","0"
"1492","21","21","2","233","Slashing","2","00:11:48","2","1","0"
"1493","71","71","5","233","Roughing","2","00:16:02","2","1","0"
"1494","189","189","2","233","Ob-Tripping","2","00:17:58","2","1","0"
"1495","38","38","5","233","Cross Checking","3","00:02:02","2","1","0"
"1496","210","210","8","234","High Sticking","1","00:11:39","2","1","0"
"1497","182","182","1","234","Tripping","1","00:16:06","2","1","0"
"1498","212","212","1","234","Too Many Players","1","00:18:37","2","1","0"
"1499","13","13","8","234","Interference","3","00:12:19","2","1","0"
"1500","316","316","6","235","Roughing","1","00:06:10","2","0","0"
"1501","219","219","5","235","Roughing","1","00:06:10","2","0","0"
"1502","244","244","6","235","Slashing","1","00:07:44","2","1","0"
"1503","57","57","5","235","Hooking","2","00:01:57","2","1","0"
"1504","86","86","6","235","Boarding","2","00:13:31","2","1","0"
"1505","65","65","6","235","Holding","3","00:19:37","2","1","0"
"1506","62","62","8","236","Tripping","1","00:02:54","2","1","0"
"1507","273","273","3","236","Hooking","1","00:11:28","2","1","0"
"1508","32","32","3","236","Hooking","2","00:09:12","2","1","0"
"1509","208","208","8","236","Roughing","2","00:15:10","2","1","0"
"1511","224","224","8","236","High Sticking","3","00:07:57","2","1","0"
"1512","208","208","8","236","Holding","3","00:17:17","2","1","0"
"1513","42","42","3","236","Unsportsmanlike Cnd.","3","00:20:00","2","0","0"
"1514","212","212","1","237","Check to the Head (A","1","00:06:04","2","1","0"
"1515","57","57","5","237","Tripping","1","00:06:43","2","1","0"
"1516","256","256","1","237","Slashing","1","00:08:44","2","1","0"
"1517","242","242","5","237","Holding","3","00:02:52","2","1","0"
"1518","243","243","1","237","Delay of Game","3","00:04:42","2","1","0"
"1519","71","71","5","237","Holding","3","00:14:24","2","1","0"
"1520","116","116","6","238","Tripping","1","00:06:37","2","1","0"
"1521","39","39","3","238","Roughing","2","00:06:20","2","1","0"
"1522","227","227","9","239","Delay of Game","1","00:00:52","2","1","0"
"1523","169","169","9","239","Cross Checking","1","00:03:36","2","1","0"
"1524","192","192","9","239","Hooking","1","00:06:33","2","1","0"
"1526","79","79","3","238","Roughing","2","00:19:11","2","0","0"
"1527","65","65","6","238","Roughing","2","00:19:11","2","0","0"
"1528","313","313","6","238","Tripping","2","00:19:38","2","1","0"
"1529","76","76","6","238","Interference","3","00:05:58","2","1","0"
"1530","51","51","3","238","Tripping","3","00:09:06","2","1","0"
"1531","90","90","2","239","Ob-Tripping","2","00:04:45","2","1","0"
"1532","227","227","9","239","Roughing","3","00:11:08","2","0","0"
"1533","190","190","2","239","Roughing","3","00:11:08","2","0","0"
"1534","191","191","2","239","Ob-Tripping","3","00:15:05","2","1","0"
"1535","36","36","8","240","Roughing","1","00:03:39","2","1","0"
"1536","229","229","4","240","Interference","1","00:04:00","2","1","0"
"1538","62","62","8","240","Game Misconduct","1","00:11:25","10","0","0"
"1539","60","60","4","240","Tripping","2","00:07:24","2","1","0"
"1540","34","34","8","240","Slashing","2","00:11:11","2","1","0"
"1541","285","285","4","240","Hooking","3","00:05:22","2","1","0"
"1542","285","285","4","240","Interference","3","00:07:25","2","1","0"
"1543","203","203","8","240","Tripping","3","00:11:18","2","1","0"
"1544","224","224","8","240","Hooking","3","00:15:26","2","1","0"
"1545","66","66","6","241","Ob-Tripping","1","00:02:45","2","1","0"
"1546","44","44","6","241","Holding","1","00:09:23","2","1","0"
"1547","195","195","2","241","Boarding","1","00:14:44","2","1","0"
"1548","316","316","6","241","Hooking","2","00:10:23","2","1","0"
"1550","114","114","9","242","Holding","1","00:13:00","2","1","0"
"1551","147","147","4","242","Tripping","1","00:15:15","2","1","0"
"1552","229","229","4","242","Tripping","2","00:02:13","2","1","0"
"1553","227","227","9","242","Cross Checking","2","00:06:57","2","1","0"
"1554","277","277","4","242","Tripping","2","00:10:22","2","1","0"
"1555","227","227","9","242","Cross Checking","2","00:13:50","2","1","0"
"1556","118","118","9","242","Tripping","3","00:01:51","2","1","0"
"1557","277","277","4","242","Tripping","3","00:13:08","2","1","0"
"1558","32","32","3","243","Hooking","1","00:05:49","2","1","0"
"1559","42","42","3","243","Cross Checking","2","00:01:03","2","1","0"
"1560","204","204","4","243","Check to the Head (A","2","00:05:41","2","1","0"
"1561","42","42","3","243","Slashing","2","00:08:11","2","1","0"
"1563","242","242","5","244","Slashing","1","00:19:27","2","1","0"
"1564","189","189","2","244","Boarding","2","00:10:21","2","1","0"
"1565","132","132","6","245","Roughing","1","00:11:34","2","1","0"
"1566","264","264","2","244","Tripping","2","00:16:35","2","1","0"
"1567","263","263","2","244","Delay of Game","3","00:02:29","2","1","0"
"1568","191","191","2","244","Interference","3","00:11:39","2","1","0"
"1570","311","311","6","245","Delay of Game","3","00:02:22","2","1","0"
"1571","183","183","1","246","Boarding","1","00:05:25","2","1","0"
"1572","256","256","1","246","Tripping","1","00:10:08","2","1","0"
"1573","227","227","9","246","Illegal Body Checkin","1","00:12:23","2","1","0"
"1574","212","212","1","246","Boarding","2","00:09:07","2","1","0"
"1575","129","129","9","246","Roughing","2","00:09:07","2","1","0"
"1576","115","115","9","246","Tripping","2","00:15:28","2","1","0"
"1577","78","78","1","246","Tripping","3","00:07:28","2","1","0"
"1578","247","247","2","247","Boarding","1","00:12:23","2","1","0"
"1579","4","4","3","247","Hooking","1","00:16:12","2","1","0"
"1580","21","21","2","247","Tripping","2","00:07:32","2","1","0"
"1581","84","84","3","247","Illegal Body Checkin","2","00:12:33","2","1","0"
"1582","42","42","3","247","Roughing","3","00:05:06","2","1","0"
"1584","40","40","4","248","Hooking","2","00:08:36","2","1","0"
"1585","316","316","6","248","Roughing","3","00:10:00","2","0","0"
"1586","87","87","4","248","Holding","3","00:10:00","2","0","0"
"1589","181","181","8","250","Interference","1","00:05:12","2","1","0"
"1590","49","49","8","250","Hooking","2","00:10:37","2","1","0"
"1591","91","91","8","250","Delay of Game","2","00:17:23","2","1","0"
"1592","196","196","8","250","Roughing","2","00:19:23","2","1","0"
"1593","208","208","8","250","Check to the Head (A","3","00:10:46","2","1","0"
"1594","16","16","1","250","Hooking","3","00:16:33","2","1","0"
"1595","286","286","5","249","Hooking","1","00:01:29","2","1","0"
"1596","239","239","5","249","Hooking","2","00:12:50","2","1","0"
"1597","115","115","9","249","Tripping","2","00:19:37","2","1","0"
"1598","44","44","6","248","Handling Puck","2","00:03:53","2","0","0"
"1599","246","246","1","251","Tripping","1","00:10:02","2","1","0"
"1600","221","221","5","251","Hooking","1","00:16:12","2","1","0"
"1601","259","259","1","251","Inter. on Goaltender","2","00:12:20","2","1","0"
"1602","219","219","5","251","Tripping","2","00:18:03","2","1","0"
"1603","1","1","1","251","Interference","3","00:04:21","2","1","0"
"1604","210","210","8","252","Tripping","1","00:03:53","2","1","0"
"1605","5","5","3","253","Holding","1","00:00:43","2","1","0"
"1606","220","220","5","251","Slashing","3","00:07:28","2","1","0"
"1607","149","149","1","251","Interference","3","00:09:40","2","1","0"
"1608","78","78","1","251","Interference","3","00:13:17","2","1","0"
"1609","190","190","2","252","Boarding","1","00:12:34","2","1","0"
"1610","289","289","5","251","Interference","3","00:16:42","2","1","0"
"1611","114","114","9","253","Hooking","1","00:12:38","2","1","0"
"1612","138","138","8","252","Tripping","1","00:15:55","2","1","0"
"1613","199","199","3","253","Tripping","2","00:04:27","2","1","0"
"1614","42","157","3","253","Match-Check to the H","3","00:04:06","5","1","0"
"1615","114","114","9","253","High Sticking","3","00:06:54","2","0","0"
"1617","208","208","8","252","Holding","3","00:17:23","2","1","0"
"1618","57","57","5","254","Hooking","1","00:02:08","2","1","0"
"1619","272","272","3","254","Slashing","1","00:05:11","2","1","0"
"1620","157","157","3","254","Tripping","1","00:08:04","2","1","0"
"1621","240","240","5","254","Boarding","1","00:16:05","2","1","0"
"1622","83","83","3","254","Delay of Game","1","00:19:05","2","1","0"
"1623","32","32","3","254","High Sticking","2","00:07:32","2","1","0"
"1624","242","242","5","254","Slashing","2","00:13:20","2","1","0"
"1625","58","58","5","254","Tripping","2","00:19:23","2","1","0"
"1626","63","63","6","255","Hooking","1","00:02:58","2","1","0"
"1627","65","65","6","255","Holding","1","00:16:37","2","1","0"
"1628","65","65","6","255","Interference","1","00:18:42","2","1","0"
"1629","232","232","1","255","Tripping","2","00:16:30","2","1","0"
"1630","18","18","1","255","Tripping","3","00:02:20","2","1","0"
"1631","68","68","6","255","Delay of Game","3","00:05:47","2","1","0"
"1632","73","73","6","255","Hooking","3","00:07:00","2","1","0"
"1633","18","18","1","255","Hooking","3","00:10:08","2","0","0"
"1634","73","73","6","255","Illegal Body Checkin","3","00:10:08","2","0","0"
"1635","188","188","2","256","Tripping","1","00:13:58","2","1","0"
"1636","285","285","4","256","Cross Checking","1","00:15:36","2","1","0"
"1638","87","87","4","256","Hooking","3","00:02:06","2","1","0"
"1640","316","316","6","257","Hooking","1","00:07:51","2","1","0"
"1641","209","209","9","257","Hooking","1","00:12:52","2","1","0"
"1642","161","161","9","257","Tripping","1","00:17:12","2","1","0"
"1643","73","73","6","257","Hooking","2","00:06:46","2","1","0"
"1644","89","89","9","257","Check to the Head (A","2","00:09:58","2","1","0"
"1647","272","272","3","258","Too Many Players","1","00:00:42","2","1","0"
"1648","230","230","4","258","Hooking","1","00:07:30","2","1","0"
"1649","285","285","4","258","Tripping","1","00:13:06","2","1","0"
"1650","40","40","4","258","Roughing","1","00:19:20","2","1","0"
"1651","84","84","3","258","Delay of Game","2","00:08:12","2","1","0"
"1652","31","31","3","258","Boarding","3","00:00:59","2","1","0"
"1653","272","272","3","258","Illegal Body Checkin","3","00:07:51","2","1","0"
"1654","30","30","4","258","Holding","3","00:11:27","2","1","0"
"1655","42","42","3","258","Tripping","3","00:17:44","2","1","0"
"1656","9","9","4","258","Game-Leaving Bench","3","00:20:00","20","0","0"
"1657","9","9","4","258","10-Minute Misconduct","3","00:20:00","10","0","0"
"1658","245","245","4","258","10-Minute Misconduct","3","00:20:00","10","0","0"
"1659","47","47","4","258","10-Minute Misconduct","3","00:20:00","10","0","0"
"1660","229","229","4","258","10-Minute Misconduct","3","00:20:00","10","0","0"
"1661","79","79","3","258","10-Minute Misconduct","3","00:20:00","10","0","0"
"1662","31","31","3","258","10-Minute Misconduct","3","00:20:00","10","0","0"
"1663","61","61","3","258","10-Minute Misconduct","3","00:20:00","10","0","0"
"1664","42","42","3","258","10-Minute Misconduct","3","00:20:00","10","0","0"
"1665","185","185","1","259","Illegal Body Checkin","1","00:05:11","2","1","0"
"1666","62","62","8","259","2-Minute-Hit to the ","1","00:10:35","2","1","0"
"1667","138","138","8","259","Slashing","1","00:12:24","2","1","0"
"1668","52","52","1","259","Interference","1","00:17:02","2","1","0"
"1669","78","78","1","259","Interference","2","00:14:52","2","1","0"
"1670","30","30","4","260","Hooking","1","00:03:56","2","1","0"
"1671","240","240","5","260","Too Many Players","1","00:05:22","2","1","0"
"1672","240","240","5","260","Inter. on Goaltender","1","00:11:08","2","1","0"
"1673","101","101","5","260","Roughing","1","00:12:49","2","1","0"
"1674","38","38","5","260","Delay of Game","1","00:13:04","2","1","0"
"1675","58","58","5","260","Boarding","2","00:03:46","2","1","0"
"1676","285","285","4","260","Slashing","2","00:05:26","2","1","0"
"1677","230","230","4","260","Tripping","3","00:09:22","2","1","0"
"1678","71","71","5","260","Hooking","3","00:10:26","2","1","0"
"1679","240","240","5","260","Tripping","3","00:18:24","2","1","0"
"1680","316","316","6","261","Tripping","1","00:09:37","2","1","0"
"1682","26","26","6","261","High Sticking","2","00:15:21","2","1","0"
"1683","210","210","8","261","Hooking","3","00:01:45","2","1","0"
"1684","49","49","8","261","Roughing","3","00:03:41","2","0","0"
"1685","74","74","6","261","Cross Checking","3","00:03:41","2","0","0"
"1686","74","74","6","261","Holding","3","00:10:13","2","1","0"
"1687","76","76","6","261","Slashing","3","00:18:35","2","1","0"
"1688","191","191","2","262","Interference","2","00:08:52","2","1","0"
"1689","313","313","6","263","Tripping","1","00:11:37","2","1","0"
"1692","79","79","3","264","Roughing","1","00:01:24","2","1","0"
"1693","242","242","5","264","Holding","1","00:04:35","2","1","0"
"1694","42","42","3","264","Interference","1","00:09:02","2","1","0"
"1695","223","223","5","264","Boarding","1","00:18:24","2","1","0"
"1696","199","199","3","264","Illegal Body Checkin","2","00:09:28","2","1","0"
"1697","199","199","3","264","Slashing","2","00:16:26","2","1","0"
"1698","118","118","5","264","Kneeing","2","00:19:18","2","1","0"
"1699","118","118","5","264","Interference","3","00:04:22","2","1","0"
"1700","264","264","2","265","Tripping","1","00:04:44","2","1","0"
"1701","30","30","4","265","Illegal Equipment","1","00:04:59","2","1","0"
"1702","205","205","4","265","Slashing","1","00:14:26","2","1","0"
"1703","264","264","2","265","Tripping","3","00:11:08","2","1","0"
"1704","245","245","4","265","Slashing","3","00:18:24","2","1","0"
"1705","196","196","8","266","Roughing","1","00:05:05","2","1","0"
"1706","209","209","9","266","Boarding","1","00:10:51","2","1","0"
"1707","169","169","9","266","Delay of Game","1","00:16:24","2","1","0"
"1708","67","67","6","267","Holding","1","00:12:09","2","1","0"
"1709","74","74","6","267","Cross Checking","1","00:13:10","2","1","0"
"1710","97","97","1","269","Hooking","1","00:00:17","2","1","0"
"1711","12","12","1","269","Cross Checking","1","00:00:33","2","1","0"
"1712","245","245","4","269","Roughing","1","00:09:02","2","1","0"
"1713","241","241","5","268","Hooking","1","00:20:00","2","1","0"
"1714","272","272","3","267","High Sticking","2","00:08:27","2","1","0"
"1715","74","74","6","267","Delay of Game","2","00:13:36","2","1","0"
"1716","67","67","6","267","Interference","2","00:16:26","2","1","0"
"1717","147","147","4","269","Boarding","2","00:03:01","2","1","0"
"1718","286","217","5","268","Major-Check/behind","2","00:01:09","5","1","0"
"1719","286","286","5","268","Game Misconduct","2","00:01:09","10","0","0"
"1720","1","1","1","269","Tripping","2","00:09:07","2","1","0"
"1721","203","203","8","268","Slashing","2","00:09:53","2","1","0"
"1722","47","47","4","269","Slashing","3","00:02:51","2","1","0"
"1723","47","47","4","269","Holding","3","00:05:26","2","1","0"
"1724","88","88","5","268","Roughing","3","00:05:36","2","0","0"
"1725","196","196","8","268","Roughing","3","00:05:36","2","0","0"
"1726","52","52","1","269","Cross Checking","3","00:18:03","2","1","0"
"1727","208","208","8","268","Cross Checking","3","00:19:01","2","1","0"
"1728","89","89","9","270","Holding","1","00:19:13","2","1","0"
"1729","16","16","1","269","Tripping","4","00:03:50","2","1","0"
"1730","90","90","2","270","Hooking","2","00:03:06","2","1","0"
"1731","161","161","9","270","Slashing","3","00:04:14","2","1","0"
"1732","24","24","2","270","Hooking","3","00:14:04","2","1","0"
