"player_id","game_id","time_on_ice"
"1","4","00:13:56"
"1","11","00:15:24"
"1","14","00:15:16"
"1","16","00:18:54"
"1","19","00:17:31"
"1","23","00:15:26"
"1","27","00:15:51"
"1","29","00:19:13"
"1","32","00:19:49"
"1","34","00:16:37"
"1","38","00:15:50"
"1","42","00:13:46"
"1","45","00:12:18"
"1","48","00:14:49"
"1","50","00:13:54"
"1","52","00:19:47"
"1","56","00:24:55"
"1","57","00:20:09"
"1","64","00:22:15"
"1","65","00:22:21"
"1","68","00:19:36"
"1","69","00:22:06"
"1","70","00:19:50"
"1","83","00:16:18"
"1","85","00:29:51"
"1","87","00:37:33"
"1","89","00:20:11"
"1","94","00:17:25"
"1","95","00:16:46"
"1","96","00:15:25"
"1","97","00:27:15"
"1","98","00:18:33"
"1","105","00:15:12"
"1","109","00:20:02"
"1","112","00:19:52"
"1","113","00:21:36"
"1","118","00:19:54"
"1","121","00:14:12"
"1","123","00:16:35"
"1","126","00:15:14"
"1","127","00:14:53"
"1","133","00:15:22"
"1","134","00:11:40"
"1","139","00:12:21"
"1","143","00:15:08"
"1","145","00:09:55"
"1","147","00:16:54"
"1","148","00:14:48"
"1","151","00:17:29"
"1","157","00:15:06"
"1","162","00:15:01"
"1","163","00:16:37"
"1","171","00:12:42"
"1","173","00:13:53"
"1","179","00:13:24"
"1","180","00:15:31"
"1","182","00:15:29"
"1","184","00:16:36"
"1","185","00:16:07"
"1","187","00:15:27"
"1","190","00:18:04"
"1","193","00:12:31"
"2","4","00:17:48"
"2","11","00:15:24"
"2","14","00:22:41"
"2","16","00:13:35"
"2","19","00:19:15"
"2","23","00:17:34"
"2","27","00:21:18"
"2","29","00:19:05"
"2","32","00:19:43"
"2","34","00:20:20"
"2","38","00:20:35"
"2","42","00:20:16"
"2","45","00:18:21"
"2","48","00:18:21"
"2","50","00:17:35"
"2","52","00:18:49"
"2","56","00:18:02"
"2","57","00:19:33"
"2","64","00:21:25"
"2","65","00:22:48"
"2","68","00:21:09"
"2","69","00:21:50"
"2","70","00:21:16"
"2","83","00:18:12"
"2","85","00:28:36"
"2","87","00:41:59"
"2","89","00:29:36"
"2","94","00:26:30"
"2","95","00:19:34"
"2","96","00:20:21"
"2","97","00:35:58"
"2","98","00:21:52"
"2","105","00:19:25"
"2","109","00:17:17"
"2","112","00:21:03"
"2","113","00:16:45"
"2","118","00:15:06"
"2","121","00:14:57"
"2","123","00:13:25"
"2","126","00:15:45"
"2","127","00:14:32"
"2","133","00:19:44"
"2","134","00:15:31"
"2","139","00:16:15"
"2","143","00:15:03"
"2","145","00:18:49"
"2","147","00:19:21"
"2","148","00:18:08"
"2","157","00:17:02"
"2","162","00:18:48"
"2","163","00:20:16"
"2","171","00:21:03"
"2","173","00:18:12"
"2","179","00:14:03"
"2","180","00:19:28"
"2","182","00:21:21"
"2","184","00:21:45"
"2","185","00:20:12"
"2","187","00:18:29"
"2","190","00:21:13"
"2","193","00:17:48"
"3","34","00:05:39"
"3","37","00:00:00"
"3","39","00:03:45"
"3","41","00:01:35"
"3","44","00:07:57"
"3","49","00:00:00"
"3","53","00:09:01"
"3","54","00:05:55"
"3","59","00:05:42"
"3","62","00:05:38"
"3","65","00:06:45"
"3","69","00:05:01"
"3","71","00:04:25"
"3","72","00:00:38"
"3","83","00:01:04"
"4","4","00:16:30"
"4","11","00:10:01"
"4","14","00:07:03"
"4","16","00:06:09"
"4","19","00:11:32"
"4","23","00:11:16"
"4","27","00:15:34"
"4","29","00:12:39"
"4","32","00:09:32"
"4","34","00:13:45"
"4","38","00:13:27"
"4","42","00:11:23"
"4","45","00:14:25"
"4","48","00:12:53"
"4","50","00:13:04"
"4","53","00:05:55"
"4","54","00:11:44"
"4","59","00:12:58"
"4","62","00:10:24"
"4","65","00:13:30"
"4","69","00:06:57"
"4","71","00:08:55"
"4","72","00:07:08"
"4","83","00:10:05"
"4","106","00:09:09"
"4","108","00:04:16"
"4","113","00:13:34"
"4","115","00:13:48"
"4","120","00:11:52"
"4","122","00:13:55"
"4","125","00:14:53"
"4","127","00:16:47"
"4","129","00:15:54"
"4","132","00:18:05"
"4","135","00:11:01"
"4","137","00:14:30"
"4","140","00:15:20"
"4","144","00:17:03"
"4","152","00:16:25"
"4","155","00:00:00"
"4","160","00:16:40"
"4","162","00:19:13"
"4","165","00:17:04"
"4","167","00:17:18"
"4","171","00:15:57"
"4","172","00:08:55"
"4","176","00:13:55"
"4","178","00:16:22"
"4","181","00:18:28"
"4","185","00:17:32"
"4","188","00:14:56"
"4","191","00:17:21"
"4","194","00:16:04"
"5","4","00:16:23"
"5","11","00:20:56"
"5","14","00:15:59"
"5","16","00:19:24"
"5","19","00:18:15"
"5","23","00:20:52"
"5","27","00:21:44"
"5","29","00:18:31"
"5","32","00:20:10"
"5","34","00:15:32"
"5","38","00:17:06"
"5","42","00:19:21"
"5","45","00:18:09"
"5","48","00:21:00"
"5","50","00:17:39"
"5","52","00:15:53"
"5","56","00:18:36"
"5","57","00:19:45"
"5","64","00:18:09"
"5","65","00:18:45"
"5","68","00:21:41"
"5","69","00:19:05"
"5","70","00:20:25"
"5","83","00:14:46"
"5","85","00:27:23"
"5","87","00:47:59"
"5","89","00:29:38"
"5","94","00:24:57"
"5","95","00:21:40"
"5","96","00:19:48"
"5","97","00:38:10"
"5","98","00:22:04"
"5","105","00:17:40"
"5","109","00:16:21"
"5","112","00:18:07"
"5","113","00:17:39"
"5","118","00:16:44"
"5","121","00:19:24"
"5","123","00:19:21"
"5","126","00:17:46"
"5","127","00:16:46"
"5","133","00:19:13"
"5","134","00:19:34"
"5","139","00:14:09"
"5","143","00:17:39"
"5","145","00:13:55"
"5","147","00:16:23"
"5","148","00:14:10"
"5","151","00:15:38"
"5","157","00:17:56"
"5","162","00:17:57"
"5","163","00:19:36"
"5","171","00:18:45"
"5","173","00:12:39"
"5","179","00:18:33"
"5","180","00:17:00"
"5","182","00:13:56"
"5","184","00:21:09"
"5","185","00:15:02"
"5","187","00:19:08"
"5","190","00:20:34"
"5","193","00:18:08"
"6","4","01:00:00"
"6","11","01:02:11"
"6","16","00:37:39"
"6","19","01:00:00"
"6","27","01:02:36"
"6","32","01:01:59"
"6","34","01:00:00"
"6","38","00:59:31"
"6","42","01:00:00"
"6","45","00:40:00"
"6","50","00:58:02"
"6","56","01:00:00"
"6","57","01:00:00"
"6","64","01:00:00"
"6","65","01:05:00"
"6","68","01:00:00"
"6","69","01:05:00"
"6","83","00:58:54"
"6","85","01:13:47"
"6","87","01:51:41"
"6","89","01:01:02"
"6","94","01:00:00"
"6","95","00:59:40"
"6","96","00:58:47"
"6","97","01:38:36"
"6","98","00:57:25"
"6","105","00:58:46"
"6","109","00:59:06"
"6","112","01:00:00"
"6","113","01:00:00"
"6","118","00:58:34"
"6","123","01:04:47"
"6","127","01:01:45"
"6","133","01:00:00"
"6","139","01:05:00"
"6","143","01:00:00"
"6","145","00:58:20"
"6","148","01:00:00"
"6","151","01:04:12"
"6","157","01:00:00"
"6","162","01:00:00"
"6","171","00:40:00"
"6","173","01:05:00"
"6","179","01:05:00"
"6","180","01:04:43"
"6","182","01:00:21"
"6","184","00:58:37"
"6","185","00:58:07"
"6","193","00:20:00"
"7","4","00:13:00"
"7","11","00:07:23"
"7","14","00:11:16"
"7","16","00:08:16"
"7","19","00:01:05"
"7","23","00:15:41"
"7","27","00:21:52"
"7","29","00:13:54"
"7","32","00:21:51"
"7","34","00:17:32"
"7","38","00:21:14"
"7","42","00:20:44"
"7","45","00:33:58"
"7","48","00:19:08"
"7","50","00:19:07"
"7","52","00:20:57"
"7","56","00:20:44"
"7","57","00:20:15"
"7","64","00:19:13"
"7","65","00:20:14"
"7","68","00:23:07"
"7","69","00:18:31"
"7","70","00:19:25"
"7","83","00:20:24"
"7","85","00:27:53"
"7","87","00:39:56"
"7","89","00:18:29"
"7","94","00:21:25"
"7","95","00:20:39"
"7","96","00:18:39"
"7","97","00:27:35"
"7","98","00:16:22"
"8","4","00:20:06"
"8","11","00:07:55"
"8","14","00:15:20"
"8","16","00:18:32"
"8","19","00:16:46"
"8","23","00:15:44"
"8","27","00:13:12"
"8","29","00:12:32"
"8","32","00:13:23"
"8","34","00:11:26"
"8","38","00:13:49"
"8","42","00:13:43"
"8","45","00:16:12"
"8","48","00:11:26"
"8","50","00:12:08"
"8","65","00:03:26"
"8","83","00:10:56"
"8","89","00:01:31"
"8","94","00:06:47"
"8","95","00:06:40"
"8","96","00:02:14"
"8","97","00:18:46"
"8","98","00:08:24"
"8","105","00:12:30"
"8","109","00:15:52"
"8","112","00:10:12"
"8","113","00:11:28"
"8","118","00:08:49"
"8","121","00:06:36"
"8","127","00:09:20"
"8","133","00:05:06"
"8","145","00:07:05"
"8","151","00:04:06"
"8","162","00:09:36"
"8","163","00:10:55"
"8","171","00:04:10"
"8","179","00:07:26"
"8","180","00:03:07"
"8","184","00:08:56"
"8","185","00:09:36"
"8","187","00:10:07"
"8","190","00:10:59"
"8","193","00:10:13"
"9","4","00:15:29"
"9","11","00:08:45"
"9","14","00:08:57"
"9","16","00:06:07"
"9","19","00:10:59"
"9","23","00:11:58"
"9","27","00:09:32"
"9","29","00:15:20"
"9","32","00:13:37"
"9","34","00:17:07"
"9","38","00:14:32"
"9","42","00:11:59"
"9","45","00:11:53"
"9","48","00:08:15"
"9","50","00:11:19"
"9","52","00:16:34"
"9","56","00:12:23"
"9","57","00:15:56"
"9","65","00:07:00"
"9","68","00:15:53"
"9","69","00:18:47"
"9","70","00:09:00"
"9","83","00:12:35"
"9","105","00:07:07"
"9","112","00:10:30"
"9","121","00:05:23"
"9","126","00:10:35"
"9","135","00:10:00"
"9","139","00:11:55"
"9","141","00:06:43"
"9","143","00:06:06"
"9","146","00:06:51"
"9","148","00:08:17"
"9","150","00:01:54"
"9","157","00:00:00"
"9","161","00:04:52"
"9","164","00:11:02"
"9","165","00:12:32"
"9","167","00:15:04"
"9","170","00:11:34"
"9","173","00:08:01"
"9","177","00:09:06"
"9","183","00:14:15"
"9","186","00:10:04"
"9","189","00:09:13"
"9","192","00:07:59"
"10","4","00:00:27"
"10","11","00:01:01"
"10","16","00:03:55"
"10","19","00:17:30"
"10","23","00:15:16"
"10","27","00:00:00"
"10","29","00:02:31"
"10","32","00:11:05"
"10","34","00:12:08"
"10","38","00:12:49"
"10","45","00:12:54"
"10","48","00:15:40"
"10","50","00:13:35"
"10","52","00:10:18"
"10","56","00:10:56"
"10","57","00:14:20"
"10","64","00:10:34"
"10","65","00:08:04"
"10","68","00:12:48"
"10","69","00:10:30"
"10","70","00:09:13"
"10","83","00:10:22"
"10","85","00:03:05"
"10","87","00:09:27"
"10","89","00:07:14"
"10","94","00:09:13"
"10","95","00:09:17"
"10","96","00:09:34"
"10","97","00:07:33"
"10","98","00:08:22"
"11","4","00:18:40"
"11","11","00:17:49"
"11","14","00:16:25"
"11","16","00:21:24"
"11","19","00:15:29"
"11","23","00:00:00"
"11","27","00:15:54"
"11","28","00:21:57"
"11","31","00:25:50"
"11","33","00:24:36"
"11","38","00:23:43"
"11","40","00:25:00"
"11","43","00:24:41"
"11","44","00:25:59"
"11","50","00:35:44"
"11","51","00:25:27"
"11","55","00:27:03"
"11","58","00:25:10"
"11","59","00:27:10"
"11","63","00:20:59"
"11","70","00:23:17"
"11","73","00:30:58"
"11","84","00:23:22"
"11","86","00:24:20"
"11","88","00:25:39"
"11","90","00:34:24"
"11","92","00:21:39"
"11","94","00:23:39"
"11","95","00:24:26"
"11","96","00:22:14"
"11","97","00:36:28"
"11","98","00:21:26"
"11","107","00:23:38"
"11","109","00:23:04"
"11","111","00:22:30"
"11","115","00:18:37"
"11","130","00:27:04"
"11","131","00:23:43"
"11","132","00:19:44"
"11","134","00:19:42"
"11","136","00:22:31"
"11","142","00:22:44"
"11","144","00:19:39"
"11","147","00:25:33"
"11","149","00:00:00"
"11","153","00:20:50"
"11","156","00:20:30"
"11","159","00:21:05"
"11","160","00:00:00"
"11","168","00:21:11"
"11","169","00:24:11"
"11","175","00:20:13"
"11","181","00:19:33"
"11","183","00:23:24"
"11","186","00:24:49"
"11","191","00:23:47"
"11","193","00:24:07"
"12","4","00:25:00"
"12","11","00:29:12"
"12","14","00:21:33"
"12","16","00:22:08"
"12","19","00:22:58"
"12","23","00:24:34"
"12","27","00:25:31"
"12","29","00:23:46"
"12","32","00:27:29"
"12","34","00:23:09"
"12","38","00:22:11"
"12","42","00:24:38"
"12","45","00:35:12"
"12","48","00:25:38"
"12","50","00:22:57"
"12","52","00:26:14"
"12","56","00:24:36"
"12","57","00:24:27"
"12","64","00:28:24"
"12","65","00:26:15"
"12","68","00:21:21"
"12","69","00:30:01"
"12","70","00:29:24"
"12","83","00:23:21"
"12","85","00:37:33"
"12","87","00:40:49"
"12","89","00:28:08"
"12","94","00:22:18"
"12","95","00:21:44"
"12","96","00:25:23"
"12","97","00:40:27"
"12","98","00:28:33"
"12","105","00:22:50"
"12","109","00:20:59"
"12","112","00:22:19"
"12","113","00:23:17"
"12","118","00:24:55"
"12","121","00:23:56"
"12","123","00:23:06"
"12","126","00:20:13"
"12","127","00:24:26"
"12","133","00:23:28"
"12","134","00:22:08"
"12","139","00:27:51"
"12","143","00:21:25"
"12","145","00:24:27"
"12","147","00:21:58"
"12","148","00:26:59"
"12","151","00:27:14"
"12","157","00:22:12"
"12","162","00:23:02"
"12","163","00:26:45"
"12","171","00:19:13"
"12","173","00:30:15"
"12","179","00:26:30"
"12","180","00:25:14"
"12","182","00:20:30"
"12","184","00:23:13"
"12","185","00:20:42"
"12","187","00:22:31"
"12","190","00:27:09"
"12","193","00:24:20"
"13","4","00:22:59"
"13","11","00:26:38"
"13","14","00:20:20"
"13","16","00:20:16"
"13","19","00:20:16"
"13","23","00:20:14"
"13","27","00:18:09"
"13","29","00:20:09"
"13","32","00:17:08"
"13","34","00:15:55"
"13","38","00:17:00"
"13","42","00:20:24"
"13","45","00:33:48"
"13","48","00:25:08"
"13","50","00:20:47"
"13","52","00:19:54"
"13","56","00:20:58"
"13","57","00:20:58"
"13","64","00:27:30"
"13","65","00:22:08"
"13","68","00:22:04"
"13","69","00:22:48"
"13","70","00:24:17"
"13","83","00:21:33"
"13","85","00:32:06"
"13","87","00:49:23"
"13","89","00:27:13"
"13","94","00:21:42"
"13","95","00:27:01"
"13","96","00:19:30"
"13","97","00:39:35"
"13","98","00:23:09"
"13","105","00:20:38"
"13","109","00:23:00"
"13","112","00:22:36"
"13","113","00:20:09"
"13","118","00:25:47"
"13","121","00:20:44"
"13","123","00:21:20"
"13","126","00:21:45"
"13","127","00:21:55"
"13","133","00:19:23"
"13","134","00:21:42"
"13","139","00:24:02"
"13","143","00:17:59"
"13","145","00:23:20"
"13","147","00:21:52"
"13","148","00:19:37"
"13","151","00:18:16"
"13","157","00:23:10"
"13","162","00:21:31"
"13","163","00:23:24"
"13","171","00:23:03"
"13","173","00:24:01"
"13","179","00:23:16"
"13","180","00:24:39"
"13","182","00:19:47"
"13","184","00:25:38"
"13","185","00:22:52"
"13","187","00:20:36"
"13","190","00:25:52"
"13","193","00:24:32"
"14","11","00:06:44"
"14","14","00:06:17"
"14","23","00:09:27"
"14","52","00:06:52"
"14","56","00:04:06"
"14","57","00:03:14"
"14","64","00:10:54"
"14","68","00:11:29"
"14","69","00:10:13"
"14","70","00:08:09"
"14","85","00:04:12"
"14","87","00:08:00"
"15","4","00:21:39"
"15","11","00:26:16"
"15","14","00:21:32"
"15","16","00:21:24"
"15","19","00:20:30"
"15","23","00:20:28"
"15","27","00:19:19"
"15","29","00:16:02"
"15","32","00:15:29"
"15","34","00:16:18"
"15","38","00:16:35"
"15","42","00:22:22"
"15","45","00:33:49"
"15","48","00:22:48"
"15","50","00:17:21"
"15","52","00:15:55"
"15","56","00:19:01"
"15","57","00:19:01"
"15","64","00:17:23"
"15","65","00:18:38"
"15","68","00:20:51"
"15","69","00:22:13"
"15","70","00:17:48"
"15","83","00:15:01"
"15","85","00:22:20"
"15","87","00:37:26"
"15","89","00:28:53"
"15","94","00:19:02"
"15","95","00:21:16"
"15","96","00:19:48"
"15","97","00:30:49"
"15","98","00:21:05"
"15","105","00:19:59"
"15","109","00:09:15"
"15","113","00:17:46"
"15","118","00:15:22"
"15","121","00:15:38"
"15","123","00:15:36"
"15","126","00:13:46"
"15","127","00:13:46"
"15","133","00:15:22"
"15","134","00:17:04"
"15","139","00:22:34"
"15","143","00:15:20"
"15","145","00:19:08"
"15","147","00:17:08"
"15","148","00:19:34"
"15","151","00:19:19"
"15","157","00:22:23"
"15","162","00:16:47"
"15","163","00:17:02"
"15","171","00:15:46"
"15","173","00:17:00"
"15","179","00:22:57"
"15","180","00:21:48"
"15","182","00:21:10"
"15","184","00:19:58"
"15","185","00:20:04"
"16","4","00:15:24"
"16","11","00:15:13"
"16","14","00:15:47"
"16","16","00:18:28"
"16","19","00:15:44"
"16","23","00:16:04"
"16","27","00:17:49"
"16","29","00:19:34"
"16","32","00:17:20"
"16","34","00:14:33"
"16","38","00:15:23"
"16","42","00:13:45"
"16","45","00:11:05"
"16","48","00:13:47"
"16","50","00:13:44"
"16","52","00:16:20"
"16","56","00:18:35"
"16","57","00:18:04"
"16","64","00:04:48"
"16","65","00:22:29"
"16","68","00:19:03"
"16","69","00:19:42"
"16","70","00:15:23"
"16","83","00:21:02"
"16","89","00:18:19"
"16","94","00:12:25"
"16","95","00:13:13"
"16","96","00:15:49"
"16","97","00:31:03"
"16","98","00:17:17"
"16","105","00:14:37"
"16","109","00:15:43"
"16","112","00:13:24"
"16","113","00:14:32"
"16","118","00:12:56"
"16","121","00:15:13"
"16","123","00:18:53"
"16","126","00:14:59"
"16","127","00:15:03"
"16","133","00:17:08"
"16","134","00:15:17"
"16","139","00:13:26"
"16","143","00:14:13"
"16","145","00:11:21"
"16","147","00:16:24"
"16","148","00:14:40"
"16","151","00:16:21"
"16","157","00:16:21"
"16","162","00:15:58"
"16","163","00:16:42"
"16","171","00:13:14"
"16","173","00:14:54"
"16","179","00:14:00"
"16","180","00:16:39"
"16","182","00:16:25"
"16","184","00:15:19"
"16","185","00:13:50"
"16","187","00:12:23"
"16","190","00:15:10"
"16","193","00:15:22"
"17","4","00:13:52"
"17","11","00:14:21"
"17","14","00:17:13"
"17","16","00:15:17"
"17","19","00:13:01"
"17","23","00:11:55"
"17","27","00:15:15"
"17","29","00:14:42"
"17","32","00:18:15"
"17","34","00:14:28"
"17","38","00:15:52"
"17","42","00:13:10"
"17","45","00:10:20"
"17","48","00:10:52"
"17","50","00:13:23"
"17","52","00:07:54"
"17","57","00:11:48"
"17","64","00:12:40"
"17","65","00:10:28"
"17","83","00:14:21"
"17","85","00:17:39"
"17","87","00:26:30"
"17","89","00:23:39"
"17","94","00:14:22"
"17","95","00:15:23"
"17","96","00:14:05"
"17","97","00:24:28"
"17","98","00:16:00"
"17","105","00:13:29"
"17","109","00:12:58"
"17","112","00:13:46"
"17","113","00:18:04"
"17","118","00:12:44"
"17","121","00:09:10"
"17","123","00:13:22"
"17","126","00:09:56"
"17","127","00:13:50"
"17","133","00:08:54"
"17","134","00:09:29"
"17","139","00:07:21"
"17","143","00:15:06"
"17","145","00:10:34"
"17","147","00:16:15"
"17","148","00:14:05"
"17","151","00:14:34"
"17","157","00:15:31"
"17","162","00:15:51"
"17","163","00:16:54"
"17","171","00:14:30"
"17","173","00:11:22"
"17","179","00:12:27"
"17","180","00:12:35"
"17","182","00:15:43"
"17","184","00:09:51"
"17","185","00:10:19"
"17","187","00:12:25"
"17","190","00:13:14"
"17","193","00:11:07"
"18","4","00:13:26"
"18","11","00:18:24"
"18","14","00:10:56"
"18","16","00:13:50"
"18","19","00:13:31"
"18","23","00:15:44"
"18","27","00:15:02"
"18","29","00:10:01"
"18","42","00:10:01"
"18","45","00:13:12"
"18","48","00:10:48"
"18","50","00:09:30"
"18","52","00:13:57"
"18","56","00:13:02"
"18","57","00:12:26"
"18","64","00:10:45"
"18","65","00:14:52"
"18","68","00:13:28"
"18","69","00:14:32"
"18","70","00:12:24"
"18","85","00:14:29"
"18","87","00:20:08"
"18","89","00:11:19"
"18","94","00:12:09"
"18","95","00:14:09"
"18","96","00:14:18"
"18","97","00:13:14"
"18","98","00:08:58"
"18","105","00:09:41"
"18","109","00:07:14"
"18","112","00:05:47"
"18","113","00:04:50"
"18","118","00:08:20"
"18","121","00:08:44"
"18","123","00:09:44"
"18","126","00:09:52"
"18","127","00:12:55"
"18","133","00:11:12"
"18","134","00:12:30"
"18","139","00:12:38"
"18","143","00:13:50"
"18","145","00:10:37"
"18","147","00:11:19"
"18","148","00:03:42"
"18","151","00:12:59"
"18","157","00:10:48"
"18","171","00:12:28"
"18","173","00:12:48"
"18","179","00:10:40"
"18","180","00:14:19"
"18","182","00:09:20"
"18","184","00:04:44"
"18","185","00:12:27"
"18","187","00:14:01"
"18","190","00:08:47"
"18","193","00:10:08"
"19","14","01:00:00"
"19","16","00:22:04"
"19","23","01:00:52"
"19","29","01:00:00"
"19","45","00:18:44"
"19","48","01:01:48"
"19","52","00:58:02"
"19","70","00:59:54"
"19","121","00:56:40"
"19","126","01:03:20"
"19","134","01:00:00"
"19","147","00:20:00"
"19","163","01:04:52"
"19","171","00:20:00"
"20","4","00:19:09"
"20","6","00:18:18"
"20","8","00:16:04"
"20","12","00:18:49"
"20","15","00:14:37"
"20","20","00:19:43"
"20","23","00:17:06"
"20","24","00:19:07"
"20","25","00:18:51"
"20","28","00:14:17"
"20","31","00:19:28"
"20","33","00:19:28"
"20","38","00:18:47"
"20","40","00:20:55"
"20","43","00:17:37"
"20","44","00:22:03"
"20","50","00:32:03"
"20","51","00:16:08"
"20","55","00:19:02"
"20","58","00:18:54"
"20","59","00:21:41"
"20","63","00:17:35"
"20","70","00:18:41"
"20","73","00:20:35"
"20","84","00:18:41"
"20","86","00:19:41"
"20","88","00:20:57"
"20","90","00:27:17"
"20","92","00:17:47"
"20","94","00:19:51"
"20","95","00:17:49"
"20","96","00:19:43"
"20","97","00:35:54"
"20","98","00:19:52"
"20","107","00:17:13"
"20","109","00:16:11"
"20","111","00:15:18"
"20","115","00:19:02"
"20","117","00:22:35"
"20","119","00:21:44"
"20","123","00:20:38"
"20","124","00:18:49"
"20","126","00:20:35"
"20","130","00:20:59"
"20","131","00:18:34"
"20","132","00:18:25"
"20","134","00:16:19"
"20","136","00:20:50"
"20","142","00:19:06"
"20","144","00:16:02"
"20","147","00:20:02"
"20","149","00:00:00"
"20","153","00:20:05"
"20","156","00:19:20"
"20","159","00:17:00"
"20","160","00:00:00"
"20","168","00:18:37"
"20","169","00:17:58"
"20","175","00:19:05"
"20","181","00:13:41"
"20","183","00:11:45"
"20","186","00:21:37"
"20","191","00:20:53"
"20","193","00:13:34"
"21","4","00:16:42"
"21","6","00:18:14"
"21","8","00:16:21"
"21","12","00:22:18"
"21","15","00:23:49"
"21","20","00:20:02"
"21","23","00:19:09"
"21","24","00:15:04"
"21","25","00:19:00"
"21","43","00:17:54"
"21","44","00:20:47"
"21","50","00:31:44"
"21","51","00:15:03"
"21","55","00:18:00"
"21","58","00:17:33"
"21","59","00:21:06"
"21","63","00:18:26"
"21","70","00:18:52"
"21","73","00:19:33"
"21","84","00:16:41"
"21","86","00:18:23"
"21","88","00:18:05"
"21","90","00:26:16"
"21","92","00:16:05"
"21","94","00:20:15"
"21","95","00:16:00"
"21","96","00:16:39"
"21","97","00:28:47"
"21","98","00:18:52"
"21","107","00:15:47"
"21","109","00:13:41"
"21","111","00:16:40"
"21","115","00:14:41"
"21","117","00:33:30"
"21","119","00:18:16"
"21","124","00:18:45"
"21","126","00:20:10"
"21","130","00:17:52"
"21","131","00:16:39"
"21","132","00:17:13"
"21","134","00:16:44"
"21","136","00:21:50"
"21","142","00:22:13"
"21","144","00:14:27"
"21","147","00:17:54"
"21","149","00:00:00"
"21","153","00:19:03"
"21","156","00:20:03"
"21","159","00:18:14"
"21","160","00:00:00"
"21","168","00:18:47"
"21","169","00:18:14"
"21","175","00:17:11"
"21","181","00:14:30"
"21","183","00:17:17"
"21","186","00:20:03"
"21","191","00:17:26"
"21","193","00:14:09"
"22","4","01:00:00"
"22","8","01:00:00"
"22","15","01:01:57"
"22","20","00:58:30"
"22","24","01:02:56"
"22","25","01:00:00"
"22","31","01:00:00"
"22","38","00:58:41"
"22","40","01:02:24"
"22","50","01:00:00"
"22","55","01:05:00"
"22","59","01:00:00"
"22","70","00:59:54"
"22","73","01:00:00"
"22","84","01:00:00"
"22","95","01:00:00"
"22","96","01:00:00"
"22","97","01:38:29"
"22","98","01:00:00"
"22","107","01:00:05"
"22","117","01:05:00"
"22","123","01:04:47"
"22","131","00:59:28"
"22","134","01:00:00"
"22","144","00:28:11"
"22","159","01:01:55"
"22","169","01:00:00"
"22","183","01:00:00"
"22","191","01:00:00"
"22","193","01:00:00"
"23","4","00:36:33"
"23","6","00:15:45"
"23","8","00:17:54"
"23","12","00:19:00"
"23","15","00:12:36"
"23","20","00:19:44"
"23","23","00:15:07"
"23","24","00:17:34"
"23","25","00:18:14"
"23","28","00:14:57"
"23","31","00:22:05"
"23","33","00:24:21"
"23","38","00:24:37"
"23","40","00:22:26"
"23","43","00:21:15"
"23","44","00:18:24"
"23","50","00:17:10"
"23","51","00:18:46"
"23","55","00:24:55"
"23","58","00:21:20"
"23","59","00:18:21"
"23","63","00:17:09"
"23","70","00:22:10"
"23","73","00:19:37"
"23","84","00:20:02"
"23","86","00:20:25"
"23","88","00:22:48"
"23","90","00:26:03"
"23","92","00:20:14"
"23","94","00:17:38"
"23","95","00:20:18"
"23","96","00:17:36"
"23","97","00:33:52"
"23","98","00:17:05"
"23","107","00:21:00"
"23","109","00:19:40"
"23","111","00:12:50"
"23","115","00:19:19"
"23","117","00:21:55"
"23","119","00:18:13"
"23","123","00:15:56"
"23","124","00:18:32"
"23","126","00:20:28"
"23","130","00:19:37"
"23","131","00:16:50"
"23","132","00:19:17"
"23","134","00:19:05"
"23","136","00:19:09"
"23","142","00:17:43"
"23","144","00:17:02"
"23","147","00:16:38"
"23","149","00:00:00"
"23","153","00:18:34"
"23","156","00:15:58"
"23","159","00:16:06"
"23","160","00:00:00"
"23","168","00:13:45"
"23","169","00:15:12"
"23","175","00:19:27"
"23","181","00:23:38"
"23","183","00:16:19"
"23","186","00:15:37"
"23","191","00:19:54"
"23","193","00:15:32"
"24","4","00:22:50"
"24","6","00:28:44"
"24","8","00:27:18"
"24","12","00:29:48"
"24","15","00:29:56"
"24","20","00:28:58"
"24","23","00:25:40"
"24","24","00:25:38"
"24","25","00:27:56"
"24","28","00:22:32"
"24","31","00:27:57"
"24","33","00:27:48"
"24","38","00:27:37"
"24","40","00:25:41"
"24","43","00:24:44"
"24","44","00:27:08"
"24","50","00:36:38"
"24","51","00:25:33"
"24","55","00:30:27"
"24","58","00:27:14"
"24","59","00:29:45"
"24","63","00:22:14"
"24","70","00:25:36"
"24","73","00:27:25"
"24","84","00:22:33"
"24","86","00:26:07"
"24","88","00:21:53"
"24","90","00:31:52"
"24","92","00:26:21"
"24","94","00:26:47"
"24","95","00:24:37"
"24","96","00:19:27"
"24","97","00:41:48"
"24","98","00:26:53"
"24","107","00:24:23"
"24","109","00:24:07"
"24","111","00:20:24"
"24","115","00:20:46"
"24","117","00:25:42"
"24","119","00:27:56"
"24","123","00:21:17"
"24","124","00:23:40"
"24","126","00:25:54"
"24","130","00:25:15"
"24","131","00:25:06"
"24","132","00:24:49"
"24","134","00:24:07"
"24","136","00:24:22"
"24","142","00:23:50"
"24","144","00:21:00"
"24","147","00:22:47"
"24","149","00:00:00"
"24","153","00:20:39"
"24","156","00:22:11"
"24","159","00:21:02"
"24","160","00:00:00"
"24","168","00:23:32"
"24","169","00:21:06"
"24","175","00:21:38"
"24","181","00:20:54"
"24","183","00:19:22"
"24","186","00:24:35"
"24","191","00:21:37"
"24","193","00:23:13"
"25","4","00:16:14"
"25","6","00:18:10"
"25","8","00:18:19"
"25","12","00:19:50"
"25","15","00:19:31"
"25","20","00:20:06"
"25","23","00:17:32"
"25","24","00:15:18"
"25","25","00:17:59"
"25","28","00:21:14"
"25","31","00:17:26"
"25","33","00:21:05"
"25","38","00:18:16"
"25","40","00:21:14"
"25","43","00:20:06"
"25","44","00:19:16"
"25","50","00:15:32"
"25","51","00:18:02"
"25","55","00:22:55"
"25","58","00:19:57"
"25","59","00:16:19"
"25","63","00:16:32"
"25","70","00:20:33"
"25","73","00:21:17"
"25","84","00:21:48"
"25","86","00:18:26"
"25","88","00:18:03"
"25","90","00:22:21"
"25","92","00:20:32"
"25","94","00:18:26"
"25","95","00:19:48"
"25","96","00:16:46"
"25","97","00:33:29"
"25","98","00:18:21"
"25","107","00:21:29"
"25","109","00:18:47"
"25","111","00:16:54"
"25","115","00:13:40"
"25","117","00:33:02"
"25","119","00:17:45"
"25","123","00:06:46"
"25","142","00:20:19"
"25","144","00:13:37"
"25","147","00:13:52"
"25","149","00:00:00"
"25","153","00:19:02"
"25","156","00:19:58"
"25","159","00:16:15"
"25","160","00:00:00"
"25","168","00:11:53"
"25","169","00:16:16"
"25","181","00:24:17"
"25","183","00:15:44"
"25","186","00:15:21"
"25","191","00:19:29"
"25","193","00:14:47"
"26","3","00:07:33"
"26","6","00:12:27"
"26","9","00:12:39"
"26","11","00:10:22"
"26","13","00:08:14"
"26","17","00:11:02"
"26","20","00:08:08"
"26","22","00:12:49"
"26","27","00:10:26"
"26","30","00:08:03"
"26","33","00:14:03"
"26","35","00:22:31"
"26","37","00:16:04"
"26","55","00:17:07"
"26","58","00:18:08"
"26","60","00:23:06"
"26","62","00:15:32"
"26","64","00:13:25"
"26","66","00:17:50"
"26","67","00:16:34"
"26","85","00:13:44"
"26","87","00:15:55"
"26","89","00:13:40"
"26","106","00:12:12"
"26","110","00:17:29"
"26","116","00:10:04"
"26","119","00:08:40"
"26","121","00:13:07"
"26","131","00:19:00"
"26","137","00:16:29"
"26","138","00:12:27"
"26","141","00:13:16"
"26","146","00:13:29"
"26","149","00:00:00"
"26","152","00:14:02"
"26","154","00:16:24"
"26","156","00:16:54"
"26","158","00:12:08"
"26","161","00:09:07"
"26","163","00:07:26"
"26","166","00:05:15"
"26","168","00:09:19"
"26","170","00:11:10"
"26","172","00:17:20"
"26","173","00:17:33"
"26","174","00:11:54"
"26","175","00:18:55"
"26","176","00:15:59"
"26","180","00:14:44"
"26","182","00:10:49"
"26","188","00:13:56"
"26","190","00:11:59"
"26","192","00:12:08"
"27","3","00:09:51"
"27","6","00:10:41"
"27","9","00:09:52"
"27","11","00:12:23"
"27","13","00:10:02"
"27","17","00:12:51"
"27","20","00:08:39"
"27","22","00:11:07"
"27","27","00:07:05"
"27","30","00:05:06"
"27","33","00:05:24"
"27","35","00:07:00"
"27","37","00:10:37"
"27","42","00:07:33"
"27","46","00:06:22"
"27","47","00:04:11"
"27","49","00:09:27"
"27","55","00:06:32"
"27","58","00:05:43"
"27","60","00:07:55"
"27","62","00:06:24"
"27","64","00:09:10"
"27","66","00:08:58"
"27","67","00:03:42"
"27","85","00:00:00"
"27","87","00:01:37"
"27","89","00:03:38"
"27","143","00:09:02"
"27","147","00:08:19"
"27","148","00:09:02"
"27","151","00:06:39"
"27","157","00:06:39"
"27","171","00:08:51"
"27","179","00:05:41"
"27","180","00:07:13"
"27","182","00:05:43"
"28","3","01:01:04"
"28","6","00:58:56"
"28","11","01:02:13"
"28","13","01:00:00"
"28","17","01:04:02"
"28","22","01:03:30"
"28","30","00:59:52"
"28","35","01:05:00"
"28","37","00:59:42"
"28","46","00:59:50"
"28","49","00:58:33"
"28","60","01:00:00"
"28","62","01:00:00"
"28","64","00:58:26"
"28","66","00:59:28"
"28","67","01:04:57"
"28","85","01:14:25"
"28","87","01:51:44"
"28","89","01:01:02"
"28","106","01:04:40"
"28","110","00:59:08"
"28","119","01:00:00"
"28","121","01:00:00"
"28","131","01:00:00"
"28","137","01:00:00"
"28","141","01:00:00"
"28","146","01:00:00"
"28","152","00:58:32"
"28","154","01:00:00"
"28","156","01:05:00"
"28","158","00:31:48"
"28","161","01:01:54"
"28","163","00:33:10"
"28","173","01:05:00"
"28","174","01:00:00"
"28","176","01:00:00"
"28","180","01:04:42"
"28","182","01:00:21"
"28","190","01:04:02"
"28","192","01:00:00"
"29","3","00:04:13"
"29","6","00:04:32"
"29","9","00:09:43"
"29","11","00:11:18"
"29","17","00:13:33"
"29","20","00:12:41"
"29","22","00:10:42"
"29","27","00:17:11"
"29","30","00:13:50"
"30","3","00:17:28"
"30","6","00:18:14"
"30","9","00:17:06"
"30","11","00:16:49"
"30","13","00:21:48"
"30","17","00:17:20"
"30","20","00:17:24"
"30","22","00:19:40"
"30","30","00:16:20"
"30","33","00:15:08"
"30","35","00:14:58"
"30","37","00:14:19"
"30","42","00:17:18"
"30","46","00:13:41"
"30","47","00:14:37"
"30","49","00:20:56"
"30","55","00:21:57"
"30","58","00:19:42"
"30","60","00:19:51"
"30","62","00:23:18"
"30","64","00:21:18"
"30","66","00:21:01"
"30","67","00:27:12"
"30","85","00:30:46"
"30","87","00:52:44"
"30","89","00:28:28"
"30","106","00:17:39"
"30","110","00:16:05"
"30","116","00:15:48"
"30","119","00:12:05"
"30","121","00:19:29"
"30","131","00:16:52"
"30","137","00:12:22"
"30","138","00:15:58"
"30","141","00:16:39"
"30","146","00:17:38"
"30","149","00:00:00"
"30","152","00:17:05"
"30","154","00:18:16"
"30","156","00:20:26"
"30","158","00:14:56"
"30","161","00:16:09"
"30","163","00:16:47"
"30","166","00:13:48"
"30","168","00:11:49"
"30","170","00:12:08"
"30","172","00:17:48"
"30","173","00:16:56"
"30","174","00:17:41"
"30","175","00:11:35"
"30","176","00:16:27"
"30","180","00:17:46"
"30","182","00:17:20"
"30","188","00:14:55"
"30","190","00:13:27"
"30","192","00:08:08"
"31","3","00:19:02"
"31","6","00:22:02"
"31","9","00:36:46"
"31","11","00:21:03"
"31","13","00:18:20"
"31","17","00:20:49"
"31","20","00:19:09"
"31","22","00:18:08"
"31","27","00:19:26"
"31","30","00:19:56"
"31","33","00:20:35"
"31","35","00:11:52"
"31","37","00:19:26"
"31","42","00:20:47"
"31","46","00:21:56"
"31","47","00:25:39"
"31","58","00:23:36"
"31","60","00:23:36"
"31","62","00:21:12"
"31","64","00:20:18"
"31","67","00:25:37"
"31","85","00:32:59"
"31","87","00:50:33"
"31","89","00:24:09"
"31","106","00:20:39"
"31","110","00:17:12"
"31","116","00:19:01"
"31","119","00:14:27"
"31","121","00:18:21"
"31","131","00:19:33"
"31","137","00:17:14"
"31","138","00:22:42"
"31","141","00:15:49"
"31","146","00:17:00"
"31","149","00:00:00"
"31","152","00:19:39"
"31","154","00:20:00"
"31","156","00:22:14"
"31","158","00:19:54"
"31","161","00:23:32"
"31","163","00:19:59"
"31","166","00:23:00"
"31","168","00:15:11"
"31","170","00:20:21"
"31","172","00:17:30"
"31","173","00:20:07"
"31","174","00:17:18"
"31","175","00:19:35"
"31","176","00:21:18"
"31","180","00:23:22"
"31","182","00:22:20"
"31","188","00:18:27"
"31","190","00:23:44"
"31","192","00:19:57"
"32","3","00:19:23"
"32","6","00:21:41"
"32","11","00:18:54"
"32","13","00:22:57"
"32","17","00:22:56"
"32","20","00:20:35"
"32","22","00:20:27"
"32","27","00:19:16"
"32","30","00:21:20"
"32","33","00:20:10"
"32","35","00:29:32"
"32","37","00:20:56"
"32","42","00:21:06"
"32","46","00:21:09"
"32","47","00:27:49"
"32","49","00:22:40"
"32","55","00:23:15"
"32","58","00:19:04"
"32","60","00:22:44"
"32","62","00:22:33"
"32","64","00:20:41"
"32","66","00:21:54"
"32","67","00:26:47"
"32","85","00:32:05"
"32","87","00:52:30"
"32","89","00:24:47"
"32","106","00:20:58"
"32","110","00:18:01"
"32","116","00:21:11"
"32","119","00:13:35"
"32","121","00:18:47"
"32","138","00:20:29"
"32","141","00:19:49"
"32","146","00:18:51"
"32","149","00:00:00"
"32","152","00:21:30"
"32","154","00:21:20"
"32","156","00:21:43"
"32","158","00:21:12"
"32","161","00:24:25"
"32","163","00:21:11"
"32","166","00:20:46"
"32","168","00:15:51"
"32","170","00:22:21"
"32","172","00:17:47"
"32","173","00:20:27"
"32","174","00:16:33"
"32","175","00:05:16"
"32","180","00:23:29"
"32","182","00:22:06"
"32","188","00:17:06"
"32","190","00:23:00"
"32","192","00:19:46"
"33","2","00:13:22"
"33","5","00:15:17"
"33","9","00:07:16"
"33","12","00:11:54"
"33","13","00:12:38"
"33","16","00:15:22"
"33","21","00:14:03"
"33","24","00:13:17"
"33","26","00:12:46"
"33","32","00:12:03"
"33","35","00:10:00"
"33","36","00:05:20"
"33","39","00:12:57"
"33","43","00:12:59"
"33","46","00:12:46"
"33","48","00:11:30"
"33","51","00:12:33"
"33","53","00:08:40"
"33","56","00:12:40"
"33","71","00:14:22"
"33","73","00:09:57"
"33","107","00:04:10"
"33","110","00:06:47"
"33","112","00:04:54"
"33","114","00:09:16"
"33","117","00:05:12"
"33","120","00:04:53"
"33","124","00:10:43"
"33","125","00:11:20"
"33","128","00:12:48"
"33","130","00:09:39"
"33","135","00:07:53"
"33","139","00:07:44"
"33","141","00:10:09"
"33","143","00:03:57"
"33","146","00:05:53"
"33","148","00:08:27"
"33","150","00:07:57"
"33","155","00:00:00"
"33","157","00:09:00"
"33","161","00:06:18"
"33","164","00:12:26"
"33","165","00:08:06"
"33","167","00:04:49"
"33","170","00:02:36"
"33","177","00:09:15"
"33","179","00:04:00"
"33","183","00:07:15"
"34","2","00:18:42"
"34","5","00:23:08"
"34","9","00:19:23"
"34","12","00:22:09"
"34","13","00:23:42"
"34","16","00:21:02"
"34","21","00:20:29"
"34","24","00:24:30"
"34","26","00:21:22"
"34","32","00:21:27"
"34","35","00:23:37"
"34","36","00:26:21"
"34","39","00:23:02"
"34","43","00:24:04"
"34","46","00:22:03"
"34","48","00:21:09"
"34","51","00:21:13"
"34","53","00:26:46"
"34","56","00:23:02"
"34","60","00:24:28"
"34","61","00:16:17"
"34","68","00:21:00"
"34","71","00:16:50"
"34","73","00:16:22"
"34","107","00:18:41"
"34","110","00:18:52"
"34","112","00:19:45"
"34","114","00:32:16"
"34","117","00:20:57"
"34","120","00:19:36"
"34","124","00:17:56"
"34","125","00:20:22"
"34","128","00:21:02"
"34","130","00:21:24"
"34","135","00:20:26"
"34","139","00:09:06"
"34","150","00:19:27"
"34","155","00:00:00"
"34","157","00:22:06"
"34","161","00:22:07"
"34","164","00:20:20"
"34","165","00:23:19"
"34","167","00:19:34"
"34","170","00:26:17"
"34","177","00:19:27"
"34","179","00:21:27"
"34","183","00:17:34"
"34","186","00:20:15"
"34","189","00:26:04"
"34","192","00:21:56"
"35","2","00:15:08"
"35","5","00:12:15"
"35","9","00:11:08"
"35","12","00:15:46"
"35","13","00:13:04"
"35","16","00:14:01"
"35","21","00:17:10"
"35","24","00:16:00"
"35","26","00:16:14"
"35","32","00:19:43"
"35","35","00:12:37"
"35","36","00:15:40"
"35","39","00:16:26"
"35","43","00:10:39"
"35","46","00:13:05"
"35","48","00:16:24"
"35","51","00:13:22"
"35","53","00:09:29"
"35","56","00:13:09"
"35","60","00:16:22"
"35","61","00:14:17"
"35","68","00:11:31"
"35","71","00:10:24"
"35","73","00:10:59"
"35","107","00:09:04"
"35","110","00:15:32"
"35","112","00:15:46"
"35","114","00:24:38"
"35","117","00:06:28"
"35","120","00:10:06"
"35","124","00:10:14"
"35","125","00:11:46"
"35","128","00:09:27"
"35","130","00:10:21"
"35","135","00:16:31"
"35","139","00:13:47"
"35","141","00:14:39"
"35","143","00:13:57"
"35","146","00:08:52"
"35","148","00:08:55"
"35","150","00:06:58"
"35","155","00:00:00"
"35","157","00:07:53"
"35","161","00:09:47"
"35","164","00:10:35"
"35","165","00:15:01"
"35","167","00:15:15"
"35","170","00:10:34"
"35","177","00:09:41"
"35","179","00:03:56"
"35","183","00:12:52"
"35","186","00:05:53"
"35","189","00:11:51"
"35","192","00:12:12"
"36","2","00:15:51"
"36","5","00:20:12"
"36","9","00:18:28"
"36","12","00:20:19"
"36","13","00:21:03"
"36","16","00:18:22"
"36","21","00:18:22"
"36","24","00:22:07"
"36","26","00:15:26"
"36","32","00:21:38"
"36","35","00:15:15"
"36","36","00:20:55"
"36","39","00:20:58"
"36","43","00:22:13"
"36","46","00:18:09"
"36","48","00:16:35"
"36","51","00:16:40"
"36","53","00:22:51"
"36","56","00:19:42"
"36","60","00:22:27"
"36","61","00:07:14"
"36","68","00:20:55"
"36","71","00:17:04"
"36","73","00:13:44"
"36","107","00:17:25"
"36","110","00:17:54"
"36","112","00:19:46"
"36","114","00:14:19"
"36","117","00:17:55"
"36","120","00:17:47"
"36","124","00:14:18"
"36","125","00:16:41"
"36","128","00:18:17"
"36","130","00:17:25"
"36","135","00:20:57"
"36","139","00:27:49"
"36","141","00:22:40"
"36","143","00:18:38"
"36","146","00:21:30"
"36","148","00:18:22"
"36","150","00:17:19"
"36","155","00:00:00"
"36","157","00:23:00"
"36","161","00:15:30"
"36","164","00:18:06"
"36","165","00:18:53"
"36","167","00:18:20"
"36","170","00:18:09"
"36","177","00:15:27"
"36","179","00:24:43"
"36","183","00:15:18"
"36","186","00:22:09"
"36","189","00:18:28"
"36","192","00:18:57"
"37","2","00:15:08"
"37","5","00:10:50"
"37","9","00:07:48"
"37","12","00:13:59"
"37","13","00:10:36"
"37","16","00:13:41"
"37","21","00:17:15"
"37","24","00:15:47"
"37","26","00:12:45"
"37","32","00:10:31"
"37","35","00:10:38"
"37","36","00:15:54"
"37","39","00:15:28"
"37","43","00:13:03"
"37","46","00:12:59"
"37","48","00:11:51"
"37","51","00:13:21"
"37","53","00:04:51"
"37","56","00:11:07"
"37","60","00:15:32"
"37","61","00:14:35"
"37","68","00:11:16"
"37","71","00:13:42"
"37","73","00:13:46"
"37","107","00:16:20"
"37","110","00:14:29"
"37","112","00:15:32"
"37","114","00:27:24"
"37","117","00:14:48"
"37","120","00:12:19"
"37","124","00:07:32"
"37","125","00:08:38"
"37","128","00:09:22"
"37","130","00:08:47"
"37","135","00:07:21"
"37","139","00:13:13"
"37","141","00:10:24"
"37","143","00:14:00"
"37","146","00:11:33"
"37","148","00:09:54"
"37","150","00:24:12"
"37","155","00:00:00"
"37","157","00:09:27"
"37","161","00:05:11"
"37","164","00:11:22"
"37","165","00:05:24"
"37","170","00:03:17"
"37","177","00:09:59"
"37","179","00:05:29"
"37","183","00:06:29"
"37","186","00:03:14"
"37","189","00:02:15"
"37","192","00:07:29"
"38","2","00:22:42"
"38","5","00:21:06"
"38","9","00:16:08"
"38","12","00:24:23"
"38","13","00:22:51"
"38","16","00:23:10"
"38","21","00:20:51"
"38","24","00:17:51"
"38","26","00:19:44"
"38","32","00:20:03"
"38","35","00:21:08"
"38","36","00:16:02"
"38","39","00:21:54"
"38","43","00:15:05"
"38","46","00:15:59"
"38","48","00:18:07"
"38","51","00:17:21"
"38","53","00:22:22"
"38","56","00:15:09"
"38","60","00:18:51"
"38","61","00:15:56"
"38","68","00:23:15"
"38","71","00:23:54"
"38","73","00:18:02"
"38","107","00:10:19"
"38","110","00:11:54"
"38","112","00:12:40"
"38","114","00:30:12"
"38","117","00:11:57"
"38","120","00:13:13"
"38","124","00:15:51"
"38","125","00:14:15"
"38","128","00:14:22"
"38","130","00:17:32"
"38","135","00:14:44"
"38","139","00:12:48"
"38","141","00:10:19"
"38","146","00:09:34"
"38","148","00:08:54"
"38","150","00:09:20"
"38","155","00:00:00"
"38","157","00:05:00"
"38","161","00:05:49"
"38","164","00:08:31"
"38","165","00:09:57"
"38","167","00:10:12"
"38","170","00:08:06"
"38","177","00:13:32"
"38","179","00:05:07"
"38","183","00:15:55"
"38","186","00:08:59"
"38","189","00:07:23"
"38","192","00:08:20"
"39","2","00:09:08"
"39","5","00:03:24"
"39","9","00:11:38"
"39","12","00:10:01"
"39","13","00:09:32"
"39","16","00:07:57"
"39","21","00:05:15"
"39","24","00:05:33"
"39","26","00:10:43"
"39","32","00:06:32"
"39","35","00:09:55"
"39","36","00:10:42"
"39","39","00:09:15"
"39","43","00:09:18"
"39","46","00:11:16"
"39","48","00:12:46"
"39","51","00:13:06"
"39","53","00:08:08"
"39","56","00:10:34"
"39","60","00:14:54"
"39","61","00:24:09"
"39","68","00:12:56"
"39","71","00:13:28"
"39","73","00:14:11"
"39","106","00:17:01"
"39","110","00:16:15"
"39","116","00:11:37"
"39","119","00:15:21"
"39","121","00:16:28"
"39","131","00:18:01"
"39","137","00:18:33"
"39","138","00:17:36"
"39","141","00:17:23"
"39","146","00:16:15"
"39","149","00:00:00"
"39","172","00:13:59"
"39","173","00:19:55"
"39","174","00:16:22"
"39","175","00:14:15"
"39","176","00:18:02"
"39","188","00:15:57"
"39","190","00:15:15"
"39","192","00:14:38"
"40","2","00:14:51"
"40","5","00:17:37"
"40","9","00:12:12"
"40","12","00:14:29"
"40","13","00:13:05"
"40","16","00:17:18"
"40","21","00:11:31"
"40","24","00:19:08"
"40","26","00:12:16"
"40","32","00:09:50"
"40","35","00:08:03"
"40","36","00:13:42"
"40","39","00:12:03"
"40","43","00:11:38"
"40","46","00:09:16"
"40","48","00:11:21"
"40","51","00:10:34"
"40","53","00:13:59"
"40","56","00:10:43"
"40","61","00:23:08"
"40","68","00:15:34"
"40","71","00:12:07"
"40","73","00:12:00"
"40","107","00:09:32"
"40","110","00:12:18"
"40","112","00:12:31"
"40","114","00:11:44"
"40","117","00:16:53"
"40","120","00:12:38"
"40","124","00:12:32"
"40","125","00:10:35"
"40","128","00:15:04"
"40","130","00:15:56"
"40","135","00:13:23"
"40","139","00:14:07"
"40","141","00:15:30"
"40","143","00:13:33"
"40","146","00:12:00"
"40","148","00:13:44"
"40","150","00:14:41"
"40","155","00:00:00"
"40","157","00:17:12"
"40","161","00:18:13"
"40","164","00:13:01"
"40","165","00:18:21"
"40","167","00:12:24"
"40","170","00:16:58"
"40","177","00:13:11"
"40","179","00:16:46"
"40","183","00:09:59"
"40","186","00:19:39"
"40","189","00:19:07"
"40","192","00:13:28"
"41","5","00:59:08"
"41","13","00:58:15"
"41","24","01:01:58"
"41","35","01:05:00"
"41","39","00:58:12"
"41","48","01:01:48"
"41","53","00:59:29"
"41","61","00:45:29"
"41","117","00:20:00"
"41","192","00:56:52"
"42","2","00:17:57"
"42","5","00:25:55"
"42","9","00:17:03"
"42","12","00:23:21"
"42","13","00:20:56"
"42","16","00:18:30"
"42","21","00:24:35"
"42","24","00:21:00"
"42","26","00:22:36"
"42","32","00:22:41"
"42","35","00:24:24"
"42","36","00:24:55"
"42","39","00:13:02"
"42","43","00:25:58"
"42","46","00:20:34"
"42","48","00:21:10"
"42","51","00:18:33"
"42","53","00:19:49"
"42","56","00:18:30"
"42","60","00:25:40"
"42","61","00:15:24"
"42","68","00:18:54"
"42","71","00:17:43"
"42","73","00:18:46"
"42","107","00:19:51"
"42","110","00:18:24"
"42","112","00:20:46"
"42","114","00:17:40"
"42","117","00:22:03"
"42","120","00:20:04"
"42","124","00:17:05"
"42","125","00:18:45"
"42","128","00:17:37"
"42","130","00:20:34"
"42","135","00:24:02"
"42","139","00:25:09"
"42","141","00:22:28"
"42","143","00:19:25"
"42","146","00:21:13"
"42","148","00:21:50"
"42","150","00:35:03"
"42","155","00:00:00"
"42","157","00:21:37"
"42","161","00:20:35"
"42","164","00:20:29"
"42","165","00:22:45"
"42","167","00:21:23"
"42","170","00:27:28"
"42","177","00:19:50"
"42","179","00:27:42"
"42","183","00:18:53"
"42","186","00:26:06"
"42","189","00:23:08"
"42","192","00:26:12"
"44","2","00:26:48"
"44","5","00:26:35"
"44","9","00:24:45"
"44","12","00:28:21"
"44","13","00:23:09"
"44","16","00:25:29"
"44","21","00:24:14"
"44","24","00:26:53"
"44","26","00:25:29"
"44","32","00:29:38"
"44","35","00:20:42"
"44","36","00:29:26"
"44","39","00:26:16"
"44","43","00:26:36"
"44","46","00:28:00"
"44","48","00:26:07"
"44","51","00:21:15"
"44","53","00:29:16"
"44","56","00:31:06"
"44","60","00:30:31"
"44","61","00:30:42"
"44","68","00:24:09"
"44","71","00:25:07"
"44","73","00:24:42"
"44","107","00:22:53"
"44","124","00:17:15"
"44","125","00:15:24"
"44","128","00:23:45"
"44","130","00:21:54"
"44","135","00:24:46"
"44","139","00:24:41"
"44","141","00:23:13"
"44","143","00:24:06"
"44","146","00:26:02"
"44","148","00:24:24"
"44","150","00:22:45"
"44","155","00:00:00"
"44","157","00:27:36"
"44","161","00:23:21"
"44","164","00:26:49"
"44","165","00:24:29"
"44","167","00:28:12"
"44","170","00:28:22"
"44","177","00:23:25"
"44","179","00:25:52"
"44","186","00:25:20"
"44","189","00:29:28"
"44","192","00:26:24"
"45","2","00:09:57"
"45","5","00:02:42"
"45","9","00:06:48"
"45","12","00:14:58"
"45","13","00:09:41"
"45","16","00:14:47"
"45","21","00:14:31"
"45","24","00:09:56"
"45","26","00:12:48"
"45","32","00:09:38"
"45","35","00:10:22"
"45","36","00:11:50"
"45","39","00:11:08"
"45","43","00:07:51"
"45","46","00:10:39"
"45","48","00:09:22"
"45","51","00:11:44"
"45","53","00:07:37"
"45","56","00:11:04"
"45","60","00:04:56"
"45","61","00:11:36"
"45","71","00:12:15"
"45","73","00:08:30"
"45","110","00:03:00"
"45","112","00:00:03"
"45","114","00:16:58"
"45","117","00:00:13"
"45","139","00:06:15"
"45","141","00:07:09"
"45","143","00:06:21"
"45","146","00:02:04"
"45","189","00:05:06"
"45","192","00:03:40"
"46","2","00:12:36"
"46","5","00:10:19"
"46","9","00:11:32"
"46","12","00:10:35"
"46","13","00:08:50"
"46","16","00:07:59"
"46","21","00:04:16"
"46","43","00:10:46"
"46","46","00:05:02"
"46","53","00:00:09"
"46","60","00:00:00"
"46","61","00:05:17"
"46","68","00:00:00"
"47","16","00:00:00"
"47","21","00:15:08"
"47","24","00:18:38"
"47","26","00:22:31"
"47","32","00:23:21"
"47","35","00:23:02"
"47","36","00:26:14"
"47","39","00:20:32"
"47","43","00:19:03"
"47","46","00:18:58"
"47","48","00:19:48"
"47","51","00:23:45"
"47","53","00:21:14"
"47","56","00:24:59"
"47","60","00:24:41"
"47","61","00:24:34"
"47","68","00:27:03"
"47","71","00:22:17"
"47","73","00:21:43"
"47","107","00:25:38"
"47","110","00:24:33"
"47","112","00:28:07"
"47","114","00:36:14"
"47","117","00:22:29"
"47","120","00:27:56"
"47","124","00:20:10"
"47","125","00:17:37"
"47","128","00:20:24"
"47","130","00:23:17"
"47","135","00:18:30"
"47","139","00:20:22"
"47","141","00:31:19"
"47","143","00:22:08"
"47","146","00:23:13"
"47","148","00:23:30"
"47","150","00:35:07"
"47","155","00:00:00"
"47","157","00:21:58"
"47","161","00:22:16"
"47","164","00:25:29"
"47","165","00:22:22"
"47","167","00:25:33"
"47","170","00:26:40"
"47","177","00:16:21"
"47","179","00:24:20"
"47","183","00:21:20"
"47","186","00:28:02"
"47","189","00:27:11"
"47","192","00:22:32"
"48","19","00:17:37"
"48","41","00:34:05"
"48","44","01:05:00"
"49","3","00:10:35"
"49","10","00:12:35"
"49","15","00:16:20"
"49","18","00:15:37"
"49","19","00:17:33"
"49","22","00:20:33"
"49","26","00:20:52"
"49","28","00:16:46"
"49","31","00:09:52"
"49","34","00:15:52"
"49","37","00:16:09"
"49","39","00:18:40"
"49","41","00:15:11"
"49","44","00:13:58"
"49","49","00:16:27"
"49","52","00:15:14"
"49","56","00:12:53"
"49","57","00:13:00"
"49","64","00:12:27"
"49","65","00:14:56"
"49","68","00:14:33"
"49","69","00:15:05"
"49","70","00:11:52"
"49","83","00:14:45"
"49","105","00:09:05"
"49","109","00:12:20"
"49","112","00:11:50"
"49","113","00:12:24"
"49","118","00:12:06"
"49","121","00:10:21"
"49","123","00:11:06"
"49","126","00:10:53"
"49","127","00:12:40"
"49","133","00:09:23"
"49","134","00:11:27"
"49","139","00:11:05"
"49","143","00:08:38"
"49","145","00:09:32"
"49","147","00:09:01"
"49","148","00:10:21"
"49","151","00:10:12"
"49","157","00:06:55"
"49","162","00:11:01"
"49","163","00:08:50"
"49","171","00:09:14"
"49","173","00:11:10"
"49","180","00:05:46"
"49","182","00:07:38"
"49","184","00:08:02"
"49","185","00:11:23"
"49","187","00:09:44"
"49","190","00:07:36"
"49","193","00:15:18"
"50","3","00:20:28"
"50","10","00:19:16"
"50","15","00:17:53"
"50","18","00:18:50"
"50","19","00:18:35"
"50","22","00:27:06"
"50","26","00:23:55"
"50","28","00:21:53"
"50","31","00:22:53"
"50","34","00:21:45"
"50","37","00:19:57"
"50","39","00:21:16"
"50","41","00:20:18"
"50","44","00:23:21"
"50","49","00:22:47"
"50","53","00:19:39"
"50","54","00:19:12"
"50","59","00:25:18"
"50","62","00:27:17"
"50","65","00:17:08"
"50","69","00:31:36"
"50","71","00:23:49"
"50","72","00:27:21"
"50","83","00:23:10"
"50","106","00:19:03"
"50","108","00:08:49"
"50","113","00:16:46"
"50","115","00:19:40"
"50","120","00:13:29"
"50","122","00:19:26"
"50","125","00:23:18"
"50","127","00:23:27"
"50","129","00:21:05"
"50","132","00:14:44"
"50","135","00:20:10"
"50","137","00:18:12"
"50","140","00:19:36"
"50","144","00:03:28"
"50","155","00:00:00"
"50","160","00:23:51"
"50","162","00:19:56"
"50","165","00:19:13"
"50","167","00:17:16"
"50","171","00:20:03"
"50","172","00:17:37"
"50","176","00:17:51"
"50","181","00:15:17"
"50","185","00:18:45"
"50","188","00:18:21"
"50","191","00:19:41"
"50","194","00:23:29"
"51","3","00:18:40"
"51","10","00:17:08"
"51","15","00:18:13"
"51","18","00:22:43"
"51","19","00:21:32"
"51","22","00:19:29"
"51","26","00:12:37"
"51","28","00:17:34"
"51","31","00:17:32"
"51","34","00:15:38"
"51","37","00:17:03"
"51","39","00:15:57"
"51","41","00:10:30"
"51","44","00:19:39"
"51","49","00:10:34"
"51","55","00:24:02"
"51","58","00:20:51"
"51","60","00:21:09"
"51","62","00:18:02"
"51","64","00:19:39"
"51","65","00:17:33"
"51","67","00:17:14"
"51","83","00:17:32"
"51","85","00:28:45"
"51","87","00:45:44"
"51","89","00:18:34"
"51","106","00:17:33"
"51","110","00:16:52"
"51","116","00:06:57"
"51","131","00:13:48"
"51","137","00:11:13"
"51","138","00:16:00"
"51","141","00:17:58"
"51","146","00:16:45"
"51","149","00:00:00"
"51","152","00:18:36"
"51","154","00:17:32"
"51","156","00:15:13"
"51","158","00:17:02"
"51","161","00:17:28"
"51","163","00:18:35"
"51","166","00:18:02"
"51","168","00:22:04"
"51","170","00:21:29"
"51","172","00:11:54"
"51","176","00:12:16"
"51","180","00:15:40"
"51","182","00:16:47"
"51","188","00:21:06"
"51","190","00:21:03"
"51","192","00:24:16"
"52","3","00:17:50"
"52","10","00:20:00"
"52","15","00:16:51"
"52","18","00:16:11"
"52","19","00:18:38"
"52","22","00:14:13"
"52","26","00:15:23"
"52","28","00:14:38"
"52","31","00:14:46"
"52","34","00:12:21"
"52","37","00:13:32"
"52","39","00:15:32"
"52","41","00:17:29"
"52","49","00:16:40"
"52","53","00:01:42"
"52","83","00:12:41"
"52","108","00:03:02"
"52","113","00:06:53"
"52","122","00:02:28"
"52","125","00:10:59"
"52","127","00:16:15"
"52","129","00:15:45"
"52","132","00:18:34"
"52","135","00:21:08"
"52","137","00:08:54"
"52","140","00:10:19"
"52","151","00:15:52"
"52","152","00:16:38"
"52","155","00:00:00"
"52","160","00:14:24"
"52","165","00:06:02"
"52","167","00:08:54"
"52","171","00:13:26"
"52","176","00:10:51"
"52","178","00:13:11"
"52","181","00:10:45"
"52","185","00:17:08"
"52","191","00:16:54"
"52","194","00:15:00"
"53","3","00:18:34"
"53","10","00:15:53"
"53","15","00:16:24"
"53","18","00:18:12"
"53","19","00:20:28"
"53","22","00:19:03"
"53","26","00:20:12"
"53","28","00:16:38"
"53","31","00:20:58"
"53","34","00:03:07"
"53","37","00:19:36"
"53","39","00:19:43"
"53","41","00:19:27"
"53","44","00:19:13"
"53","49","00:18:33"
"53","53","00:17:36"
"53","54","00:16:56"
"53","59","00:17:31"
"53","62","00:20:13"
"53","65","00:19:16"
"53","69","00:28:54"
"53","71","00:21:55"
"53","72","00:20:55"
"53","83","00:18:43"
"53","106","00:15:10"
"53","108","00:05:11"
"53","113","00:15:55"
"53","115","00:17:32"
"53","120","00:16:50"
"53","122","00:18:09"
"53","125","00:17:04"
"53","127","00:20:29"
"53","129","00:18:41"
"53","132","00:20:17"
"53","135","00:23:11"
"53","137","00:17:46"
"53","140","00:15:28"
"53","144","00:13:53"
"53","151","00:21:33"
"53","152","00:35:31"
"53","155","00:00:00"
"53","160","00:24:50"
"53","162","00:18:37"
"53","165","00:16:21"
"53","167","00:22:37"
"53","171","00:16:54"
"53","172","00:16:28"
"53","176","00:19:45"
"53","178","00:19:46"
"53","181","00:17:16"
"53","185","00:20:18"
"53","188","00:15:46"
"53","191","00:21:20"
"53","194","00:24:06"
"54","3","00:10:01"
"54","10","00:00:00"
"54","19","00:06:45"
"54","22","00:03:39"
"54","26","00:06:59"
"54","28","00:08:03"
"54","31","00:10:29"
"54","34","00:13:41"
"54","83","00:11:11"
"55","3","00:16:03"
"55","10","00:14:36"
"55","15","00:14:52"
"55","18","00:14:20"
"55","26","00:11:41"
"55","28","00:08:21"
"55","31","00:10:07"
"55","34","00:13:08"
"55","37","00:10:17"
"55","39","00:08:29"
"55","41","00:09:46"
"55","44","00:13:03"
"55","49","00:11:11"
"55","53","00:09:09"
"55","54","00:09:14"
"55","59","00:14:08"
"55","62","00:12:11"
"55","65","00:12:09"
"55","69","00:12:40"
"55","71","00:11:43"
"55","72","00:12:41"
"55","83","00:10:42"
"56","3","00:21:17"
"56","10","00:18:24"
"56","15","00:20:10"
"56","18","00:22:20"
"56","19","00:24:10"
"56","22","00:28:32"
"56","26","00:23:50"
"56","28","00:22:26"
"56","31","00:24:00"
"56","34","00:21:58"
"56","37","00:26:59"
"56","39","00:27:16"
"56","41","00:28:20"
"56","44","00:25:55"
"56","49","00:22:34"
"56","53","00:28:24"
"56","54","00:31:59"
"56","59","00:28:09"
"56","62","00:30:50"
"56","65","00:27:36"
"56","69","00:29:14"
"56","71","00:28:26"
"56","72","00:29:43"
"56","83","00:23:28"
"56","106","00:24:35"
"56","108","00:09:20"
"56","113","00:19:03"
"56","115","00:20:29"
"56","120","00:22:29"
"56","122","00:24:56"
"56","128","00:26:53"
"56","129","00:28:23"
"56","133","00:27:21"
"56","136","00:19:27"
"56","138","00:21:50"
"56","140","00:20:02"
"56","142","00:22:10"
"56","145","00:21:56"
"56","150","00:21:08"
"56","153","00:21:07"
"56","154","00:23:58"
"56","158","00:19:49"
"56","159","00:26:25"
"56","164","00:22:10"
"56","166","00:20:43"
"56","169","00:25:30"
"56","172","00:21:59"
"56","174","00:26:44"
"56","177","00:23:31"
"56","178","00:18:44"
"56","184","00:21:51"
"56","187","00:22:46"
"56","189","00:22:39"
"56","194","00:18:27"
"57","3","00:18:10"
"57","10","00:14:48"
"57","15","00:14:57"
"57","18","00:16:35"
"57","19","00:20:25"
"57","22","00:20:39"
"57","26","00:19:32"
"57","28","00:17:14"
"57","31","00:18:04"
"57","34","00:18:06"
"57","37","00:20:28"
"57","39","00:20:08"
"57","41","00:19:23"
"57","44","00:18:53"
"57","49","00:16:56"
"57","53","00:18:36"
"57","54","00:16:46"
"57","59","00:14:55"
"57","62","00:19:58"
"57","65","00:16:19"
"57","69","00:25:56"
"57","71","00:21:35"
"57","72","00:20:34"
"57","83","00:17:48"
"57","106","00:14:20"
"57","108","00:07:40"
"57","115","00:15:45"
"57","120","00:18:00"
"57","122","00:14:38"
"57","125","00:16:47"
"57","127","00:20:21"
"57","129","00:16:26"
"57","132","00:20:04"
"57","135","00:20:16"
"57","137","00:14:54"
"57","140","00:16:17"
"57","144","00:13:37"
"57","151","00:17:47"
"57","152","00:32:58"
"57","155","00:00:00"
"57","160","00:24:57"
"57","162","00:19:19"
"57","165","00:20:22"
"57","167","00:21:39"
"57","171","00:16:38"
"57","172","00:15:51"
"57","176","00:18:42"
"57","178","00:16:29"
"57","181","00:16:34"
"57","185","00:20:28"
"57","188","00:13:51"
"57","191","00:19:08"
"57","194","00:20:18"
"58","3","00:17:47"
"58","10","00:17:33"
"58","15","00:17:26"
"58","18","00:21:13"
"58","19","00:18:16"
"58","22","00:21:31"
"58","26","00:21:56"
"58","28","00:17:19"
"58","31","00:19:27"
"58","34","00:19:09"
"58","37","00:16:51"
"58","39","00:15:52"
"58","41","00:20:24"
"58","44","00:20:49"
"58","49","00:17:38"
"58","53","00:15:46"
"58","54","00:13:27"
"58","59","00:17:31"
"58","62","00:19:21"
"58","65","00:19:17"
"58","69","00:19:44"
"58","71","00:18:18"
"58","72","00:19:28"
"58","83","00:18:22"
"58","113","00:20:17"
"58","115","00:14:58"
"58","120","00:16:31"
"58","122","00:16:48"
"58","125","00:17:28"
"58","127","00:15:55"
"58","129","00:19:58"
"58","132","00:19:47"
"58","135","00:16:17"
"58","137","00:19:41"
"58","140","00:18:08"
"58","144","00:17:50"
"58","151","00:19:42"
"58","152","00:17:40"
"58","155","00:00:00"
"58","160","00:18:41"
"58","162","00:17:46"
"58","165","00:16:28"
"58","167","00:11:47"
"58","171","00:18:17"
"58","172","00:19:59"
"58","176","00:21:29"
"58","178","00:18:05"
"58","181","00:16:45"
"58","185","00:18:34"
"58","188","00:15:19"
"58","191","00:18:25"
"58","194","00:17:08"
"59","3","01:01:04"
"59","10","01:00:00"
"59","15","01:01:57"
"59","18","01:00:00"
"59","19","00:42:08"
"59","22","01:03:28"
"59","26","01:02:12"
"59","28","00:58:26"
"59","31","00:58:45"
"59","34","00:56:49"
"59","37","00:59:19"
"59","39","01:00:00"
"59","41","00:24:43"
"59","49","00:58:21"
"59","53","01:00:00"
"59","54","01:00:00"
"59","59","01:00:00"
"59","62","00:58:40"
"59","65","01:05:00"
"59","69","01:05:00"
"59","71","01:00:00"
"59","72","00:56:15"
"59","83","01:00:00"
"59","106","01:04:58"
"59","108","00:29:13"
"59","113","00:58:05"
"59","120","01:00:00"
"59","122","01:00:00"
"59","125","01:00:00"
"59","129","00:59:12"
"59","135","00:56:35"
"59","137","00:29:40"
"59","140","00:58:42"
"59","144","01:00:00"
"59","151","01:04:08"
"59","155","01:00:36"
"59","160","00:51:05"
"59","172","00:57:30"
"59","176","00:58:25"
"59","178","01:00:51"
"59","181","00:20:00"
"60","3","00:20:33"
"60","10","00:20:13"
"60","15","00:23:02"
"60","18","00:18:29"
"60","19","00:18:45"
"60","22","00:25:44"
"60","26","00:20:42"
"60","28","00:16:50"
"60","31","00:16:23"
"60","34","00:20:15"
"60","37","00:15:32"
"60","39","00:13:59"
"60","41","00:10:23"
"60","44","00:22:02"
"60","49","00:16:32"
"60","53","00:29:47"
"60","54","00:21:57"
"60","59","00:26:16"
"60","62","00:21:58"
"60","65","00:22:05"
"60","69","00:25:57"
"60","71","00:22:22"
"60","72","00:28:04"
"60","83","00:18:10"
"60","106","00:24:25"
"60","108","00:08:52"
"60","113","00:20:27"
"60","115","00:21:18"
"60","120","00:22:05"
"60","122","00:22:06"
"60","132","00:22:27"
"60","135","00:17:16"
"60","137","00:24:10"
"60","140","00:22:50"
"60","144","00:23:51"
"60","151","00:27:20"
"60","152","00:37:32"
"60","155","00:00:00"
"60","160","00:18:32"
"60","162","00:22:14"
"60","165","00:21:59"
"60","167","00:21:55"
"60","171","00:19:11"
"60","172","00:20:13"
"60","176","00:19:33"
"60","178","00:26:11"
"60","181","00:22:15"
"60","185","00:21:14"
"60","188","00:18:50"
"60","191","00:16:42"
"60","194","00:13:56"
"61","3","00:18:06"
"61","10","00:18:06"
"61","15","00:17:12"
"61","18","00:19:13"
"61","19","00:17:34"
"61","22","00:22:08"
"61","26","00:19:57"
"61","28","00:17:59"
"61","31","00:20:23"
"61","34","00:17:15"
"61","37","00:21:09"
"61","39","00:18:07"
"61","41","00:18:37"
"61","44","00:18:33"
"61","49","00:20:35"
"61","53","00:17:06"
"61","54","00:17:34"
"61","59","00:18:59"
"61","62","00:22:47"
"61","65","00:20:20"
"61","69","00:24:46"
"61","71","00:22:49"
"61","72","00:18:32"
"61","83","00:17:01"
"61","106","00:20:02"
"61","108","00:08:15"
"61","113","00:18:11"
"61","115","00:19:26"
"61","120","00:14:14"
"61","122","00:15:32"
"61","128","00:16:37"
"61","129","00:14:35"
"61","133","00:15:42"
"61","145","00:12:31"
"61","150","00:15:20"
"61","153","00:14:11"
"61","154","00:19:09"
"61","158","00:12:21"
"61","159","00:12:51"
"61","164","00:12:19"
"61","166","00:17:23"
"61","169","00:09:43"
"61","172","00:13:18"
"61","174","00:20:05"
"61","178","00:13:16"
"61","184","00:14:05"
"61","187","00:12:55"
"61","189","00:14:09"
"61","194","00:13:26"
"62","3","00:21:14"
"62","10","00:21:15"
"62","15","00:19:49"
"62","18","00:20:02"
"62","19","00:16:47"
"62","26","00:20:54"
"62","28","00:18:48"
"62","31","00:21:52"
"62","34","00:20:02"
"62","37","00:20:42"
"62","39","00:22:42"
"62","41","00:27:26"
"62","44","00:20:45"
"62","49","00:24:09"
"62","53","00:27:32"
"62","54","00:29:59"
"62","59","00:22:11"
"62","62","00:24:20"
"62","65","00:27:31"
"62","69","00:25:22"
"62","71","00:26:33"
"62","72","00:22:17"
"62","83","00:20:05"
"62","106","00:19:36"
"62","108","00:08:00"
"62","113","00:20:10"
"62","115","00:17:42"
"62","120","00:18:03"
"62","122","00:20:40"
"62","125","00:20:13"
"62","127","00:20:57"
"62","129","00:23:19"
"62","132","00:18:50"
"62","135","00:21:34"
"62","137","00:16:45"
"62","140","00:14:27"
"62","144","00:23:37"
"62","151","00:23:54"
"62","152","00:18:15"
"62","155","00:00:00"
"62","160","00:21:19"
"62","162","00:21:57"
"62","165","00:17:59"
"62","167","00:20:35"
"62","171","00:23:54"
"62","172","00:16:08"
"62","176","00:14:13"
"62","178","00:19:13"
"62","181","00:17:46"
"62","185","00:19:46"
"62","188","00:17:49"
"62","191","00:13:48"
"62","194","00:20:59"
"63","3","00:12:12"
"63","10","00:15:08"
"63","15","00:11:47"
"63","18","00:09:57"
"63","19","00:20:33"
"63","22","00:20:50"
"63","26","00:20:47"
"63","28","00:17:50"
"63","31","00:18:02"
"63","34","00:21:00"
"63","37","00:17:07"
"63","39","00:16:52"
"63","41","00:17:38"
"63","44","00:21:52"
"63","49","00:16:54"
"63","53","00:16:58"
"63","54","00:15:15"
"63","59","00:16:31"
"63","62","00:19:51"
"63","65","00:17:58"
"63","69","00:17:21"
"63","71","00:16:53"
"63","72","00:18:48"
"63","83","00:19:02"
"63","105","00:16:41"
"63","108","00:09:26"
"63","111","00:21:05"
"63","114","00:09:50"
"63","116","00:15:14"
"63","118","00:19:28"
"63","122","00:18:58"
"63","128","00:21:45"
"63","129","00:17:14"
"63","133","00:19:12"
"63","136","00:18:00"
"63","138","00:21:57"
"63","140","00:18:22"
"63","142","00:23:04"
"63","145","00:18:36"
"63","150","00:16:28"
"63","153","00:19:21"
"63","154","00:17:58"
"63","158","00:16:20"
"63","159","00:19:27"
"63","164","00:16:37"
"63","166","00:14:55"
"63","169","00:16:27"
"63","174","00:18:28"
"63","177","00:19:47"
"63","178","00:17:34"
"63","184","00:18:17"
"63","187","00:16:38"
"63","189","00:20:05"
"63","194","00:19:16"
"64","2","00:59:59"
"64","5","01:00:00"
"64","8","00:58:08"
"64","10","00:20:00"
"64","14","00:58:42"
"64","17","01:05:00"
"64","21","01:00:00"
"64","25","01:00:00"
"64","29","01:00:00"
"64","30","00:59:56"
"64","36","01:05:00"
"64","40","01:03:46"
"64","41","01:00:00"
"64","45","01:00:00"
"64","47","01:00:00"
"64","54","00:59:43"
"64","57","00:58:53"
"64","61","01:00:00"
"64","63","00:59:52"
"64","66","01:00:00"
"64","67","01:05:00"
"64","72","00:59:58"
"64","84","01:00:00"
"64","86","01:00:00"
"64","88","00:57:52"
"64","90","01:24:27"
"64","92","00:58:44"
"64","105","00:59:53"
"64","108","00:58:06"
"64","111","00:59:14"
"64","114","00:40:00"
"64","128","01:03:37"
"64","129","01:00:00"
"64","133","00:58:45"
"64","138","01:05:00"
"64","145","01:00:00"
"64","150","00:59:58"
"64","153","01:00:00"
"64","154","00:59:09"
"64","158","00:59:23"
"64","159","01:02:29"
"64","164","01:00:00"
"64","166","01:00:00"
"64","169","00:40:00"
"64","174","00:59:24"
"64","184","01:00:00"
"64","187","01:00:00"
"64","194","01:02:48"
"65","2","00:14:55"
"65","5","00:17:49"
"65","8","00:17:16"
"65","10","00:17:38"
"65","14","00:16:09"
"65","17","00:17:10"
"65","18","00:14:32"
"65","21","00:19:31"
"65","25","00:18:04"
"65","29","00:11:26"
"65","30","00:15:59"
"65","36","00:18:09"
"65","40","00:17:52"
"65","41","00:15:53"
"65","45","00:16:02"
"65","47","00:12:49"
"65","52","00:13:58"
"65","54","00:08:26"
"65","57","00:14:00"
"65","61","00:11:36"
"65","63","00:17:26"
"65","66","00:12:48"
"65","67","00:13:36"
"65","72","00:03:05"
"65","84","00:13:22"
"65","86","00:15:07"
"65","88","00:17:11"
"65","90","00:23:46"
"65","92","00:19:18"
"65","105","00:12:28"
"65","108","00:14:41"
"65","111","00:13:53"
"65","114","00:03:39"
"65","116","00:15:41"
"65","118","00:13:28"
"65","122","00:16:04"
"65","128","00:16:38"
"65","129","00:19:21"
"65","133","00:18:44"
"65","136","00:18:56"
"65","138","00:20:07"
"65","140","00:16:09"
"65","142","00:20:02"
"65","145","00:19:49"
"65","150","00:16:35"
"65","153","00:18:21"
"65","154","00:20:44"
"65","158","00:17:37"
"65","159","00:16:47"
"65","164","00:18:24"
"65","166","00:18:28"
"65","169","00:14:54"
"65","174","00:14:35"
"65","177","00:15:49"
"65","178","00:16:37"
"65","184","00:15:15"
"65","187","00:19:12"
"65","189","00:21:26"
"65","194","00:16:47"
"66","2","00:14:03"
"66","5","00:17:00"
"66","8","00:15:45"
"66","10","00:11:57"
"66","14","00:19:51"
"66","17","00:19:59"
"66","18","00:17:26"
"66","21","00:13:23"
"66","25","00:16:07"
"66","29","00:12:19"
"66","30","00:14:13"
"66","36","00:12:43"
"66","40","00:16:01"
"66","41","00:14:15"
"66","45","00:31:17"
"66","47","00:15:43"
"66","52","00:12:20"
"66","54","00:14:28"
"66","57","00:15:54"
"66","61","00:10:39"
"66","63","00:14:47"
"66","66","00:14:55"
"66","67","00:16:53"
"66","72","00:14:45"
"66","84","00:11:31"
"66","86","00:11:35"
"66","88","00:08:48"
"66","90","00:12:39"
"66","92","00:19:27"
"66","105","00:08:39"
"66","108","00:05:47"
"66","111","00:06:55"
"66","114","00:10:58"
"66","116","00:02:08"
"66","118","00:05:10"
"66","122","00:04:12"
"66","128","00:04:54"
"66","129","00:05:16"
"66","133","00:04:40"
"66","136","00:05:37"
"66","138","00:11:03"
"66","140","00:12:24"
"66","142","00:13:33"
"66","145","00:09:27"
"66","150","00:04:21"
"66","153","00:04:51"
"66","154","00:05:40"
"66","158","00:05:58"
"66","159","00:06:45"
"66","164","00:05:59"
"66","166","00:05:41"
"66","169","00:09:12"
"66","174","00:04:02"
"66","177","00:04:29"
"66","178","00:08:06"
"66","184","00:10:00"
"66","187","00:08:59"
"66","189","00:07:06"
"66","194","00:10:43"
"67","2","00:24:49"
"67","5","00:28:17"
"67","8","00:28:41"
"67","10","00:27:42"
"67","14","00:27:12"
"67","17","00:33:55"
"67","18","00:26:42"
"67","21","00:34:10"
"67","25","00:25:37"
"67","29","00:27:35"
"67","30","00:24:26"
"67","36","00:28:55"
"67","40","00:27:39"
"67","41","00:25:23"
"67","45","00:39:20"
"67","47","00:26:02"
"67","52","00:27:42"
"67","54","00:26:48"
"67","57","00:26:04"
"67","61","00:23:33"
"67","63","00:24:34"
"67","66","00:25:52"
"67","67","00:32:51"
"67","72","00:25:20"
"67","84","00:27:54"
"67","86","00:27:43"
"67","88","00:25:48"
"67","90","00:35:24"
"67","92","00:28:38"
"67","105","00:26:21"
"67","108","00:24:51"
"67","111","00:25:56"
"67","114","00:13:33"
"67","116","00:23:16"
"67","118","00:23:38"
"67","122","00:26:42"
"67","128","00:26:15"
"67","129","00:25:28"
"67","133","00:24:20"
"67","136","00:20:59"
"67","138","00:25:34"
"67","140","00:23:00"
"67","142","00:21:50"
"67","145","00:23:42"
"67","150","00:22:30"
"67","153","00:26:46"
"67","154","00:24:33"
"67","158","00:24:31"
"67","159","00:29:10"
"67","164","00:24:06"
"67","166","00:26:05"
"67","169","00:23:53"
"67","174","00:29:02"
"67","177","00:22:57"
"67","178","00:22:19"
"67","184","00:24:11"
"67","187","00:25:33"
"67","189","00:28:59"
"67","194","00:29:45"
"68","2","00:21:39"
"68","5","00:18:39"
"68","8","00:16:29"
"68","10","00:20:12"
"68","14","00:24:27"
"68","17","00:17:14"
"68","18","00:22:42"
"68","21","00:18:22"
"68","25","00:21:34"
"68","29","00:19:15"
"68","30","00:19:58"
"68","36","00:21:05"
"68","40","00:19:48"
"68","41","00:22:49"
"68","45","00:24:52"
"68","47","00:22:32"
"68","52","00:21:12"
"68","54","00:22:52"
"68","57","00:20:25"
"68","61","00:30:13"
"68","63","00:20:49"
"68","66","00:16:42"
"68","67","00:17:32"
"68","72","00:24:22"
"68","84","00:23:14"
"68","86","00:20:39"
"68","88","00:19:09"
"68","90","00:28:33"
"68","92","00:21:48"
"68","105","00:20:21"
"68","108","00:18:54"
"68","111","00:21:19"
"68","114","00:13:11"
"68","116","00:24:36"
"68","118","00:22:48"
"68","122","00:21:19"
"68","128","00:20:15"
"68","129","00:18:14"
"68","133","00:21:16"
"68","136","00:23:24"
"68","138","00:21:25"
"68","140","00:21:17"
"68","142","00:26:49"
"68","145","00:23:57"
"68","150","00:32:41"
"68","153","00:22:02"
"68","154","00:20:42"
"68","158","00:19:53"
"68","159","00:20:10"
"68","164","00:21:54"
"68","166","00:21:37"
"68","169","00:20:09"
"68","174","00:25:26"
"68","177","00:20:10"
"68","178","00:20:54"
"68","184","00:21:24"
"68","187","00:20:49"
"68","189","00:20:13"
"68","194","00:20:26"
"69","2","00:14:22"
"69","5","00:11:26"
"69","8","00:12:38"
"69","10","00:12:38"
"69","14","00:17:24"
"69","17","00:13:37"
"69","18","00:16:10"
"69","21","00:07:33"
"69","25","00:06:16"
"69","29","00:06:19"
"69","30","00:06:17"
"69","36","00:15:13"
"69","40","00:14:52"
"69","41","00:11:48"
"69","45","00:08:01"
"69","47","00:08:09"
"69","52","00:09:23"
"69","54","00:12:10"
"69","57","00:07:26"
"69","61","00:12:54"
"69","63","00:10:32"
"69","67","00:10:49"
"69","72","00:10:50"
"69","84","00:16:03"
"69","86","00:14:32"
"69","88","00:15:17"
"69","90","00:18:10"
"69","92","00:14:43"
"70","10","00:40:00"
"70","18","00:58:27"
"70","52","00:59:57"
"71","2","00:26:41"
"71","5","00:31:07"
"71","8","00:28:49"
"71","10","00:25:57"
"71","14","00:31:06"
"71","17","00:32:18"
"71","18","00:28:43"
"71","21","00:30:11"
"71","25","00:21:42"
"71","29","00:27:14"
"71","30","00:27:00"
"71","36","00:31:20"
"71","40","00:26:01"
"71","41","00:23:23"
"71","45","00:39:15"
"71","47","00:28:20"
"71","52","00:26:09"
"71","57","00:23:12"
"71","61","00:30:18"
"71","63","00:23:04"
"71","66","00:24:16"
"71","67","00:28:47"
"71","72","00:28:02"
"71","84","00:27:57"
"71","86","00:26:49"
"71","88","00:27:30"
"71","90","00:35:41"
"71","92","00:25:32"
"71","105","00:26:59"
"71","108","00:27:16"
"71","111","00:23:44"
"71","114","00:10:44"
"71","116","00:21:17"
"71","118","00:24:42"
"71","122","00:19:16"
"71","125","00:22:24"
"71","127","00:24:44"
"71","129","00:22:55"
"71","132","00:23:22"
"71","135","00:16:04"
"71","137","00:23:31"
"71","140","00:22:30"
"71","144","00:22:45"
"71","151","00:23:44"
"71","152","00:37:37"
"71","155","00:00:00"
"71","160","00:22:20"
"71","162","00:19:41"
"71","165","00:16:13"
"71","167","00:15:29"
"71","171","00:21:46"
"71","176","00:24:07"
"71","178","00:22:00"
"71","181","00:20:08"
"71","185","00:18:38"
"71","188","00:19:07"
"71","191","00:20:17"
"71","194","00:22:57"
"72","2","00:10:48"
"72","5","00:10:30"
"72","8","00:09:58"
"72","10","00:11:39"
"72","14","00:16:19"
"72","17","00:15:17"
"72","18","00:13:43"
"72","21","00:15:57"
"72","25","00:17:36"
"72","29","00:11:47"
"72","30","00:09:52"
"72","36","00:07:18"
"72","40","00:06:06"
"72","41","00:12:52"
"72","45","00:07:16"
"72","47","00:09:25"
"72","52","00:05:07"
"72","54","00:09:52"
"72","57","00:11:12"
"72","61","00:12:21"
"72","63","00:11:18"
"72","66","00:09:42"
"72","67","00:03:16"
"72","72","00:09:12"
"72","84","00:10:43"
"72","86","00:07:37"
"72","88","00:08:42"
"72","90","00:07:07"
"72","92","00:14:03"
"72","106","00:12:44"
"72","108","00:15:05"
"72","113","00:11:11"
"72","115","00:12:21"
"72","120","00:08:53"
"72","122","00:10:55"
"72","125","00:08:17"
"72","127","00:08:42"
"72","129","00:08:02"
"72","132","00:06:52"
"72","135","00:06:48"
"72","137","00:08:04"
"72","140","00:08:01"
"72","144","00:14:16"
"72","151","00:14:34"
"72","152","00:09:44"
"72","162","00:12:17"
"72","165","00:09:52"
"72","167","00:12:07"
"72","171","00:12:42"
"72","172","00:13:07"
"72","176","00:08:36"
"72","178","00:11:22"
"72","185","00:11:30"
"72","188","00:12:13"
"72","191","00:08:42"
"72","194","00:12:55"
"73","2","00:15:36"
"73","5","00:18:44"
"73","8","00:20:22"
"73","10","00:12:55"
"73","14","00:18:39"
"73","17","00:18:21"
"73","18","00:20:13"
"73","21","00:14:32"
"73","25","00:16:50"
"73","29","00:20:09"
"73","30","00:17:39"
"73","36","00:15:50"
"73","40","00:19:17"
"73","41","00:14:50"
"73","45","00:32:23"
"73","47","00:21:42"
"73","52","00:19:33"
"73","54","00:18:36"
"73","57","00:18:39"
"73","61","00:19:23"
"73","63","00:17:03"
"73","66","00:17:23"
"73","67","00:25:09"
"73","72","00:16:51"
"73","84","00:20:02"
"73","86","00:20:33"
"73","88","00:20:12"
"73","90","00:31:36"
"73","92","00:23:49"
"73","105","00:20:00"
"73","108","00:16:03"
"73","111","00:18:27"
"73","114","00:14:40"
"73","116","00:19:14"
"73","118","00:20:14"
"73","122","00:21:36"
"73","128","00:18:59"
"73","129","00:13:05"
"73","133","00:15:46"
"73","136","00:19:49"
"73","138","00:22:47"
"73","140","00:17:11"
"73","142","00:18:45"
"73","145","00:14:34"
"73","150","00:32:00"
"73","153","00:19:14"
"73","154","00:21:14"
"73","158","00:15:32"
"73","159","00:19:02"
"73","164","00:18:01"
"73","166","00:16:05"
"73","169","00:17:33"
"73","174","00:22:00"
"73","177","00:31:12"
"73","178","00:17:54"
"73","184","00:14:25"
"73","187","00:10:28"
"73","189","00:18:18"
"73","194","00:16:37"
"74","2","00:12:31"
"74","5","00:12:10"
"74","8","00:16:51"
"74","10","00:17:22"
"74","14","00:17:48"
"74","17","00:15:59"
"74","18","00:20:08"
"74","21","00:16:40"
"74","25","00:18:01"
"74","29","00:16:18"
"74","30","00:23:35"
"74","36","00:20:15"
"74","40","00:17:51"
"74","41","00:23:25"
"74","45","00:23:37"
"74","47","00:19:55"
"74","52","00:20:45"
"74","54","00:23:46"
"74","57","00:19:21"
"74","61","00:17:51"
"74","63","00:18:30"
"74","66","00:21:55"
"74","67","00:17:26"
"74","72","00:15:48"
"74","84","00:18:16"
"74","86","00:19:41"
"74","88","00:18:10"
"74","90","00:29:56"
"74","92","00:22:33"
"74","105","00:14:44"
"74","108","00:16:15"
"74","111","00:20:58"
"74","114","00:13:49"
"74","116","00:24:48"
"74","118","00:21:56"
"74","122","00:21:27"
"74","128","00:16:36"
"74","129","00:14:01"
"74","133","00:14:24"
"74","136","00:19:33"
"74","138","00:19:27"
"74","140","00:21:37"
"74","142","00:20:11"
"74","145","00:15:06"
"74","150","00:30:48"
"74","153","00:18:02"
"74","154","00:15:43"
"74","158","00:17:26"
"74","159","00:16:32"
"74","164","00:19:12"
"74","166","00:20:22"
"74","169","00:16:50"
"74","174","00:23:52"
"74","177","00:18:05"
"74","178","00:17:14"
"74","184","00:16:42"
"74","187","00:16:02"
"74","189","00:17:16"
"74","194","00:19:23"
"75","2","00:19:08"
"75","5","00:20:31"
"75","8","00:17:40"
"75","10","00:18:36"
"75","14","00:22:32"
"75","17","00:22:01"
"75","18","00:19:21"
"75","21","00:15:12"
"75","25","00:18:53"
"75","29","00:16:57"
"75","30","00:19:33"
"75","36","00:19:22"
"75","40","00:18:18"
"75","41","00:15:40"
"75","45","00:17:49"
"75","47","00:18:20"
"75","52","00:20:47"
"75","54","00:18:31"
"75","57","00:20:45"
"75","61","00:17:58"
"75","63","00:17:08"
"75","66","00:17:56"
"75","67","00:21:47"
"75","72","00:17:06"
"75","84","00:20:44"
"75","86","00:21:45"
"75","88","00:18:54"
"75","90","00:30:54"
"75","92","00:20:19"
"75","105","00:17:37"
"75","108","00:19:16"
"75","111","00:20:30"
"75","114","00:10:28"
"75","116","00:17:55"
"75","118","00:17:38"
"75","122","00:19:46"
"75","128","00:23:30"
"75","129","00:18:50"
"75","133","00:20:14"
"75","136","00:22:19"
"75","138","00:23:44"
"75","140","00:19:06"
"75","166","00:14:54"
"75","169","00:16:17"
"75","174","00:20:07"
"75","177","00:19:53"
"75","184","00:15:02"
"75","187","00:15:06"
"75","189","00:18:53"
"75","194","00:16:00"
"76","2","00:20:56"
"76","5","00:18:50"
"76","8","00:16:22"
"76","10","00:20:11"
"76","14","00:17:25"
"76","17","00:19:01"
"76","18","00:17:57"
"76","21","00:18:08"
"76","25","00:18:48"
"76","29","00:17:58"
"76","30","00:16:31"
"76","36","00:18:27"
"76","40","00:18:26"
"76","41","00:15:08"
"76","45","00:32:28"
"76","47","00:19:37"
"76","52","00:20:10"
"76","54","00:19:40"
"76","57","00:15:32"
"76","61","00:27:38"
"76","63","00:16:27"
"76","66","00:16:28"
"76","67","00:19:31"
"76","72","00:18:56"
"76","84","00:15:20"
"76","86","00:15:08"
"76","88","00:18:05"
"76","90","00:28:23"
"76","92","00:21:50"
"76","105","00:17:41"
"76","108","00:15:50"
"76","111","00:14:36"
"76","114","00:07:47"
"76","116","00:21:55"
"76","118","00:19:15"
"76","122","00:21:35"
"76","128","00:15:51"
"76","129","00:19:18"
"76","133","00:21:36"
"76","136","00:19:09"
"76","138","00:23:56"
"76","140","00:17:30"
"76","142","00:22:13"
"76","145","00:21:55"
"76","150","00:17:21"
"76","153","00:16:16"
"76","154","00:20:35"
"76","158","00:15:44"
"76","159","00:19:14"
"76","164","00:18:05"
"76","166","00:16:16"
"76","169","00:15:00"
"76","174","00:22:29"
"76","177","00:18:19"
"76","178","00:19:40"
"76","184","00:16:14"
"76","187","00:18:36"
"76","189","00:15:53"
"76","194","00:15:48"
"78","4","00:14:33"
"78","6","00:18:12"
"78","8","00:15:26"
"78","12","00:19:54"
"78","15","00:16:49"
"78","20","00:17:08"
"78","23","00:15:58"
"78","24","00:17:02"
"78","25","00:13:46"
"78","29","00:22:28"
"78","32","00:21:07"
"78","34","00:18:46"
"78","38","00:20:01"
"78","42","00:22:06"
"78","45","00:34:40"
"78","48","00:24:10"
"78","50","00:19:22"
"78","52","00:16:49"
"78","56","00:15:17"
"78","57","00:19:43"
"78","64","00:17:31"
"78","65","00:19:07"
"78","68","00:18:53"
"78","69","00:22:19"
"78","70","00:19:48"
"78","83","00:22:25"
"78","85","00:25:52"
"78","87","00:40:45"
"78","89","00:34:06"
"78","94","00:20:46"
"78","95","00:23:17"
"78","96","00:22:25"
"78","97","00:40:50"
"78","98","00:23:48"
"78","105","00:15:14"
"78","109","00:19:39"
"78","112","00:21:23"
"78","113","00:19:41"
"78","118","00:20:03"
"78","121","00:22:08"
"78","123","00:23:27"
"78","126","00:20:29"
"78","127","00:21:52"
"78","133","00:22:00"
"78","134","00:22:02"
"78","139","00:23:44"
"78","143","00:21:02"
"78","145","00:23:09"
"78","147","00:19:54"
"78","148","00:16:23"
"78","151","00:18:58"
"78","157","00:21:19"
"78","162","00:19:50"
"78","163","00:26:51"
"78","171","00:21:45"
"78","173","00:26:51"
"78","179","00:24:17"
"78","180","00:23:47"
"78","182","00:18:11"
"78","184","00:23:25"
"78","185","00:22:18"
"78","187","00:22:02"
"78","190","00:23:52"
"78","193","00:22:18"
"79","4","00:21:02"
"79","6","00:27:24"
"79","8","00:20:57"
"79","12","00:24:18"
"79","15","00:28:42"
"79","20","00:22:09"
"79","23","00:19:25"
"79","24","00:21:14"
"79","25","00:17:06"
"79","28","00:23:34"
"79","31","00:19:06"
"79","33","00:21:03"
"79","38","00:16:15"
"79","40","00:16:57"
"79","43","00:15:28"
"79","44","00:15:52"
"79","50","00:16:44"
"79","51","00:18:20"
"79","55","00:18:03"
"79","58","00:13:37"
"79","59","00:16:50"
"79","63","00:19:08"
"79","70","00:10:49"
"79","73","00:15:08"
"79","84","00:14:04"
"79","86","00:12:36"
"79","88","00:12:18"
"79","90","00:17:56"
"79","92","00:14:04"
"79","94","00:12:07"
"79","95","00:10:46"
"79","96","00:14:17"
"79","97","00:20:07"
"79","98","00:09:56"
"79","107","00:12:02"
"79","109","00:12:57"
"79","117","00:15:55"
"79","119","00:18:24"
"79","123","00:15:39"
"79","124","00:13:44"
"79","126","00:14:59"
"79","130","00:15:00"
"79","131","00:14:39"
"79","132","00:13:36"
"79","134","00:15:15"
"79","136","00:15:05"
"79","142","00:15:35"
"79","144","00:15:28"
"79","147","00:16:34"
"79","149","00:00:00"
"79","153","00:13:38"
"79","156","00:16:22"
"79","169","00:13:46"
"79","175","00:16:51"
"79","183","00:12:48"
"79","186","00:11:46"
"80","3","00:19:46"
"80","11","00:17:09"
"80","13","00:17:10"
"80","17","00:17:50"
"80","20","00:11:18"
"80","22","00:15:40"
"80","27","00:16:04"
"80","30","00:15:00"
"80","33","00:14:58"
"80","35","00:08:52"
"80","37","00:11:20"
"80","42","00:14:00"
"80","46","00:14:27"
"80","47","00:12:49"
"80","49","00:11:09"
"81","3","00:11:49"
"81","6","00:16:48"
"81","9","00:13:04"
"81","11","00:10:43"
"81","13","00:08:36"
"81","17","00:10:27"
"81","20","00:12:48"
"81","22","00:11:41"
"81","27","00:16:31"
"81","30","00:11:51"
"81","33","00:15:16"
"81","35","00:10:38"
"81","37","00:13:31"
"81","42","00:10:05"
"81","46","00:13:46"
"81","47","00:13:00"
"81","49","00:13:42"
"81","55","00:19:42"
"81","58","00:28:59"
"81","66","00:16:55"
"81","67","00:14:15"
"82","3","00:26:56"
"82","6","00:13:48"
"82","9","00:15:03"
"82","11","00:14:37"
"82","17","00:19:37"
"82","20","00:18:04"
"82","22","00:18:37"
"82","156","00:06:33"
"82","158","00:10:26"
"82","182","00:08:15"
"82","188","00:12:02"
"82","190","00:13:29"
"83","3","00:22:16"
"83","6","00:23:40"
"83","9","00:34:21"
"83","11","00:21:44"
"83","13","00:25:19"
"83","17","00:25:57"
"83","20","00:24:32"
"83","22","00:22:27"
"83","27","00:26:44"
"83","30","00:26:00"
"83","33","00:22:48"
"83","35","00:32:35"
"83","37","00:26:48"
"83","42","00:25:34"
"83","46","00:26:41"
"83","47","00:24:26"
"83","49","00:26:32"
"83","55","00:27:48"
"83","58","00:22:02"
"83","60","00:27:36"
"83","62","00:31:18"
"83","64","00:21:23"
"83","66","00:24:39"
"83","67","00:27:58"
"83","85","00:32:38"
"83","87","00:00:00"
"83","89","00:26:30"
"83","106","00:24:19"
"83","110","00:21:45"
"83","116","00:25:14"
"83","119","00:19:11"
"83","121","00:19:52"
"83","131","00:20:36"
"83","137","00:17:49"
"83","138","00:23:11"
"83","141","00:18:06"
"83","146","00:16:15"
"83","149","00:00:00"
"83","154","00:19:34"
"83","156","00:23:52"
"83","158","00:20:12"
"83","161","00:21:28"
"83","163","00:23:23"
"83","166","00:24:28"
"83","168","00:19:56"
"83","170","00:23:29"
"83","172","00:21:56"
"83","173","00:24:31"
"83","174","00:20:55"
"83","175","00:22:55"
"83","176","00:16:59"
"83","180","00:24:37"
"83","182","00:19:39"
"83","188","00:22:53"
"83","192","00:25:45"
"84","3","00:20:59"
"84","6","00:22:21"
"84","9","00:17:24"
"84","11","00:21:59"
"84","13","00:20:43"
"84","17","00:24:15"
"84","20","00:23:35"
"84","22","00:22:49"
"84","27","00:22:57"
"84","30","00:22:54"
"84","33","00:23:39"
"84","35","00:19:48"
"84","37","00:22:29"
"84","42","00:22:51"
"84","46","00:24:26"
"84","47","00:21:17"
"84","49","00:24:27"
"84","55","00:25:01"
"84","58","00:21:22"
"84","60","00:25:26"
"84","62","00:27:29"
"84","64","00:17:59"
"84","66","00:17:51"
"84","67","00:24:36"
"84","85","00:29:25"
"84","87","00:56:49"
"84","89","00:23:23"
"84","106","00:17:37"
"84","110","00:19:26"
"84","116","00:18:15"
"84","119","00:17:28"
"84","121","00:19:18"
"84","131","00:19:40"
"84","137","00:17:53"
"84","138","00:18:51"
"84","141","00:17:40"
"84","146","00:17:24"
"84","149","00:00:00"
"84","152","00:18:33"
"84","154","00:20:16"
"84","156","00:18:54"
"84","158","00:20:42"
"84","161","00:20:50"
"84","163","00:19:37"
"84","166","00:20:48"
"84","168","00:19:16"
"84","170","00:05:01"
"84","172","00:18:22"
"84","173","00:22:05"
"84","174","00:19:11"
"84","175","00:16:56"
"84","176","00:17:20"
"84","180","00:21:07"
"84","182","00:19:40"
"84","192","00:19:51"
"85","9","01:00:00"
"85","20","01:00:00"
"85","27","01:02:36"
"85","33","00:59:22"
"85","42","00:59:44"
"85","47","00:57:41"
"85","55","01:04:44"
"85","58","00:59:34"
"85","116","01:00:13"
"85","138","01:04:37"
"85","149","00:56:22"
"85","158","00:28:10"
"85","163","00:31:50"
"85","166","00:58:18"
"85","168","01:00:00"
"85","170","00:56:55"
"85","172","01:00:00"
"85","175","00:58:42"
"85","188","01:00:00"
"86","2","00:15:44"
"86","5","00:16:55"
"86","9","00:15:56"
"86","12","00:14:12"
"86","13","00:15:06"
"86","16","00:14:42"
"86","21","00:19:13"
"86","24","00:15:41"
"86","26","00:12:28"
"86","32","00:14:08"
"86","35","00:10:31"
"86","36","00:17:35"
"86","39","00:19:43"
"86","43","00:14:51"
"86","46","00:11:35"
"86","48","00:14:11"
"86","51","00:12:17"
"86","53","00:20:04"
"86","56","00:18:52"
"86","60","00:18:59"
"86","61","00:13:08"
"86","68","00:20:54"
"86","71","00:17:06"
"86","73","00:12:06"
"86","105","00:14:17"
"86","108","00:05:55"
"86","111","00:07:11"
"86","114","00:12:58"
"86","116","00:13:40"
"86","118","00:11:55"
"86","122","00:10:42"
"86","128","00:12:31"
"86","129","00:10:56"
"86","133","00:11:11"
"86","136","00:13:10"
"86","138","00:04:45"
"86","140","00:08:46"
"86","142","00:12:20"
"86","145","00:11:30"
"86","150","00:29:04"
"86","153","00:14:22"
"86","154","00:15:13"
"86","158","00:10:06"
"86","159","00:12:38"
"86","164","00:07:47"
"86","166","00:04:46"
"86","169","00:03:10"
"86","174","00:11:38"
"86","177","00:15:40"
"86","178","00:10:29"
"86","184","00:09:58"
"86","187","00:08:43"
"86","189","00:06:06"
"86","194","00:08:56"
"87","2","00:26:32"
"87","5","00:26:20"
"87","9","00:21:54"
"87","12","00:31:02"
"87","13","00:28:03"
"87","16","00:22:45"
"87","21","00:27:00"
"87","24","00:29:38"
"87","26","00:21:53"
"87","32","00:24:47"
"87","35","00:23:09"
"87","36","00:27:51"
"87","39","00:25:32"
"87","43","00:24:55"
"87","46","00:24:10"
"87","48","00:23:14"
"87","51","00:23:22"
"87","53","00:24:14"
"87","56","00:24:10"
"87","60","00:30:48"
"87","61","00:25:04"
"87","68","00:25:42"
"87","71","00:26:29"
"87","73","00:17:43"
"87","107","00:20:35"
"87","110","00:25:51"
"87","112","00:23:13"
"87","114","00:32:27"
"87","117","00:39:26"
"87","120","00:20:52"
"87","124","00:20:44"
"87","125","00:21:05"
"87","128","00:16:06"
"87","130","00:20:10"
"87","135","00:15:31"
"87","139","00:22:02"
"87","141","00:20:15"
"87","143","00:21:20"
"87","146","00:22:14"
"87","148","00:22:47"
"87","150","00:20:08"
"87","155","00:00:00"
"87","157","00:23:59"
"87","161","00:25:03"
"87","164","00:23:28"
"87","165","00:21:48"
"87","167","00:25:31"
"87","170","00:22:56"
"87","177","00:19:41"
"87","179","00:20:58"
"87","183","00:25:26"
"87","186","00:25:43"
"87","189","00:29:12"
"87","192","00:20:30"
"88","3","00:13:33"
"88","10","00:15:04"
"88","15","00:14:16"
"88","18","00:13:39"
"88","19","00:14:50"
"88","22","00:17:59"
"88","26","00:16:30"
"88","28","00:13:50"
"88","31","00:20:26"
"88","34","00:13:40"
"88","37","00:17:59"
"88","39","00:16:47"
"88","41","00:19:51"
"88","44","00:20:38"
"88","49","00:18:14"
"88","53","00:17:15"
"88","54","00:16:30"
"88","62","00:18:00"
"88","65","00:18:00"
"88","69","00:20:09"
"88","71","00:16:32"
"88","72","00:18:18"
"88","83","00:18:44"
"88","106","00:21:37"
"88","108","00:07:57"
"88","113","00:20:10"
"88","115","00:16:06"
"88","120","00:16:45"
"88","122","00:18:16"
"88","135","00:06:15"
"88","137","00:18:42"
"88","140","00:20:45"
"88","144","00:12:46"
"88","172","00:18:09"
"88","188","00:15:06"
"88","191","00:17:24"
"88","194","00:17:42"
"89","2","00:13:59"
"89","8","00:12:50"
"89","10","00:15:01"
"89","14","00:15:54"
"89","17","00:13:42"
"89","18","00:14:48"
"89","21","00:14:34"
"89","25","00:13:58"
"89","29","00:11:44"
"89","30","00:12:45"
"89","36","00:13:45"
"89","40","00:14:57"
"89","41","00:14:32"
"89","45","00:14:01"
"89","47","00:15:41"
"89","52","00:17:59"
"89","54","00:15:26"
"89","57","00:14:59"
"89","61","00:26:30"
"89","63","00:14:50"
"89","66","00:13:20"
"89","67","00:14:30"
"89","72","00:15:18"
"89","84","00:13:59"
"89","86","00:15:31"
"89","88","00:14:01"
"89","90","00:24:06"
"89","92","00:17:56"
"89","105","00:15:14"
"89","108","00:17:30"
"89","111","00:17:11"
"89","114","00:10:46"
"89","116","00:18:14"
"89","118","00:18:25"
"89","122","00:16:06"
"89","128","00:21:47"
"89","129","00:17:37"
"89","133","00:14:50"
"89","136","00:16:33"
"89","138","00:16:40"
"89","140","00:16:07"
"89","142","00:23:06"
"89","145","00:19:06"
"89","150","00:20:08"
"89","153","00:18:10"
"89","158","00:22:12"
"89","159","00:22:39"
"89","164","00:20:23"
"89","166","00:16:50"
"89","169","00:17:22"
"89","174","00:14:13"
"89","177","00:16:42"
"89","178","00:20:49"
"89","184","00:18:18"
"89","187","00:15:33"
"89","189","00:18:16"
"89","194","00:17:29"
"90","4","00:21:54"
"90","6","00:15:20"
"90","8","00:27:25"
"90","12","00:23:46"
"90","15","00:21:48"
"90","20","00:21:11"
"90","23","00:24:38"
"90","24","00:25:28"
"90","25","00:23:38"
"90","28","00:21:50"
"90","31","00:20:41"
"90","33","00:20:13"
"90","38","00:14:58"
"90","40","00:19:05"
"90","43","00:18:29"
"90","44","00:17:27"
"90","50","00:16:24"
"90","51","00:18:57"
"90","55","00:18:40"
"90","58","00:17:20"
"90","59","00:17:24"
"90","63","00:15:46"
"90","70","00:24:55"
"90","73","00:14:34"
"90","84","00:18:20"
"90","86","00:16:27"
"90","88","00:16:31"
"90","90","00:31:51"
"90","92","00:23:41"
"90","94","00:20:37"
"90","95","00:20:33"
"90","96","00:19:33"
"90","97","00:35:16"
"90","98","00:25:50"
"90","107","00:21:15"
"90","109","00:22:03"
"90","111","00:15:22"
"90","115","00:20:00"
"90","117","00:29:52"
"90","119","00:18:44"
"90","123","00:15:11"
"90","124","00:18:02"
"90","126","00:19:06"
"90","153","00:12:31"
"90","156","00:20:41"
"90","159","00:19:51"
"90","160","00:00:00"
"90","168","00:19:34"
"90","181","00:20:34"
"90","183","00:19:02"
"90","186","00:11:23"
"90","191","00:11:05"
"90","193","00:12:48"
"91","4","00:09:56"
"91","6","00:01:52"
"91","8","00:02:32"
"91","12","00:12:24"
"91","15","00:10:49"
"91","20","00:04:39"
"91","25","00:06:07"
"91","28","00:09:24"
"91","31","00:07:12"
"91","33","00:07:48"
"91","38","00:07:10"
"91","40","00:07:37"
"91","43","00:01:25"
"91","44","00:00:34"
"91","50","00:10:37"
"91","51","00:06:35"
"91","55","00:07:18"
"91","58","00:09:10"
"91","59","00:11:55"
"91","63","00:12:50"
"91","70","00:03:47"
"91","73","00:06:16"
"91","86","00:06:25"
"91","94","00:06:28"
"91","95","00:01:59"
"91","96","00:00:00"
"91","97","00:00:00"
"91","98","00:00:00"
"91","107","00:01:23"
"91","109","00:05:41"
"91","111","00:13:08"
"91","115","00:12:19"
"91","117","00:08:20"
"91","119","00:08:54"
"91","123","00:06:49"
"91","124","00:09:45"
"91","126","00:06:22"
"91","130","00:05:46"
"91","131","00:07:25"
"91","132","00:08:03"
"91","134","00:16:34"
"91","136","00:14:46"
"91","142","00:01:15"
"91","144","00:06:44"
"91","147","00:07:14"
"91","149","00:00:00"
"91","156","00:00:00"
"91","159","00:00:00"
"91","160","00:00:00"
"91","168","00:00:40"
"91","169","00:00:00"
"91","175","00:07:49"
"91","181","00:10:50"
"91","186","00:00:00"
"92","51","00:06:12"
"92","55","00:05:22"
"92","58","00:08:08"
"92","59","00:12:27"
"92","63","00:00:00"
"92","70","00:07:28"
"92","73","00:09:30"
"92","84","00:00:00"
"92","86","00:06:55"
"92","88","00:00:00"
"92","90","00:00:00"
"92","92","00:00:14"
"92","94","00:08:29"
"92","95","00:09:52"
"92","96","00:09:43"
"92","97","00:15:04"
"92","98","00:09:42"
"97","4","00:13:26"
"97","6","00:15:50"
"97","8","00:16:23"
"97","12","00:11:37"
"97","15","00:14:19"
"97","20","00:11:31"
"97","23","00:11:46"
"97","24","00:11:32"
"97","25","00:10:07"
"97","28","00:14:47"
"97","31","00:11:59"
"97","43","00:09:29"
"97","44","00:12:34"
"97","50","00:13:16"
"97","51","00:11:08"
"97","55","00:11:03"
"97","63","00:16:04"
"97","70","00:05:25"
"97","73","00:12:26"
"97","84","00:13:12"
"97","86","00:17:38"
"97","88","00:15:44"
"97","90","00:20:11"
"97","92","00:14:19"
"97","94","00:15:52"
"97","95","00:15:25"
"97","96","00:11:58"
"97","97","00:24:10"
"97","98","00:14:21"
"97","107","00:07:45"
"97","109","00:10:03"
"97","111","00:11:01"
"97","115","00:10:19"
"97","117","00:10:45"
"97","119","00:08:37"
"97","123","00:09:04"
"97","124","00:12:06"
"97","126","00:14:25"
"97","130","00:12:25"
"97","131","00:15:03"
"97","132","00:12:17"
"97","136","00:12:08"
"97","142","00:10:24"
"97","144","00:13:21"
"97","147","00:09:59"
"97","149","00:00:00"
"97","153","00:09:40"
"97","156","00:08:57"
"97","160","00:00:00"
"97","168","00:11:05"
"97","169","00:12:39"
"97","175","00:11:38"
"97","183","00:10:17"
"97","186","00:08:43"
"97","191","00:09:16"
"97","193","00:10:49"
"98","3","00:30:21"
"98","6","00:14:42"
"98","9","00:15:02"
"98","11","00:16:30"
"98","13","00:16:11"
"98","17","00:17:10"
"98","20","00:18:13"
"98","22","00:16:41"
"98","27","00:18:23"
"98","30","00:15:34"
"98","33","00:12:59"
"98","35","00:14:54"
"98","37","00:13:04"
"98","42","00:16:01"
"98","46","00:15:12"
"98","47","00:14:34"
"98","49","00:15:23"
"98","55","00:18:17"
"98","58","00:23:29"
"98","60","00:19:10"
"98","62","00:16:30"
"98","64","00:17:59"
"98","66","00:17:45"
"98","67","00:18:48"
"98","85","00:27:12"
"98","87","00:38:40"
"98","89","00:22:37"
"98","106","00:19:52"
"98","116","00:17:45"
"98","119","00:15:23"
"98","121","00:15:38"
"98","131","00:12:43"
"98","137","00:12:04"
"98","138","00:17:42"
"98","141","00:13:50"
"98","146","00:11:17"
"98","149","00:00:00"
"98","152","00:19:19"
"98","154","00:18:57"
"98","156","00:15:31"
"98","158","00:10:23"
"98","161","00:08:31"
"98","163","00:15:42"
"98","166","00:11:24"
"98","168","00:16:00"
"98","170","00:12:12"
"98","173","00:14:22"
"98","174","00:03:33"
"98","175","00:08:31"
"98","176","00:15:03"
"98","180","00:11:32"
"98","182","00:10:44"
"98","188","00:10:21"
"98","190","00:10:59"
"98","192","00:12:36"
"99","3","00:10:52"
"99","6","00:09:20"
"99","9","00:28:02"
"99","11","00:18:19"
"99","13","00:20:49"
"99","17","00:20:14"
"99","20","00:22:24"
"99","22","00:20:15"
"99","27","00:23:27"
"99","30","00:15:04"
"99","33","00:22:43"
"99","35","00:22:14"
"99","37","00:23:44"
"99","42","00:20:54"
"99","46","00:25:40"
"99","47","00:23:45"
"99","49","00:19:16"
"99","55","00:23:24"
"99","58","00:21:16"
"99","60","00:21:16"
"99","62","00:16:26"
"99","64","00:17:10"
"99","66","00:21:57"
"99","67","00:18:23"
"99","85","00:25:16"
"99","87","00:44:22"
"99","89","00:21:31"
"99","106","00:18:47"
"99","110","00:12:59"
"99","116","00:09:42"
"99","119","00:15:37"
"99","121","00:18:57"
"99","131","00:19:10"
"99","137","00:16:56"
"99","138","00:18:34"
"99","141","00:16:30"
"99","146","00:21:26"
"99","149","00:00:00"
"99","152","00:20:06"
"99","154","00:17:16"
"99","156","00:15:24"
"99","158","00:14:45"
"99","161","00:15:49"
"99","163","00:19:19"
"99","166","00:20:11"
"99","168","00:19:02"
"99","170","00:20:31"
"99","172","00:08:54"
"99","173","00:19:28"
"99","174","00:19:35"
"99","175","00:20:01"
"99","176","00:17:34"
"99","180","00:16:57"
"99","182","00:13:14"
"99","188","00:14:39"
"99","190","00:18:37"
"100","2","00:15:43"
"100","5","00:17:45"
"100","8","00:19:43"
"100","10","00:15:54"
"100","14","00:22:34"
"100","17","00:20:56"
"100","18","00:20:45"
"100","21","00:17:32"
"100","25","00:17:47"
"100","29","00:20:17"
"100","30","00:19:13"
"100","36","00:19:41"
"100","40","00:16:51"
"100","41","00:15:44"
"100","45","00:15:35"
"100","47","00:15:56"
"100","52","00:19:43"
"100","54","00:18:28"
"100","57","00:19:49"
"100","61","00:28:58"
"100","63","00:18:57"
"100","66","00:15:57"
"100","67","00:21:01"
"100","72","00:18:56"
"100","84","00:17:03"
"100","86","00:17:15"
"100","88","00:16:53"
"100","142","00:23:09"
"100","145","00:18:10"
"100","150","00:31:55"
"100","153","00:16:58"
"100","154","00:17:54"
"100","158","00:11:25"
"100","159","00:17:14"
"100","164","00:14:27"
"100","166","00:15:02"
"100","169","00:17:06"
"100","184","00:18:51"
"100","187","00:14:13"
"100","189","00:15:12"
"100","194","00:15:24"
"101","2","00:10:30"
"101","5","00:09:47"
"101","8","00:10:07"
"101","10","00:11:49"
"101","14","00:02:22"
"101","17","00:06:04"
"101","18","00:08:26"
"101","21","00:09:40"
"101","25","00:07:42"
"101","29","00:08:34"
"101","30","00:05:42"
"101","36","00:09:42"
"101","40","00:06:47"
"101","41","00:12:36"
"101","45","00:08:03"
"101","47","00:07:03"
"101","52","00:10:21"
"101","54","00:14:03"
"101","57","00:09:28"
"101","61","00:11:32"
"101","63","00:08:17"
"101","66","00:12:42"
"101","67","00:05:20"
"101","72","00:10:53"
"101","84","00:10:28"
"101","86","00:03:43"
"101","88","00:07:06"
"101","90","00:12:03"
"101","92","00:02:25"
"101","106","00:11:02"
"101","108","00:06:19"
"101","129","00:11:22"
"101","132","00:05:51"
"101","135","00:07:53"
"101","137","00:06:26"
"101","140","00:06:49"
"101","144","00:09:54"
"101","151","00:16:29"
"101","152","00:06:13"
"101","155","00:00:00"
"101","160","00:07:23"
"101","162","00:08:41"
"101","165","00:11:34"
"101","167","00:10:22"
"101","171","00:11:42"
"101","172","00:03:31"
"101","176","00:07:39"
"101","178","00:06:28"
"101","181","00:10:37"
"101","185","00:11:05"
"101","188","00:13:18"
"101","191","00:09:38"
"101","194","00:09:20"
"102","6","00:05:06"
"102","8","00:05:37"
"102","12","00:00:00"
"102","15","00:00:09"
"102","23","00:11:00"
"102","24","00:05:49"
"102","28","00:08:18"
"102","31","00:17:05"
"102","33","00:13:43"
"102","38","00:12:48"
"102","40","00:13:13"
"102","43","00:13:06"
"102","44","00:10:26"
"102","50","00:12:59"
"102","51","00:11:18"
"102","55","00:09:58"
"102","58","00:13:09"
"102","59","00:09:09"
"102","63","00:11:49"
"102","70","00:11:28"
"102","73","00:01:47"
"102","84","00:07:14"
"102","86","00:10:43"
"102","88","00:10:10"
"102","90","00:18:11"
"102","92","00:11:16"
"102","94","00:13:04"
"102","95","00:10:56"
"102","96","00:11:59"
"102","97","00:15:18"
"102","98","00:11:31"
"102","107","00:07:07"
"102","109","00:08:08"
"102","111","00:11:25"
"102","115","00:08:29"
"102","117","00:10:03"
"102","119","00:10:02"
"102","123","00:10:57"
"102","124","00:11:30"
"102","126","00:14:42"
"102","130","00:12:27"
"102","131","00:12:05"
"102","132","00:10:28"
"102","134","00:12:44"
"102","136","00:08:52"
"102","142","00:10:16"
"102","144","00:13:39"
"102","147","00:11:07"
"102","149","00:00:00"
"102","153","00:12:19"
"102","156","00:09:56"
"102","159","00:10:03"
"102","160","00:00:00"
"102","168","00:10:39"
"102","175","00:09:46"
"102","181","00:00:00"
"102","183","00:10:02"
"102","186","00:13:21"
"102","191","00:00:00"
"102","193","00:03:48"
"103","4","00:12:17"
"103","6","00:16:02"
"103","8","00:15:08"
"103","12","00:11:57"
"103","15","00:15:23"
"103","20","00:11:21"
"103","23","00:12:59"
"103","24","00:15:02"
"103","25","00:10:50"
"103","28","00:15:35"
"103","31","00:16:49"
"103","33","00:12:53"
"103","38","00:11:40"
"103","40","00:14:07"
"103","43","00:12:18"
"103","44","00:11:08"
"103","50","00:13:11"
"103","51","00:14:58"
"103","55","00:08:42"
"103","58","00:11:45"
"103","59","00:09:49"
"103","63","00:11:52"
"103","70","00:11:46"
"103","73","00:10:41"
"103","84","00:10:08"
"103","86","00:00:00"
"103","88","00:10:00"
"103","90","00:13:39"
"103","92","00:09:21"
"103","94","00:12:15"
"103","95","00:11:15"
"103","96","00:11:48"
"103","97","00:17:51"
"103","98","00:13:02"
"104","4","00:13:44"
"104","6","00:15:02"
"104","8","00:14:39"
"104","12","00:14:06"
"104","15","00:14:53"
"104","20","00:17:08"
"104","23","00:16:54"
"104","24","00:09:53"
"104","25","00:15:37"
"104","28","00:19:22"
"104","31","00:16:00"
"104","33","00:17:18"
"104","38","00:16:12"
"104","40","00:14:48"
"104","43","00:17:08"
"104","44","00:15:47"
"104","50","00:16:22"
"104","51","00:17:17"
"104","55","00:18:21"
"104","58","00:15:06"
"104","59","00:15:58"
"104","63","00:15:19"
"104","70","00:17:47"
"104","73","00:18:15"
"104","84","00:17:36"
"104","86","00:14:37"
"104","88","00:15:27"
"104","90","00:17:49"
"104","92","00:17:49"
"104","94","00:15:40"
"104","95","00:13:59"
"104","96","00:17:31"
"104","97","00:31:26"
"104","98","00:17:03"
"104","107","00:14:15"
"104","109","00:15:50"
"104","111","00:16:16"
"104","115","00:12:44"
"104","117","00:11:29"
"104","119","00:10:54"
"104","123","00:18:52"
"104","124","00:19:15"
"104","126","00:19:17"
"104","130","00:18:26"
"104","131","00:13:31"
"104","132","00:18:45"
"104","134","00:13:37"
"104","136","00:15:14"
"104","142","00:14:58"
"104","144","00:12:00"
"104","147","00:13:28"
"104","149","00:00:00"
"104","153","00:13:19"
"104","156","00:13:00"
"104","159","00:13:57"
"104","160","00:00:00"
"104","168","00:15:03"
"104","169","00:12:51"
"104","175","00:14:41"
"104","181","00:16:39"
"104","183","00:12:15"
"104","186","00:11:30"
"104","191","00:11:33"
"104","193","00:15:52"
"105","4","00:09:57"
"105","6","00:12:03"
"105","8","00:13:54"
"105","12","00:12:22"
"105","15","00:13:38"
"105","23","00:09:52"
"105","24","00:07:35"
"105","25","00:09:15"
"105","28","00:15:33"
"105","31","00:15:18"
"105","33","00:14:11"
"105","38","00:10:49"
"105","40","00:14:36"
"105","43","00:12:21"
"105","44","00:10:45"
"105","50","00:12:32"
"105","51","00:11:55"
"105","55","00:11:11"
"105","58","00:11:19"
"105","59","00:09:02"
"105","63","00:12:12"
"105","70","00:10:28"
"105","73","00:11:15"
"105","84","00:08:19"
"105","88","00:08:45"
"105","90","00:14:40"
"105","92","00:09:43"
"105","94","00:08:12"
"105","95","00:07:19"
"105","96","00:08:22"
"105","97","00:10:27"
"105","98","00:09:52"
"106","74","00:00:00"
"106","78","00:00:00"
"107","49","00:06:30"
"107","53","00:00:54"
"107","54","00:04:40"
"107","59","00:06:20"
"107","62","00:05:36"
"107","65","00:08:21"
"107","69","00:01:20"
"107","71","00:07:17"
"107","72","00:01:10"
"108","32","00:05:47"
"108","38","00:04:53"
"108","54","00:06:51"
"108","59","00:09:48"
"108","62","00:07:00"
"108","65","00:00:29"
"108","69","00:07:34"
"108","71","00:05:57"
"108","72","00:05:24"
"108","83","00:05:12"
"108","125","00:09:12"
"108","127","00:14:03"
"108","129","00:00:32"
"108","188","00:00:00"
"109","4","00:07:44"
"109","11","00:13:30"
"109","14","00:15:25"
"109","16","00:14:17"
"109","19","00:14:30"
"109","23","00:18:37"
"109","27","00:18:07"
"109","29","00:17:57"
"109","32","00:18:18"
"109","34","00:12:32"
"109","38","00:10:23"
"109","42","00:10:51"
"109","45","00:10:34"
"109","48","00:13:35"
"109","50","00:12:41"
"109","52","00:10:42"
"109","56","00:10:58"
"109","57","00:07:53"
"109","64","00:08:25"
"109","65","00:07:50"
"109","68","00:08:09"
"109","69","00:05:43"
"109","70","00:10:21"
"109","83","00:13:57"
"109","85","00:16:30"
"109","87","00:17:05"
"109","89","00:04:09"
"109","94","00:09:16"
"109","95","00:05:10"
"109","96","00:09:33"
"109","97","00:15:18"
"109","98","00:12:21"
"110","4","00:07:00"
"110","11","00:13:34"
"110","14","00:12:15"
"110","16","00:11:24"
"110","19","00:14:55"
"110","23","00:08:16"
"110","27","00:07:45"
"110","29","00:04:08"
"110","34","00:12:46"
"110","38","00:10:00"
"110","42","00:07:43"
"110","45","00:10:44"
"110","48","00:08:47"
"110","50","00:11:37"
"110","52","00:12:03"
"110","56","00:12:18"
"110","57","00:10:44"
"110","64","00:11:00"
"110","65","00:14:09"
"110","68","00:08:41"
"110","69","00:10:48"
"110","70","00:15:25"
"110","83","00:11:19"
"110","85","00:20:04"
"110","87","00:25:27"
"110","89","00:11:52"
"110","94","00:11:40"
"110","95","00:17:14"
"110","96","00:12:55"
"110","97","00:14:51"
"110","98","00:11:20"
"110","105","00:07:51"
"110","109","00:08:34"
"110","112","00:11:46"
"110","113","00:07:30"
"110","118","00:09:16"
"110","121","00:10:40"
"110","123","00:11:27"
"110","133","00:06:44"
"110","134","00:10:30"
"110","139","00:11:48"
"110","143","00:09:35"
"110","145","00:10:16"
"110","147","00:08:23"
"110","148","00:12:49"
"110","151","00:10:44"
"110","157","00:06:45"
"110","162","00:09:43"
"110","163","00:07:02"
"110","171","00:07:24"
"110","173","00:11:26"
"110","179","00:09:07"
"110","180","00:11:10"
"110","182","00:06:27"
"110","184","00:07:16"
"110","185","00:07:13"
"111","4","00:05:57"
"111","14","00:02:15"
"111","16","00:07:33"
"111","19","00:05:17"
"111","27","00:12:46"
"111","29","00:04:15"
"111","32","00:05:49"
"111","34","00:06:11"
"111","48","00:01:59"
"111","50","00:00:36"
"111","52","00:03:39"
"111","56","00:03:23"
"111","57","00:05:07"
"111","64","00:06:24"
"111","68","00:05:53"
"111","69","00:05:00"
"111","85","00:04:16"
"111","87","00:12:42"
"111","89","00:03:18"
"111","94","00:06:15"
"111","95","00:04:16"
"111","96","00:09:18"
"111","97","00:06:57"
"111","98","00:06:11"
"114","20","00:15:16"
"114","23","00:10:46"
"114","24","00:12:55"
"114","25","00:14:03"
"114","28","00:13:19"
"114","38","00:22:23"
"114","40","00:21:33"
"114","43","00:18:54"
"114","44","00:19:46"
"114","84","00:14:41"
"114","86","00:20:17"
"114","88","00:14:47"
"114","90","00:22:34"
"114","92","00:13:53"
"114","106","00:14:48"
"114","110","00:13:24"
"114","116","00:17:02"
"114","119","00:16:12"
"114","121","00:17:00"
"114","131","00:19:06"
"114","137","00:18:08"
"114","138","00:11:23"
"114","141","00:11:03"
"114","146","00:16:50"
"114","149","00:00:00"
"114","152","00:14:40"
"114","154","00:17:07"
"114","156","00:16:44"
"114","158","00:16:00"
"114","161","00:12:19"
"114","163","00:16:15"
"114","166","00:17:53"
"114","168","00:14:23"
"114","170","00:15:10"
"114","172","00:14:58"
"114","173","00:16:06"
"114","174","00:17:16"
"114","175","00:15:22"
"114","176","00:20:02"
"114","180","00:17:01"
"114","182","00:14:43"
"114","188","00:10:35"
"114","190","00:13:25"
"114","192","00:09:46"
"115","4","00:09:47"
"115","6","00:09:34"
"115","8","00:06:01"
"115","12","00:13:06"
"115","15","00:08:14"
"115","20","00:13:26"
"115","23","00:11:57"
"115","24","00:14:06"
"115","25","00:11:52"
"115","28","00:20:14"
"115","31","00:16:00"
"115","33","00:20:21"
"115","38","00:17:35"
"115","40","00:14:23"
"115","43","00:07:18"
"115","44","00:11:43"
"115","50","00:32:38"
"115","51","00:13:38"
"115","55","00:15:58"
"115","58","00:16:45"
"115","59","00:22:02"
"115","63","00:15:30"
"115","70","00:20:13"
"115","73","00:17:44"
"115","84","00:12:50"
"115","86","00:17:31"
"115","88","00:16:15"
"115","90","00:24:56"
"115","92","00:18:31"
"115","94","00:15:33"
"115","95","00:13:32"
"115","96","00:16:06"
"115","97","00:30:38"
"115","98","00:16:29"
"115","107","00:16:10"
"115","109","00:12:29"
"115","111","00:16:15"
"115","115","00:16:59"
"115","117","00:18:06"
"115","119","00:18:00"
"115","123","00:18:09"
"115","124","00:18:47"
"115","126","00:19:27"
"115","130","00:16:59"
"115","131","00:15:17"
"115","132","00:14:54"
"115","134","00:15:30"
"115","136","00:19:32"
"115","142","00:17:45"
"115","144","00:15:54"
"115","147","00:17:46"
"115","149","00:00:00"
"115","153","00:17:06"
"115","156","00:17:01"
"115","159","00:18:48"
"115","160","00:00:00"
"115","168","00:17:15"
"115","169","00:15:22"
"115","175","00:16:43"
"115","181","00:11:31"
"115","183","00:13:17"
"115","186","00:18:22"
"115","191","00:15:19"
"115","193","00:13:11"
"116","4","00:11:02"
"116","6","00:07:24"
"116","8","00:07:27"
"116","12","00:11:29"
"116","15","00:09:39"
"116","20","00:04:33"
"116","24","00:04:40"
"116","25","00:06:12"
"116","28","00:09:59"
"116","31","00:11:45"
"116","33","00:18:42"
"116","38","00:11:16"
"116","40","00:10:06"
"116","43","00:07:40"
"116","44","00:11:55"
"116","50","00:11:52"
"116","51","00:11:54"
"116","55","00:14:07"
"116","58","00:10:45"
"116","59","00:12:27"
"116","63","00:13:50"
"116","70","00:07:54"
"116","73","00:09:52"
"116","84","00:12:59"
"116","86","00:07:12"
"116","88","00:09:14"
"116","90","00:14:28"
"116","92","00:09:05"
"116","94","00:09:54"
"116","95","00:12:23"
"116","96","00:10:20"
"116","97","00:12:47"
"116","98","00:09:54"
"116","106","00:08:52"
"116","110","00:10:31"
"116","116","00:12:18"
"116","119","00:08:48"
"116","121","00:06:40"
"116","131","00:06:54"
"116","137","00:09:55"
"116","138","00:08:47"
"116","146","00:09:20"
"116","149","00:00:00"
"116","152","00:08:10"
"116","154","00:02:29"
"116","156","00:06:39"
"116","158","00:10:57"
"116","161","00:06:21"
"116","163","00:14:09"
"116","166","00:11:10"
"116","168","00:07:04"
"116","170","00:07:59"
"116","172","00:07:51"
"116","173","00:05:29"
"116","174","00:08:25"
"116","175","00:10:13"
"116","176","00:05:17"
"116","180","00:09:12"
"116","182","00:11:34"
"117","4","00:11:30"
"117","6","00:16:35"
"117","8","00:07:38"
"117","12","00:10:46"
"117","15","00:10:22"
"117","20","00:09:06"
"117","23","00:12:05"
"117","24","00:13:16"
"117","25","00:13:56"
"117","32","00:05:12"
"117","34","00:04:41"
"117","38","00:02:51"
"117","42","00:13:11"
"117","45","00:06:53"
"117","56","00:02:56"
"117","65","00:02:58"
"117","70","00:00:25"
"117","83","00:10:21"
"117","85","00:00:00"
"117","87","00:00:00"
"118","4","00:10:52"
"118","6","00:16:16"
"118","8","00:06:53"
"118","20","00:09:52"
"118","23","00:10:32"
"118","24","00:14:12"
"118","25","00:13:39"
"118","28","00:14:26"
"118","31","00:11:47"
"118","33","00:11:47"
"118","38","00:16:15"
"118","40","00:18:08"
"118","43","00:15:48"
"118","44","00:16:43"
"118","50","00:14:49"
"118","51","00:13:49"
"118","55","00:14:18"
"118","58","00:14:03"
"118","59","00:11:57"
"118","63","00:18:37"
"118","70","00:10:57"
"118","73","00:08:32"
"118","84","00:15:33"
"118","86","00:14:35"
"118","88","00:13:20"
"118","90","00:18:52"
"118","92","00:14:39"
"118","94","00:12:02"
"118","95","00:14:26"
"118","96","00:15:12"
"118","97","00:21:14"
"118","98","00:10:45"
"118","105","00:14:57"
"118","109","00:08:17"
"118","112","00:14:55"
"118","113","00:15:34"
"118","118","00:05:42"
"118","123","00:06:21"
"118","126","00:11:55"
"118","127","00:09:42"
"118","134","00:03:27"
"118","139","00:03:46"
"118","143","00:08:04"
"118","145","00:06:41"
"118","147","00:15:24"
"118","148","00:08:49"
"118","151","00:13:42"
"118","157","00:14:56"
"118","162","00:13:17"
"118","163","00:11:20"
"118","171","00:15:18"
"118","173","00:15:44"
"118","179","00:14:40"
"118","180","00:14:23"
"118","182","00:13:25"
"118","184","00:12:29"
"118","185","00:12:28"
"118","187","00:14:09"
"118","190","00:09:26"
"118","193","00:04:45"
"119","4","00:03:35"
"119","12","00:11:34"
"119","15","00:10:18"
"119","23","00:03:35"
"119","28","00:01:49"
"119","31","00:05:48"
"119","33","00:06:53"
"119","38","00:04:27"
"119","40","00:07:17"
"119","50","00:04:05"
"119","58","00:03:10"
"119","59","00:00:58"
"123","6","01:00:00"
"123","12","01:04:01"
"123","23","01:00:27"
"123","28","01:00:00"
"123","33","00:58:10"
"123","43","01:00:00"
"123","44","01:05:00"
"123","51","01:00:00"
"123","58","00:59:25"
"123","63","00:58:31"
"123","86","00:59:32"
"123","88","00:59:48"
"123","90","01:24:27"
"123","92","01:00:00"
"123","94","00:58:25"
"123","109","01:00:00"
"123","111","01:00:00"
"123","115","01:00:00"
"123","119","01:00:00"
"123","126","01:03:05"
"123","130","01:05:00"
"123","132","00:58:51"
"123","136","01:05:00"
"123","142","01:04:56"
"123","144","00:31:49"
"123","147","00:58:36"
"123","149","00:59:56"
"123","153","00:58:35"
"123","156","01:04:48"
"123","160","00:58:55"
"123","168","01:00:00"
"123","175","00:59:57"
"123","181","00:59:44"
"123","186","01:00:00"
"125","25","00:17:39"
"125","29","00:13:04"
"125","30","00:13:59"
"125","36","00:17:46"
"125","40","00:16:10"
"125","41","00:16:52"
"125","45","00:14:23"
"125","47","00:13:26"
"125","52","00:11:31"
"125","54","00:13:32"
"125","57","00:15:14"
"125","61","00:12:50"
"125","63","00:10:23"
"125","66","00:14:06"
"125","67","00:12:04"
"125","72","00:13:40"
"125","84","00:11:49"
"125","86","00:06:04"
"125","88","00:07:23"
"125","90","00:05:20"
"125","92","00:14:34"
"125","105","00:14:29"
"125","108","00:08:25"
"125","111","00:19:12"
"125","114","00:03:17"
"125","116","00:04:51"
"125","118","00:09:51"
"125","122","00:14:48"
"125","125","00:15:18"
"125","127","00:18:48"
"125","129","00:13:10"
"125","132","00:14:33"
"125","135","00:17:08"
"125","137","00:15:01"
"125","140","00:16:15"
"125","144","00:11:03"
"125","151","00:17:12"
"125","152","00:11:02"
"125","155","00:00:00"
"125","160","00:05:46"
"125","162","00:07:46"
"125","165","00:08:51"
"125","167","00:09:56"
"125","171","00:10:16"
"125","176","00:15:05"
"125","178","00:11:56"
"125","181","00:11:05"
"125","185","00:09:16"
"125","188","00:12:18"
"125","191","00:06:12"
"125","194","00:08:41"
"126","2","00:14:21"
"126","5","00:10:01"
"126","8","00:11:39"
"126","10","00:11:16"
"126","17","00:04:54"
"126","18","00:08:44"
"126","21","00:10:31"
"126","25","00:05:01"
"126","29","00:08:55"
"126","30","00:03:12"
"126","36","00:09:45"
"126","40","00:05:48"
"126","41","00:16:04"
"126","45","00:12:35"
"126","47","00:11:35"
"126","52","00:07:28"
"126","54","00:05:32"
"126","57","00:07:38"
"126","61","00:09:47"
"126","63","00:02:11"
"126","66","00:13:56"
"126","67","00:05:38"
"126","72","00:07:19"
"126","84","00:03:09"
"126","86","00:07:28"
"126","88","00:04:40"
"126","90","00:18:24"
"126","92","00:01:50"
"127","5","00:09:15"
"127","8","00:00:00"
"127","10","00:00:27"
"127","14","00:02:15"
"127","21","00:03:22"
"127","90","00:01:04"
"127","92","00:00:00"
"128","2","00:11:03"
"128","5","00:09:30"
"128","8","00:10:20"
"128","10","00:13:15"
"128","14","00:02:37"
"128","17","00:04:05"
"128","18","00:05:42"
"128","21","00:08:12"
"128","29","00:04:39"
"128","30","00:00:00"
"128","36","00:00:37"
"128","40","00:06:19"
"128","41","00:01:51"
"128","45","00:05:12"
"128","47","00:02:47"
"128","52","00:04:17"
"128","54","00:04:19"
"128","57","00:03:01"
"128","61","00:04:02"
"128","63","00:13:41"
"128","66","00:10:19"
"128","67","00:00:07"
"128","72","00:13:25"
"128","84","00:10:01"
"128","86","00:08:25"
"128","88","00:08:25"
"128","90","00:15:08"
"128","92","00:03:21"
"128","105","00:04:35"
"128","108","00:02:04"
"128","111","00:00:55"
"128","114","00:06:10"
"128","116","00:02:13"
"128","118","00:04:28"
"128","122","00:01:19"
"128","128","00:01:48"
"128","129","00:02:26"
"128","133","00:04:16"
"128","136","00:05:59"
"128","138","00:04:23"
"128","140","00:07:12"
"128","142","00:04:41"
"128","145","00:03:41"
"128","150","00:02:38"
"128","154","00:02:03"
"128","158","00:07:44"
"128","163","00:09:22"
"128","166","00:08:07"
"128","168","00:10:21"
"128","170","00:11:20"
"128","177","00:04:28"
"128","178","00:03:40"
"128","188","00:14:31"
"128","190","00:11:41"
"128","192","00:11:16"
"129","4","00:21:20"
"129","6","00:13:48"
"129","8","00:24:18"
"129","12","00:19:38"
"129","15","00:16:57"
"129","20","00:20:30"
"129","23","00:16:34"
"129","24","00:19:35"
"129","25","00:17:34"
"129","28","00:14:05"
"129","31","00:12:39"
"129","33","00:13:45"
"129","38","00:13:12"
"129","40","00:17:44"
"129","43","00:18:43"
"129","44","00:18:08"
"129","50","00:12:36"
"129","51","00:12:19"
"129","55","00:15:24"
"129","58","00:14:18"
"129","59","00:12:00"
"129","63","00:17:04"
"129","70","00:18:03"
"129","73","00:13:28"
"129","84","00:20:38"
"129","86","00:19:03"
"129","88","00:20:34"
"129","90","00:28:10"
"129","92","00:15:52"
"129","94","00:16:29"
"129","95","00:19:18"
"129","96","00:20:05"
"129","97","00:30:45"
"129","98","00:20:40"
"129","107","00:16:51"
"129","109","00:16:12"
"129","111","00:17:17"
"129","115","00:17:11"
"129","117","00:15:53"
"129","123","00:15:57"
"129","124","00:14:33"
"129","126","00:16:11"
"129","130","00:14:18"
"129","131","00:14:49"
"129","132","00:16:34"
"129","134","00:19:16"
"129","136","00:16:48"
"129","142","00:18:16"
"129","144","00:19:15"
"129","147","00:16:00"
"129","149","00:00:00"
"129","153","00:15:09"
"129","156","00:15:01"
"129","159","00:16:30"
"129","160","00:00:00"
"129","168","00:16:33"
"129","169","00:24:10"
"129","175","00:17:22"
"129","181","00:18:32"
"129","183","00:18:30"
"129","186","00:22:34"
"129","191","00:19:15"
"129","193","00:22:23"
"131","2","00:09:41"
"131","5","00:07:48"
"131","8","00:11:54"
"131","17","00:10:07"
"131","18","00:03:17"
"131","25","00:05:23"
"131","30","00:09:12"
"131","36","00:11:25"
"131","40","00:11:10"
"131","41","00:09:00"
"131","45","00:04:44"
"131","47","00:09:23"
"131","52","00:08:22"
"131","54","00:13:09"
"131","57","00:12:57"
"131","61","00:16:19"
"131","63","00:14:44"
"131","66","00:10:20"
"131","67","00:08:12"
"131","72","00:10:49"
"131","84","00:10:27"
"131","86","00:07:33"
"131","88","00:10:08"
"131","90","00:13:23"
"131","92","00:11:10"
"131","117","00:07:19"
"131","120","00:05:26"
"131","128","00:01:09"
"131","135","00:00:39"
"131","139","00:03:10"
"131","141","00:04:13"
"131","143","00:06:23"
"131","148","00:00:00"
"131","155","00:00:00"
"131","167","00:00:00"
"131","179","00:00:00"
"131","186","00:00:00"
"132","118","00:07:24"
"133","2","00:12:03"
"133","5","00:14:28"
"133","8","00:13:25"
"133","10","00:11:52"
"133","14","00:07:08"
"133","17","00:13:04"
"133","18","00:09:21"
"133","21","00:08:36"
"133","25","00:13:40"
"133","29","00:16:46"
"133","30","00:11:16"
"133","36","00:10:59"
"133","40","00:13:54"
"133","41","00:09:33"
"133","45","00:10:08"
"133","47","00:09:26"
"133","52","00:10:26"
"133","54","00:18:41"
"133","57","00:15:25"
"133","61","00:15:40"
"133","63","00:14:22"
"133","66","00:12:17"
"133","67","00:10:06"
"133","72","00:10:51"
"133","84","00:08:44"
"133","86","00:10:29"
"133","88","00:10:44"
"133","90","00:13:23"
"133","92","00:07:35"
"134","189","01:04:37"
"136","37","00:05:41"
"136","39","00:07:36"
"136","41","00:04:27"
"136","44","00:05:59"
"136","49","00:05:03"
"136","53","00:05:04"
"136","54","00:07:03"
"136","59","00:08:13"
"136","62","00:05:34"
"136","65","00:05:45"
"136","69","00:05:23"
"136","71","00:06:53"
"136","72","00:02:21"
"137","3","00:09:23"
"137","10","00:11:39"
"137","15","00:12:01"
"137","18","00:09:03"
"137","19","00:05:40"
"137","22","00:11:52"
"137","26","00:06:56"
"137","28","00:07:36"
"137","31","00:10:07"
"137","34","00:08:50"
"137","37","00:04:56"
"137","39","00:06:50"
"137","41","00:06:52"
"137","44","00:07:05"
"137","83","00:06:46"
"138","3","00:16:24"
"138","10","00:15:00"
"138","15","00:12:35"
"138","18","00:13:20"
"138","19","00:14:49"
"138","22","00:05:43"
"138","55","00:15:45"
"138","58","00:09:02"
"138","60","00:11:35"
"138","62","00:13:01"
"138","64","00:16:25"
"138","66","00:11:15"
"138","67","00:12:31"
"138","85","00:27:13"
"138","87","00:32:59"
"138","89","00:16:59"
"138","106","00:14:30"
"138","110","00:13:12"
"138","116","00:11:28"
"138","119","00:10:36"
"138","121","00:09:01"
"138","131","00:14:07"
"138","137","00:15:49"
"138","138","00:13:01"
"138","141","00:10:55"
"138","146","00:14:27"
"138","149","00:00:00"
"138","152","00:14:08"
"138","154","00:16:33"
"138","156","00:15:01"
"138","158","00:12:35"
"138","161","00:14:00"
"138","163","00:12:15"
"138","166","00:10:01"
"138","168","00:14:34"
"138","170","00:14:03"
"138","172","00:12:44"
"138","173","00:12:00"
"138","174","00:11:01"
"138","175","00:11:44"
"138","176","00:16:40"
"138","180","00:09:24"
"138","182","00:14:23"
"138","188","00:17:24"
"138","190","00:12:30"
"138","192","00:10:48"
"140","59","00:02:18"
"140","71","00:00:00"
"141","3","00:11:30"
"141","10","00:13:59"
"141","15","00:12:24"
"141","18","00:09:39"
"141","19","00:14:28"
"141","22","00:04:31"
"141","26","00:05:46"
"141","28","00:13:54"
"141","31","00:09:46"
"141","34","00:11:21"
"141","37","00:12:04"
"141","39","00:14:47"
"141","41","00:09:06"
"141","44","00:12:41"
"141","49","00:08:39"
"141","53","00:14:55"
"141","54","00:11:09"
"141","59","00:09:08"
"141","62","00:00:00"
"141","65","00:12:16"
"141","69","00:03:59"
"141","71","00:11:35"
"141","72","00:04:19"
"141","83","00:08:36"
"142","10","00:09:45"
"142","15","00:13:09"
"142","18","00:09:53"
"142","19","00:06:12"
"142","22","00:13:00"
"142","26","00:11:23"
"142","28","00:13:19"
"142","31","00:11:04"
"142","34","00:12:09"
"142","37","00:12:39"
"142","39","00:16:56"
"142","41","00:13:20"
"142","44","00:14:10"
"142","49","00:14:34"
"142","53","00:19:00"
"142","54","00:11:58"
"142","59","00:16:24"
"142","62","00:13:13"
"142","65","00:13:37"
"142","69","00:12:04"
"142","71","00:12:13"
"142","72","00:14:45"
"142","83","00:10:00"
"142","106","00:15:13"
"142","108","00:07:27"
"142","113","00:16:11"
"142","115","00:08:41"
"142","120","00:10:08"
"142","122","00:11:35"
"142","125","00:09:44"
"142","127","00:11:51"
"142","129","00:11:19"
"142","132","00:05:13"
"142","135","00:04:37"
"142","151","00:05:40"
"142","152","00:05:56"
"142","155","00:00:00"
"142","160","00:06:18"
"142","162","00:08:24"
"142","165","00:07:15"
"142","172","00:07:49"
"142","176","00:07:54"
"142","178","00:03:05"
"142","181","00:09:40"
"144","22","00:04:57"
"146","12","00:02:50"
"146","60","00:03:49"
"146","61","00:02:00"
"146","68","00:12:29"
"147","2","00:10:36"
"147","5","00:06:36"
"147","9","00:14:00"
"147","12","00:09:06"
"147","13","00:07:53"
"147","16","00:07:20"
"147","21","00:02:51"
"147","24","00:05:53"
"147","26","00:11:22"
"147","32","00:06:19"
"147","46","00:00:35"
"147","48","00:01:06"
"147","51","00:03:19"
"147","53","00:04:41"
"147","56","00:03:03"
"147","60","00:13:07"
"147","61","00:10:31"
"147","68","00:11:04"
"147","71","00:11:49"
"147","73","00:07:01"
"148","5","00:03:09"
"148","9","00:01:08"
"148","12","00:06:11"
"148","13","00:07:00"
"148","16","00:05:50"
"148","21","00:03:41"
"148","24","00:06:00"
"148","26","00:09:23"
"148","32","00:06:59"
"148","35","00:07:23"
"148","36","00:08:04"
"148","39","00:09:12"
"148","43","00:08:18"
"148","46","00:13:06"
"148","48","00:09:12"
"148","51","00:07:43"
"148","53","00:07:29"
"148","56","00:07:45"
"148","60","00:03:04"
"148","61","00:23:05"
"148","68","00:11:00"
"148","71","00:01:41"
"148","73","00:04:27"
"149","2","00:15:21"
"149","5","00:12:53"
"149","9","00:07:44"
"149","32","00:12:09"
"149","35","00:13:59"
"149","36","00:13:14"
"149","39","00:11:38"
"149","43","00:09:47"
"149","46","00:09:46"
"149","48","00:13:41"
"149","51","00:09:14"
"149","53","00:14:13"
"149","56","00:10:36"
"149","60","00:16:02"
"149","61","00:15:00"
"149","68","00:16:05"
"149","71","00:12:40"
"149","73","00:11:00"
"149","107","00:09:58"
"149","120","00:06:44"
"149","124","00:09:03"
"149","125","00:06:52"
"149","130","00:00:52"
"149","133","00:06:25"
"149","134","00:10:07"
"149","139","00:11:49"
"149","143","00:12:05"
"149","145","00:15:03"
"149","147","00:17:28"
"149","148","00:10:38"
"149","151","00:13:54"
"149","157","00:13:20"
"149","162","00:13:54"
"149","163","00:18:04"
"149","179","00:14:14"
"149","180","00:13:22"
"149","182","00:14:43"
"149","184","00:13:01"
"149","185","00:13:00"
"149","187","00:17:38"
"149","190","00:15:26"
"149","193","00:13:57"
"150","2","00:11:54"
"150","5","00:13:08"
"150","9","00:13:10"
"150","12","00:13:10"
"150","13","00:13:40"
"150","16","00:17:34"
"150","21","00:12:05"
"150","24","00:11:15"
"150","26","00:12:49"
"150","32","00:08:52"
"150","35","00:14:23"
"150","36","00:14:39"
"150","39","00:16:41"
"150","43","00:14:34"
"150","46","00:21:07"
"150","48","00:21:53"
"150","51","00:16:04"
"150","53","00:18:49"
"150","56","00:16:27"
"150","68","00:15:07"
"150","71","00:11:33"
"150","73","00:17:11"
"150","110","00:02:47"
"150","112","00:01:56"
"150","114","00:27:05"
"151","76","00:00:00"
"151","81","00:00:00"
"152","2","00:17:12"
"152","5","00:12:12"
"152","9","00:14:22"
"152","12","00:16:40"
"152","13","00:17:32"
"152","16","00:19:24"
"152","21","00:13:00"
"152","24","00:11:53"
"152","26","00:15:39"
"152","32","00:12:02"
"152","35","00:11:11"
"152","36","00:09:02"
"152","39","00:08:31"
"152","48","00:10:11"
"152","51","00:10:51"
"152","56","00:00:00"
"152","60","00:11:22"
"152","61","00:08:25"
"152","68","00:02:18"
"152","71","00:06:16"
"152","73","00:05:43"
"153","60","00:00:00"
"154","61","00:14:31"
"154","73","01:00:00"
"155","2","00:59:59"
"155","9","01:00:00"
"155","12","01:03:53"
"155","16","01:00:00"
"155","21","00:57:52"
"155","26","01:02:12"
"155","32","01:02:28"
"155","36","01:04:22"
"155","43","00:57:12"
"155","46","00:58:15"
"155","51","01:00:00"
"155","56","01:00:00"
"155","60","00:56:04"
"155","68","00:59:07"
"155","71","01:00:00"
"155","107","01:00:19"
"155","110","00:59:59"
"155","112","00:58:42"
"155","114","01:00:00"
"155","120","00:57:46"
"155","124","01:00:00"
"155","128","01:03:37"
"155","130","01:02:40"
"155","139","01:04:36"
"155","143","01:00:00"
"155","146","00:20:00"
"155","150","01:00:00"
"155","155","01:00:36"
"155","161","01:01:54"
"155","164","00:58:59"
"155","165","00:55:02"
"155","170","01:00:00"
"155","177","00:58:01"
"155","183","01:00:00"
"155","186","01:00:00"
"156","3","00:24:34"
"156","6","00:09:51"
"156","9","00:09:53"
"156","13","00:10:13"
"156","17","00:04:58"
"156","20","00:08:17"
"156","22","00:15:35"
"156","27","00:15:59"
"156","30","00:06:57"
"156","33","00:16:35"
"156","35","00:09:35"
"156","37","00:09:45"
"156","42","00:06:29"
"156","46","00:20:39"
"156","47","00:07:24"
"156","49","00:14:55"
"156","55","00:17:33"
"156","58","00:30:49"
"156","60","00:13:03"
"156","62","00:15:07"
"156","64","00:15:41"
"156","66","00:13:47"
"156","67","00:14:06"
"156","85","00:15:44"
"156","87","00:20:49"
"156","89","00:12:21"
"156","149","00:00:00"
"156","152","00:06:29"
"156","154","00:04:12"
"157","9","00:11:46"
"157","11","00:12:55"
"157","13","00:09:17"
"157","17","00:07:25"
"157","22","00:13:37"
"157","27","00:07:41"
"157","30","00:15:19"
"157","33","00:14:32"
"157","35","00:15:40"
"157","37","00:13:43"
"157","42","00:18:51"
"157","46","00:13:17"
"157","47","00:10:26"
"157","49","00:11:44"
"157","55","00:08:03"
"157","58","00:04:28"
"157","60","00:04:28"
"157","62","00:05:43"
"157","64","00:07:08"
"157","66","00:08:29"
"157","67","00:02:07"
"157","85","00:13:04"
"157","87","00:09:34"
"157","89","00:07:46"
"157","110","00:09:29"
"157","116","00:08:37"
"157","119","00:06:26"
"157","121","00:04:32"
"157","131","00:07:11"
"157","137","00:11:39"
"157","138","00:07:03"
"157","141","00:07:09"
"157","156","00:06:26"
"157","158","00:12:58"
"157","161","00:10:49"
"157","163","00:09:36"
"157","166","00:11:22"
"157","168","00:11:21"
"157","170","00:08:42"
"157","172","00:07:22"
"157","174","00:09:47"
"157","175","00:12:01"
"157","176","00:08:46"
"157","180","00:08:34"
"157","182","00:12:52"
"157","188","00:11:57"
"157","190","00:12:10"
"157","192","00:11:24"
"158","3","00:10:46"
"158","6","00:10:01"
"158","9","00:11:57"
"158","11","00:11:31"
"158","13","00:11:21"
"158","17","00:10:35"
"158","20","00:06:51"
"158","22","00:10:29"
"158","27","00:13:22"
"158","30","00:09:22"
"158","33","00:10:35"
"158","35","00:10:23"
"158","37","00:09:28"
"158","42","00:07:23"
"158","46","00:07:57"
"158","47","00:07:19"
"158","49","00:11:49"
"158","55","00:19:33"
"158","58","00:29:01"
"158","60","00:09:29"
"158","62","00:15:32"
"158","64","00:12:08"
"158","66","00:12:26"
"158","67","00:11:57"
"158","87","00:16:02"
"158","89","00:08:38"
"159","3","00:14:09"
"159","6","00:04:39"
"159","9","00:10:29"
"159","11","00:08:34"
"159","13","00:12:01"
"159","17","00:15:58"
"159","20","00:07:38"
"159","22","00:10:44"
"159","27","00:11:51"
"159","30","00:13:55"
"159","33","00:12:17"
"159","35","00:10:00"
"159","37","00:07:34"
"159","42","00:12:37"
"159","46","00:08:06"
"159","47","00:10:55"
"159","49","00:03:28"
"159","55","00:18:03"
"159","58","00:07:28"
"159","62","00:06:31"
"159","64","00:08:36"
"159","66","00:07:18"
"159","67","00:02:39"
"159","85","00:00:00"
"159","87","00:04:15"
"159","89","00:05:08"
"160","42","00:04:26"
"160","46","00:07:48"
"160","47","00:02:39"
"160","49","00:09:20"
"160","55","00:05:37"
"160","58","00:02:41"
"160","60","00:03:55"
"160","66","00:08:54"
"160","85","00:00:00"
"161","3","00:16:25"
"161","6","00:18:41"
"161","9","00:27:59"
"161","11","00:14:38"
"161","13","00:16:56"
"161","17","00:19:53"
"161","20","00:18:35"
"161","27","00:17:17"
"161","30","00:12:09"
"161","33","00:11:25"
"161","35","00:16:38"
"161","37","00:11:46"
"161","42","00:18:38"
"161","46","00:14:12"
"161","47","00:10:54"
"161","49","00:15:41"
"161","53","00:14:27"
"161","54","00:11:49"
"161","59","00:16:21"
"161","62","00:10:32"
"161","66","00:17:38"
"161","69","00:10:34"
"161","72","00:14:45"
"161","106","00:18:39"
"161","108","00:07:40"
"161","113","00:19:42"
"161","115","00:13:56"
"161","120","00:11:22"
"161","122","00:11:11"
"161","125","00:11:21"
"161","127","00:18:39"
"161","129","00:15:15"
"161","132","00:20:26"
"161","135","00:09:22"
"161","137","00:16:16"
"161","140","00:16:55"
"161","144","00:14:22"
"161","151","00:16:02"
"161","152","00:18:41"
"161","155","00:00:00"
"161","160","00:18:39"
"161","162","00:19:20"
"161","165","00:17:09"
"161","167","00:15:59"
"161","171","00:16:06"
"161","172","00:18:33"
"161","176","00:13:24"
"161","178","00:14:32"
"161","181","00:17:17"
"161","185","00:18:03"
"161","188","00:15:01"
"161","191","00:18:30"
"161","194","00:16:44"
"162","6","00:04:43"
"162","9","00:08:08"
"162","11","00:12:52"
"162","13","00:08:47"
"162","22","00:10:11"
"162","27","00:10:54"
"162","30","00:12:41"
"162","33","00:10:18"
"162","35","00:12:36"
"162","37","00:07:37"
"162","42","00:10:27"
"162","46","00:04:02"
"162","47","00:09:49"
"162","49","00:12:26"
"162","55","00:12:08"
"162","58","00:26:06"
"162","60","00:05:41"
"162","62","00:05:50"
"162","64","00:14:07"
"162","66","00:17:58"
"162","67","00:11:20"
"162","85","00:04:51"
"162","87","00:00:35"
"162","89","00:03:22"
"163","3","00:13:44"
"163","6","00:15:15"
"163","9","00:10:08"
"163","11","00:17:12"
"163","13","00:19:52"
"163","17","00:13:53"
"163","20","00:12:13"
"163","22","00:14:40"
"163","27","00:19:12"
"163","30","00:21:11"
"163","33","00:20:17"
"163","35","00:16:06"
"163","37","00:19:35"
"163","42","00:21:32"
"163","46","00:20:28"
"163","47","00:19:33"
"163","49","00:19:40"
"163","55","00:11:02"
"163","58","00:27:52"
"163","60","00:08:56"
"163","62","00:08:50"
"163","64","00:12:25"
"163","66","00:14:36"
"163","67","00:08:55"
"163","85","00:15:43"
"163","87","00:05:56"
"163","89","00:10:02"
"163","173","00:02:40"
"164","3","00:24:48"
"164","6","00:15:33"
"164","9","00:08:05"
"164","13","00:06:43"
"164","20","00:05:05"
"164","27","00:04:35"
"164","33","00:06:31"
"164","35","00:05:07"
"164","37","00:06:25"
"164","46","00:02:57"
"164","49","00:11:28"
"164","55","00:05:00"
"164","60","00:03:24"
"164","62","00:04:56"
"164","64","00:11:04"
"164","66","00:08:52"
"164","67","00:03:17"
"164","85","00:04:26"
"164","87","00:00:12"
"164","89","00:02:29"
"165","2","00:05:58"
"165","5","00:00:00"
"165","10","00:11:24"
"165","14","00:07:57"
"165","17","00:02:22"
"165","18","00:04:02"
"165","21","00:04:06"
"165","25","00:07:37"
"165","29","00:09:53"
"165","54","00:11:45"
"165","66","00:00:40"
"167","4","00:26:05"
"167","11","00:23:42"
"167","14","00:23:50"
"167","16","00:21:30"
"167","19","00:23:03"
"167","23","00:22:07"
"167","27","00:19:26"
"167","29","00:16:59"
"167","32","00:11:24"
"167","34","00:18:36"
"167","38","00:19:06"
"167","42","00:16:57"
"167","45","00:17:17"
"167","48","00:16:28"
"167","50","00:16:47"
"167","52","00:20:32"
"167","56","00:15:20"
"167","57","00:16:12"
"167","64","00:18:41"
"167","65","00:16:51"
"167","68","00:16:36"
"167","69","00:16:29"
"167","70","00:15:10"
"167","83","00:15:21"
"167","85","00:21:56"
"167","87","00:28:09"
"167","89","00:28:27"
"167","94","00:14:03"
"167","95","00:19:19"
"167","96","00:18:24"
"167","97","00:26:41"
"167","98","00:19:27"
"167","105","00:17:36"
"167","109","00:20:35"
"167","112","00:16:36"
"167","113","00:16:05"
"167","118","00:14:47"
"167","121","00:18:11"
"167","123","00:15:29"
"167","126","00:17:31"
"167","127","00:16:57"
"167","133","00:19:51"
"167","134","00:18:02"
"167","139","00:20:00"
"167","143","00:18:38"
"167","145","00:22:02"
"167","147","00:21:11"
"167","148","00:18:39"
"167","151","00:21:47"
"167","157","00:19:26"
"167","162","00:20:27"
"167","163","00:22:43"
"167","171","00:21:58"
"167","173","00:16:20"
"167","179","00:10:27"
"167","180","00:21:34"
"167","182","00:23:32"
"167","184","00:23:39"
"167","185","00:24:15"
"167","187","00:22:34"
"167","190","00:21:03"
"167","193","00:21:14"
"168","42","00:17:48"
"168","47","00:25:19"
"168","49","00:17:10"
"168","60","00:16:59"
"168","62","00:16:20"
"168","64","00:15:35"
"168","85","00:29:14"
"168","87","00:35:40"
"168","89","00:27:21"
"169","107","00:19:41"
"169","109","00:17:33"
"169","111","00:21:46"
"169","115","00:22:55"
"169","117","00:33:28"
"169","119","00:23:01"
"169","123","00:25:32"
"169","124","00:21:59"
"169","126","00:23:46"
"169","130","00:18:00"
"169","131","00:19:28"
"169","132","00:26:51"
"169","134","00:23:18"
"169","136","00:24:27"
"169","142","00:24:34"
"169","144","00:23:44"
"169","147","00:18:32"
"169","149","00:00:00"
"169","153","00:16:31"
"169","156","00:21:59"
"169","159","00:19:33"
"169","160","00:00:00"
"169","168","00:21:16"
"169","169","00:19:59"
"169","175","00:20:12"
"169","181","00:29:56"
"169","183","00:18:15"
"169","186","00:24:11"
"169","191","00:24:19"
"169","193","00:22:15"
"175","64","00:10:11"
"175","68","00:01:00"
"175","69","00:00:00"
"175","70","00:05:40"
"175","85","00:09:49"
"175","87","00:14:31"
"175","89","00:06:34"
"175","94","00:03:45"
"175","95","00:02:23"
"175","96","00:05:14"
"175","97","00:02:00"
"175","98","00:01:54"
"175","123","00:05:02"
"175","126","00:07:21"
"175","127","00:10:14"
"175","162","00:08:34"
"175","163","00:05:25"
"175","184","00:06:24"
"175","187","00:09:27"
"175","190","00:06:43"
"175","193","00:12:18"
"180","105","00:24:04"
"180","109","00:17:44"
"180","112","00:18:39"
"180","113","00:18:29"
"180","118","00:20:20"
"180","121","00:20:27"
"180","123","00:18:21"
"180","126","00:18:55"
"180","127","00:15:38"
"180","133","00:17:48"
"180","134","00:17:07"
"180","139","00:18:28"
"180","143","00:20:02"
"180","145","00:18:39"
"180","147","00:20:00"
"180","148","00:19:54"
"180","151","00:19:03"
"180","157","00:21:06"
"180","162","00:05:30"
"180","171","00:14:59"
"180","173","00:15:57"
"180","179","00:18:07"
"180","180","00:19:14"
"180","182","00:19:06"
"180","185","00:09:31"
"180","190","00:04:50"
"180","193","00:13:47"
"181","105","00:17:33"
"181","109","00:19:53"
"181","112","00:20:38"
"181","113","00:17:25"
"181","118","00:22:40"
"181","121","00:18:42"
"181","123","00:20:53"
"181","126","00:20:51"
"181","127","00:18:23"
"181","133","00:19:01"
"181","134","00:22:12"
"181","139","00:21:45"
"181","173","00:25:24"
"181","187","00:20:22"
"181","190","00:22:41"
"181","193","00:19:30"
"182","163","00:06:27"
"182","187","00:01:15"
"183","105","00:08:22"
"183","109","00:08:47"
"183","112","00:07:51"
"183","113","00:06:21"
"183","118","00:07:46"
"183","121","00:08:34"
"183","123","00:09:07"
"183","126","00:10:56"
"183","127","00:09:15"
"183","133","00:12:36"
"183","134","00:12:00"
"183","139","00:12:03"
"183","143","00:15:53"
"183","145","00:15:55"
"183","147","00:12:44"
"183","148","00:13:03"
"183","151","00:17:44"
"183","157","00:17:15"
"183","162","00:17:58"
"183","163","00:13:59"
"183","171","00:13:47"
"183","173","00:12:39"
"183","179","00:16:15"
"183","180","00:17:32"
"183","182","00:18:41"
"183","184","00:15:36"
"183","185","00:17:25"
"183","187","00:18:15"
"183","190","00:15:46"
"183","193","00:12:13"
"185","109","00:12:05"
"185","112","00:04:12"
"185","113","00:11:14"
"185","118","00:14:03"
"185","121","00:14:15"
"185","123","00:20:45"
"185","126","00:13:31"
"185","127","00:18:02"
"185","133","00:17:54"
"185","134","00:18:07"
"185","139","00:16:01"
"185","143","00:16:49"
"185","145","00:12:48"
"185","147","00:03:42"
"185","148","00:07:12"
"185","151","00:15:04"
"185","157","00:05:36"
"185","162","00:16:07"
"185","163","00:16:01"
"185","171","00:14:17"
"185","173","00:09:48"
"185","179","00:00:49"
"185","182","00:06:05"
"185","184","00:12:07"
"185","185","00:11:02"
"185","187","00:10:50"
"185","190","00:12:23"
"185","193","00:14:13"
"186","147","00:40:00"
"186","187","00:58:53"
"186","190","01:04:04"
"186","193","00:37:50"
"187","119","00:08:14"
"187","124","00:00:00"
"188","111","00:18:44"
"188","115","00:16:23"
"188","117","00:23:53"
"188","119","00:20:23"
"188","123","00:19:34"
"188","124","00:24:02"
"188","126","00:18:12"
"188","130","00:13:43"
"188","131","00:12:49"
"188","132","00:15:08"
"188","134","00:16:41"
"188","136","00:15:37"
"188","142","00:16:22"
"188","144","00:14:22"
"188","147","00:12:37"
"188","149","00:00:00"
"188","153","00:13:47"
"188","159","00:13:56"
"188","160","00:00:00"
"188","168","00:14:39"
"188","169","00:14:00"
"188","175","00:15:41"
"188","181","00:15:56"
"188","191","00:10:52"
"188","193","00:12:15"
"189","107","00:20:28"
"189","109","00:17:02"
"189","111","00:15:04"
"189","115","00:14:12"
"189","117","00:30:41"
"189","119","00:17:49"
"189","123","00:18:28"
"189","126","00:18:39"
"189","130","00:17:49"
"189","131","00:16:51"
"189","132","00:16:02"
"189","134","00:18:12"
"189","136","00:20:06"
"189","142","00:16:26"
"189","144","00:15:27"
"189","147","00:17:33"
"189","149","00:00:00"
"189","153","00:15:19"
"189","156","00:17:14"
"189","159","00:18:42"
"189","168","00:16:46"
"189","169","00:13:08"
"189","175","00:17:29"
"189","181","00:14:46"
"189","183","00:15:36"
"189","186","00:17:44"
"189","191","00:12:23"
"189","193","00:15:51"
"190","107","00:13:41"
"190","109","00:13:28"
"190","111","00:11:34"
"190","115","00:11:42"
"190","117","00:10:21"
"190","119","00:09:55"
"190","123","00:14:03"
"190","124","00:18:06"
"190","126","00:11:11"
"190","130","00:06:49"
"190","131","00:10:48"
"190","132","00:15:48"
"190","134","00:13:29"
"190","136","00:11:32"
"190","142","00:12:29"
"190","144","00:08:37"
"190","149","00:00:00"
"190","153","00:09:07"
"190","156","00:08:54"
"190","159","00:10:43"
"190","160","00:00:00"
"190","168","00:11:53"
"190","169","00:12:04"
"190","175","00:11:32"
"190","181","00:11:16"
"190","183","00:12:21"
"190","186","00:08:21"
"190","191","00:10:20"
"190","193","00:10:27"
"191","111","00:01:03"
"191","117","00:03:15"
"191","119","00:03:33"
"191","123","00:13:37"
"191","124","00:08:48"
"191","126","00:06:49"
"191","130","00:06:58"
"191","131","00:05:15"
"191","132","00:08:41"
"191","134","00:12:03"
"191","136","00:08:35"
"191","147","00:02:46"
"191","159","00:09:57"
"191","160","00:00:00"
"191","169","00:12:44"
"191","175","00:07:33"
"191","181","00:09:50"
"191","183","00:04:27"
"191","186","00:08:48"
"191","191","00:08:29"
"191","193","00:10:24"
"192","107","00:07:28"
"192","109","00:07:45"
"192","115","00:04:20"
"192","117","00:10:04"
"192","119","00:08:52"
"192","123","00:16:24"
"192","124","00:12:21"
"192","126","00:15:56"
"192","130","00:12:16"
"192","131","00:13:14"
"192","132","00:14:26"
"192","134","00:11:45"
"192","136","00:14:23"
"192","142","00:10:48"
"192","144","00:16:17"
"192","147","00:14:58"
"192","149","00:00:00"
"192","153","00:07:59"
"192","156","00:16:26"
"192","159","00:16:09"
"192","160","00:00:00"
"192","168","00:10:36"
"192","169","00:12:21"
"192","175","00:11:43"
"192","181","00:21:38"
"192","183","00:11:28"
"192","186","00:14:09"
"192","191","00:15:00"
"192","193","00:13:40"
"193","124","01:00:00"
"194","123","00:13:01"
"194","124","00:10:18"
"194","126","00:00:00"
"194","130","00:04:40"
"194","131","00:01:17"
"194","132","00:00:00"
"194","134","00:10:16"
"194","136","00:00:00"
"194","175","00:03:21"
"195","107","00:15:25"
"195","109","00:15:57"
"195","111","00:18:26"
"195","115","00:14:54"
"195","142","00:14:49"
"195","144","00:13:00"
"195","147","00:14:03"
"195","149","00:00:00"
"195","153","00:12:04"
"195","156","00:17:02"
"195","159","00:16:51"
"195","160","00:00:00"
"195","168","00:13:13"
"195","169","00:12:46"
"195","181","00:14:15"
"195","183","00:11:21"
"195","191","00:12:32"
"195","193","00:16:17"
"196","106","00:12:47"
"196","110","00:16:50"
"196","116","00:19:01"
"196","119","00:21:55"
"196","121","00:22:19"
"196","131","00:20:07"
"196","137","00:18:24"
"196","138","00:24:22"
"196","141","00:18:52"
"196","146","00:22:46"
"196","149","00:00:00"
"196","152","00:23:23"
"196","154","00:21:22"
"196","156","00:25:55"
"196","158","00:18:39"
"196","161","00:20:21"
"196","163","00:23:32"
"196","166","00:22:51"
"196","168","00:20:21"
"196","170","00:25:14"
"196","172","00:21:24"
"196","173","00:22:01"
"196","174","00:22:35"
"196","175","00:21:53"
"196","176","00:21:14"
"196","180","00:24:53"
"196","182","00:22:43"
"196","188","00:25:54"
"196","190","00:27:02"
"196","192","00:22:45"
"198","106","00:11:15"
"198","110","00:14:55"
"198","116","00:14:51"
"198","119","00:14:31"
"198","121","00:12:35"
"198","131","00:18:16"
"198","137","00:18:14"
"198","138","00:16:10"
"198","141","00:13:59"
"198","146","00:15:28"
"198","149","00:00:00"
"198","152","00:16:45"
"198","154","00:19:42"
"198","156","00:21:27"
"198","158","00:20:33"
"198","161","00:21:12"
"198","163","00:19:55"
"198","166","00:20:43"
"198","168","00:20:00"
"198","170","00:18:10"
"198","172","00:16:10"
"198","173","00:16:31"
"198","174","00:16:24"
"198","175","00:19:00"
"198","176","00:18:35"
"198","180","00:20:16"
"198","182","00:18:14"
"198","188","00:18:14"
"198","190","00:18:05"
"198","192","00:18:39"
"199","106","00:10:50"
"199","110","00:10:24"
"199","119","00:08:08"
"199","121","00:04:15"
"199","131","00:05:53"
"199","137","00:10:51"
"199","138","00:04:54"
"199","141","00:10:40"
"199","146","00:14:44"
"199","149","00:00:00"
"199","152","00:10:10"
"199","154","00:04:14"
"199","156","00:05:50"
"199","158","00:08:17"
"199","161","00:09:43"
"199","163","00:04:10"
"199","166","00:04:18"
"199","168","00:06:32"
"199","170","00:05:47"
"199","172","00:08:43"
"199","173","00:07:58"
"199","174","00:08:49"
"199","175","00:08:59"
"199","176","00:05:20"
"199","180","00:07:22"
"199","182","00:08:27"
"199","188","00:02:54"
"199","190","00:04:59"
"199","192","00:07:58"
"200","106","00:13:03"
"200","110","00:12:56"
"200","116","00:05:25"
"200","119","00:14:52"
"200","121","00:16:19"
"200","131","00:13:52"
"200","137","00:11:51"
"200","141","00:11:03"
"200","149","00:00:00"
"200","152","00:09:19"
"200","154","00:03:34"
"200","161","00:04:52"
"200","164","00:10:43"
"200","166","00:10:48"
"200","169","00:10:14"
"200","172","00:18:38"
"200","173","00:15:29"
"200","174","00:12:54"
"200","175","00:12:06"
"200","176","00:11:33"
"200","180","00:03:41"
"200","184","00:13:19"
"200","187","00:13:15"
"200","189","00:09:45"
"200","194","00:11:37"
"201","106","00:14:44"
"201","110","00:12:50"
"201","116","00:13:22"
"201","119","00:14:31"
"201","121","00:17:26"
"201","131","00:14:28"
"201","137","00:11:27"
"201","138","00:15:04"
"201","141","00:12:55"
"201","146","00:10:18"
"201","152","00:12:54"
"201","154","00:15:23"
"201","156","00:11:53"
"201","158","00:08:06"
"201","161","00:09:06"
"201","163","00:12:26"
"201","166","00:12:50"
"201","168","00:14:11"
"201","170","00:13:34"
"201","172","00:15:11"
"201","173","00:14:13"
"201","174","00:16:51"
"201","175","00:14:10"
"201","176","00:15:33"
"201","180","00:16:22"
"201","182","00:08:24"
"201","188","00:09:09"
"201","190","00:12:56"
"201","192","00:09:50"
"202","146","00:06:00"
"202","152","00:04:47"
"202","190","00:08:27"
"202","192","00:17:29"
"203","106","00:06:41"
"203","110","00:10:35"
"203","116","00:14:05"
"203","119","00:17:31"
"203","121","00:16:26"
"203","131","00:03:32"
"203","137","00:13:57"
"203","138","00:17:59"
"203","141","00:15:32"
"203","146","00:16:30"
"203","149","00:00:00"
"203","152","00:21:10"
"203","154","00:20:21"
"203","156","00:21:21"
"203","158","00:16:27"
"203","161","00:17:44"
"203","163","00:18:56"
"203","166","00:18:19"
"203","168","00:18:12"
"203","170","00:22:46"
"203","172","00:08:44"
"203","173","00:18:43"
"203","174","00:18:42"
"203","175","00:14:57"
"203","176","00:17:53"
"203","180","00:17:12"
"203","182","00:19:06"
"203","188","00:21:41"
"203","190","00:26:10"
"203","192","00:10:37"
"204","107","00:04:39"
"204","110","00:08:49"
"204","112","00:07:35"
"204","114","00:19:40"
"204","117","00:04:54"
"204","120","00:06:58"
"204","124","00:08:49"
"204","125","00:06:54"
"204","128","00:06:36"
"204","130","00:09:43"
"204","135","00:12:59"
"204","139","00:11:26"
"204","141","00:07:17"
"204","143","00:07:26"
"204","146","00:12:21"
"204","148","00:12:14"
"204","150","00:13:17"
"204","155","00:00:00"
"204","157","00:07:27"
"204","161","00:05:17"
"204","164","00:01:46"
"204","165","00:02:39"
"204","167","00:05:54"
"204","170","00:03:52"
"204","177","00:09:21"
"204","179","00:10:03"
"204","183","00:03:26"
"204","186","00:06:17"
"204","189","00:07:00"
"204","192","00:05:04"
"205","107","00:20:49"
"205","110","00:18:28"
"205","112","00:20:06"
"205","114","00:29:50"
"205","117","00:20:20"
"205","120","00:21:12"
"205","124","00:17:58"
"205","125","00:21:58"
"205","128","00:21:34"
"205","130","00:18:56"
"205","135","00:20:27"
"205","139","00:23:23"
"205","141","00:19:29"
"205","143","00:20:32"
"205","146","00:21:25"
"205","148","00:20:08"
"205","150","00:18:27"
"205","155","00:00:00"
"205","157","00:22:06"
"205","161","00:16:17"
"205","164","00:19:30"
"205","165","00:22:26"
"205","167","00:17:51"
"205","170","00:21:28"
"205","177","00:18:15"
"205","179","00:21:35"
"205","183","00:14:49"
"205","186","00:18:39"
"205","189","00:21:39"
"205","192","00:20:35"
"206","107","00:12:29"
"206","110","00:10:25"
"206","112","00:10:53"
"206","114","00:26:09"
"206","117","00:14:59"
"206","120","00:13:26"
"206","124","00:17:16"
"206","125","00:14:32"
"206","128","00:15:07"
"206","130","00:13:46"
"206","143","00:16:57"
"206","146","00:15:02"
"206","148","00:14:04"
"206","150","00:28:25"
"206","155","00:00:00"
"206","157","00:20:24"
"206","161","00:19:55"
"206","164","00:16:34"
"206","165","00:11:34"
"206","167","00:20:38"
"206","170","00:20:48"
"206","177","00:03:19"
"206","179","00:22:30"
"206","183","00:14:28"
"206","186","00:22:11"
"206","189","00:17:52"
"206","192","00:16:23"
"207","105","00:09:05"
"207","108","00:08:00"
"207","111","00:11:38"
"207","114","00:13:22"
"207","116","00:07:14"
"207","118","00:09:25"
"207","122","00:05:52"
"207","128","00:13:22"
"207","129","00:07:03"
"207","133","00:14:32"
"207","136","00:00:00"
"207","138","00:00:00"
"207","140","00:01:18"
"207","164","00:05:34"
"207","165","00:06:37"
"207","167","00:03:01"
"207","170","00:02:06"
"207","174","00:08:00"
"207","177","00:00:00"
"207","183","00:09:28"
"207","186","00:02:43"
"207","189","00:02:28"
"207","192","00:06:38"
"208","136","00:14:22"
"208","138","00:19:34"
"208","140","00:17:30"
"208","142","00:20:16"
"208","145","00:19:26"
"208","150","00:17:55"
"208","153","00:15:23"
"208","154","00:19:13"
"208","158","00:19:41"
"208","159","00:16:51"
"208","164","00:15:31"
"208","166","00:13:55"
"208","169","00:13:11"
"208","177","00:14:07"
"208","178","00:16:39"
"208","184","00:16:39"
"208","187","00:14:39"
"208","189","00:19:27"
"208","194","00:18:49"
"209","105","00:15:52"
"209","108","00:08:48"
"209","111","00:16:34"
"209","114","00:29:18"
"209","116","00:20:29"
"209","118","00:16:22"
"209","122","00:11:24"
"209","128","00:07:35"
"209","129","00:07:05"
"209","133","00:11:32"
"209","136","00:16:00"
"209","138","00:12:54"
"209","140","00:14:17"
"209","142","00:12:16"
"209","145","00:12:06"
"209","150","00:14:28"
"209","153","00:11:59"
"209","154","00:17:34"
"209","158","00:13:06"
"209","159","00:09:00"
"209","164","00:10:26"
"209","166","00:08:29"
"209","169","00:11:19"
"209","174","00:09:54"
"209","177","00:17:25"
"209","178","00:15:45"
"209","184","00:10:56"
"209","187","00:07:40"
"209","189","00:12:22"
"209","194","00:14:28"
"210","105","00:14:24"
"210","108","00:06:31"
"210","111","00:12:57"
"210","114","00:24:44"
"210","116","00:14:30"
"210","118","00:12:58"
"210","122","00:15:09"
"210","128","00:12:54"
"210","129","00:11:33"
"210","133","00:12:21"
"210","136","00:14:19"
"210","138","00:16:59"
"210","140","00:13:30"
"210","142","00:09:37"
"210","145","00:05:48"
"210","150","00:09:15"
"210","153","00:08:33"
"210","154","00:15:29"
"210","158","00:10:27"
"210","159","00:16:55"
"210","164","00:12:04"
"210","166","00:13:47"
"210","169","00:16:06"
"210","174","00:12:15"
"210","177","00:16:00"
"210","178","00:11:34"
"210","184","00:13:53"
"210","187","00:14:07"
"210","189","00:11:15"
"210","194","00:11:58"
"211","114","00:19:45"
"211","116","01:00:15"
"211","118","01:00:00"
"211","122","00:59:28"
"211","136","01:05:00"
"211","140","01:00:00"
"211","142","01:04:56"
"211","169","00:20:00"
"211","177","01:00:00"
"211","178","01:00:51"
"212","100","00:12:51"
"212","104","00:08:25"
"212","150","00:04:27"
"212","153","00:06:06"
"212","154","00:04:07"
"212","158","00:05:56"
"212","159","00:04:11"
"212","164","00:04:53"
"212","166","00:02:27"
"212","169","00:06:30"
"212","178","00:03:52"
"212","184","00:02:33"
"212","187","00:06:53"
"212","189","00:01:26"
"212","194","00:03:12"
"213","116","00:00:25"
"213","118","00:02:15"
"213","174","00:02:29"
"214","105","00:06:04"
"214","108","00:03:52"
"214","111","00:07:54"
"214","114","00:08:06"
"214","122","00:04:47"
"214","128","00:04:56"
"214","129","00:05:19"
"214","133","00:03:04"
"214","136","00:04:30"
"214","138","00:02:57"
"214","140","00:06:33"
"214","142","00:05:34"
"214","145","00:03:52"
"214","153","00:05:17"
"214","154","00:02:07"
"214","159","00:00:36"
"214","164","00:04:37"
"214","174","00:04:54"
"214","177","00:04:21"
"214","178","00:02:30"
"215","127","00:00:45"
"217","113","00:10:01"
"217","115","00:00:00"
"217","125","00:06:55"
"217","127","00:03:40"
"217","129","00:11:24"
"217","151","00:05:52"
"217","152","00:00:00"
"217","155","00:00:00"
"217","160","00:09:33"
"217","162","00:00:00"
"217","167","00:08:44"
"217","171","00:09:56"
"217","178","00:00:00"
"217","181","00:10:50"
"217","185","00:06:45"
"219","106","00:14:16"
"219","108","00:09:45"
"219","113","00:12:06"
"219","115","00:17:14"
"219","120","00:14:26"
"219","122","00:13:11"
"219","125","00:20:05"
"219","127","00:17:44"
"219","129","00:16:10"
"219","132","00:07:28"
"219","137","00:07:36"
"219","140","00:03:57"
"219","144","00:19:31"
"219","151","00:11:18"
"219","152","00:15:36"
"219","155","00:15:51"
"219","162","00:15:17"
"219","165","00:11:12"
"219","167","00:12:13"
"219","171","00:00:07"
"219","172","00:23:54"
"219","176","00:11:42"
"219","178","00:12:09"
"219","181","00:11:25"
"219","185","00:01:16"
"219","188","00:18:56"
"219","191","00:05:26"
"219","194","00:00:00"
"220","106","00:05:33"
"220","108","00:06:31"
"220","113","00:08:59"
"220","115","00:12:12"
"220","120","00:07:38"
"220","122","00:11:57"
"220","125","00:11:42"
"220","127","00:15:20"
"220","129","00:12:18"
"220","132","00:12:11"
"220","135","00:20:05"
"220","137","00:16:50"
"220","140","00:13:30"
"220","144","00:12:41"
"220","151","00:15:48"
"220","152","00:31:57"
"220","155","00:17:56"
"220","160","00:19:54"
"220","162","00:17:04"
"220","165","00:15:49"
"220","167","00:19:23"
"220","171","00:15:10"
"220","172","00:06:04"
"220","176","00:15:18"
"220","178","00:12:35"
"220","181","00:12:50"
"220","185","00:11:48"
"220","188","00:11:59"
"220","191","00:14:05"
"220","194","00:18:30"
"221","106","00:12:57"
"221","108","00:16:31"
"221","113","00:12:27"
"221","115","00:09:19"
"221","120","00:08:57"
"221","122","00:07:27"
"221","125","00:13:43"
"221","132","00:15:58"
"221","135","00:13:35"
"221","137","00:05:45"
"221","140","00:07:10"
"221","144","00:12:25"
"221","151","00:09:50"
"221","152","00:14:03"
"221","155","00:11:03"
"221","160","00:12:06"
"221","162","00:15:25"
"221","165","00:12:48"
"221","167","00:14:44"
"221","171","00:10:25"
"221","172","00:14:34"
"221","176","00:08:42"
"221","178","00:04:49"
"221","181","00:10:30"
"221","185","00:08:15"
"221","188","00:16:51"
"221","191","00:11:23"
"221","194","00:14:12"
"222","115","00:58:11"
"222","127","01:01:45"
"222","132","01:00:00"
"222","137","00:30:12"
"222","152","01:00:00"
"222","160","00:08:55"
"222","162","00:59:13"
"222","165","00:59:57"
"222","167","00:59:11"
"222","171","01:00:00"
"222","181","00:35:59"
"222","185","01:00:00"
"222","188","01:00:00"
"222","191","00:58:20"
"222","194","01:02:48"
"223","106","00:19:21"
"223","108","00:16:21"
"223","113","00:17:40"
"223","115","00:15:39"
"223","120","00:12:49"
"223","122","00:15:37"
"223","129","00:14:58"
"223","132","00:10:29"
"223","135","00:19:55"
"223","137","00:17:16"
"223","140","00:20:34"
"223","144","00:23:32"
"223","151","00:16:53"
"223","152","00:14:55"
"223","155","00:18:51"
"223","160","00:16:09"
"223","162","00:17:48"
"223","165","00:14:55"
"223","167","00:18:02"
"223","171","00:17:54"
"223","172","00:14:42"
"223","176","00:15:10"
"223","178","00:15:05"
"223","181","00:14:04"
"223","185","00:17:27"
"223","188","00:20:07"
"223","191","00:20:01"
"223","194","00:19:01"
"224","106","00:16:01"
"224","108","00:17:16"
"224","113","00:18:03"
"224","115","00:17:27"
"224","120","00:16:37"
"224","122","00:16:12"
"224","125","00:14:21"
"224","127","00:19:43"
"224","129","00:13:59"
"224","132","00:14:52"
"224","135","00:14:56"
"224","137","00:16:45"
"224","140","00:18:54"
"224","144","00:18:53"
"224","151","00:19:25"
"224","152","00:18:05"
"224","155","00:13:20"
"224","160","00:11:44"
"224","162","00:16:17"
"224","165","00:09:44"
"224","167","00:14:17"
"224","171","00:12:34"
"224","172","00:12:33"
"224","176","00:19:09"
"224","178","00:19:38"
"224","181","00:13:39"
"224","185","00:10:10"
"224","188","00:16:45"
"224","191","00:14:26"
"224","194","00:08:51"
"227","107","00:10:35"
"227","110","00:13:06"
"227","112","00:09:14"
"227","114","00:09:27"
"227","117","00:16:09"
"227","120","00:11:32"
"227","124","00:12:38"
"227","125","00:11:58"
"227","128","00:16:04"
"227","130","00:16:28"
"227","135","00:12:58"
"227","141","00:14:15"
"227","143","00:15:45"
"227","146","00:16:02"
"227","148","00:17:41"
"227","150","00:12:35"
"227","155","00:10:23"
"227","157","00:09:25"
"227","161","00:11:26"
"227","164","00:14:49"
"227","165","00:14:40"
"227","167","00:14:39"
"227","170","00:12:49"
"227","177","00:16:11"
"227","179","00:09:32"
"227","183","00:12:54"
"227","186","00:10:40"
"227","189","00:11:00"
"227","192","00:10:29"
"228","117","00:45:00"
"228","125","00:58:15"
"228","135","01:00:00"
"228","141","00:57:39"
"228","146","00:40:00"
"228","148","00:59:51"
"228","157","00:57:12"
"228","167","01:00:00"
"228","179","01:05:00"
"228","189","01:05:00"
"229","107","00:21:41"
"229","110","00:26:21"
"229","112","00:22:07"
"229","114","00:13:26"
"229","117","00:23:05"
"229","120","00:16:23"
"229","124","00:16:54"
"229","125","00:15:14"
"229","128","00:19:20"
"229","130","00:19:50"
"229","135","00:16:07"
"229","139","00:16:45"
"229","141","00:18:43"
"229","143","00:20:14"
"229","146","00:16:51"
"229","148","00:16:02"
"229","150","00:16:09"
"229","155","00:21:48"
"229","157","00:20:46"
"229","161","00:22:42"
"229","177","00:21:15"
"229","179","00:18:11"
"229","183","00:08:21"
"230","107","00:15:32"
"230","110","00:22:01"
"230","112","00:22:12"
"230","114","00:11:52"
"230","117","00:34:33"
"230","120","00:20:33"
"230","124","00:19:56"
"230","125","00:19:25"
"230","128","00:20:29"
"230","130","00:20:52"
"230","135","00:21:19"
"230","139","00:16:35"
"230","141","00:15:52"
"230","143","00:21:02"
"230","146","00:17:09"
"230","148","00:19:42"
"230","150","00:32:13"
"230","155","00:16:22"
"230","157","00:12:52"
"230","161","00:14:43"
"230","164","00:23:21"
"230","165","00:22:40"
"230","167","00:20:28"
"230","170","00:23:16"
"230","177","00:19:44"
"230","179","00:14:46"
"230","183","00:20:37"
"230","186","00:27:05"
"230","189","00:23:48"
"230","192","00:20:15"
"231","107","00:16:11"
"231","110","00:16:50"
"231","112","00:17:34"
"231","114","00:10:48"
"231","117","00:16:03"
"231","120","00:09:25"
"231","124","00:10:09"
"231","125","00:10:17"
"231","128","00:14:34"
"231","130","00:12:07"
"231","135","00:10:45"
"231","139","00:13:13"
"231","141","00:13:19"
"231","143","00:12:26"
"231","146","00:13:38"
"231","148","00:14:27"
"231","150","00:05:27"
"231","155","00:05:12"
"231","157","00:10:57"
"231","161","00:07:34"
"231","164","00:10:32"
"231","165","00:09:44"
"231","167","00:06:55"
"231","170","00:05:47"
"231","177","00:11:48"
"231","179","00:03:23"
"231","183","00:06:21"
"231","186","00:04:06"
"231","189","00:07:11"
"231","192","00:07:33"
